Pathway,IT_mean,AR_mean,IA_mean,NL_mean,AC_mean,IT_vs_NL_pval
mTOR_signaling,0.13931403,0.12880923,0.13744129,0.11758319,0.13739045,9.678971305692269e-108
glycolysis,0.92323333,0.90264696,0.925085,0.93947023,0.8745712,2.3726105172445326e-13
oxidative_phosphorylation,3.6433427,3.5639067,3.4679286,3.222845,3.5400448,0.0
nk_cell_cytotoxicity,0.5444255,0.5571762,0.47248673,0.74487555,0.3543447,0.0
il15_signaling,0.4650082,0.47349688,0.4691474,0.44324598,0.4144402,4.090439217201665e-30
b_cell_differentiation,0.20706712,0.17420793,0.20552875,0.19423883,0.26334727,2.5927948629994957e-09
