tissue,lineage,pathway,comparison,stage1,stage2,mean_s1,mean_s2,pct_change,direction,p_value,sig,consistency,n_s1,n_s2,q_value
Liver,Myeloid,angiogenesis,NL→IT,NL,IT,0.058867,0.021536,-63.4,↓,0.082251,†,25/30,6,5,0.265031
Liver,Myeloid,angiogenesis,NL→IA,NL,IA,0.058867,0.008782,-85.1,↓,0.035344,*,27/30,6,5,0.914657238095238
Liver,Myeloid,angiogenesis,NL→AR,NL,AR,0.058867,0.0272,-53.8,↓,0.261905,NS,14/18,6,3,0.5063496666666666
Liver,Myeloid,angiogenesis,NL→CR,NL,CR,0.058867,0.015946,-72.9,↓,0.095238,†,16/18,6,3,0.8055571666666668
Liver,Myeloid,angiogenesis,IT→IA,IT,IA,0.021536,0.008782,-59.2,↓,0.090688,†,20/25,5,5,0.5523804
Liver,Myeloid,angiogenesis,IA→AR,IA,AR,0.008782,0.0272,209.7,↑,0.359397,NS,10/15,5,3,0.7595235333333333
Liver,Myeloid,angiogenesis,CR→AR,CR,AR,0.015946,0.0272,70.6,↑,0.7,NS,6/9,3,3,1.0
Liver,CD4_T,angiogenesis,NL→IT,NL,IT,0.016291,0.010828,-33.5,↓,0.132035,NS,28/36,6,6,0.6381691666666668
Liver,CD4_T,angiogenesis,NL→IA,NL,IA,0.016291,0.007337,-55.0,↓,0.008658,**,29/30,6,5,0.251082
Liver,CD4_T,angiogenesis,NL→AR,NL,AR,0.016291,0.010221,-37.3,↓,0.380952,NS,13/18,6,3,0.7562357619047618
Liver,CD4_T,angiogenesis,NL→CR,NL,CR,0.016291,0.008879,-45.5,↓,0.095238,†,16/18,6,3,0.5523804
Liver,CD4_T,angiogenesis,IT→IA,IT,IA,0.010828,0.007337,-32.2,↓,0.177489,NS,23/30,6,5,0.9189612800000001
Liver,CD4_T,angiogenesis,IA→AR,IA,AR,0.007337,0.010221,39.3,↑,0.571429,NS,10/15,5,3,0.9114282400000001
Liver,CD4_T,angiogenesis,CR→AR,CR,AR,0.008879,0.010221,15.1,↑,1.0,NS,5/9,3,3,1.0
Liver,CD8_T,angiogenesis,NL→IT,NL,IT,0.014166,0.011055,-22.0,↓,0.179654,NS,27/36,6,6,0.5788851111111111
Liver,CD8_T,angiogenesis,NL→IA,NL,IA,0.014166,0.007245,-48.9,↓,0.004329,**,30/30,6,5,0.125541
Liver,CD8_T,angiogenesis,NL→AR,NL,AR,0.014166,0.009045,-36.2,↓,0.095238,†,16/18,6,3,0.2761902
Liver,CD8_T,angiogenesis,NL→CR,NL,CR,0.014166,0.009379,-33.8,↓,0.166667,NS,15/18,6,3,0.4027785833333334
Liver,CD8_T,angiogenesis,IT→IA,IT,IA,0.011055,0.007245,-34.5,↓,0.177489,NS,23/30,6,5,0.8648396111111111
Liver,CD8_T,angiogenesis,IA→AR,IA,AR,0.007245,0.009045,24.8,↑,0.25,NS,12/15,5,3,0.8285720499999999
Liver,CD8_T,angiogenesis,CR→AR,CR,AR,0.009379,0.009045,-3.6,↓,1.0,NS,5/9,3,3,1.0
Liver,NK,angiogenesis,NL→IT,NL,IT,0.012662,0.009285,-26.7,↓,0.177489,NS,23/30,6,5,0.7767849375
Liver,NK,angiogenesis,NL→IA,NL,IA,0.012662,0.006149,-51.4,↓,0.017316,*,28/30,6,5,0.292929
Liver,NK,angiogenesis,NL→AR,NL,AR,0.012662,0.00951,-24.9,↓,0.547619,NS,12/18,6,3,1.0
Liver,NK,angiogenesis,NL→CR,NL,CR,0.012662,0.010061,-20.5,↓,0.380952,NS,13/18,6,3,0.849816
Liver,NK,angiogenesis,IT→IA,IT,IA,0.009285,0.006149,-33.8,↓,0.222222,NS,19/25,5,5,0.9925594375
Liver,NK,angiogenesis,IA→AR,IA,AR,0.006149,0.00951,54.6,↑,0.392857,NS,11/15,5,3,0.9494044166666668
Liver,NK,angiogenesis,CR→AR,CR,AR,0.010061,0.00951,-5.5,↓,1.0,NS,4/9,3,3,1.0
Liver,B,angiogenesis,NL→IT,NL,IT,0.027169,0.027527,1.3,↑,0.536797,NS,11/30,6,5,0.9996794074074075
Liver,B,angiogenesis,NL→IA,NL,IA,0.027169,0.016034,-41.0,↓,0.051948,†,26/30,6,5,0.7532460000000001
Liver,B,angiogenesis,NL→AR,NL,AR,0.027169,0.023277,-14.3,↓,0.547619,NS,12/18,6,3,1.0
Liver,B,angiogenesis,NL→CR,NL,CR,0.027169,0.017574,-35.3,↓,0.166667,NS,15/18,6,3,0.7365072
Liver,B,angiogenesis,IT→IA,IT,IA,0.027527,0.016034,-41.8,↓,0.547619,NS,16/25,5,5,0.7940475499999999
Liver,B,angiogenesis,IA→AR,IA,AR,0.016034,0.023277,45.2,↑,0.785714,NS,6/15,5,3,0.9906828695652173
Liver,B,angiogenesis,CR→AR,CR,AR,0.017574,0.023277,32.5,↑,0.7,NS,3/9,3,3,1.0
Liver,PlasmaB,angiogenesis,NL→IT,NL,IT,0.006205,0.01263,103.5,↑,1.0,NS,13/30,6,5,1.0
Liver,PlasmaB,angiogenesis,NL→IA,NL,IA,0.006205,0.017489,181.8,↑,0.513081,NS,17/30,6,5,0.9157125294117647
Liver,PlasmaB,angiogenesis,NL→AR,NL,AR,0.006205,0.014041,126.3,↑,0.131296,NS,11/12,6,2,0.6904755
Liver,PlasmaB,angiogenesis,NL→CR,NL,CR,0.006205,0.007995,28.8,↑,0.895533,NS,9/18,6,3,0.9717814074074074
Liver,PlasmaB,angiogenesis,IT→IA,IT,IA,0.01263,0.017489,38.5,↑,1.0,NS,11/25,5,5,1.0
Liver,PlasmaB,angiogenesis,IA→AR,IA,AR,0.017489,0.014041,-19.7,↓,1.0,NS,5/10,5,2,1.0
Liver,PlasmaB,angiogenesis,CR→AR,CR,AR,0.007995,0.014041,75.6,↑,0.4,NS,5/6,3,2,1.0
Liver,Myeloid,antigen_presentation,NL→IT,NL,IT,0.549007,0.744429,35.6,↑,0.004329,**,30/30,6,5,0.125541
Liver,Myeloid,antigen_presentation,NL→IA,NL,IA,0.549007,0.638968,16.4,↑,0.246753,NS,22/30,6,5,0.914657238095238
Liver,Myeloid,antigen_presentation,NL→AR,NL,AR,0.549007,0.76509,39.4,↑,0.02381,*,18/18,6,3,0.39455742857142856
Liver,Myeloid,antigen_presentation,NL→CR,NL,CR,0.549007,0.721465,31.4,↑,0.02381,*,18/18,6,3,0.6904755
Liver,Myeloid,antigen_presentation,IT→IA,IT,IA,0.744429,0.638968,-14.2,↓,0.547619,NS,16/25,5,5,0.9341735882352942
Liver,Myeloid,antigen_presentation,IA→AR,IA,AR,0.638968,0.76509,19.7,↑,0.392857,NS,11/15,5,3,0.7595235333333333
Liver,Myeloid,antigen_presentation,CR→AR,CR,AR,0.721465,0.76509,6.0,↑,0.7,NS,6/9,3,3,1.0
Liver,CD4_T,antigen_presentation,NL→IT,NL,IT,0.259954,0.339532,30.6,↑,0.015152,*,33/36,6,6,0.439408
Liver,CD4_T,antigen_presentation,NL→IA,NL,IA,0.259954,0.306017,17.7,↑,0.177489,NS,23/30,6,5,0.77835565
Liver,CD4_T,antigen_presentation,NL→AR,NL,AR,0.259954,0.346266,33.2,↑,0.095238,†,16/18,6,3,0.5523804
Liver,CD4_T,antigen_presentation,NL→CR,NL,CR,0.259954,0.341494,31.4,↑,0.095238,†,16/18,6,3,0.5523804
Liver,CD4_T,antigen_presentation,IT→IA,IT,IA,0.339532,0.306017,-9.9,↓,0.329004,NS,21/30,6,5,0.9189612800000001
Liver,CD4_T,antigen_presentation,IA→AR,IA,AR,0.306017,0.346266,13.2,↑,0.25,NS,12/15,5,3,0.9114282400000001
Liver,CD4_T,antigen_presentation,CR→AR,CR,AR,0.341494,0.346266,1.4,↑,1.0,NS,4/9,3,3,1.0
Liver,CD8_T,antigen_presentation,NL→IT,NL,IT,0.305388,0.392296,28.5,↑,0.179654,NS,27/36,6,6,0.5788851111111111
Liver,CD8_T,antigen_presentation,NL→IA,NL,IA,0.305388,0.414049,35.6,↑,0.051948,†,26/30,6,5,0.502164
Liver,CD8_T,antigen_presentation,NL→AR,NL,AR,0.305388,0.458342,50.1,↑,0.095238,†,16/18,6,3,0.2761902
Liver,CD8_T,antigen_presentation,NL→CR,NL,CR,0.305388,0.431791,41.4,↑,0.166667,NS,15/18,6,3,0.4027785833333334
Liver,CD8_T,antigen_presentation,IT→IA,IT,IA,0.392296,0.414049,5.5,↑,0.428571,NS,20/30,6,5,0.8648396111111111
Liver,CD8_T,antigen_presentation,IA→AR,IA,AR,0.414049,0.458342,10.7,↑,0.785714,NS,9/15,5,3,0.9494044166666668
Liver,CD8_T,antigen_presentation,CR→AR,CR,AR,0.431791,0.458342,6.1,↑,1.0,NS,5/9,3,3,1.0
Liver,NK,antigen_presentation,NL→IT,NL,IT,0.320976,0.340365,6.0,↑,0.792208,NS,17/30,6,5,0.8508900740740741
Liver,NK,antigen_presentation,NL→IA,NL,IA,0.320976,0.335719,4.6,↑,0.930736,NS,16/30,6,5,0.9996794074074075
Liver,NK,antigen_presentation,NL→AR,NL,AR,0.320976,0.339533,5.8,↑,0.714286,NS,11/18,6,3,1.0
Liver,NK,antigen_presentation,NL→CR,NL,CR,0.320976,0.341077,6.3,↑,0.904762,NS,10/18,6,3,0.9370749285714285
Liver,NK,antigen_presentation,IT→IA,IT,IA,0.340365,0.335719,-1.4,↓,1.0,NS,13/25,5,5,1.0
Liver,NK,antigen_presentation,IA→AR,IA,AR,0.335719,0.339533,1.1,↑,1.0,NS,8/15,5,3,1.0
Liver,NK,antigen_presentation,CR→AR,CR,AR,0.341077,0.339533,-0.5,↓,1.0,NS,4/9,3,3,1.0
Liver,B,antigen_presentation,NL→IT,NL,IT,0.711002,0.773795,8.8,↑,0.004329,**,30/30,6,5,0.125541
Liver,B,antigen_presentation,NL→IA,NL,IA,0.711002,0.747233,5.1,↑,0.329004,NS,21/30,6,5,0.8673741818181819
Liver,B,antigen_presentation,NL→AR,NL,AR,0.711002,0.758378,6.7,↑,0.380952,NS,13/18,6,3,1.0
Liver,B,antigen_presentation,NL→CR,NL,CR,0.711002,0.763961,7.4,↑,0.261905,NS,14/18,6,3,0.7365072
Liver,B,antigen_presentation,IT→IA,IT,IA,0.773795,0.747233,-3.4,↓,0.015873,*,24/25,5,5,0.4373026
Liver,B,antigen_presentation,IA→AR,IA,AR,0.747233,0.758378,1.5,↑,0.785714,NS,9/15,5,3,0.9906828695652173
Liver,B,antigen_presentation,CR→AR,CR,AR,0.763961,0.758378,-0.7,↓,0.7,NS,6/9,3,3,1.0
Liver,PlasmaB,antigen_presentation,NL→IT,NL,IT,0.311395,0.560538,80.0,↑,0.017316,*,28/30,6,5,0.251082
Liver,PlasmaB,antigen_presentation,NL→IA,NL,IA,0.311395,0.635745,104.2,↑,0.004329,**,30/30,6,5,0.125541
Liver,PlasmaB,antigen_presentation,NL→AR,NL,AR,0.311395,0.764929,145.6,↑,0.071429,†,12/12,6,2,0.51786025
Liver,PlasmaB,antigen_presentation,NL→CR,NL,CR,0.311395,0.523526,68.1,↑,0.02381,*,18/18,6,3,0.399214
Liver,PlasmaB,antigen_presentation,IT→IA,IT,IA,0.560538,0.635745,13.4,↑,0.690476,NS,15/25,5,5,1.0
Liver,PlasmaB,antigen_presentation,IA→AR,IA,AR,0.635745,0.764929,20.3,↑,0.380952,NS,8/10,5,2,0.849816
Liver,PlasmaB,antigen_presentation,CR→AR,CR,AR,0.523526,0.764929,46.1,↑,0.2,NS,6/6,3,2,1.0
Liver,Myeloid,apoptosis,NL→IT,NL,IT,0.06701,0.05222,-22.1,↓,0.246753,NS,22/30,6,5,0.4770558
Liver,Myeloid,apoptosis,NL→IA,NL,IA,0.06701,0.063277,-5.6,↓,0.662338,NS,18/30,6,5,0.914657238095238
Liver,Myeloid,apoptosis,NL→AR,NL,AR,0.06701,0.034918,-47.9,↓,0.261905,NS,14/18,6,3,0.5063496666666666
Liver,Myeloid,apoptosis,NL→CR,NL,CR,0.06701,0.062794,-6.3,↓,0.904762,NS,10/18,6,3,1.0
Liver,Myeloid,apoptosis,IT→IA,IT,IA,0.05222,0.063277,21.2,↑,0.420635,NS,17/25,5,5,0.871315357142857
Liver,Myeloid,apoptosis,IA→AR,IA,AR,0.063277,0.034918,-44.8,↓,0.25,NS,12/15,5,3,0.725
Liver,Myeloid,apoptosis,CR→AR,CR,AR,0.062794,0.034918,-44.4,↓,0.2,NS,8/9,3,3,0.8285714285714286
Liver,CD4_T,apoptosis,NL→IT,NL,IT,0.107156,0.082171,-23.3,↓,0.132035,NS,28/36,6,6,0.6381691666666668
Liver,CD4_T,apoptosis,NL→IA,NL,IA,0.107156,0.101431,-5.3,↓,0.329004,NS,21/30,6,5,0.77835565
Liver,CD4_T,apoptosis,NL→AR,NL,AR,0.107156,0.093604,-12.6,↓,0.380952,NS,13/18,6,3,0.7562357619047618
Liver,CD4_T,apoptosis,NL→CR,NL,CR,0.107156,0.096533,-9.9,↓,0.547619,NS,12/18,6,3,0.8358395263157895
Liver,CD4_T,apoptosis,IT→IA,IT,IA,0.082171,0.101431,23.4,↑,0.662338,NS,18/30,6,5,0.9189612800000001
Liver,CD4_T,apoptosis,IA→AR,IA,AR,0.101431,0.093604,-7.7,↓,0.785714,NS,9/15,5,3,0.9114282400000001
Liver,CD4_T,apoptosis,CR→AR,CR,AR,0.096533,0.093604,-3.0,↓,1.0,NS,5/9,3,3,1.0
Liver,CD8_T,apoptosis,NL→IT,NL,IT,0.099309,0.090398,-9.0,↓,0.179654,NS,27/36,6,6,0.5788851111111111
Liver,CD8_T,apoptosis,NL→IA,NL,IA,0.099309,0.098141,-1.2,↓,0.536797,NS,19/30,6,5,0.9157125294117647
Liver,CD8_T,apoptosis,NL→AR,NL,AR,0.099309,0.092885,-6.5,↓,0.547619,NS,12/18,6,3,0.7218614090909091
Liver,CD8_T,apoptosis,NL→CR,NL,CR,0.099309,0.090659,-8.7,↓,0.547619,NS,12/18,6,3,0.7218614090909091
Liver,CD8_T,apoptosis,IT→IA,IT,IA,0.090398,0.098141,8.6,↑,0.930736,NS,16/30,6,5,0.9996794074074075
Liver,CD8_T,apoptosis,IA→AR,IA,AR,0.098141,0.092885,-5.4,↓,1.0,NS,7/15,5,3,1.0
Liver,CD8_T,apoptosis,CR→AR,CR,AR,0.090659,0.092885,2.5,↑,1.0,NS,5/9,3,3,1.0
Liver,NK,apoptosis,NL→IT,NL,IT,0.091934,0.0869,-5.5,↓,0.428571,NS,20/30,6,5,0.7767849375
Liver,NK,apoptosis,NL→IA,NL,IA,0.091934,0.090708,-1.3,↓,0.792208,NS,17/30,6,5,0.9996794074074075
Liver,NK,apoptosis,NL→AR,NL,AR,0.091934,0.091782,-0.2,↓,1.0,NS,9/18,6,3,1.0
Liver,NK,apoptosis,NL→CR,NL,CR,0.091934,0.088182,-4.1,↓,0.904762,NS,10/18,6,3,0.9370749285714285
Liver,NK,apoptosis,IT→IA,IT,IA,0.0869,0.090708,4.4,↑,1.0,NS,13/25,5,5,1.0
Liver,NK,apoptosis,IA→AR,IA,AR,0.090708,0.091782,1.2,↑,0.571429,NS,10/15,5,3,0.9494044166666668
Liver,NK,apoptosis,CR→AR,CR,AR,0.088182,0.091782,4.1,↑,1.0,NS,5/9,3,3,1.0
Liver,B,apoptosis,NL→IT,NL,IT,0.070656,0.09306,31.7,↑,0.536797,NS,19/30,6,5,0.9996794074074075
Liver,B,apoptosis,NL→IA,NL,IA,0.070656,0.065725,-7.0,↓,0.428571,NS,20/30,6,5,0.956043
Liver,B,apoptosis,NL→AR,NL,AR,0.070656,0.077802,10.1,↑,1.0,NS,9/18,6,3,1.0
Liver,B,apoptosis,NL→CR,NL,CR,0.070656,0.066641,-5.7,↓,0.547619,NS,12/18,6,3,0.8358395263157895
Liver,B,apoptosis,IT→IA,IT,IA,0.09306,0.065725,-29.4,↓,0.095238,†,21/25,5,5,0.4373026
Liver,B,apoptosis,IA→AR,IA,AR,0.065725,0.077802,18.4,↑,0.785714,NS,9/15,5,3,0.9906828695652173
Liver,B,apoptosis,CR→AR,CR,AR,0.066641,0.077802,16.7,↑,0.7,NS,6/9,3,3,1.0
Liver,PlasmaB,apoptosis,NL→IT,NL,IT,0.104379,0.056055,-46.3,↓,0.082251,†,25/30,6,5,0.4965048571428571
Liver,PlasmaB,apoptosis,NL→IA,NL,IA,0.104379,0.097717,-6.4,↓,0.536797,NS,19/30,6,5,0.9157125294117647
Liver,PlasmaB,apoptosis,NL→AR,NL,AR,0.104379,0.058766,-43.7,↓,0.285714,NS,10/12,6,2,0.6904755
Liver,PlasmaB,apoptosis,NL→CR,NL,CR,0.104379,0.073588,-29.5,↓,0.714286,NS,11/18,6,3,0.9006214782608695
Liver,PlasmaB,apoptosis,IT→IA,IT,IA,0.056055,0.097717,74.3,↑,0.055556,†,22/25,5,5,0.5370413333333334
Liver,PlasmaB,apoptosis,IA→AR,IA,AR,0.097717,0.058766,-39.9,↓,0.380952,NS,8/10,5,2,0.849816
Liver,PlasmaB,apoptosis,CR→AR,CR,AR,0.073588,0.058766,-20.1,↓,0.8,NS,4/6,3,2,1.0
Liver,Myeloid,cancer_associated,NL→IT,NL,IT,0.043878,0.04202,-4.2,↓,0.792208,NS,17/30,6,5,0.8205011428571428
Liver,Myeloid,cancer_associated,NL→IA,NL,IA,0.043878,0.015486,-64.7,↓,0.125541,NS,24/30,6,5,0.914657238095238
Liver,Myeloid,cancer_associated,NL→AR,NL,AR,0.043878,0.032065,-26.9,↓,0.714286,NS,11/18,6,3,0.9415588181818182
Liver,Myeloid,cancer_associated,NL→CR,NL,CR,0.043878,0.022241,-49.3,↓,0.380952,NS,13/18,6,3,1.0
Liver,Myeloid,cancer_associated,IT→IA,IT,IA,0.04202,0.015486,-63.1,↓,0.095238,†,21/25,5,5,0.5523804
Liver,Myeloid,cancer_associated,IA→AR,IA,AR,0.015486,0.032065,107.1,↑,0.453356,NS,10/15,5,3,0.82170775
Liver,Myeloid,cancer_associated,CR→AR,CR,AR,0.022241,0.032065,44.2,↑,0.7,NS,6/9,3,3,1.0
Liver,CD4_T,cancer_associated,NL→IT,NL,IT,0.008282,0.007599,-8.3,↓,1.0,NS,18/36,6,6,1.0
Liver,CD4_T,cancer_associated,NL→IA,NL,IA,0.008282,0.010976,32.5,↑,0.662338,NS,18/30,6,5,0.8730819090909091
Liver,CD4_T,cancer_associated,NL→AR,NL,AR,0.008282,0.006544,-21.0,↓,0.166667,NS,15/18,6,3,0.6904775714285715
Liver,CD4_T,cancer_associated,NL→CR,NL,CR,0.008282,0.008396,1.4,↑,0.904762,NS,8/18,6,3,1.0
Liver,CD4_T,cancer_associated,IT→IA,IT,IA,0.007599,0.010976,44.4,↑,0.536797,NS,19/30,6,5,0.9189612800000001
Liver,CD4_T,cancer_associated,IA→AR,IA,AR,0.010976,0.006544,-40.4,↓,0.142857,NS,13/15,5,3,0.9114282400000001
Liver,CD4_T,cancer_associated,CR→AR,CR,AR,0.008396,0.006544,-22.1,↓,0.1,NS,9/9,3,3,1.0
Liver,CD8_T,cancer_associated,NL→IT,NL,IT,0.008593,0.011268,31.1,↑,0.937229,NS,17/36,6,6,0.937229
Liver,CD8_T,cancer_associated,NL→IA,NL,IA,0.008593,0.01179,37.2,↑,0.930736,NS,14/30,6,5,1.0
Liver,CD8_T,cancer_associated,NL→AR,NL,AR,0.008593,0.006135,-28.6,↓,0.095238,†,16/18,6,3,0.2761902
Liver,CD8_T,cancer_associated,NL→CR,NL,CR,0.008593,0.006583,-23.4,↓,0.261905,NS,14/18,6,3,0.4747028125
Liver,CD8_T,cancer_associated,IT→IA,IT,IA,0.011268,0.01179,4.6,↑,1.0,NS,15/30,6,5,1.0
Liver,CD8_T,cancer_associated,IA→AR,IA,AR,0.01179,0.006135,-48.0,↓,0.25,NS,12/15,5,3,0.8285720499999999
Liver,CD8_T,cancer_associated,CR→AR,CR,AR,0.006583,0.006135,-6.8,↓,1.0,NS,5/9,3,3,1.0
Liver,NK,cancer_associated,NL→IT,NL,IT,0.009812,0.01572,60.2,↑,0.177489,NS,23/30,6,5,0.7767849375
Liver,NK,cancer_associated,NL→IA,NL,IA,0.009812,0.012647,28.9,↑,0.329004,NS,21/30,6,5,0.9996794074074075
Liver,NK,cancer_associated,NL→AR,NL,AR,0.009812,0.006464,-34.1,↓,0.547619,NS,12/18,6,3,1.0
Liver,NK,cancer_associated,NL→CR,NL,CR,0.009812,0.01661,69.3,↑,0.261905,NS,14/18,6,3,0.849816
Liver,NK,cancer_associated,IT→IA,IT,IA,0.01572,0.012647,-19.5,↓,0.84127,NS,14/25,5,5,1.0
Liver,NK,cancer_associated,IA→AR,IA,AR,0.012647,0.006464,-48.9,↓,0.25,NS,12/15,5,3,0.9494044166666668
Liver,NK,cancer_associated,CR→AR,CR,AR,0.01661,0.006464,-61.1,↓,0.4,NS,7/9,3,3,1.0
Liver,B,cancer_associated,NL→IT,NL,IT,0.017489,0.01391,-20.5,↓,1.0,NS,15/30,6,5,1.0
Liver,B,cancer_associated,NL→IA,NL,IA,0.017489,0.014037,-19.7,↓,1.0,NS,15/30,6,5,1.0
Liver,B,cancer_associated,NL→AR,NL,AR,0.017489,0.006762,-61.3,↓,0.261905,NS,14/18,6,3,1.0
Liver,B,cancer_associated,NL→CR,NL,CR,0.017489,0.016959,-3.0,↓,1.0,NS,9/18,6,3,1.0
Liver,B,cancer_associated,IT→IA,IT,IA,0.01391,0.014037,0.9,↑,0.690476,NS,10/25,5,5,0.8706001739130435
Liver,B,cancer_associated,IA→AR,IA,AR,0.014037,0.006762,-51.8,↓,0.071429,†,14/15,5,3,0.6904803333333334
Liver,B,cancer_associated,CR→AR,CR,AR,0.016959,0.006762,-60.1,↓,0.4,NS,7/9,3,3,1.0
Liver,PlasmaB,cancer_associated,NL→IT,NL,IT,0.020049,0.005238,-73.9,↓,0.092601,†,23/30,6,5,0.4965048571428571
Liver,PlasmaB,cancer_associated,NL→IA,NL,IA,0.020049,0.019669,-1.9,↓,0.854805,NS,16/30,6,5,0.930736
Liver,PlasmaB,cancer_associated,NL→AR,NL,AR,0.020049,0.000668,-96.7,↓,0.17981,NS,10/12,6,2,0.6904755
Liver,PlasmaB,cancer_associated,NL→CR,NL,CR,0.020049,0.001666,-91.7,↓,0.119782,NS,15/18,6,3,0.6904768181818182
Liver,PlasmaB,cancer_associated,IT→IA,IT,IA,0.005238,0.019669,275.5,↑,0.161238,NS,18/25,5,5,1.0
Liver,PlasmaB,cancer_associated,IA→AR,IA,AR,0.019669,0.000668,-96.6,↓,0.241032,NS,8/10,5,2,0.849816
Liver,PlasmaB,cancer_associated,CR→AR,CR,AR,0.001666,0.000668,-59.9,↓,0.553617,NS,4/6,3,2,1.0
Liver,Myeloid,cell_cycle,NL→IT,NL,IT,0.066001,0.085732,29.9,↑,0.030303,*,27/30,6,5,0.22653557142857142
Liver,Myeloid,cell_cycle,NL→IA,NL,IA,0.066001,0.056651,-14.2,↓,0.536797,NS,19/30,6,5,0.914657238095238
Liver,Myeloid,cell_cycle,NL→AR,NL,AR,0.066001,0.084265,27.7,↑,0.095238,†,16/18,6,3,0.39455742857142856
Liver,Myeloid,cell_cycle,NL→CR,NL,CR,0.066001,0.059775,-9.4,↓,0.904762,NS,10/18,6,3,1.0
Liver,Myeloid,cell_cycle,IT→IA,IT,IA,0.085732,0.056651,-33.9,↓,0.055556,†,22/25,5,5,0.5523804
Liver,Myeloid,cell_cycle,IA→AR,IA,AR,0.056651,0.084265,48.7,↑,0.142857,NS,13/15,5,3,0.725
Liver,Myeloid,cell_cycle,CR→AR,CR,AR,0.059775,0.084265,41.0,↑,0.1,NS,9/9,3,3,0.58
Liver,CD4_T,cell_cycle,NL→IT,NL,IT,0.055463,0.050209,-9.5,↓,0.093074,†,29/36,6,6,0.6381691666666668
Liver,CD4_T,cell_cycle,NL→IA,NL,IA,0.055463,0.047852,-13.7,↓,0.536797,NS,19/30,6,5,0.77835565
Liver,CD4_T,cell_cycle,NL→AR,NL,AR,0.055463,0.040122,-27.7,↓,0.047619,*,17/18,6,3,0.46031700000000003
Liver,CD4_T,cell_cycle,NL→CR,NL,CR,0.055463,0.046076,-16.9,↓,0.095238,†,16/18,6,3,0.5523804
Liver,CD4_T,cell_cycle,IT→IA,IT,IA,0.050209,0.047852,-4.7,↓,0.792208,NS,17/30,6,5,0.9189612800000001
Liver,CD4_T,cell_cycle,IA→AR,IA,AR,0.047852,0.040122,-16.2,↓,0.571429,NS,10/15,5,3,0.9114282400000001
Liver,CD4_T,cell_cycle,CR→AR,CR,AR,0.046076,0.040122,-12.9,↓,0.4,NS,7/9,3,3,1.0
Liver,CD8_T,cell_cycle,NL→IT,NL,IT,0.052301,0.048144,-7.9,↓,0.484848,NS,23/36,6,6,0.7030295999999999
Liver,CD8_T,cell_cycle,NL→IA,NL,IA,0.052301,0.042043,-19.6,↓,0.177489,NS,23/30,6,5,0.571909
Liver,CD8_T,cell_cycle,NL→AR,NL,AR,0.052301,0.03619,-30.8,↓,0.02381,*,18/18,6,3,0.2761902
Liver,CD8_T,cell_cycle,NL→CR,NL,CR,0.052301,0.038623,-26.2,↓,0.02381,*,18/18,6,3,0.2761902
Liver,CD8_T,cell_cycle,IT→IA,IT,IA,0.048144,0.042043,-12.7,↓,0.662338,NS,18/30,6,5,0.914657238095238
Liver,CD8_T,cell_cycle,IA→AR,IA,AR,0.042043,0.03619,-13.9,↓,0.571429,NS,10/15,5,3,0.8285720499999999
Liver,CD8_T,cell_cycle,CR→AR,CR,AR,0.038623,0.03619,-6.3,↓,0.7,NS,6/9,3,3,1.0
Liver,NK,cell_cycle,NL→IT,NL,IT,0.039924,0.042068,5.4,↑,0.536797,NS,19/30,6,5,0.8003250833333333
Liver,NK,cell_cycle,NL→IA,NL,IA,0.039924,0.039661,-0.7,↓,0.662338,NS,12/30,6,5,0.9996794074074075
Liver,NK,cell_cycle,NL→AR,NL,AR,0.039924,0.036643,-8.2,↓,0.714286,NS,11/18,6,3,1.0
Liver,NK,cell_cycle,NL→CR,NL,CR,0.039924,0.03784,-5.2,↓,0.904762,NS,10/18,6,3,0.9370749285714285
Liver,NK,cell_cycle,IT→IA,IT,IA,0.042068,0.039661,-5.7,↓,1.0,NS,12/25,5,5,1.0
Liver,NK,cell_cycle,IA→AR,IA,AR,0.039661,0.036643,-7.6,↓,0.392857,NS,11/15,5,3,0.9494044166666668
Liver,NK,cell_cycle,CR→AR,CR,AR,0.03784,0.036643,-3.2,↓,1.0,NS,5/9,3,3,1.0
Liver,B,cell_cycle,NL→IT,NL,IT,0.058969,0.090542,53.5,↑,0.017316,*,28/30,6,5,0.251082
Liver,B,cell_cycle,NL→IA,NL,IA,0.058969,0.062313,5.7,↑,1.0,NS,15/30,6,5,1.0
Liver,B,cell_cycle,NL→AR,NL,AR,0.058969,0.057518,-2.5,↓,0.380952,NS,13/18,6,3,1.0
Liver,B,cell_cycle,NL→CR,NL,CR,0.058969,0.060755,3.0,↑,0.547619,NS,6/18,6,3,0.8358395263157895
Liver,B,cell_cycle,IT→IA,IT,IA,0.090542,0.062313,-31.2,↓,0.095238,†,21/25,5,5,0.4373026
Liver,B,cell_cycle,IA→AR,IA,AR,0.062313,0.057518,-7.7,↓,0.785714,NS,9/15,5,3,0.9906828695652173
Liver,B,cell_cycle,CR→AR,CR,AR,0.060755,0.057518,-5.3,↓,1.0,NS,4/9,3,3,1.0
Liver,PlasmaB,cell_cycle,NL→IT,NL,IT,0.073167,0.093615,27.9,↑,0.428571,NS,20/30,6,5,0.7767849375
Liver,PlasmaB,cell_cycle,NL→IA,NL,IA,0.073167,0.085348,16.6,↑,0.662338,NS,18/30,6,5,0.9189612800000001
Liver,PlasmaB,cell_cycle,NL→AR,NL,AR,0.073167,0.054612,-25.4,↓,0.285714,NS,10/12,6,2,0.6904755
Liver,PlasmaB,cell_cycle,NL→CR,NL,CR,0.073167,0.06217,-15.0,↓,0.714286,NS,11/18,6,3,0.9006214782608695
Liver,PlasmaB,cell_cycle,IT→IA,IT,IA,0.093615,0.085348,-8.8,↓,0.547619,NS,16/25,5,5,1.0
Liver,PlasmaB,cell_cycle,IA→AR,IA,AR,0.085348,0.054612,-36.0,↓,0.380952,NS,8/10,5,2,0.849816
Liver,PlasmaB,cell_cycle,CR→AR,CR,AR,0.06217,0.054612,-12.2,↓,0.8,NS,4/6,3,2,1.0
Liver,Myeloid,checkpoint,NL→IT,NL,IT,0.021626,0.016585,-23.3,↓,0.662338,NS,18/30,6,5,0.7114000740740741
Liver,Myeloid,checkpoint,NL→IA,NL,IA,0.021626,0.015663,-27.6,↓,0.536797,NS,19/30,6,5,0.914657238095238
Liver,Myeloid,checkpoint,NL→AR,NL,AR,0.021626,0.023173,7.2,↑,0.714286,NS,11/18,6,3,0.9415588181818182
Liver,Myeloid,checkpoint,NL→CR,NL,CR,0.021626,0.012793,-40.8,↓,0.547619,NS,12/18,6,3,1.0
Liver,Myeloid,checkpoint,IT→IA,IT,IA,0.016585,0.015663,-5.6,↓,0.84127,NS,14/25,5,5,0.9383396153846153
Liver,Myeloid,checkpoint,IA→AR,IA,AR,0.015663,0.023173,47.9,↑,0.392857,NS,11/15,5,3,0.7595235333333333
Liver,Myeloid,checkpoint,CR→AR,CR,AR,0.012793,0.023173,81.1,↑,0.1,NS,9/9,3,3,0.58
Liver,CD4_T,checkpoint,NL→IT,NL,IT,0.081787,0.092139,12.7,↑,0.393939,NS,24/36,6,6,0.8160164999999999
Liver,CD4_T,checkpoint,NL→IA,NL,IA,0.081787,0.093886,14.8,↑,0.428571,NS,20/30,6,5,0.77835565
Liver,CD4_T,checkpoint,NL→AR,NL,AR,0.081787,0.092656,13.3,↑,0.547619,NS,12/18,6,3,0.7562357619047618
Liver,CD4_T,checkpoint,NL→CR,NL,CR,0.081787,0.068028,-16.8,↓,1.0,NS,9/18,6,3,1.0
Liver,CD4_T,checkpoint,IT→IA,IT,IA,0.092139,0.093886,1.9,↑,0.662338,NS,18/30,6,5,0.9189612800000001
Liver,CD4_T,checkpoint,IA→AR,IA,AR,0.093886,0.092656,-1.3,↓,0.785714,NS,9/15,5,3,0.9114282400000001
Liver,CD4_T,checkpoint,CR→AR,CR,AR,0.068028,0.092656,36.2,↑,0.2,NS,8/9,3,3,1.0
Liver,CD8_T,checkpoint,NL→IT,NL,IT,0.090449,0.128643,42.2,↑,0.041126,*,31/36,6,6,0.2981635
Liver,CD8_T,checkpoint,NL→IA,NL,IA,0.090449,0.152823,69.0,↑,0.177489,NS,23/30,6,5,0.571909
Liver,CD8_T,checkpoint,NL→AR,NL,AR,0.090449,0.140984,55.9,↑,0.095238,†,16/18,6,3,0.2761902
Liver,CD8_T,checkpoint,NL→CR,NL,CR,0.090449,0.09826,8.6,↑,0.166667,NS,15/18,6,3,0.4027785833333334
Liver,CD8_T,checkpoint,IT→IA,IT,IA,0.128643,0.152823,18.8,↑,0.428571,NS,20/30,6,5,0.8648396111111111
Liver,CD8_T,checkpoint,IA→AR,IA,AR,0.152823,0.140984,-7.7,↓,0.571429,NS,10/15,5,3,0.8285720499999999
Liver,CD8_T,checkpoint,CR→AR,CR,AR,0.09826,0.140984,43.5,↑,0.1,NS,9/9,3,3,0.9666666666666668
Liver,NK,checkpoint,NL→IT,NL,IT,0.083344,0.093001,11.6,↑,0.329004,NS,21/30,6,5,0.7767849375
Liver,NK,checkpoint,NL→IA,NL,IA,0.083344,0.08577,2.9,↑,0.662338,NS,18/30,6,5,0.9996794074074075
Liver,NK,checkpoint,NL→AR,NL,AR,0.083344,0.079243,-4.9,↓,0.714286,NS,7/18,6,3,1.0
Liver,NK,checkpoint,NL→CR,NL,CR,0.083344,0.092997,11.6,↑,0.714286,NS,11/18,6,3,0.9006214782608695
Liver,NK,checkpoint,IT→IA,IT,IA,0.093001,0.08577,-7.8,↓,0.690476,NS,15/25,5,5,1.0
Liver,NK,checkpoint,IA→AR,IA,AR,0.08577,0.079243,-7.6,↓,0.785714,NS,9/15,5,3,0.9494044166666668
Liver,NK,checkpoint,CR→AR,CR,AR,0.092997,0.079243,-14.8,↓,0.7,NS,6/9,3,3,1.0
Liver,B,checkpoint,NL→IT,NL,IT,0.018499,0.014728,-20.4,↓,1.0,NS,14/30,6,5,1.0
Liver,B,checkpoint,NL→IA,NL,IA,0.018499,0.028108,51.9,↑,0.329004,NS,21/30,6,5,0.8673741818181819
Liver,B,checkpoint,NL→AR,NL,AR,0.018499,0.014319,-22.6,↓,1.0,NS,9/18,6,3,1.0
Liver,B,checkpoint,NL→CR,NL,CR,0.018499,0.011935,-35.5,↓,1.0,NS,9/18,6,3,1.0
Liver,B,checkpoint,IT→IA,IT,IA,0.014728,0.028108,90.8,↑,0.150794,NS,20/25,5,5,0.4373026
Liver,B,checkpoint,IA→AR,IA,AR,0.028108,0.014319,-49.1,↓,0.142857,NS,13/15,5,3,0.920635611111111
Liver,B,checkpoint,CR→AR,CR,AR,0.011935,0.014319,20.0,↑,1.0,NS,5/9,3,3,1.0
Liver,PlasmaB,checkpoint,NL→IT,NL,IT,0.02048,0.004838,-76.4,↓,0.583025,NS,18/30,6,5,0.8244948571428572
Liver,PlasmaB,checkpoint,NL→IA,NL,IA,0.02048,0.007766,-62.1,↓,0.350122,NS,19/30,6,5,0.8461281666666667
Liver,PlasmaB,checkpoint,NL→AR,NL,AR,0.02048,0.004245,-79.3,↓,0.737372,NS,7/12,6,2,0.85535152
Liver,PlasmaB,checkpoint,NL→CR,NL,CR,0.02048,0.003808,-81.4,↓,0.35802,NS,12/18,6,3,0.7891148571428571
Liver,PlasmaB,checkpoint,IT→IA,IT,IA,0.004838,0.007766,60.5,↑,0.746476,NS,9/25,5,5,1.0
Liver,PlasmaB,checkpoint,IA→AR,IA,AR,0.007766,0.004245,-45.3,↓,1.0,NS,4/10,5,2,1.0
Liver,PlasmaB,checkpoint,CR→AR,CR,AR,0.003808,0.004245,11.5,↑,1.0,NS,2/6,3,2,1.0
Liver,Myeloid,cytotoxicity,NL→IT,NL,IT,0.010512,0.002347,-77.7,↓,0.388861,NS,17/30,6,5,0.6264982777777778
Liver,Myeloid,cytotoxicity,NL→IA,NL,IA,0.010512,0.009526,-9.4,↓,0.779243,NS,15/30,6,5,0.9189612800000001
Liver,Myeloid,cytotoxicity,NL→AR,NL,AR,0.010512,0.006631,-36.9,↓,0.895533,NS,9/18,6,3,0.9717814074074074
Liver,Myeloid,cytotoxicity,NL→CR,NL,CR,0.010512,0.006475,-38.4,↓,0.895533,NS,9/18,6,3,1.0
Liver,Myeloid,cytotoxicity,IT→IA,IT,IA,0.002347,0.009526,305.8,↑,0.503812,NS,13/25,5,5,0.9341735882352942
Liver,Myeloid,cytotoxicity,IA→AR,IA,AR,0.009526,0.006631,-30.4,↓,1.0,NS,6/15,5,3,1.0
Liver,Myeloid,cytotoxicity,CR→AR,CR,AR,0.006475,0.006631,2.4,↑,0.824778,NS,5/9,3,3,1.0
Liver,CD4_T,cytotoxicity,NL→IT,NL,IT,0.229987,0.263637,14.6,↑,0.24026,NS,26/36,6,6,0.6904766153846155
Liver,CD4_T,cytotoxicity,NL→IA,NL,IA,0.229987,0.177543,-22.8,↓,0.329004,NS,21/30,6,5,0.77835565
Liver,CD4_T,cytotoxicity,NL→AR,NL,AR,0.229987,0.248821,8.2,↑,0.380952,NS,13/18,6,3,0.7562357619047618
Liver,CD4_T,cytotoxicity,NL→CR,NL,CR,0.229987,0.267011,16.1,↑,0.380952,NS,13/18,6,3,0.8358395263157895
Liver,CD4_T,cytotoxicity,IT→IA,IT,IA,0.263637,0.177543,-32.7,↓,0.017316,*,28/30,6,5,0.251082
Liver,CD4_T,cytotoxicity,IA→AR,IA,AR,0.177543,0.248821,40.1,↑,0.25,NS,12/15,5,3,0.9114282400000001
Liver,CD4_T,cytotoxicity,CR→AR,CR,AR,0.267011,0.248821,-6.8,↓,1.0,NS,4/9,3,3,1.0
Liver,CD8_T,cytotoxicity,NL→IT,NL,IT,0.34585,0.377396,9.1,↑,0.588745,NS,22/36,6,6,0.7423306521739129
Liver,CD8_T,cytotoxicity,NL→IA,NL,IA,0.34585,0.328831,-4.9,↓,0.792208,NS,17/30,6,5,0.9988709565217391
Liver,CD8_T,cytotoxicity,NL→AR,NL,AR,0.34585,0.424672,22.8,↑,0.166667,NS,15/18,6,3,0.3717956153846154
Liver,CD8_T,cytotoxicity,NL→CR,NL,CR,0.34585,0.417344,20.7,↑,0.261905,NS,14/18,6,3,0.4747028125
Liver,CD8_T,cytotoxicity,IT→IA,IT,IA,0.377396,0.328831,-12.9,↓,0.246753,NS,22/30,6,5,0.8648396111111111
Liver,CD8_T,cytotoxicity,IA→AR,IA,AR,0.328831,0.424672,29.1,↑,0.035714,*,15/15,5,3,0.8285720499999999
Liver,CD8_T,cytotoxicity,CR→AR,CR,AR,0.417344,0.424672,1.8,↑,0.7,NS,6/9,3,3,1.0
Liver,NK,cytotoxicity,NL→IT,NL,IT,0.534867,0.5787,8.2,↑,0.536797,NS,19/30,6,5,0.8003250833333333
Liver,NK,cytotoxicity,NL→IA,NL,IA,0.534867,0.543889,1.7,↑,0.930736,NS,16/30,6,5,0.9996794074074075
Liver,NK,cytotoxicity,NL→AR,NL,AR,0.534867,0.578539,8.2,↑,0.547619,NS,12/18,6,3,1.0
Liver,NK,cytotoxicity,NL→CR,NL,CR,0.534867,0.548363,2.5,↑,0.714286,NS,11/18,6,3,0.9006214782608695
Liver,NK,cytotoxicity,IT→IA,IT,IA,0.5787,0.543889,-6.0,↓,0.420635,NS,17/25,5,5,0.9925594375
Liver,NK,cytotoxicity,IA→AR,IA,AR,0.543889,0.578539,6.4,↑,0.785714,NS,9/15,5,3,0.9494044166666668
Liver,NK,cytotoxicity,CR→AR,CR,AR,0.548363,0.578539,5.5,↑,0.4,NS,7/9,3,3,1.0
Liver,B,cytotoxicity,NL→IT,NL,IT,0.010021,0.017906,78.7,↑,0.927099,NS,14/30,6,5,0.9996794074074075
Liver,B,cytotoxicity,NL→IA,NL,IA,0.010021,0.00856,-14.6,↓,0.662338,NS,12/30,6,5,0.9603900999999999
Liver,B,cytotoxicity,NL→AR,NL,AR,0.010021,0.006561,-34.5,↓,0.904762,NS,8/18,6,3,1.0
Liver,B,cytotoxicity,NL→CR,NL,CR,0.010021,0.00205,-79.5,↓,0.380952,NS,13/18,6,3,0.7365072
Liver,B,cytotoxicity,IT→IA,IT,IA,0.017906,0.00856,-52.2,↓,0.401965,NS,8/25,5,5,0.7624009374999999
Liver,B,cytotoxicity,IA→AR,IA,AR,0.00856,0.006561,-23.4,↓,0.571429,NS,10/15,5,3,0.920635611111111
Liver,B,cytotoxicity,CR→AR,CR,AR,0.00205,0.006561,220.1,↑,0.7,NS,6/9,3,3,1.0
Liver,PlasmaB,cytotoxicity,NL→IT,NL,IT,0.018857,0.074394,294.5,↑,0.035344,*,27/30,6,5,0.34165866666666667
Liver,PlasmaB,cytotoxicity,NL→IA,NL,IA,0.018857,0.076,303.0,↑,0.035344,*,27/30,6,5,0.512488
Liver,PlasmaB,cytotoxicity,NL→AR,NL,AR,0.018857,0.117241,521.7,↑,0.065133,†,12/12,6,2,0.51786025
Liver,PlasmaB,cytotoxicity,NL→CR,NL,CR,0.018857,0.065273,246.1,↑,0.153854,NS,15/18,6,3,0.6904768181818182
Liver,PlasmaB,cytotoxicity,IT→IA,IT,IA,0.074394,0.076,2.2,↑,0.84127,NS,11/25,5,5,1.0
Liver,PlasmaB,cytotoxicity,IA→AR,IA,AR,0.076,0.117241,54.3,↑,0.380952,NS,8/10,5,2,0.849816
Liver,PlasmaB,cytotoxicity,CR→AR,CR,AR,0.065273,0.117241,79.6,↑,0.2,NS,6/6,3,2,1.0
Liver,Myeloid,epigenetics,NL→IT,NL,IT,0.035431,0.03333,-5.9,↓,0.662338,NS,18/30,6,5,0.7114000740740741
Liver,Myeloid,epigenetics,NL→IA,NL,IA,0.035431,0.02418,-31.8,↓,0.246753,NS,22/30,6,5,0.914657238095238
Liver,Myeloid,epigenetics,NL→AR,NL,AR,0.035431,0.06682,88.6,↑,0.714286,NS,11/18,6,3,0.9415588181818182
Liver,Myeloid,epigenetics,NL→CR,NL,CR,0.035431,0.041447,17.0,↑,0.714286,NS,11/18,6,3,1.0
Liver,Myeloid,epigenetics,IT→IA,IT,IA,0.03333,0.02418,-27.5,↓,0.222222,NS,19/25,5,5,0.7160486666666667
Liver,Myeloid,epigenetics,IA→AR,IA,AR,0.02418,0.06682,176.3,↑,0.142857,NS,13/15,5,3,0.725
Liver,Myeloid,epigenetics,CR→AR,CR,AR,0.041447,0.06682,61.2,↑,0.7,NS,3/9,3,3,1.0
Liver,CD4_T,epigenetics,NL→IT,NL,IT,0.032726,0.038074,16.3,↑,0.24026,NS,26/36,6,6,0.6904766153846155
Liver,CD4_T,epigenetics,NL→IA,NL,IA,0.032726,0.041264,26.1,↑,0.125541,NS,24/30,6,5,0.77835565
Liver,CD4_T,epigenetics,NL→AR,NL,AR,0.032726,0.044821,37.0,↑,0.02381,*,18/18,6,3,0.46031700000000003
Liver,CD4_T,epigenetics,NL→CR,NL,CR,0.032726,0.038565,17.8,↑,0.166667,NS,15/18,6,3,0.6904775714285715
Liver,CD4_T,epigenetics,IT→IA,IT,IA,0.038074,0.041264,8.4,↑,0.662338,NS,18/30,6,5,0.9189612800000001
Liver,CD4_T,epigenetics,IA→AR,IA,AR,0.041264,0.044821,8.6,↑,0.25,NS,12/15,5,3,0.9114282400000001
Liver,CD4_T,epigenetics,CR→AR,CR,AR,0.038565,0.044821,16.2,↑,0.1,NS,9/9,3,3,1.0
Liver,CD8_T,epigenetics,NL→IT,NL,IT,0.032169,0.045366,41.0,↑,0.015152,*,33/36,6,6,0.2981635
Liver,CD8_T,epigenetics,NL→IA,NL,IA,0.032169,0.045266,40.7,↑,0.008658,**,29/30,6,5,0.125541
Liver,CD8_T,epigenetics,NL→AR,NL,AR,0.032169,0.048731,51.5,↑,0.02381,*,18/18,6,3,0.2761902
Liver,CD8_T,epigenetics,NL→CR,NL,CR,0.032169,0.042921,33.4,↑,0.166667,NS,15/18,6,3,0.4027785833333334
Liver,CD8_T,epigenetics,IT→IA,IT,IA,0.045366,0.045266,-0.2,↓,0.792208,NS,13/30,6,5,0.9572513333333333
Liver,CD8_T,epigenetics,IA→AR,IA,AR,0.045266,0.048731,7.7,↑,0.392857,NS,11/15,5,3,0.8285720499999999
Liver,CD8_T,epigenetics,CR→AR,CR,AR,0.042921,0.048731,13.5,↑,0.4,NS,7/9,3,3,1.0
Liver,NK,epigenetics,NL→IT,NL,IT,0.040525,0.043427,7.2,↑,0.662338,NS,18/30,6,5,0.8003250833333333
Liver,NK,epigenetics,NL→IA,NL,IA,0.040525,0.04238,4.6,↑,1.0,NS,15/30,6,5,1.0
Liver,NK,epigenetics,NL→AR,NL,AR,0.040525,0.043318,6.9,↑,1.0,NS,9/18,6,3,1.0
Liver,NK,epigenetics,NL→CR,NL,CR,0.040525,0.046714,15.3,↑,0.547619,NS,12/18,6,3,0.9006214782608695
Liver,NK,epigenetics,IT→IA,IT,IA,0.043427,0.04238,-2.4,↓,0.690476,NS,15/25,5,5,1.0
Liver,NK,epigenetics,IA→AR,IA,AR,0.04238,0.043318,2.2,↑,0.571429,NS,10/15,5,3,0.9494044166666668
Liver,NK,epigenetics,CR→AR,CR,AR,0.046714,0.043318,-7.3,↓,0.4,NS,7/9,3,3,1.0
Liver,B,epigenetics,NL→IT,NL,IT,0.033987,0.043524,28.1,↑,0.662338,NS,18/30,6,5,0.9996794074074075
Liver,B,epigenetics,NL→IA,NL,IA,0.033987,0.04772,40.4,↑,0.246753,NS,22/30,6,5,0.8673741818181819
Liver,B,epigenetics,NL→AR,NL,AR,0.033987,0.054134,59.3,↑,0.166667,NS,15/18,6,3,1.0
Liver,B,epigenetics,NL→CR,NL,CR,0.033987,0.03699,8.8,↑,0.714286,NS,11/18,6,3,0.9863949523809523
Liver,B,epigenetics,IT→IA,IT,IA,0.043524,0.04772,9.6,↑,0.547619,NS,16/25,5,5,0.7940475499999999
Liver,B,epigenetics,IA→AR,IA,AR,0.04772,0.054134,13.4,↑,0.571429,NS,10/15,5,3,0.920635611111111
Liver,B,epigenetics,CR→AR,CR,AR,0.03699,0.054134,46.3,↑,0.2,NS,8/9,3,3,1.0
Liver,PlasmaB,epigenetics,NL→IT,NL,IT,0.027737,0.019155,-30.9,↓,0.536797,NS,19/30,6,5,0.8193217368421053
Liver,PlasmaB,epigenetics,NL→IA,NL,IA,0.027737,0.016762,-39.6,↓,0.407016,NS,19/30,6,5,0.9079587692307692
Liver,PlasmaB,epigenetics,NL→AR,NL,AR,0.027737,0.024039,-13.3,↓,0.642857,NS,8/12,6,2,0.7767855416666667
Liver,PlasmaB,epigenetics,NL→CR,NL,CR,0.027737,0.023524,-15.2,↓,0.714286,NS,11/18,6,3,0.9006214782608695
Liver,PlasmaB,epigenetics,IT→IA,IT,IA,0.019155,0.016762,-12.5,↓,1.0,NS,13/25,5,5,1.0
Liver,PlasmaB,epigenetics,IA→AR,IA,AR,0.016762,0.024039,43.4,↑,0.557738,NS,7/10,5,2,0.8721811052631578
Liver,PlasmaB,epigenetics,CR→AR,CR,AR,0.023524,0.024039,2.2,↑,1.0,NS,3/6,3,2,1.0
Liver,Myeloid,exhaustion,NL→IT,NL,IT,0.023714,0.027285,15.1,↑,0.662338,NS,18/30,6,5,0.7114000740740741
Liver,Myeloid,exhaustion,NL→IA,NL,IA,0.023714,0.027299,15.1,↑,0.662338,NS,18/30,6,5,0.914657238095238
Liver,Myeloid,exhaustion,NL→AR,NL,AR,0.023714,0.035408,49.3,↑,0.380952,NS,13/18,6,3,0.6498592941176471
Liver,Myeloid,exhaustion,NL→CR,NL,CR,0.023714,0.029631,24.9,↑,0.547619,NS,12/18,6,3,1.0
Liver,Myeloid,exhaustion,IT→IA,IT,IA,0.027285,0.027299,0.1,↑,1.0,NS,13/25,5,5,1.0
Liver,Myeloid,exhaustion,IA→AR,IA,AR,0.027299,0.035408,29.7,↑,0.785714,NS,9/15,5,3,0.9906828695652173
Liver,Myeloid,exhaustion,CR→AR,CR,AR,0.029631,0.035408,19.5,↑,1.0,NS,5/9,3,3,1.0
Liver,CD4_T,exhaustion,NL→IT,NL,IT,0.077572,0.08601,10.9,↑,0.588745,NS,22/36,6,6,0.8986107894736842
Liver,CD4_T,exhaustion,NL→IA,NL,IA,0.077572,0.087323,12.6,↑,0.536797,NS,19/30,6,5,0.77835565
Liver,CD4_T,exhaustion,NL→AR,NL,AR,0.077572,0.084909,9.5,↑,0.714286,NS,11/18,6,3,0.7967036153846153
Liver,CD4_T,exhaustion,NL→CR,NL,CR,0.077572,0.065002,-16.2,↓,1.0,NS,9/18,6,3,1.0
Liver,CD4_T,exhaustion,IT→IA,IT,IA,0.08601,0.087323,1.5,↑,0.792208,NS,17/30,6,5,0.9189612800000001
Liver,CD4_T,exhaustion,IA→AR,IA,AR,0.087323,0.084909,-2.8,↓,1.0,NS,8/15,5,3,1.0
Liver,CD4_T,exhaustion,CR→AR,CR,AR,0.065002,0.084909,30.6,↑,0.2,NS,8/9,3,3,1.0
Liver,CD8_T,exhaustion,NL→IT,NL,IT,0.09007,0.126369,40.3,↑,0.041126,*,31/36,6,6,0.2981635
Liver,CD8_T,exhaustion,NL→IA,NL,IA,0.09007,0.149143,65.6,↑,0.177489,NS,23/30,6,5,0.571909
Liver,CD8_T,exhaustion,NL→AR,NL,AR,0.09007,0.137905,53.1,↑,0.095238,†,16/18,6,3,0.2761902
Liver,CD8_T,exhaustion,NL→CR,NL,CR,0.09007,0.097976,8.8,↑,0.166667,NS,15/18,6,3,0.4027785833333334
Liver,CD8_T,exhaustion,IT→IA,IT,IA,0.126369,0.149143,18.0,↑,0.329004,NS,21/30,6,5,0.8648396111111111
Liver,CD8_T,exhaustion,IA→AR,IA,AR,0.149143,0.137905,-7.5,↓,0.571429,NS,10/15,5,3,0.8285720499999999
Liver,CD8_T,exhaustion,CR→AR,CR,AR,0.097976,0.137905,40.8,↑,0.1,NS,9/9,3,3,0.9666666666666668
Liver,NK,exhaustion,NL→IT,NL,IT,0.085421,0.096478,12.9,↑,0.329004,NS,21/30,6,5,0.7767849375
Liver,NK,exhaustion,NL→IA,NL,IA,0.085421,0.089524,4.8,↑,0.662338,NS,18/30,6,5,0.9996794074074075
Liver,NK,exhaustion,NL→AR,NL,AR,0.085421,0.081205,-4.9,↓,1.0,NS,9/18,6,3,1.0
Liver,NK,exhaustion,NL→CR,NL,CR,0.085421,0.096528,13.0,↑,0.714286,NS,11/18,6,3,0.9006214782608695
Liver,NK,exhaustion,IT→IA,IT,IA,0.096478,0.089524,-7.2,↓,0.690476,NS,15/25,5,5,1.0
Liver,NK,exhaustion,IA→AR,IA,AR,0.089524,0.081205,-9.3,↓,0.571429,NS,10/15,5,3,0.9494044166666668
Liver,NK,exhaustion,CR→AR,CR,AR,0.096528,0.081205,-15.9,↓,0.7,NS,6/9,3,3,1.0
Liver,B,exhaustion,NL→IT,NL,IT,0.02113,0.016866,-20.2,↓,0.714379,NS,17/30,6,5,0.9996794074074075
Liver,B,exhaustion,NL→IA,NL,IA,0.02113,0.032312,52.9,↑,0.329004,NS,21/30,6,5,0.8673741818181819
Liver,B,exhaustion,NL→AR,NL,AR,0.02113,0.018866,-10.7,↓,0.904762,NS,8/18,6,3,1.0
Liver,B,exhaustion,NL→CR,NL,CR,0.02113,0.017212,-18.5,↓,1.0,NS,9/18,6,3,1.0
Liver,B,exhaustion,IT→IA,IT,IA,0.016866,0.032312,91.6,↑,0.150794,NS,20/25,5,5,0.4373026
Liver,B,exhaustion,IA→AR,IA,AR,0.032312,0.018866,-41.6,↓,0.392857,NS,11/15,5,3,0.920635611111111
Liver,B,exhaustion,CR→AR,CR,AR,0.017212,0.018866,9.6,↑,1.0,NS,5/9,3,3,1.0
Liver,PlasmaB,exhaustion,NL→IT,NL,IT,0.049371,0.007683,-84.4,↓,0.017316,*,28/30,6,5,0.251082
Liver,PlasmaB,exhaustion,NL→IA,NL,IA,0.049371,0.018743,-62.0,↓,0.177489,NS,23/30,6,5,0.7155836999999999
Liver,PlasmaB,exhaustion,NL→AR,NL,AR,0.049371,0.004245,-91.4,↓,0.071429,†,12/12,6,2,0.51786025
Liver,PlasmaB,exhaustion,NL→CR,NL,CR,0.049371,0.009836,-80.1,↓,0.047619,*,17/18,6,3,0.46031700000000003
Liver,PlasmaB,exhaustion,IT→IA,IT,IA,0.007683,0.018743,143.9,↑,0.249153,NS,18/25,5,5,1.0
Liver,PlasmaB,exhaustion,IA→AR,IA,AR,0.018743,0.004245,-77.4,↓,0.241032,NS,8/10,5,2,0.849816
Liver,PlasmaB,exhaustion,CR→AR,CR,AR,0.009836,0.004245,-56.8,↓,0.553617,NS,4/6,3,2,1.0
Liver,Myeloid,fibrosis,NL→IT,NL,IT,0.098494,0.093509,-5.1,↓,0.662338,NS,18/30,6,5,0.7114000740740741
Liver,Myeloid,fibrosis,NL→IA,NL,IA,0.098494,0.078826,-20.0,↓,0.246753,NS,22/30,6,5,0.914657238095238
Liver,Myeloid,fibrosis,NL→AR,NL,AR,0.098494,0.092698,-5.9,↓,0.547619,NS,12/18,6,3,0.8358395263157895
Liver,Myeloid,fibrosis,NL→CR,NL,CR,0.098494,0.0918,-6.8,↓,0.547619,NS,12/18,6,3,1.0
Liver,Myeloid,fibrosis,IT→IA,IT,IA,0.093509,0.078826,-15.7,↓,0.420635,NS,17/25,5,5,0.871315357142857
Liver,Myeloid,fibrosis,IA→AR,IA,AR,0.078826,0.092698,17.6,↑,0.25,NS,12/15,5,3,0.725
Liver,Myeloid,fibrosis,CR→AR,CR,AR,0.0918,0.092698,1.0,↑,0.7,NS,3/9,3,3,1.0
Liver,CD4_T,fibrosis,NL→IT,NL,IT,0.050465,0.047635,-5.6,↓,0.699134,NS,21/36,6,6,0.9886365833333333
Liver,CD4_T,fibrosis,NL→IA,NL,IA,0.050465,0.053617,6.2,↑,0.792208,NS,17/30,6,5,0.8836166153846154
Liver,CD4_T,fibrosis,NL→AR,NL,AR,0.050465,0.045129,-10.6,↓,0.904762,NS,10/18,6,3,0.9370749285714285
Liver,CD4_T,fibrosis,NL→CR,NL,CR,0.050465,0.033874,-32.9,↓,0.166667,NS,15/18,6,3,0.6904775714285715
Liver,CD4_T,fibrosis,IT→IA,IT,IA,0.047635,0.053617,12.6,↑,0.662338,NS,18/30,6,5,0.9189612800000001
Liver,CD4_T,fibrosis,IA→AR,IA,AR,0.053617,0.045129,-15.8,↓,0.785714,NS,9/15,5,3,0.9114282400000001
Liver,CD4_T,fibrosis,CR→AR,CR,AR,0.033874,0.045129,33.2,↑,0.7,NS,6/9,3,3,1.0
Liver,CD8_T,fibrosis,NL→IT,NL,IT,0.056079,0.05006,-10.7,↓,0.393939,NS,24/36,6,6,0.7030295999999999
Liver,CD8_T,fibrosis,NL→IA,NL,IA,0.056079,0.052638,-6.1,↓,1.0,NS,15/30,6,5,1.0
Liver,CD8_T,fibrosis,NL→AR,NL,AR,0.056079,0.042775,-23.7,↓,0.261905,NS,14/18,6,3,0.5260765714285714
Liver,CD8_T,fibrosis,NL→CR,NL,CR,0.056079,0.032778,-41.5,↓,0.095238,†,16/18,6,3,0.39455742857142856
Liver,CD8_T,fibrosis,IT→IA,IT,IA,0.05006,0.052638,5.2,↑,0.792208,NS,17/30,6,5,0.9572513333333333
Liver,CD8_T,fibrosis,IA→AR,IA,AR,0.052638,0.042775,-18.7,↓,0.571429,NS,10/15,5,3,0.8285720499999999
Liver,CD8_T,fibrosis,CR→AR,CR,AR,0.032778,0.042775,30.5,↑,0.7,NS,6/9,3,3,1.0
Liver,NK,fibrosis,NL→IT,NL,IT,0.056719,0.059092,4.2,↑,0.662338,NS,18/30,6,5,0.8003250833333333
Liver,NK,fibrosis,NL→IA,NL,IA,0.056719,0.066465,17.2,↑,0.428571,NS,20/30,6,5,0.9996794074074075
Liver,NK,fibrosis,NL→AR,NL,AR,0.056719,0.0544,-4.1,↓,1.0,NS,9/18,6,3,1.0
Liver,NK,fibrosis,NL→CR,NL,CR,0.056719,0.040429,-28.7,↓,0.166667,NS,15/18,6,3,0.849816
Liver,NK,fibrosis,IT→IA,IT,IA,0.059092,0.066465,12.5,↑,0.222222,NS,19/25,5,5,0.9925594375
Liver,NK,fibrosis,IA→AR,IA,AR,0.066465,0.0544,-18.2,↓,0.392857,NS,11/15,5,3,0.9494044166666668
Liver,NK,fibrosis,CR→AR,CR,AR,0.040429,0.0544,34.6,↑,0.4,NS,7/9,3,3,1.0
Liver,B,fibrosis,NL→IT,NL,IT,0.020776,0.0342,64.6,↑,0.930736,NS,14/30,6,5,0.9996794074074075
Liver,B,fibrosis,NL→IA,NL,IA,0.020776,0.031741,52.8,↑,0.329004,NS,21/30,6,5,0.8673741818181819
Liver,B,fibrosis,NL→AR,NL,AR,0.020776,0.014043,-32.4,↓,0.380952,NS,13/18,6,3,1.0
Liver,B,fibrosis,NL→CR,NL,CR,0.020776,0.008516,-59.0,↓,0.166667,NS,15/18,6,3,0.7365072
Liver,B,fibrosis,IT→IA,IT,IA,0.0342,0.031741,-7.2,↓,0.547619,NS,9/25,5,5,0.7940475499999999
Liver,B,fibrosis,IA→AR,IA,AR,0.031741,0.014043,-55.8,↓,0.071429,†,14/15,5,3,0.6904803333333334
Liver,B,fibrosis,CR→AR,CR,AR,0.008516,0.014043,64.9,↑,0.4,NS,7/9,3,3,1.0
Liver,PlasmaB,fibrosis,NL→IT,NL,IT,0.032975,0.038461,16.6,↑,0.662338,NS,18/30,6,5,0.8351218260869565
Liver,PlasmaB,fibrosis,NL→IA,NL,IA,0.032975,0.034417,4.4,↑,0.536797,NS,19/30,6,5,0.9157125294117647
Liver,PlasmaB,fibrosis,NL→AR,NL,AR,0.032975,0.030278,-8.2,↓,0.642857,NS,4/12,6,2,0.7767855416666667
Liver,PlasmaB,fibrosis,NL→CR,NL,CR,0.032975,0.02436,-26.1,↓,0.380952,NS,13/18,6,3,0.7891148571428571
Liver,PlasmaB,fibrosis,IT→IA,IT,IA,0.038461,0.034417,-10.5,↓,1.0,NS,12/25,5,5,1.0
Liver,PlasmaB,fibrosis,IA→AR,IA,AR,0.034417,0.030278,-12.0,↓,0.857143,NS,6/10,5,2,0.9560441153846153
Liver,PlasmaB,fibrosis,CR→AR,CR,AR,0.02436,0.030278,24.3,↑,0.8,NS,4/6,3,2,1.0
Liver,Myeloid,glycolysis,NL→IT,NL,IT,0.343845,0.326363,-5.1,↓,0.536797,NS,19/30,6,5,0.7114000740740741
Liver,Myeloid,glycolysis,NL→IA,NL,IA,0.343845,0.311116,-9.5,↓,0.329004,NS,21/30,6,5,0.914657238095238
Liver,Myeloid,glycolysis,NL→AR,NL,AR,0.343845,0.313591,-8.8,↓,0.261905,NS,14/18,6,3,0.5063496666666666
Liver,Myeloid,glycolysis,NL→CR,NL,CR,0.343845,0.323093,-6.0,↓,0.261905,NS,14/18,6,3,0.8439161111111111
Liver,Myeloid,glycolysis,IT→IA,IT,IA,0.326363,0.311116,-4.7,↓,0.84127,NS,14/25,5,5,0.9383396153846153
Liver,Myeloid,glycolysis,IA→AR,IA,AR,0.311116,0.313591,0.8,↑,1.0,NS,8/15,5,3,1.0
Liver,Myeloid,glycolysis,CR→AR,CR,AR,0.323093,0.313591,-2.9,↓,1.0,NS,5/9,3,3,1.0
Liver,CD4_T,glycolysis,NL→IT,NL,IT,0.289557,0.28208,-2.6,↓,0.937229,NS,17/36,6,6,1.0
Liver,CD4_T,glycolysis,NL→IA,NL,IA,0.289557,0.281576,-2.8,↓,0.930736,NS,16/30,6,5,0.9639765714285714
Liver,CD4_T,glycolysis,NL→AR,NL,AR,0.289557,0.271317,-6.3,↓,0.547619,NS,12/18,6,3,0.7562357619047618
Liver,CD4_T,glycolysis,NL→CR,NL,CR,0.289557,0.274839,-5.1,↓,0.714286,NS,11/18,6,3,0.9863949523809523
Liver,CD4_T,glycolysis,IT→IA,IT,IA,0.28208,0.281576,-0.2,↓,0.792208,NS,17/30,6,5,0.9189612800000001
Liver,CD4_T,glycolysis,IA→AR,IA,AR,0.281576,0.271317,-3.6,↓,0.785714,NS,9/15,5,3,0.9114282400000001
Liver,CD4_T,glycolysis,CR→AR,CR,AR,0.274839,0.271317,-1.3,↓,1.0,NS,5/9,3,3,1.0
Liver,CD8_T,glycolysis,NL→IT,NL,IT,0.285603,0.298538,4.5,↑,0.393939,NS,24/36,6,6,0.7030295999999999
Liver,CD8_T,glycolysis,NL→IA,NL,IA,0.285603,0.288057,0.9,↑,1.0,NS,15/30,6,5,1.0
Liver,CD8_T,glycolysis,NL→AR,NL,AR,0.285603,0.269732,-5.6,↓,0.714286,NS,11/18,6,3,0.82857176
Liver,CD8_T,glycolysis,NL→CR,NL,CR,0.285603,0.265928,-6.9,↓,0.904762,NS,10/18,6,3,0.904762
Liver,CD8_T,glycolysis,IT→IA,IT,IA,0.298538,0.288057,-3.5,↓,0.662338,NS,18/30,6,5,0.914657238095238
Liver,CD8_T,glycolysis,IA→AR,IA,AR,0.288057,0.269732,-6.4,↓,0.571429,NS,10/15,5,3,0.8285720499999999
Liver,CD8_T,glycolysis,CR→AR,CR,AR,0.265928,0.269732,1.4,↑,0.7,NS,3/9,3,3,1.0
Liver,NK,glycolysis,NL→IT,NL,IT,0.255793,0.279742,9.4,↑,0.662338,NS,18/30,6,5,0.8003250833333333
Liver,NK,glycolysis,NL→IA,NL,IA,0.255793,0.260382,1.8,↑,0.792208,NS,17/30,6,5,0.9996794074074075
Liver,NK,glycolysis,NL→AR,NL,AR,0.255793,0.246507,-3.6,↓,0.547619,NS,12/18,6,3,1.0
Liver,NK,glycolysis,NL→CR,NL,CR,0.255793,0.258991,1.3,↑,0.904762,NS,10/18,6,3,0.9370749285714285
Liver,NK,glycolysis,IT→IA,IT,IA,0.279742,0.260382,-6.9,↓,0.547619,NS,16/25,5,5,0.9925594375
Liver,NK,glycolysis,IA→AR,IA,AR,0.260382,0.246507,-5.3,↓,0.392857,NS,11/15,5,3,0.9494044166666668
Liver,NK,glycolysis,CR→AR,CR,AR,0.258991,0.246507,-4.8,↓,0.7,NS,6/9,3,3,1.0
Liver,B,glycolysis,NL→IT,NL,IT,0.187234,0.184689,-1.4,↓,0.662338,NS,12/30,6,5,0.9996794074074075
Liver,B,glycolysis,NL→IA,NL,IA,0.187234,0.192708,2.9,↑,0.329004,NS,21/30,6,5,0.8673741818181819
Liver,B,glycolysis,NL→AR,NL,AR,0.187234,0.202125,8.0,↑,0.714286,NS,11/18,6,3,1.0
Liver,B,glycolysis,NL→CR,NL,CR,0.187234,0.190335,1.7,↑,0.904762,NS,10/18,6,3,1.0
Liver,B,glycolysis,IT→IA,IT,IA,0.184689,0.192708,4.3,↑,1.0,NS,13/25,5,5,1.0
Liver,B,glycolysis,IA→AR,IA,AR,0.192708,0.202125,4.9,↑,0.571429,NS,10/15,5,3,0.920635611111111
Liver,B,glycolysis,CR→AR,CR,AR,0.190335,0.202125,6.2,↑,1.0,NS,4/9,3,3,1.0
Liver,PlasmaB,glycolysis,NL→IT,NL,IT,0.237328,0.238767,0.6,↑,1.0,NS,15/30,6,5,1.0
Liver,PlasmaB,glycolysis,NL→IA,NL,IA,0.237328,0.267266,12.6,↑,0.792208,NS,13/30,6,5,0.9189612800000001
Liver,PlasmaB,glycolysis,NL→AR,NL,AR,0.237328,0.239097,0.7,↑,0.642857,NS,8/12,6,2,0.7767855416666667
Liver,PlasmaB,glycolysis,NL→CR,NL,CR,0.237328,0.251124,5.8,↑,0.547619,NS,12/18,6,3,0.8822750555555555
Liver,PlasmaB,glycolysis,IT→IA,IT,IA,0.238767,0.267266,11.9,↑,1.0,NS,13/25,5,5,1.0
Liver,PlasmaB,glycolysis,IA→AR,IA,AR,0.267266,0.239097,-10.5,↓,0.571429,NS,3/10,5,2,0.8721811052631578
Liver,PlasmaB,glycolysis,CR→AR,CR,AR,0.251124,0.239097,-4.8,↓,0.8,NS,4/6,3,2,1.0
Liver,Myeloid,il15_mtor,NL→IT,NL,IT,0.023171,0.041041,77.1,↑,0.051948,†,26/30,6,5,0.22653557142857142
Liver,Myeloid,il15_mtor,NL→IA,NL,IA,0.023171,0.028813,24.4,↑,0.792208,NS,17/30,6,5,0.9189612800000001
Liver,Myeloid,il15_mtor,NL→AR,NL,AR,0.023171,0.032964,42.3,↑,0.166667,NS,15/18,6,3,0.4027785833333334
Liver,Myeloid,il15_mtor,NL→CR,NL,CR,0.023171,0.033813,45.9,↑,0.166667,NS,15/18,6,3,0.8055571666666668
Liver,Myeloid,il15_mtor,IT→IA,IT,IA,0.041041,0.028813,-29.8,↓,0.690476,NS,15/25,5,5,0.9383396153846153
Liver,Myeloid,il15_mtor,IA→AR,IA,AR,0.028813,0.032964,14.4,↑,0.571429,NS,10/15,5,3,0.8285720499999999
Liver,Myeloid,il15_mtor,CR→AR,CR,AR,0.033813,0.032964,-2.5,↓,1.0,NS,5/9,3,3,1.0
Liver,CD4_T,il15_mtor,NL→IT,NL,IT,0.074894,0.074176,-1.0,↓,1.0,NS,18/36,6,6,1.0
Liver,CD4_T,il15_mtor,NL→IA,NL,IA,0.074894,0.078512,4.8,↑,0.428571,NS,20/30,6,5,0.77835565
Liver,CD4_T,il15_mtor,NL→AR,NL,AR,0.074894,0.077936,4.1,↑,0.547619,NS,12/18,6,3,0.7562357619047618
Liver,CD4_T,il15_mtor,NL→CR,NL,CR,0.074894,0.077968,4.1,↑,0.547619,NS,12/18,6,3,0.8358395263157895
Liver,CD4_T,il15_mtor,IT→IA,IT,IA,0.074176,0.078512,5.8,↑,0.329004,NS,21/30,6,5,0.9189612800000001
Liver,CD4_T,il15_mtor,IA→AR,IA,AR,0.078512,0.077936,-0.7,↓,1.0,NS,7/15,5,3,1.0
Liver,CD4_T,il15_mtor,CR→AR,CR,AR,0.077968,0.077936,-0.0,↓,1.0,NS,5/9,3,3,1.0
Liver,CD8_T,il15_mtor,NL→IT,NL,IT,0.076439,0.080562,5.4,↑,0.699134,NS,21/36,6,6,0.8109954400000001
Liver,CD8_T,il15_mtor,NL→IA,NL,IA,0.076439,0.085754,12.2,↑,0.177489,NS,23/30,6,5,0.571909
Liver,CD8_T,il15_mtor,NL→AR,NL,AR,0.076439,0.084126,10.1,↑,0.380952,NS,13/18,6,3,0.5260765714285714
Liver,CD8_T,il15_mtor,NL→CR,NL,CR,0.076439,0.0718,-6.1,↓,0.547619,NS,12/18,6,3,0.7218614090909091
Liver,CD8_T,il15_mtor,IT→IA,IT,IA,0.080562,0.085754,6.4,↑,0.246753,NS,22/30,6,5,0.8648396111111111
Liver,CD8_T,il15_mtor,IA→AR,IA,AR,0.085754,0.084126,-1.9,↓,1.0,NS,7/15,5,3,1.0
Liver,CD8_T,il15_mtor,CR→AR,CR,AR,0.0718,0.084126,17.2,↑,0.1,NS,9/9,3,3,0.9666666666666668
Liver,NK,il15_mtor,NL→IT,NL,IT,0.105639,0.120735,14.3,↑,0.428571,NS,20/30,6,5,0.7767849375
Liver,NK,il15_mtor,NL→IA,NL,IA,0.105639,0.110931,5.0,↑,0.792208,NS,17/30,6,5,0.9996794074074075
Liver,NK,il15_mtor,NL→AR,NL,AR,0.105639,0.108043,2.3,↑,1.0,NS,9/18,6,3,1.0
Liver,NK,il15_mtor,NL→CR,NL,CR,0.105639,0.124248,17.6,↑,0.166667,NS,15/18,6,3,0.849816
Liver,NK,il15_mtor,IT→IA,IT,IA,0.120735,0.110931,-8.1,↓,0.420635,NS,17/25,5,5,0.9925594375
Liver,NK,il15_mtor,IA→AR,IA,AR,0.110931,0.108043,-2.6,↓,0.785714,NS,6/15,5,3,0.9494044166666668
Liver,NK,il15_mtor,CR→AR,CR,AR,0.124248,0.108043,-13.0,↓,0.1,NS,9/9,3,3,1.0
Liver,B,il15_mtor,NL→IT,NL,IT,0.074701,0.055448,-25.8,↓,0.428571,NS,20/30,6,5,0.9996794074074075
Liver,B,il15_mtor,NL→IA,NL,IA,0.074701,0.050174,-32.8,↓,0.177489,NS,23/30,6,5,0.8673741818181819
Liver,B,il15_mtor,NL→AR,NL,AR,0.074701,0.061498,-17.7,↓,0.904762,NS,10/18,6,3,1.0
Liver,B,il15_mtor,NL→CR,NL,CR,0.074701,0.048066,-35.7,↓,0.095238,†,16/18,6,3,0.7365072
Liver,B,il15_mtor,IT→IA,IT,IA,0.055448,0.050174,-9.5,↓,1.0,NS,12/25,5,5,1.0
Liver,B,il15_mtor,IA→AR,IA,AR,0.050174,0.061498,22.6,↑,0.392857,NS,11/15,5,3,0.920635611111111
Liver,B,il15_mtor,CR→AR,CR,AR,0.048066,0.061498,27.9,↑,0.2,NS,8/9,3,3,1.0
Liver,PlasmaB,il15_mtor,NL→IT,NL,IT,0.032446,0.039067,20.4,↑,0.536797,NS,19/30,6,5,0.8193217368421053
Liver,PlasmaB,il15_mtor,NL→IA,NL,IA,0.032446,0.021987,-32.2,↓,0.792208,NS,17/30,6,5,0.9189612800000001
Liver,PlasmaB,il15_mtor,NL→AR,NL,AR,0.032446,0.051668,59.2,↑,0.428571,NS,9/12,6,2,0.7767849375
Liver,PlasmaB,il15_mtor,NL→CR,NL,CR,0.032446,0.031068,-4.2,↓,0.714286,NS,7/18,6,3,0.9006214782608695
Liver,PlasmaB,il15_mtor,IT→IA,IT,IA,0.039067,0.021987,-43.7,↓,0.031746,*,23/25,5,5,0.46031700000000003
Liver,PlasmaB,il15_mtor,IA→AR,IA,AR,0.021987,0.051668,135.0,↑,0.095238,†,10/10,5,2,0.849816
Liver,PlasmaB,il15_mtor,CR→AR,CR,AR,0.031068,0.051668,66.3,↑,0.8,NS,4/6,3,2,1.0
Liver,Myeloid,immune_evasion,NL→IT,NL,IT,0.131839,0.169841,28.8,↑,0.177489,NS,23/30,6,5,0.42893175
Liver,Myeloid,immune_evasion,NL→IA,NL,IA,0.131839,0.14903,13.0,↑,0.428571,NS,20/30,6,5,0.914657238095238
Liver,Myeloid,immune_evasion,NL→AR,NL,AR,0.131839,0.181559,37.7,↑,0.047619,*,17/18,6,3,0.39455742857142856
Liver,Myeloid,immune_evasion,NL→CR,NL,CR,0.131839,0.130681,-0.9,↓,1.0,NS,9/18,6,3,1.0
Liver,Myeloid,immune_evasion,IT→IA,IT,IA,0.169841,0.14903,-12.3,↓,0.420635,NS,17/25,5,5,0.871315357142857
Liver,Myeloid,immune_evasion,IA→AR,IA,AR,0.14903,0.181559,21.8,↑,0.25,NS,12/15,5,3,0.725
Liver,Myeloid,immune_evasion,CR→AR,CR,AR,0.130681,0.181559,38.9,↑,0.1,NS,9/9,3,3,0.58
Liver,CD4_T,immune_evasion,NL→IT,NL,IT,0.110514,0.103881,-6.0,↓,0.309524,NS,25/36,6,6,0.6904766153846155
Liver,CD4_T,immune_evasion,NL→IA,NL,IA,0.110514,0.1009,-8.7,↓,0.536797,NS,19/30,6,5,0.77835565
Liver,CD4_T,immune_evasion,NL→AR,NL,AR,0.110514,0.091158,-17.5,↓,0.166667,NS,15/18,6,3,0.6904775714285715
Liver,CD4_T,immune_evasion,NL→CR,NL,CR,0.110514,0.087036,-21.2,↓,0.261905,NS,14/18,6,3,0.8358395263157895
Liver,CD4_T,immune_evasion,IT→IA,IT,IA,0.103881,0.1009,-2.9,↓,1.0,NS,15/30,6,5,1.0
Liver,CD4_T,immune_evasion,IA→AR,IA,AR,0.1009,0.091158,-9.7,↓,0.571429,NS,10/15,5,3,0.9114282400000001
Liver,CD4_T,immune_evasion,CR→AR,CR,AR,0.087036,0.091158,4.7,↑,1.0,NS,5/9,3,3,1.0
Liver,CD8_T,immune_evasion,NL→IT,NL,IT,0.110926,0.107998,-2.6,↓,0.818182,NS,20/36,6,6,0.8787880740740741
Liver,CD8_T,immune_evasion,NL→IA,NL,IA,0.110926,0.098602,-11.1,↓,0.792208,NS,17/30,6,5,0.9988709565217391
Liver,CD8_T,immune_evasion,NL→AR,NL,AR,0.110926,0.088991,-19.8,↓,0.380952,NS,13/18,6,3,0.5260765714285714
Liver,CD8_T,immune_evasion,NL→CR,NL,CR,0.110926,0.085341,-23.1,↓,0.261905,NS,14/18,6,3,0.4747028125
Liver,CD8_T,immune_evasion,IT→IA,IT,IA,0.107998,0.098602,-8.7,↓,0.930736,NS,16/30,6,5,0.9996794074074075
Liver,CD8_T,immune_evasion,IA→AR,IA,AR,0.098602,0.088991,-9.7,↓,0.571429,NS,10/15,5,3,0.8285720499999999
Liver,CD8_T,immune_evasion,CR→AR,CR,AR,0.085341,0.088991,4.3,↑,1.0,NS,5/9,3,3,1.0
Liver,NK,immune_evasion,NL→IT,NL,IT,0.098265,0.096058,-2.2,↓,0.792208,NS,17/30,6,5,0.8508900740740741
Liver,NK,immune_evasion,NL→IA,NL,IA,0.098265,0.089568,-8.9,↓,0.930736,NS,16/30,6,5,0.9996794074074075
Liver,NK,immune_evasion,NL→AR,NL,AR,0.098265,0.078878,-19.7,↓,0.547619,NS,12/18,6,3,1.0
Liver,NK,immune_evasion,NL→CR,NL,CR,0.098265,0.082595,-15.9,↓,0.714286,NS,11/18,6,3,0.9006214782608695
Liver,NK,immune_evasion,IT→IA,IT,IA,0.096058,0.089568,-6.8,↓,1.0,NS,12/25,5,5,1.0
Liver,NK,immune_evasion,IA→AR,IA,AR,0.089568,0.078878,-11.9,↓,0.571429,NS,10/15,5,3,0.9494044166666668
Liver,NK,immune_evasion,CR→AR,CR,AR,0.082595,0.078878,-4.5,↓,0.7,NS,6/9,3,3,1.0
Liver,B,immune_evasion,NL→IT,NL,IT,0.035808,0.051826,44.7,↑,0.662338,NS,18/30,6,5,0.9996794074074075
Liver,B,immune_evasion,NL→IA,NL,IA,0.035808,0.042349,18.3,↑,1.0,NS,15/30,6,5,1.0
Liver,B,immune_evasion,NL→AR,NL,AR,0.035808,0.04902,36.9,↑,0.547619,NS,12/18,6,3,1.0
Liver,B,immune_evasion,NL→CR,NL,CR,0.035808,0.037897,5.8,↑,1.0,NS,9/18,6,3,1.0
Liver,B,immune_evasion,IT→IA,IT,IA,0.051826,0.042349,-18.3,↓,1.0,NS,13/25,5,5,1.0
Liver,B,immune_evasion,IA→AR,IA,AR,0.042349,0.04902,15.8,↑,0.571429,NS,10/15,5,3,0.920635611111111
Liver,B,immune_evasion,CR→AR,CR,AR,0.037897,0.04902,29.3,↑,0.2,NS,8/9,3,3,1.0
Liver,PlasmaB,immune_evasion,NL→IT,NL,IT,0.040394,0.050216,24.3,↑,0.792208,NS,17/30,6,5,0.9189612800000001
Liver,PlasmaB,immune_evasion,NL→IA,NL,IA,0.040394,0.040723,0.8,↑,0.930736,NS,14/30,6,5,0.930736
Liver,PlasmaB,immune_evasion,NL→AR,NL,AR,0.040394,0.038067,-5.8,↓,1.0,NS,6/12,6,2,1.0
Liver,PlasmaB,immune_evasion,NL→CR,NL,CR,0.040394,0.03476,-13.9,↓,0.904762,NS,10/18,6,3,0.9717814074074074
Liver,PlasmaB,immune_evasion,IT→IA,IT,IA,0.050216,0.040723,-18.9,↓,0.547619,NS,16/25,5,5,1.0
Liver,PlasmaB,immune_evasion,IA→AR,IA,AR,0.040723,0.038067,-6.5,↓,0.857143,NS,4/10,5,2,0.9560441153846153
Liver,PlasmaB,immune_evasion,CR→AR,CR,AR,0.03476,0.038067,9.5,↑,1.0,NS,3/6,3,2,1.0
Liver,Myeloid,inflammasome,NL→IT,NL,IT,0.206714,0.24232,17.2,↑,0.329004,NS,21/30,6,5,0.59631975
Liver,Myeloid,inflammasome,NL→IA,NL,IA,0.206714,0.21078,2.0,↑,0.662338,NS,18/30,6,5,0.914657238095238
Liver,Myeloid,inflammasome,NL→AR,NL,AR,0.206714,0.290589,40.6,↑,0.166667,NS,15/18,6,3,0.4027785833333334
Liver,Myeloid,inflammasome,NL→CR,NL,CR,0.206714,0.245614,18.8,↑,0.166667,NS,15/18,6,3,0.8055571666666668
Liver,Myeloid,inflammasome,IT→IA,IT,IA,0.24232,0.21078,-13.0,↓,0.84127,NS,14/25,5,5,0.9383396153846153
Liver,Myeloid,inflammasome,IA→AR,IA,AR,0.21078,0.290589,37.9,↑,0.571429,NS,10/15,5,3,0.8285720499999999
Liver,Myeloid,inflammasome,CR→AR,CR,AR,0.245614,0.290589,18.3,↑,0.1,NS,9/9,3,3,0.58
Liver,CD4_T,inflammasome,NL→IT,NL,IT,0.035937,0.025653,-28.6,↓,0.179654,NS,27/36,6,6,0.6904766153846155
Liver,CD4_T,inflammasome,NL→IA,NL,IA,0.035937,0.038849,8.1,↑,0.930736,NS,16/30,6,5,0.9639765714285714
Liver,CD4_T,inflammasome,NL→AR,NL,AR,0.035937,0.04987,38.8,↑,0.380952,NS,13/18,6,3,0.7562357619047618
Liver,CD4_T,inflammasome,NL→CR,NL,CR,0.035937,0.041172,14.6,↑,1.0,NS,9/18,6,3,1.0
Liver,CD4_T,inflammasome,IT→IA,IT,IA,0.025653,0.038849,51.4,↑,0.428571,NS,20/30,6,5,0.9189612800000001
Liver,CD4_T,inflammasome,IA→AR,IA,AR,0.038849,0.04987,28.4,↑,0.571429,NS,10/15,5,3,0.9114282400000001
Liver,CD4_T,inflammasome,CR→AR,CR,AR,0.041172,0.04987,21.1,↑,0.4,NS,7/9,3,3,1.0
Liver,CD8_T,inflammasome,NL→IT,NL,IT,0.030867,0.031844,3.2,↑,0.937229,NS,19/36,6,6,0.937229
Liver,CD8_T,inflammasome,NL→IA,NL,IA,0.030867,0.042435,37.5,↑,0.329004,NS,21/30,6,5,0.6815082857142857
Liver,CD8_T,inflammasome,NL→AR,NL,AR,0.030867,0.051977,68.4,↑,0.380952,NS,13/18,6,3,0.5260765714285714
Liver,CD8_T,inflammasome,NL→CR,NL,CR,0.030867,0.043298,40.3,↑,0.547619,NS,12/18,6,3,0.7218614090909091
Liver,CD8_T,inflammasome,IT→IA,IT,IA,0.031844,0.042435,33.3,↑,0.125541,NS,24/30,6,5,0.8648396111111111
Liver,CD8_T,inflammasome,IA→AR,IA,AR,0.042435,0.051977,22.5,↑,0.785714,NS,9/15,5,3,0.9494044166666668
Liver,CD8_T,inflammasome,CR→AR,CR,AR,0.043298,0.051977,20.0,↑,0.7,NS,6/9,3,3,1.0
Liver,NK,inflammasome,NL→IT,NL,IT,0.034015,0.032619,-4.1,↓,0.428571,NS,10/30,6,5,0.7767849375
Liver,NK,inflammasome,NL→IA,NL,IA,0.034015,0.041499,22.0,↑,0.662338,NS,18/30,6,5,0.9996794074074075
Liver,NK,inflammasome,NL→AR,NL,AR,0.034015,0.051319,50.9,↑,0.904762,NS,10/18,6,3,1.0
Liver,NK,inflammasome,NL→CR,NL,CR,0.034015,0.041847,23.0,↑,0.714286,NS,11/18,6,3,0.9006214782608695
Liver,NK,inflammasome,IT→IA,IT,IA,0.032619,0.041499,27.2,↑,0.547619,NS,16/25,5,5,0.9925594375
Liver,NK,inflammasome,IA→AR,IA,AR,0.041499,0.051319,23.7,↑,0.571429,NS,10/15,5,3,0.9494044166666668
Liver,NK,inflammasome,CR→AR,CR,AR,0.041847,0.051319,22.6,↑,1.0,NS,5/9,3,3,1.0
Liver,B,inflammasome,NL→IT,NL,IT,0.01683,0.013065,-22.4,↓,0.645055,NS,17/30,6,5,0.9996794074074075
Liver,B,inflammasome,NL→IA,NL,IA,0.01683,0.026577,57.9,↑,0.246753,NS,22/30,6,5,0.8673741818181819
Liver,B,inflammasome,NL→AR,NL,AR,0.01683,0.026683,58.5,↑,0.261905,NS,14/18,6,3,1.0
Liver,B,inflammasome,NL→CR,NL,CR,0.01683,0.029649,76.2,↑,0.547619,NS,12/18,6,3,0.8358395263157895
Liver,B,inflammasome,IT→IA,IT,IA,0.013065,0.026577,103.4,↑,0.142457,NS,20/25,5,5,0.4373026
Liver,B,inflammasome,IA→AR,IA,AR,0.026577,0.026683,0.4,↑,1.0,NS,8/15,5,3,1.0
Liver,B,inflammasome,CR→AR,CR,AR,0.029649,0.026683,-10.0,↓,1.0,NS,5/9,3,3,1.0
Liver,PlasmaB,inflammasome,NL→IT,NL,IT,0.013592,0.040081,194.9,↑,0.119846,NS,24/30,6,5,0.4965048571428571
Liver,PlasmaB,inflammasome,NL→IA,NL,IA,0.013592,0.043093,217.0,↑,0.231045,NS,21/30,6,5,0.7155836999999999
Liver,PlasmaB,inflammasome,NL→AR,NL,AR,0.013592,0.083558,514.7,↑,0.065133,†,12/12,6,2,0.51786025
Liver,PlasmaB,inflammasome,NL→CR,NL,CR,0.013592,0.073917,443.8,↑,0.027532,*,18/18,6,3,0.399214
Liver,PlasmaB,inflammasome,IT→IA,IT,IA,0.040081,0.043093,7.5,↑,0.84127,NS,14/25,5,5,1.0
Liver,PlasmaB,inflammasome,IA→AR,IA,AR,0.043093,0.083558,93.9,↑,0.571429,NS,7/10,5,2,0.8721811052631578
Liver,PlasmaB,inflammasome,CR→AR,CR,AR,0.073917,0.083558,13.0,↑,1.0,NS,3/6,3,2,1.0
Liver,Myeloid,memory_t,NL→IT,NL,IT,0.074496,0.111722,50.0,↑,0.030303,*,27/30,6,5,0.22653557142857142
Liver,Myeloid,memory_t,NL→IA,NL,IA,0.074496,0.074404,-0.1,↓,0.930736,NS,16/30,6,5,0.9639765714285714
Liver,Myeloid,memory_t,NL→AR,NL,AR,0.074496,0.099664,33.8,↑,0.166667,NS,15/18,6,3,0.4027785833333334
Liver,Myeloid,memory_t,NL→CR,NL,CR,0.074496,0.085987,15.4,↑,0.714286,NS,11/18,6,3,1.0
Liver,Myeloid,memory_t,IT→IA,IT,IA,0.111722,0.074404,-33.4,↓,0.095238,†,21/25,5,5,0.5523804
Liver,Myeloid,memory_t,IA→AR,IA,AR,0.074404,0.099664,33.9,↑,0.142857,NS,13/15,5,3,0.725
Liver,Myeloid,memory_t,CR→AR,CR,AR,0.085987,0.099664,15.9,↑,1.0,NS,5/9,3,3,1.0
Liver,CD4_T,memory_t,NL→IT,NL,IT,0.207441,0.241035,16.2,↑,0.24026,NS,26/36,6,6,0.6904766153846155
Liver,CD4_T,memory_t,NL→IA,NL,IA,0.207441,0.230479,11.1,↑,0.792208,NS,17/30,6,5,0.8836166153846154
Liver,CD4_T,memory_t,NL→AR,NL,AR,0.207441,0.219688,5.9,↑,0.547619,NS,12/18,6,3,0.7562357619047618
Liver,CD4_T,memory_t,NL→CR,NL,CR,0.207441,0.235437,13.5,↑,0.547619,NS,12/18,6,3,0.8358395263157895
Liver,CD4_T,memory_t,IT→IA,IT,IA,0.241035,0.230479,-4.4,↓,0.930736,NS,16/30,6,5,0.9996794074074075
Liver,CD4_T,memory_t,IA→AR,IA,AR,0.230479,0.219688,-4.7,↓,0.392857,NS,11/15,5,3,0.9114282400000001
Liver,CD4_T,memory_t,CR→AR,CR,AR,0.235437,0.219688,-6.7,↓,0.7,NS,6/9,3,3,1.0
Liver,CD8_T,memory_t,NL→IT,NL,IT,0.186615,0.216328,15.9,↑,0.093074,†,29/36,6,6,0.4498576666666667
Liver,CD8_T,memory_t,NL→IA,NL,IA,0.186615,0.18815,0.8,↑,1.0,NS,15/30,6,5,1.0
Liver,CD8_T,memory_t,NL→AR,NL,AR,0.186615,0.172798,-7.4,↓,0.714286,NS,11/18,6,3,0.82857176
Liver,CD8_T,memory_t,NL→CR,NL,CR,0.186615,0.190171,1.9,↑,0.714286,NS,11/18,6,3,0.82857176
Liver,CD8_T,memory_t,IT→IA,IT,IA,0.216328,0.18815,-13.0,↓,0.125541,NS,24/30,6,5,0.8648396111111111
Liver,CD8_T,memory_t,IA→AR,IA,AR,0.18815,0.172798,-8.2,↓,0.571429,NS,10/15,5,3,0.8285720499999999
Liver,CD8_T,memory_t,CR→AR,CR,AR,0.190171,0.172798,-9.1,↓,0.4,NS,7/9,3,3,1.0
Liver,NK,memory_t,NL→IT,NL,IT,0.094188,0.112234,19.2,↑,0.177489,NS,23/30,6,5,0.7767849375
Liver,NK,memory_t,NL→IA,NL,IA,0.094188,0.113261,20.3,↑,0.082251,†,25/30,6,5,0.4770558
Liver,NK,memory_t,NL→AR,NL,AR,0.094188,0.117113,24.3,↑,0.095238,†,16/18,6,3,1.0
Liver,NK,memory_t,NL→CR,NL,CR,0.094188,0.12728,35.1,↑,0.02381,*,18/18,6,3,0.69049
Liver,NK,memory_t,IT→IA,IT,IA,0.112234,0.113261,0.9,↑,1.0,NS,13/25,5,5,1.0
Liver,NK,memory_t,IA→AR,IA,AR,0.113261,0.117113,3.4,↑,1.0,NS,8/15,5,3,1.0
Liver,NK,memory_t,CR→AR,CR,AR,0.12728,0.117113,-8.0,↓,0.7,NS,6/9,3,3,1.0
Liver,B,memory_t,NL→IT,NL,IT,0.095618,0.095168,-0.5,↓,0.662338,NS,18/30,6,5,0.9996794074074075
Liver,B,memory_t,NL→IA,NL,IA,0.095618,0.108394,13.4,↑,0.662338,NS,18/30,6,5,0.9603900999999999
Liver,B,memory_t,NL→AR,NL,AR,0.095618,0.115335,20.6,↑,0.714286,NS,11/18,6,3,1.0
Liver,B,memory_t,NL→CR,NL,CR,0.095618,0.119983,25.5,↑,0.714286,NS,11/18,6,3,0.9863949523809523
Liver,B,memory_t,IT→IA,IT,IA,0.095168,0.108394,13.9,↑,0.420635,NS,17/25,5,5,0.7624009374999999
Liver,B,memory_t,IA→AR,IA,AR,0.108394,0.115335,6.4,↑,1.0,NS,7/15,5,3,1.0
Liver,B,memory_t,CR→AR,CR,AR,0.119983,0.115335,-3.9,↓,1.0,NS,5/9,3,3,1.0
Liver,PlasmaB,memory_t,NL→IT,NL,IT,0.055734,0.069152,24.1,↑,0.428571,NS,20/30,6,5,0.7767849375
Liver,PlasmaB,memory_t,NL→IA,NL,IA,0.055734,0.082085,47.3,↑,0.125541,NS,24/30,6,5,0.7155836999999999
Liver,PlasmaB,memory_t,NL→AR,NL,AR,0.055734,0.060177,8.0,↑,0.642857,NS,8/12,6,2,0.7767855416666667
Liver,PlasmaB,memory_t,NL→CR,NL,CR,0.055734,0.070552,26.6,↑,0.547619,NS,12/18,6,3,0.8822750555555555
Liver,PlasmaB,memory_t,IT→IA,IT,IA,0.069152,0.082085,18.7,↑,0.84127,NS,14/25,5,5,1.0
Liver,PlasmaB,memory_t,IA→AR,IA,AR,0.082085,0.060177,-26.7,↓,0.380952,NS,8/10,5,2,0.849816
Liver,PlasmaB,memory_t,CR→AR,CR,AR,0.070552,0.060177,-14.7,↓,1.0,NS,3/6,3,2,1.0
Liver,Myeloid,metabolic_recovery,NL→IT,NL,IT,0.013391,0.007622,-43.1,↓,0.360216,NS,20/30,6,5,0.6144861176470588
Liver,Myeloid,metabolic_recovery,NL→IA,NL,IA,0.013391,0.007499,-44.0,↓,0.454772,NS,18/30,6,5,0.914657238095238
Liver,Myeloid,metabolic_recovery,NL→AR,NL,AR,0.013391,0.027347,104.2,↑,0.547619,NS,12/18,6,3,0.8358395263157895
Liver,Myeloid,metabolic_recovery,NL→CR,NL,CR,0.013391,0.009382,-29.9,↓,0.261905,NS,14/18,6,3,0.8439161111111111
Liver,Myeloid,metabolic_recovery,IT→IA,IT,IA,0.007622,0.007499,-1.6,↓,0.746476,NS,13/25,5,5,0.9383396153846153
Liver,Myeloid,metabolic_recovery,IA→AR,IA,AR,0.007499,0.027347,264.7,↑,0.2217,NS,12/15,5,3,0.725
Liver,Myeloid,metabolic_recovery,CR→AR,CR,AR,0.009382,0.027347,191.5,↑,0.7,NS,6/9,3,3,1.0
Liver,CD4_T,metabolic_recovery,NL→IT,NL,IT,0.024936,0.026073,4.6,↑,0.818182,NS,16/36,6,6,0.9886365833333333
Liver,CD4_T,metabolic_recovery,NL→IA,NL,IA,0.024936,0.021919,-12.1,↓,0.428571,NS,20/30,6,5,0.77835565
Liver,CD4_T,metabolic_recovery,NL→AR,NL,AR,0.024936,0.021222,-14.9,↓,0.547619,NS,12/18,6,3,0.7562357619047618
Liver,CD4_T,metabolic_recovery,NL→CR,NL,CR,0.024936,0.026862,7.7,↑,0.714286,NS,11/18,6,3,0.9863949523809523
Liver,CD4_T,metabolic_recovery,IT→IA,IT,IA,0.026073,0.021919,-15.9,↓,0.329004,NS,21/30,6,5,0.9189612800000001
Liver,CD4_T,metabolic_recovery,IA→AR,IA,AR,0.021919,0.021222,-3.2,↓,0.571429,NS,10/15,5,3,0.9114282400000001
Liver,CD4_T,metabolic_recovery,CR→AR,CR,AR,0.026862,0.021222,-21.0,↓,0.4,NS,7/9,3,3,1.0
Liver,CD8_T,metabolic_recovery,NL→IT,NL,IT,0.022605,0.027714,22.6,↑,0.818182,NS,20/36,6,6,0.8787880740740741
Liver,CD8_T,metabolic_recovery,NL→IA,NL,IA,0.022605,0.023195,2.6,↑,0.930736,NS,16/30,6,5,1.0
Liver,CD8_T,metabolic_recovery,NL→AR,NL,AR,0.022605,0.024668,9.1,↑,0.904762,NS,10/18,6,3,0.9717814074074074
Liver,CD8_T,metabolic_recovery,NL→CR,NL,CR,0.022605,0.029111,28.8,↑,0.261905,NS,14/18,6,3,0.4747028125
Liver,CD8_T,metabolic_recovery,IT→IA,IT,IA,0.027714,0.023195,-16.3,↓,0.930736,NS,16/30,6,5,0.9996794074074075
Liver,CD8_T,metabolic_recovery,IA→AR,IA,AR,0.023195,0.024668,6.4,↑,0.571429,NS,10/15,5,3,0.8285720499999999
Liver,CD8_T,metabolic_recovery,CR→AR,CR,AR,0.029111,0.024668,-15.3,↓,0.4,NS,7/9,3,3,1.0
Liver,NK,metabolic_recovery,NL→IT,NL,IT,0.025789,0.022122,-14.2,↓,0.329004,NS,21/30,6,5,0.7767849375
Liver,NK,metabolic_recovery,NL→IA,NL,IA,0.025789,0.022002,-14.7,↓,0.125541,NS,24/30,6,5,0.6067815000000001
Liver,NK,metabolic_recovery,NL→AR,NL,AR,0.025789,0.026126,1.3,↑,1.0,NS,9/18,6,3,1.0
Liver,NK,metabolic_recovery,NL→CR,NL,CR,0.025789,0.030051,16.5,↑,0.714286,NS,11/18,6,3,0.9006214782608695
Liver,NK,metabolic_recovery,IT→IA,IT,IA,0.022122,0.022002,-0.5,↓,1.0,NS,12/25,5,5,1.0
Liver,NK,metabolic_recovery,IA→AR,IA,AR,0.022002,0.026126,18.7,↑,0.142857,NS,13/15,5,3,0.9494044166666668
Liver,NK,metabolic_recovery,CR→AR,CR,AR,0.030051,0.026126,-13.1,↓,0.7,NS,6/9,3,3,1.0
Liver,B,metabolic_recovery,NL→IT,NL,IT,0.018365,0.051634,181.2,↑,0.119846,NS,24/30,6,5,0.7281378000000001
Liver,B,metabolic_recovery,NL→IA,NL,IA,0.018365,0.025111,36.7,↑,0.647329,NS,18/30,6,5,0.9603900999999999
Liver,B,metabolic_recovery,NL→AR,NL,AR,0.018365,0.0155,-15.6,↓,0.697334,NS,11/18,6,3,1.0
Liver,B,metabolic_recovery,NL→CR,NL,CR,0.018365,0.029018,58.0,↑,0.36415,NS,13/18,6,3,0.7365072
Liver,B,metabolic_recovery,IT→IA,IT,IA,0.051634,0.025111,-51.4,↓,0.095238,†,21/25,5,5,0.4373026
Liver,B,metabolic_recovery,IA→AR,IA,AR,0.025111,0.0155,-38.3,↓,0.035714,*,15/15,5,3,0.6904803333333334
Liver,B,metabolic_recovery,CR→AR,CR,AR,0.029018,0.0155,-46.6,↓,0.4,NS,7/9,3,3,1.0
Liver,PlasmaB,metabolic_recovery,NL→IT,NL,IT,0.016636,0.008274,-50.3,↓,0.407016,NS,19/30,6,5,0.7767849375
Liver,PlasmaB,metabolic_recovery,NL→IA,NL,IA,0.016636,0.015436,-7.2,↓,0.782252,NS,16/30,6,5,0.9189612800000001
Liver,PlasmaB,metabolic_recovery,NL→AR,NL,AR,0.016636,0.00372,-77.6,↓,0.285714,NS,10/12,6,2,0.6904755
Liver,PlasmaB,metabolic_recovery,NL→CR,NL,CR,0.016636,0.005339,-67.9,↓,0.261905,NS,14/18,6,3,0.6904768181818182
Liver,PlasmaB,metabolic_recovery,IT→IA,IT,IA,0.008274,0.015436,86.6,↑,1.0,NS,11/25,5,5,1.0
Liver,PlasmaB,metabolic_recovery,IA→AR,IA,AR,0.015436,0.00372,-75.9,↓,1.0,NS,5/10,5,2,1.0
Liver,PlasmaB,metabolic_recovery,CR→AR,CR,AR,0.005339,0.00372,-30.3,↓,0.8,NS,4/6,3,2,1.0
Liver,Myeloid,mito_dysfunction,NL→IT,NL,IT,0.857273,0.928766,8.3,↑,0.246753,NS,22/30,6,5,0.4770558
Liver,Myeloid,mito_dysfunction,NL→IA,NL,IA,0.857273,0.886168,3.4,↑,0.930736,NS,16/30,6,5,0.9639765714285714
Liver,Myeloid,mito_dysfunction,NL→AR,NL,AR,0.857273,0.950941,10.9,↑,0.095238,†,16/18,6,3,0.39455742857142856
Liver,Myeloid,mito_dysfunction,NL→CR,NL,CR,0.857273,0.929354,8.4,↑,0.261905,NS,14/18,6,3,0.8439161111111111
Liver,Myeloid,mito_dysfunction,IT→IA,IT,IA,0.928766,0.886168,-4.6,↓,0.420635,NS,17/25,5,5,0.871315357142857
Liver,Myeloid,mito_dysfunction,IA→AR,IA,AR,0.886168,0.950941,7.3,↑,0.25,NS,12/15,5,3,0.725
Liver,Myeloid,mito_dysfunction,CR→AR,CR,AR,0.929354,0.950941,2.3,↑,0.1,NS,9/9,3,3,0.58
Liver,CD4_T,mito_dysfunction,NL→IT,NL,IT,0.870234,0.905777,4.1,↑,0.132035,NS,28/36,6,6,0.6381691666666668
Liver,CD4_T,mito_dysfunction,NL→IA,NL,IA,0.870234,0.885046,1.7,↑,0.792208,NS,17/30,6,5,0.8836166153846154
Liver,CD4_T,mito_dysfunction,NL→AR,NL,AR,0.870234,0.911791,4.8,↑,0.047619,*,17/18,6,3,0.46031700000000003
Liver,CD4_T,mito_dysfunction,NL→CR,NL,CR,0.870234,0.900407,3.5,↑,0.380952,NS,13/18,6,3,0.8358395263157895
Liver,CD4_T,mito_dysfunction,IT→IA,IT,IA,0.905777,0.885046,-2.3,↓,0.792208,NS,17/30,6,5,0.9189612800000001
Liver,CD4_T,mito_dysfunction,IA→AR,IA,AR,0.885046,0.911791,3.0,↑,0.785714,NS,9/15,5,3,0.9114282400000001
Liver,CD4_T,mito_dysfunction,CR→AR,CR,AR,0.900407,0.911791,1.3,↑,0.7,NS,6/9,3,3,1.0
Liver,CD8_T,mito_dysfunction,NL→IT,NL,IT,0.865126,0.903308,4.4,↑,0.041126,*,31/36,6,6,0.2981635
Liver,CD8_T,mito_dysfunction,NL→IA,NL,IA,0.865126,0.880186,1.7,↑,0.428571,NS,20/30,6,5,0.8285705999999999
Liver,CD8_T,mito_dysfunction,NL→AR,NL,AR,0.865126,0.90068,4.1,↑,0.166667,NS,15/18,6,3,0.3717956153846154
Liver,CD8_T,mito_dysfunction,NL→CR,NL,CR,0.865126,0.873414,1.0,↑,0.904762,NS,10/18,6,3,0.904762
Liver,CD8_T,mito_dysfunction,IT→IA,IT,IA,0.903308,0.880186,-2.6,↓,0.662338,NS,18/30,6,5,0.914657238095238
Liver,CD8_T,mito_dysfunction,IA→AR,IA,AR,0.880186,0.90068,2.3,↑,1.0,NS,8/15,5,3,1.0
Liver,CD8_T,mito_dysfunction,CR→AR,CR,AR,0.873414,0.90068,3.1,↑,0.4,NS,7/9,3,3,1.0
Liver,NK,mito_dysfunction,NL→IT,NL,IT,0.877956,0.908338,3.5,↑,0.125541,NS,24/30,6,5,0.7767849375
Liver,NK,mito_dysfunction,NL→IA,NL,IA,0.877956,0.880357,0.3,↑,0.930736,NS,16/30,6,5,0.9996794074074075
Liver,NK,mito_dysfunction,NL→AR,NL,AR,0.877956,0.908035,3.4,↑,0.261905,NS,14/18,6,3,1.0
Liver,NK,mito_dysfunction,NL→CR,NL,CR,0.877956,0.901435,2.7,↑,0.380952,NS,13/18,6,3,0.849816
Liver,NK,mito_dysfunction,IT→IA,IT,IA,0.908338,0.880357,-3.1,↓,0.690476,NS,15/25,5,5,1.0
Liver,NK,mito_dysfunction,IA→AR,IA,AR,0.880357,0.908035,3.1,↑,0.571429,NS,10/15,5,3,0.9494044166666668
Liver,NK,mito_dysfunction,CR→AR,CR,AR,0.901435,0.908035,0.7,↑,1.0,NS,5/9,3,3,1.0
Liver,B,mito_dysfunction,NL→IT,NL,IT,0.930919,0.949837,2.0,↑,0.246753,NS,22/30,6,5,0.9996794074074075
Liver,B,mito_dysfunction,NL→IA,NL,IA,0.930919,0.905769,-2.7,↓,0.662338,NS,18/30,6,5,0.9603900999999999
Liver,B,mito_dysfunction,NL→AR,NL,AR,0.930919,0.942381,1.2,↑,0.714286,NS,11/18,6,3,1.0
Liver,B,mito_dysfunction,NL→CR,NL,CR,0.930919,0.949756,2.0,↑,0.380952,NS,13/18,6,3,0.7365072
Liver,B,mito_dysfunction,IT→IA,IT,IA,0.949837,0.905769,-4.6,↓,0.095238,†,21/25,5,5,0.4373026
Liver,B,mito_dysfunction,IA→AR,IA,AR,0.905769,0.942381,4.0,↑,0.25,NS,12/15,5,3,0.920635611111111
Liver,B,mito_dysfunction,CR→AR,CR,AR,0.949756,0.942381,-0.8,↓,1.0,NS,4/9,3,3,1.0
Liver,PlasmaB,mito_dysfunction,NL→IT,NL,IT,0.905643,0.905007,-0.1,↓,1.0,NS,15/30,6,5,1.0
Liver,PlasmaB,mito_dysfunction,NL→IA,NL,IA,0.905643,0.92444,2.1,↑,0.930736,NS,16/30,6,5,0.930736
Liver,PlasmaB,mito_dysfunction,NL→AR,NL,AR,0.905643,0.934234,3.2,↑,0.642857,NS,8/12,6,2,0.7767855416666667
Liver,PlasmaB,mito_dysfunction,NL→CR,NL,CR,0.905643,0.901367,-0.5,↓,0.904762,NS,10/18,6,3,0.9717814074074074
Liver,PlasmaB,mito_dysfunction,IT→IA,IT,IA,0.905007,0.92444,2.1,↑,0.690476,NS,15/25,5,5,1.0
Liver,PlasmaB,mito_dysfunction,IA→AR,IA,AR,0.92444,0.934234,1.1,↑,0.380952,NS,8/10,5,2,0.849816
Liver,PlasmaB,mito_dysfunction,CR→AR,CR,AR,0.901367,0.934234,3.6,↑,0.2,NS,6/6,3,2,1.0
Liver,Myeloid,naive_t,NL→IT,NL,IT,0.040227,0.074041,84.1,↑,0.177489,NS,23/30,6,5,0.42893175
Liver,Myeloid,naive_t,NL→IA,NL,IA,0.040227,0.037738,-6.2,↓,0.536797,NS,19/30,6,5,0.914657238095238
Liver,Myeloid,naive_t,NL→AR,NL,AR,0.040227,0.029733,-26.1,↓,0.904762,NS,10/18,6,3,0.9717814074074074
Liver,Myeloid,naive_t,NL→CR,NL,CR,0.040227,0.04012,-0.3,↓,1.0,NS,9/18,6,3,1.0
Liver,Myeloid,naive_t,IT→IA,IT,IA,0.074041,0.037738,-49.0,↓,0.222222,NS,19/25,5,5,0.7160486666666667
Liver,Myeloid,naive_t,IA→AR,IA,AR,0.037738,0.029733,-21.2,↓,1.0,NS,7/15,5,3,1.0
Liver,Myeloid,naive_t,CR→AR,CR,AR,0.04012,0.029733,-25.9,↓,1.0,NS,5/9,3,3,1.0
Liver,CD4_T,naive_t,NL→IT,NL,IT,0.195769,0.210088,7.3,↑,0.818182,NS,20/36,6,6,0.9886365833333333
Liver,CD4_T,naive_t,NL→IA,NL,IA,0.195769,0.241479,23.3,↑,0.536797,NS,19/30,6,5,0.77835565
Liver,CD4_T,naive_t,NL→AR,NL,AR,0.195769,0.176743,-9.7,↓,1.0,NS,9/18,6,3,1.0
Liver,CD4_T,naive_t,NL→CR,NL,CR,0.195769,0.197331,0.8,↑,1.0,NS,9/18,6,3,1.0
Liver,CD4_T,naive_t,IT→IA,IT,IA,0.210088,0.241479,14.9,↑,0.930736,NS,16/30,6,5,0.9996794074074075
Liver,CD4_T,naive_t,IA→AR,IA,AR,0.241479,0.176743,-26.8,↓,0.25,NS,12/15,5,3,0.9114282400000001
Liver,CD4_T,naive_t,CR→AR,CR,AR,0.197331,0.176743,-10.4,↓,0.7,NS,6/9,3,3,1.0
Liver,CD8_T,naive_t,NL→IT,NL,IT,0.128142,0.145314,13.4,↑,0.484848,NS,23/36,6,6,0.7030295999999999
Liver,CD8_T,naive_t,NL→IA,NL,IA,0.128142,0.134092,4.6,↑,0.329004,NS,9/30,6,5,0.6815082857142857
Liver,CD8_T,naive_t,NL→AR,NL,AR,0.128142,0.071058,-44.5,↓,0.047619,*,17/18,6,3,0.2761902
Liver,CD8_T,naive_t,NL→CR,NL,CR,0.128142,0.079534,-37.9,↓,0.047619,*,17/18,6,3,0.2761902
Liver,CD8_T,naive_t,IT→IA,IT,IA,0.145314,0.134092,-7.7,↓,0.329004,NS,21/30,6,5,0.8648396111111111
Liver,CD8_T,naive_t,IA→AR,IA,AR,0.134092,0.071058,-47.0,↓,0.571429,NS,10/15,5,3,0.8285720499999999
Liver,CD8_T,naive_t,CR→AR,CR,AR,0.079534,0.071058,-10.7,↓,1.0,NS,5/9,3,3,1.0
Liver,NK,naive_t,NL→IT,NL,IT,0.033236,0.048951,47.3,↑,0.051948,†,26/30,6,5,0.7532460000000001
Liver,NK,naive_t,NL→IA,NL,IA,0.033236,0.054633,64.4,↑,0.030303,*,27/30,6,5,0.292929
Liver,NK,naive_t,NL→AR,NL,AR,0.033236,0.044103,32.7,↑,0.380952,NS,13/18,6,3,1.0
Liver,NK,naive_t,NL→CR,NL,CR,0.033236,0.038893,17.0,↑,0.380952,NS,13/18,6,3,0.849816
Liver,NK,naive_t,IT→IA,IT,IA,0.048951,0.054633,11.6,↑,0.84127,NS,14/25,5,5,1.0
Liver,NK,naive_t,IA→AR,IA,AR,0.054633,0.044103,-19.3,↓,0.785714,NS,9/15,5,3,0.9494044166666668
Liver,NK,naive_t,CR→AR,CR,AR,0.038893,0.044103,13.4,↑,0.4,NS,7/9,3,3,1.0
Liver,B,naive_t,NL→IT,NL,IT,0.106333,0.097925,-7.9,↓,0.930736,NS,16/30,6,5,0.9996794074074075
Liver,B,naive_t,NL→IA,NL,IA,0.106333,0.120979,13.8,↑,0.930736,NS,16/30,6,5,1.0
Liver,B,naive_t,NL→AR,NL,AR,0.106333,0.150207,41.3,↑,0.380952,NS,13/18,6,3,1.0
Liver,B,naive_t,NL→CR,NL,CR,0.106333,0.15362,44.5,↑,0.380952,NS,13/18,6,3,0.7365072
Liver,B,naive_t,IT→IA,IT,IA,0.097925,0.120979,23.5,↑,0.420635,NS,17/25,5,5,0.7624009374999999
Liver,B,naive_t,IA→AR,IA,AR,0.120979,0.150207,24.2,↑,0.392857,NS,11/15,5,3,0.920635611111111
Liver,B,naive_t,CR→AR,CR,AR,0.15362,0.150207,-2.2,↓,1.0,NS,5/9,3,3,1.0
Liver,PlasmaB,naive_t,NL→IT,NL,IT,0.046124,0.082966,79.9,↑,0.246753,NS,22/30,6,5,0.7155836999999999
Liver,PlasmaB,naive_t,NL→IA,NL,IA,0.046124,0.086672,87.9,↑,0.246753,NS,22/30,6,5,0.7155836999999999
Liver,PlasmaB,naive_t,NL→AR,NL,AR,0.046124,0.095204,106.4,↑,0.285714,NS,10/12,6,2,0.6904755
Liver,PlasmaB,naive_t,NL→CR,NL,CR,0.046124,0.079446,72.2,↑,0.380952,NS,13/18,6,3,0.7891148571428571
Liver,PlasmaB,naive_t,IT→IA,IT,IA,0.082966,0.086672,4.5,↑,0.84127,NS,11/25,5,5,1.0
Liver,PlasmaB,naive_t,IA→AR,IA,AR,0.086672,0.095204,9.8,↑,0.380952,NS,8/10,5,2,0.849816
Liver,PlasmaB,naive_t,CR→AR,CR,AR,0.079446,0.095204,19.8,↑,0.8,NS,4/6,3,2,1.0
Liver,Myeloid,nk_function,NL→IT,NL,IT,0.000164,4.9e-05,-69.9,↓,0.425806,NS,15/30,6,5,0.6499144210526316
Liver,Myeloid,nk_function,NL→IA,NL,IA,0.000164,0.004223,2480.3,↑,0.842187,NS,9/30,6,5,0.9393624230769231
Liver,Myeloid,nk_function,NL→AR,NL,AR,0.000164,0.000827,405.5,↑,1.0,NS,6/18,6,3,1.0
Liver,Myeloid,nk_function,NL→CR,NL,CR,0.000164,8.4e-05,-48.8,↓,0.787406,NS,9/18,6,3,1.0
Liver,Myeloid,nk_function,IT→IA,IT,IA,4.9e-05,0.004223,8476.2,↑,0.724082,NS,10/25,5,5,0.9383396153846153
Liver,Myeloid,nk_function,IA→AR,IA,AR,0.004223,0.000827,-80.4,↓,1.0,NS,5/15,5,3,1.0
Liver,Myeloid,nk_function,CR→AR,CR,AR,8.4e-05,0.000827,886.7,↑,1.0,NS,3/9,3,3,1.0
Liver,CD4_T,nk_function,NL→IT,NL,IT,0.039834,0.033438,-16.1,↓,0.588745,NS,22/36,6,6,0.8986107894736842
Liver,CD4_T,nk_function,NL→IA,NL,IA,0.039834,0.023296,-41.5,↓,0.177489,NS,23/30,6,5,0.77835565
Liver,CD4_T,nk_function,NL→AR,NL,AR,0.039834,0.03461,-13.1,↓,0.714286,NS,11/18,6,3,0.7967036153846153
Liver,CD4_T,nk_function,NL→CR,NL,CR,0.039834,0.044172,10.9,↑,0.904762,NS,10/18,6,3,1.0
Liver,CD4_T,nk_function,IT→IA,IT,IA,0.033438,0.023296,-30.3,↓,0.329004,NS,21/30,6,5,0.9189612800000001
Liver,CD4_T,nk_function,IA→AR,IA,AR,0.023296,0.03461,48.6,↑,0.571429,NS,10/15,5,3,0.9114282400000001
Liver,CD4_T,nk_function,CR→AR,CR,AR,0.044172,0.03461,-21.6,↓,0.7,NS,6/9,3,3,1.0
Liver,CD8_T,nk_function,NL→IT,NL,IT,0.08445,0.072248,-14.4,↓,0.309524,NS,25/36,6,6,0.6411568571428572
Liver,CD8_T,nk_function,NL→IA,NL,IA,0.08445,0.056746,-32.8,↓,0.246753,NS,22/30,6,5,0.6815082857142857
Liver,CD8_T,nk_function,NL→AR,NL,AR,0.08445,0.076303,-9.6,↓,1.0,NS,9/18,6,3,1.0
Liver,CD8_T,nk_function,NL→CR,NL,CR,0.08445,0.084412,-0.0,↓,0.547619,NS,6/18,6,3,0.7218614090909091
Liver,CD8_T,nk_function,IT→IA,IT,IA,0.072248,0.056746,-21.5,↓,0.536797,NS,19/30,6,5,0.8648396111111111
Liver,CD8_T,nk_function,IA→AR,IA,AR,0.056746,0.076303,34.5,↑,0.392857,NS,11/15,5,3,0.8285720499999999
Liver,CD8_T,nk_function,CR→AR,CR,AR,0.084412,0.076303,-9.6,↓,0.7,NS,6/9,3,3,1.0
Liver,NK,nk_function,NL→IT,NL,IT,0.194853,0.199536,2.4,↑,0.662338,NS,18/30,6,5,0.8003250833333333
Liver,NK,nk_function,NL→IA,NL,IA,0.194853,0.165527,-15.1,↓,0.051948,†,26/30,6,5,0.37662300000000004
Liver,NK,nk_function,NL→AR,NL,AR,0.194853,0.193565,-0.7,↓,1.0,NS,9/18,6,3,1.0
Liver,NK,nk_function,NL→CR,NL,CR,0.194853,0.214196,9.9,↑,0.166667,NS,15/18,6,3,0.849816
Liver,NK,nk_function,IT→IA,IT,IA,0.199536,0.165527,-17.0,↓,0.031746,*,23/25,5,5,0.9206340000000001
Liver,NK,nk_function,IA→AR,IA,AR,0.165527,0.193565,16.9,↑,0.392857,NS,11/15,5,3,0.9494044166666668
Liver,NK,nk_function,CR→AR,CR,AR,0.214196,0.193565,-9.6,↓,0.2,NS,8/9,3,3,1.0
Liver,B,nk_function,NL→IT,NL,IT,0.010105,0.00323,-68.0,↓,0.166994,NS,22/30,6,5,0.8071376666666666
Liver,B,nk_function,NL→IA,NL,IA,0.010105,0.011117,10.0,↑,1.0,NS,15/30,6,5,1.0
Liver,B,nk_function,NL→AR,NL,AR,0.010105,0.018401,82.1,↑,0.261905,NS,14/18,6,3,1.0
Liver,B,nk_function,NL→CR,NL,CR,0.010105,0.010177,0.7,↑,1.0,NS,9/18,6,3,1.0
Liver,B,nk_function,IT→IA,IT,IA,0.00323,0.011117,244.2,↑,0.059327,†,22/25,5,5,0.4373026
Liver,B,nk_function,IA→AR,IA,AR,0.011117,0.018401,65.5,↑,0.571429,NS,10/15,5,3,0.920635611111111
Liver,B,nk_function,CR→AR,CR,AR,0.010177,0.018401,80.8,↑,0.7,NS,6/9,3,3,1.0
Liver,PlasmaB,nk_function,NL→IT,NL,IT,0.001811,0.0,-100.0,↓,0.104062,NS,15/30,6,5,0.4965048571428571
Liver,PlasmaB,nk_function,NL→IA,NL,IA,0.001811,0.000177,-90.2,↓,0.341314,NS,14/30,6,5,0.8461281666666667
Liver,PlasmaB,nk_function,NL→AR,NL,AR,0.001811,0.0,-100.0,↓,0.339728,NS,6/12,6,2,0.7578547692307691
Liver,PlasmaB,nk_function,NL→CR,NL,CR,0.001811,0.0,-100.0,↓,0.219768,NS,9/18,6,3,0.6904768181818182
Liver,PlasmaB,nk_function,IT→IA,IT,IA,0.0,0.000177,99999.0,↑,0.423711,NS,5/25,5,5,1.0
Liver,PlasmaB,nk_function,IA→AR,IA,AR,0.000177,0.0,-100.0,↓,0.75183,NS,2/10,5,2,0.9560441153846153
Liver,PlasmaB,nk_function,CR→AR,CR,AR,0.0,0.0,0.0,↑,1.0,NS,0/6,3,2,1.0
Liver,Myeloid,nk_il15_dual,NL→IT,NL,IT,0.02792,0.051154,83.2,↑,0.051948,†,26/30,6,5,0.22653557142857142
Liver,Myeloid,nk_il15_dual,NL→IA,NL,IA,0.02792,0.035619,27.6,↑,0.662338,NS,18/30,6,5,0.914657238095238
Liver,Myeloid,nk_il15_dual,NL→AR,NL,AR,0.02792,0.041205,47.6,↑,0.166667,NS,15/18,6,3,0.4027785833333334
Liver,Myeloid,nk_il15_dual,NL→CR,NL,CR,0.02792,0.042267,51.4,↑,0.166667,NS,15/18,6,3,0.8055571666666668
Liver,Myeloid,nk_il15_dual,IT→IA,IT,IA,0.051154,0.035619,-30.4,↓,0.690476,NS,15/25,5,5,0.9383396153846153
Liver,Myeloid,nk_il15_dual,IA→AR,IA,AR,0.035619,0.041205,15.7,↑,0.571429,NS,10/15,5,3,0.8285720499999999
Liver,Myeloid,nk_il15_dual,CR→AR,CR,AR,0.042267,0.041205,-2.5,↓,1.0,NS,5/9,3,3,1.0
Liver,CD4_T,nk_il15_dual,NL→IT,NL,IT,0.091294,0.091535,0.3,↑,1.0,NS,18/36,6,6,1.0
Liver,CD4_T,nk_il15_dual,NL→IA,NL,IA,0.091294,0.096032,5.2,↑,0.428571,NS,20/30,6,5,0.77835565
Liver,CD4_T,nk_il15_dual,NL→AR,NL,AR,0.091294,0.095663,4.8,↑,0.547619,NS,12/18,6,3,0.7562357619047618
Liver,CD4_T,nk_il15_dual,NL→CR,NL,CR,0.091294,0.095893,5.0,↑,0.547619,NS,12/18,6,3,0.8358395263157895
Liver,CD4_T,nk_il15_dual,IT→IA,IT,IA,0.091535,0.096032,4.9,↑,0.428571,NS,20/30,6,5,0.9189612800000001
Liver,CD4_T,nk_il15_dual,IA→AR,IA,AR,0.096032,0.095663,-0.4,↓,1.0,NS,8/15,5,3,1.0
Liver,CD4_T,nk_il15_dual,CR→AR,CR,AR,0.095893,0.095663,-0.2,↓,1.0,NS,5/9,3,3,1.0
Liver,CD8_T,nk_il15_dual,NL→IT,NL,IT,0.092982,0.099671,7.2,↑,0.588745,NS,22/36,6,6,0.7423306521739129
Liver,CD8_T,nk_il15_dual,NL→IA,NL,IA,0.092982,0.106379,14.4,↑,0.177489,NS,23/30,6,5,0.571909
Liver,CD8_T,nk_il15_dual,NL→AR,NL,AR,0.092982,0.103314,11.1,↑,0.380952,NS,13/18,6,3,0.5260765714285714
Liver,CD8_T,nk_il15_dual,NL→CR,NL,CR,0.092982,0.087485,-5.9,↓,0.547619,NS,12/18,6,3,0.7218614090909091
Liver,CD8_T,nk_il15_dual,IT→IA,IT,IA,0.099671,0.106379,6.7,↑,0.246753,NS,22/30,6,5,0.8648396111111111
Liver,CD8_T,nk_il15_dual,IA→AR,IA,AR,0.106379,0.103314,-2.9,↓,1.0,NS,8/15,5,3,1.0
Liver,CD8_T,nk_il15_dual,CR→AR,CR,AR,0.087485,0.103314,18.1,↑,0.2,NS,8/9,3,3,1.0
Liver,NK,nk_il15_dual,NL→IT,NL,IT,0.129746,0.149422,15.2,↑,0.428571,NS,20/30,6,5,0.7767849375
Liver,NK,nk_il15_dual,NL→IA,NL,IA,0.129746,0.137509,6.0,↑,0.930736,NS,16/30,6,5,0.9996794074074075
Liver,NK,nk_il15_dual,NL→AR,NL,AR,0.129746,0.132363,2.0,↑,1.0,NS,9/18,6,3,1.0
Liver,NK,nk_il15_dual,NL→CR,NL,CR,0.129746,0.153626,18.4,↑,0.166667,NS,15/18,6,3,0.849816
Liver,NK,nk_il15_dual,IT→IA,IT,IA,0.149422,0.137509,-8.0,↓,0.420635,NS,17/25,5,5,0.9925594375
Liver,NK,nk_il15_dual,IA→AR,IA,AR,0.137509,0.132363,-3.7,↓,0.785714,NS,6/15,5,3,0.9494044166666668
Liver,NK,nk_il15_dual,CR→AR,CR,AR,0.153626,0.132363,-13.8,↓,0.1,NS,9/9,3,3,1.0
Liver,B,nk_il15_dual,NL→IT,NL,IT,0.087644,0.066682,-23.9,↓,0.428571,NS,20/30,6,5,0.9996794074074075
Liver,B,nk_il15_dual,NL→IA,NL,IA,0.087644,0.060362,-31.1,↓,0.792208,NS,17/30,6,5,0.9988709565217391
Liver,B,nk_il15_dual,NL→AR,NL,AR,0.087644,0.073546,-16.1,↓,0.714286,NS,7/18,6,3,1.0
Liver,B,nk_il15_dual,NL→CR,NL,CR,0.087644,0.059184,-32.5,↓,0.380952,NS,13/18,6,3,0.7365072
Liver,B,nk_il15_dual,IT→IA,IT,IA,0.066682,0.060362,-9.5,↓,1.0,NS,12/25,5,5,1.0
Liver,B,nk_il15_dual,IA→AR,IA,AR,0.060362,0.073546,21.8,↑,0.571429,NS,10/15,5,3,0.920635611111111
Liver,B,nk_il15_dual,CR→AR,CR,AR,0.059184,0.073546,24.3,↑,0.4,NS,7/9,3,3,1.0
Liver,PlasmaB,nk_il15_dual,NL→IT,NL,IT,0.037383,0.048834,30.6,↑,0.536797,NS,19/30,6,5,0.8193217368421053
Liver,PlasmaB,nk_il15_dual,NL→IA,NL,IA,0.037383,0.027484,-26.5,↓,0.792208,NS,17/30,6,5,0.9189612800000001
Liver,PlasmaB,nk_il15_dual,NL→AR,NL,AR,0.037383,0.064585,72.8,↑,0.285714,NS,10/12,6,2,0.6904755
Liver,PlasmaB,nk_il15_dual,NL→CR,NL,CR,0.037383,0.038836,3.9,↑,0.714286,NS,11/18,6,3,0.9006214782608695
Liver,PlasmaB,nk_il15_dual,IT→IA,IT,IA,0.048834,0.027484,-43.7,↓,0.031746,*,23/25,5,5,0.46031700000000003
Liver,PlasmaB,nk_il15_dual,IA→AR,IA,AR,0.027484,0.064585,135.0,↑,0.095238,†,10/10,5,2,0.849816
Liver,PlasmaB,nk_il15_dual,CR→AR,CR,AR,0.038836,0.064585,66.3,↑,0.8,NS,4/6,3,2,1.0
Liver,Myeloid,oxphos,NL→IT,NL,IT,0.356631,0.413671,16.0,↑,0.082251,†,25/30,6,5,0.265031
Liver,Myeloid,oxphos,NL→IA,NL,IA,0.356631,0.386529,8.4,↑,0.329004,NS,21/30,6,5,0.914657238095238
Liver,Myeloid,oxphos,NL→AR,NL,AR,0.356631,0.467847,31.2,↑,0.095238,†,16/18,6,3,0.39455742857142856
Liver,Myeloid,oxphos,NL→CR,NL,CR,0.356631,0.435757,22.2,↑,0.047619,*,17/18,6,3,0.6904755
Liver,Myeloid,oxphos,IT→IA,IT,IA,0.413671,0.386529,-6.6,↓,0.84127,NS,14/25,5,5,0.9383396153846153
Liver,Myeloid,oxphos,IA→AR,IA,AR,0.386529,0.467847,21.0,↑,0.25,NS,12/15,5,3,0.725
Liver,Myeloid,oxphos,CR→AR,CR,AR,0.435757,0.467847,7.4,↑,1.0,NS,4/9,3,3,1.0
Liver,CD4_T,oxphos,NL→IT,NL,IT,0.247679,0.271115,9.5,↑,0.309524,NS,25/36,6,6,0.6904766153846155
Liver,CD4_T,oxphos,NL→IA,NL,IA,0.247679,0.267189,7.9,↑,1.0,NS,15/30,6,5,1.0
Liver,CD4_T,oxphos,NL→AR,NL,AR,0.247679,0.293175,18.4,↑,0.547619,NS,12/18,6,3,0.7562357619047618
Liver,CD4_T,oxphos,NL→CR,NL,CR,0.247679,0.299867,21.1,↑,0.095238,†,16/18,6,3,0.5523804
Liver,CD4_T,oxphos,IT→IA,IT,IA,0.271115,0.267189,-1.4,↓,0.662338,NS,18/30,6,5,0.9189612800000001
Liver,CD4_T,oxphos,IA→AR,IA,AR,0.267189,0.293175,9.7,↑,0.25,NS,12/15,5,3,0.9114282400000001
Liver,CD4_T,oxphos,CR→AR,CR,AR,0.299867,0.293175,-2.2,↓,0.7,NS,6/9,3,3,1.0
Liver,CD8_T,oxphos,NL→IT,NL,IT,0.241878,0.285065,17.9,↑,0.093074,†,29/36,6,6,0.4498576666666667
Liver,CD8_T,oxphos,NL→IA,NL,IA,0.241878,0.274913,13.7,↑,0.662338,NS,18/30,6,5,0.9988709565217391
Liver,CD8_T,oxphos,NL→AR,NL,AR,0.241878,0.28361,17.3,↑,0.166667,NS,15/18,6,3,0.3717956153846154
Liver,CD8_T,oxphos,NL→CR,NL,CR,0.241878,0.285042,17.8,↑,0.095238,†,16/18,6,3,0.39455742857142856
Liver,CD8_T,oxphos,IT→IA,IT,IA,0.285065,0.274913,-3.6,↓,0.536797,NS,19/30,6,5,0.8648396111111111
Liver,CD8_T,oxphos,IA→AR,IA,AR,0.274913,0.28361,3.2,↑,0.571429,NS,10/15,5,3,0.8285720499999999
Liver,CD8_T,oxphos,CR→AR,CR,AR,0.285042,0.28361,-0.5,↓,1.0,NS,5/9,3,3,1.0
Liver,NK,oxphos,NL→IT,NL,IT,0.247884,0.271102,9.4,↑,0.329004,NS,21/30,6,5,0.7767849375
Liver,NK,oxphos,NL→IA,NL,IA,0.247884,0.247009,-0.4,↓,1.0,NS,15/30,6,5,1.0
Liver,NK,oxphos,NL→AR,NL,AR,0.247884,0.265489,7.1,↑,0.714286,NS,11/18,6,3,1.0
Liver,NK,oxphos,NL→CR,NL,CR,0.247884,0.281041,13.4,↑,0.380952,NS,13/18,6,3,0.849816
Liver,NK,oxphos,IT→IA,IT,IA,0.271102,0.247009,-8.9,↓,0.420635,NS,17/25,5,5,0.9925594375
Liver,NK,oxphos,IA→AR,IA,AR,0.247009,0.265489,7.5,↑,0.785714,NS,9/15,5,3,0.9494044166666668
Liver,NK,oxphos,CR→AR,CR,AR,0.281041,0.265489,-5.5,↓,0.4,NS,7/9,3,3,1.0
Liver,B,oxphos,NL→IT,NL,IT,0.256185,0.265263,3.5,↑,0.536797,NS,19/30,6,5,0.9996794074074075
Liver,B,oxphos,NL→IA,NL,IA,0.256185,0.24725,-3.5,↓,1.0,NS,15/30,6,5,1.0
Liver,B,oxphos,NL→AR,NL,AR,0.256185,0.255126,-0.4,↓,0.547619,NS,12/18,6,3,1.0
Liver,B,oxphos,NL→CR,NL,CR,0.256185,0.280304,9.4,↑,0.380952,NS,13/18,6,3,0.7365072
Liver,B,oxphos,IT→IA,IT,IA,0.265263,0.24725,-6.8,↓,0.547619,NS,16/25,5,5,0.7940475499999999
Liver,B,oxphos,IA→AR,IA,AR,0.24725,0.255126,3.2,↑,1.0,NS,8/15,5,3,1.0
Liver,B,oxphos,CR→AR,CR,AR,0.280304,0.255126,-9.0,↓,0.1,NS,9/9,3,3,1.0
Liver,PlasmaB,oxphos,NL→IT,NL,IT,0.395924,0.385904,-2.5,↓,0.792208,NS,17/30,6,5,0.9189612800000001
Liver,PlasmaB,oxphos,NL→IA,NL,IA,0.395924,0.423017,6.8,↑,0.792208,NS,17/30,6,5,0.9189612800000001
Liver,PlasmaB,oxphos,NL→AR,NL,AR,0.395924,0.403481,1.9,↑,0.642857,NS,8/12,6,2,0.7767855416666667
Liver,PlasmaB,oxphos,NL→CR,NL,CR,0.395924,0.472145,19.3,↑,0.261905,NS,14/18,6,3,0.6904768181818182
Liver,PlasmaB,oxphos,IT→IA,IT,IA,0.385904,0.423017,9.6,↑,0.84127,NS,14/25,5,5,1.0
Liver,PlasmaB,oxphos,IA→AR,IA,AR,0.423017,0.403481,-4.6,↓,0.857143,NS,6/10,5,2,0.9560441153846153
Liver,PlasmaB,oxphos,CR→AR,CR,AR,0.472145,0.403481,-14.5,↓,0.4,NS,5/6,3,2,1.0
Liver,Myeloid,proliferation,NL→IT,NL,IT,0.00685,0.012484,82.3,↑,0.213259,NS,20/30,6,5,0.4757316153846154
Liver,Myeloid,proliferation,NL→IA,NL,IA,0.00685,0.002683,-60.8,↓,0.76521,NS,9/30,6,5,0.9189612800000001
Liver,Myeloid,proliferation,NL→AR,NL,AR,0.00685,0.000833,-87.8,↓,0.878088,NS,6/18,6,3,0.9717814074074074
Liver,Myeloid,proliferation,NL→CR,NL,CR,0.00685,0.000161,-97.7,↓,0.878088,NS,6/18,6,3,1.0
Liver,Myeloid,proliferation,IT→IA,IT,IA,0.012484,0.002683,-78.5,↓,0.204501,NS,18/25,5,5,0.7160486666666667
Liver,Myeloid,proliferation,IA→AR,IA,AR,0.002683,0.000833,-69.0,↓,0.750751,NS,7/15,5,3,0.9896263181818181
Liver,Myeloid,proliferation,CR→AR,CR,AR,0.000161,0.000833,418.4,↑,1.0,NS,3/9,3,3,1.0
Liver,CD4_T,proliferation,NL→IT,NL,IT,0.011023,0.010488,-4.9,↓,0.309524,NS,25/36,6,6,0.6904766153846155
Liver,CD4_T,proliferation,NL→IA,NL,IA,0.011023,0.007311,-33.7,↓,0.125541,NS,24/30,6,5,0.77835565
Liver,CD4_T,proliferation,NL→AR,NL,AR,0.011023,0.008872,-19.5,↓,0.380952,NS,13/18,6,3,0.7562357619047618
Liver,CD4_T,proliferation,NL→CR,NL,CR,0.011023,0.008564,-22.3,↓,0.547619,NS,12/18,6,3,0.8358395263157895
Liver,CD4_T,proliferation,IT→IA,IT,IA,0.010488,0.007311,-30.3,↓,0.428571,NS,20/30,6,5,0.9189612800000001
Liver,CD4_T,proliferation,IA→AR,IA,AR,0.007311,0.008872,21.4,↑,0.571429,NS,10/15,5,3,0.9114282400000001
Liver,CD4_T,proliferation,CR→AR,CR,AR,0.008564,0.008872,3.6,↑,1.0,NS,5/9,3,3,1.0
Liver,CD8_T,proliferation,NL→IT,NL,IT,0.008822,0.006412,-27.3,↓,0.52111,NS,22/36,6,6,0.7196280952380952
Liver,CD8_T,proliferation,NL→IA,NL,IA,0.008822,0.011443,29.7,↑,0.792208,NS,17/30,6,5,0.9988709565217391
Liver,CD8_T,proliferation,NL→AR,NL,AR,0.008822,0.009129,3.5,↑,1.0,NS,9/18,6,3,1.0
Liver,CD8_T,proliferation,NL→CR,NL,CR,0.008822,0.008378,-5.0,↓,0.714286,NS,11/18,6,3,0.82857176
Liver,CD8_T,proliferation,IT→IA,IT,IA,0.006412,0.011443,78.5,↑,0.329004,NS,21/30,6,5,0.8648396111111111
Liver,CD8_T,proliferation,IA→AR,IA,AR,0.011443,0.009129,-20.2,↓,0.785714,NS,6/15,5,3,0.9494044166666668
Liver,CD8_T,proliferation,CR→AR,CR,AR,0.008378,0.009129,9.0,↑,1.0,NS,5/9,3,3,1.0
Liver,NK,proliferation,NL→IT,NL,IT,0.015664,0.010728,-31.5,↓,0.930736,NS,14/30,6,5,0.930736
Liver,NK,proliferation,NL→IA,NL,IA,0.015664,0.00844,-46.1,↓,0.536797,NS,19/30,6,5,0.9996794074074075
Liver,NK,proliferation,NL→AR,NL,AR,0.015664,0.006928,-55.8,↓,0.547619,NS,12/18,6,3,1.0
Liver,NK,proliferation,NL→CR,NL,CR,0.015664,0.006789,-56.7,↓,0.380952,NS,13/18,6,3,0.849816
Liver,NK,proliferation,IT→IA,IT,IA,0.010728,0.00844,-21.3,↓,0.420635,NS,17/25,5,5,0.9925594375
Liver,NK,proliferation,IA→AR,IA,AR,0.00844,0.006928,-17.9,↓,0.785714,NS,9/15,5,3,0.9494044166666668
Liver,NK,proliferation,CR→AR,CR,AR,0.006789,0.006928,2.1,↑,1.0,NS,5/9,3,3,1.0
Liver,B,proliferation,NL→IT,NL,IT,0.006763,0.007368,8.9,↑,0.925558,NS,14/30,6,5,0.9996794074074075
Liver,B,proliferation,NL→IA,NL,IA,0.006763,0.008816,30.4,↑,0.521869,NS,19/30,6,5,0.9603900999999999
Liver,B,proliferation,NL→AR,NL,AR,0.006763,0.005124,-24.2,↓,1.0,NS,9/18,6,3,1.0
Liver,B,proliferation,NL→CR,NL,CR,0.006763,0.004176,-38.3,↓,0.896851,NS,8/18,6,3,1.0
Liver,B,proliferation,IT→IA,IT,IA,0.007368,0.008816,19.7,↑,0.675174,NS,15/25,5,5,0.8706001739130435
Liver,B,proliferation,IA→AR,IA,AR,0.008816,0.005124,-41.9,↓,0.571429,NS,10/15,5,3,0.920635611111111
Liver,B,proliferation,CR→AR,CR,AR,0.004176,0.005124,22.7,↑,1.0,NS,4/9,3,3,1.0
Liver,PlasmaB,proliferation,NL→IT,NL,IT,0.015728,0.004372,-72.2,↓,0.632142,NS,15/30,6,5,0.8332780909090909
Liver,PlasmaB,proliferation,NL→IA,NL,IA,0.015728,0.001395,-91.1,↓,0.244817,NS,15/30,6,5,0.7155836999999999
Liver,PlasmaB,proliferation,NL→AR,NL,AR,0.015728,0.008414,-46.5,↓,1.0,NS,5/12,6,2,1.0
Liver,PlasmaB,proliferation,NL→CR,NL,CR,0.015728,0.0,-100.0,↓,0.219768,NS,9/18,6,3,0.6904768181818182
Liver,PlasmaB,proliferation,IT→IA,IT,IA,0.004372,0.001395,-68.1,↓,0.239317,NS,14/25,5,5,1.0
Liver,PlasmaB,proliferation,IA→AR,IA,AR,0.001395,0.008414,502.9,↑,0.468717,NS,5/10,5,2,0.8721811052631578
Liver,PlasmaB,proliferation,CR→AR,CR,AR,0.0,0.008414,99999.0,↑,0.414216,NS,3/6,3,2,1.0
Liver,Myeloid,senescence,NL→IT,NL,IT,0.101404,0.122892,21.2,↑,0.054681,†,26/30,6,5,0.22653557142857142
Liver,Myeloid,senescence,NL→IA,NL,IA,0.101404,0.082701,-18.4,↓,0.410248,NS,20/30,6,5,0.914657238095238
Liver,Myeloid,senescence,NL→AR,NL,AR,0.101404,0.128646,26.9,↑,0.051822,†,17/18,6,3,0.39455742857142856
Liver,Myeloid,senescence,NL→CR,NL,CR,0.101404,0.091592,-9.7,↓,0.896851,NS,8/18,6,3,1.0
Liver,Myeloid,senescence,IT→IA,IT,IA,0.122892,0.082701,-32.7,↓,0.031746,*,23/25,5,5,0.5523804
Liver,Myeloid,senescence,IA→AR,IA,AR,0.082701,0.128646,55.6,↑,0.142857,NS,13/15,5,3,0.725
Liver,Myeloid,senescence,CR→AR,CR,AR,0.091592,0.128646,40.5,↑,0.2,NS,8/9,3,3,0.8285714285714286
Liver,CD4_T,senescence,NL→IT,NL,IT,0.081092,0.070301,-13.3,↓,0.093074,†,29/36,6,6,0.6381691666666668
Liver,CD4_T,senescence,NL→IA,NL,IA,0.081092,0.0693,-14.5,↓,0.428571,NS,20/30,6,5,0.77835565
Liver,CD4_T,senescence,NL→AR,NL,AR,0.081092,0.059013,-27.2,↓,0.095238,†,16/18,6,3,0.5523804
Liver,CD4_T,senescence,NL→CR,NL,CR,0.081092,0.066913,-17.5,↓,0.380952,NS,13/18,6,3,0.8358395263157895
Liver,CD4_T,senescence,IT→IA,IT,IA,0.070301,0.0693,-1.4,↓,0.792208,NS,13/30,6,5,0.9189612800000001
Liver,CD4_T,senescence,IA→AR,IA,AR,0.0693,0.059013,-14.8,↓,0.571429,NS,10/15,5,3,0.9114282400000001
Liver,CD4_T,senescence,CR→AR,CR,AR,0.066913,0.059013,-11.8,↓,0.4,NS,7/9,3,3,1.0
Liver,CD8_T,senescence,NL→IT,NL,IT,0.079503,0.073868,-7.1,↓,0.309524,NS,25/36,6,6,0.6411568571428572
Liver,CD8_T,senescence,NL→IA,NL,IA,0.079503,0.062619,-21.2,↓,0.177489,NS,23/30,6,5,0.571909
Liver,CD8_T,senescence,NL→AR,NL,AR,0.079503,0.055253,-30.5,↓,0.047619,*,17/18,6,3,0.2761902
Liver,CD8_T,senescence,NL→CR,NL,CR,0.079503,0.062648,-21.2,↓,0.380952,NS,13/18,6,3,0.6498592941176471
Liver,CD8_T,senescence,IT→IA,IT,IA,0.073868,0.062619,-15.2,↓,0.536797,NS,19/30,6,5,0.8648396111111111
Liver,CD8_T,senescence,IA→AR,IA,AR,0.062619,0.055253,-11.8,↓,0.392857,NS,11/15,5,3,0.8285720499999999
Liver,CD8_T,senescence,CR→AR,CR,AR,0.062648,0.055253,-11.8,↓,1.0,NS,5/9,3,3,1.0
Liver,NK,senescence,NL→IT,NL,IT,0.068199,0.075485,10.7,↑,0.428571,NS,20/30,6,5,0.7767849375
Liver,NK,senescence,NL→IA,NL,IA,0.068199,0.070112,2.8,↑,0.246753,NS,22/30,6,5,0.9996794074074075
Liver,NK,senescence,NL→AR,NL,AR,0.068199,0.068748,0.8,↑,0.904762,NS,10/18,6,3,1.0
Liver,NK,senescence,NL→CR,NL,CR,0.068199,0.075351,10.5,↑,0.547619,NS,12/18,6,3,0.9006214782608695
Liver,NK,senescence,IT→IA,IT,IA,0.075485,0.070112,-7.1,↓,0.547619,NS,9/25,5,5,0.9925594375
Liver,NK,senescence,IA→AR,IA,AR,0.070112,0.068748,-1.9,↓,1.0,NS,8/15,5,3,1.0
Liver,NK,senescence,CR→AR,CR,AR,0.075351,0.068748,-8.8,↓,0.7,NS,6/9,3,3,1.0
Liver,B,senescence,NL→IT,NL,IT,0.085122,0.127254,49.5,↑,0.125541,NS,24/30,6,5,0.7281378000000001
Liver,B,senescence,NL→IA,NL,IA,0.085122,0.08602,1.1,↑,0.662338,NS,12/30,6,5,0.9603900999999999
Liver,B,senescence,NL→AR,NL,AR,0.085122,0.079306,-6.8,↓,0.380952,NS,13/18,6,3,1.0
Liver,B,senescence,NL→CR,NL,CR,0.085122,0.085668,0.6,↑,0.547619,NS,6/18,6,3,0.8358395263157895
Liver,B,senescence,IT→IA,IT,IA,0.127254,0.08602,-32.4,↓,0.150794,NS,20/25,5,5,0.4373026
Liver,B,senescence,IA→AR,IA,AR,0.08602,0.079306,-7.8,↓,0.785714,NS,9/15,5,3,0.9906828695652173
Liver,B,senescence,CR→AR,CR,AR,0.085668,0.079306,-7.4,↓,1.0,NS,5/9,3,3,1.0
Liver,PlasmaB,senescence,NL→IT,NL,IT,0.0965,0.132149,36.9,↑,0.329004,NS,21/30,6,5,0.7767849375
Liver,PlasmaB,senescence,NL→IA,NL,IA,0.0965,0.115954,20.2,↑,0.536797,NS,19/30,6,5,0.9157125294117647
Liver,PlasmaB,senescence,NL→AR,NL,AR,0.0965,0.078215,-18.9,↓,1.0,NS,6/12,6,2,1.0
Liver,PlasmaB,senescence,NL→CR,NL,CR,0.0965,0.075706,-21.5,↓,0.547619,NS,12/18,6,3,0.8822750555555555
Liver,PlasmaB,senescence,IT→IA,IT,IA,0.132149,0.115954,-12.3,↓,0.420635,NS,17/25,5,5,1.0
Liver,PlasmaB,senescence,IA→AR,IA,AR,0.115954,0.078215,-32.5,↓,0.380952,NS,8/10,5,2,0.849816
Liver,PlasmaB,senescence,CR→AR,CR,AR,0.075706,0.078215,3.3,↑,0.8,NS,2/6,3,2,1.0
Liver,Myeloid,stemness,NL→IT,NL,IT,0.028733,0.060163,109.4,↑,0.177489,NS,23/30,6,5,0.42893175
Liver,Myeloid,stemness,NL→IA,NL,IA,0.028733,0.031625,10.1,↑,0.792208,NS,13/30,6,5,0.9189612800000001
Liver,Myeloid,stemness,NL→AR,NL,AR,0.028733,0.021238,-26.1,↓,0.904762,NS,10/18,6,3,0.9717814074074074
Liver,Myeloid,stemness,NL→CR,NL,CR,0.028733,0.028657,-0.3,↓,1.0,NS,9/18,6,3,1.0
Liver,Myeloid,stemness,IT→IA,IT,IA,0.060163,0.031625,-47.4,↓,0.222222,NS,19/25,5,5,0.7160486666666667
Liver,Myeloid,stemness,IA→AR,IA,AR,0.031625,0.021238,-32.8,↓,1.0,NS,8/15,5,3,1.0
Liver,Myeloid,stemness,CR→AR,CR,AR,0.028657,0.021238,-25.9,↓,1.0,NS,5/9,3,3,1.0
Liver,CD4_T,stemness,NL→IT,NL,IT,0.144677,0.159493,10.2,↑,0.588745,NS,22/36,6,6,0.8986107894736842
Liver,CD4_T,stemness,NL→IA,NL,IA,0.144677,0.18144,25.4,↑,0.536797,NS,19/30,6,5,0.77835565
Liver,CD4_T,stemness,NL→AR,NL,AR,0.144677,0.129879,-10.2,↓,0.714286,NS,7/18,6,3,0.7967036153846153
Liver,CD4_T,stemness,NL→CR,NL,CR,0.144677,0.148162,2.4,↑,1.0,NS,9/18,6,3,1.0
Liver,CD4_T,stemness,IT→IA,IT,IA,0.159493,0.18144,13.8,↑,0.662338,NS,18/30,6,5,0.9189612800000001
Liver,CD4_T,stemness,IA→AR,IA,AR,0.18144,0.129879,-28.4,↓,0.25,NS,12/15,5,3,0.9114282400000001
Liver,CD4_T,stemness,CR→AR,CR,AR,0.148162,0.129879,-12.3,↓,0.7,NS,6/9,3,3,1.0
Liver,CD8_T,stemness,NL→IT,NL,IT,0.095149,0.112356,18.1,↑,0.484848,NS,23/36,6,6,0.7030295999999999
Liver,CD8_T,stemness,NL→IA,NL,IA,0.095149,0.100795,5.9,↑,0.329004,NS,9/30,6,5,0.6815082857142857
Liver,CD8_T,stemness,NL→AR,NL,AR,0.095149,0.052614,-44.7,↓,0.047619,*,17/18,6,3,0.2761902
Liver,CD8_T,stemness,NL→CR,NL,CR,0.095149,0.059871,-37.1,↓,0.047619,*,17/18,6,3,0.2761902
Liver,CD8_T,stemness,IT→IA,IT,IA,0.112356,0.100795,-10.3,↓,0.246753,NS,22/30,6,5,0.8648396111111111
Liver,CD8_T,stemness,IA→AR,IA,AR,0.100795,0.052614,-47.8,↓,0.392857,NS,11/15,5,3,0.8285720499999999
Liver,CD8_T,stemness,CR→AR,CR,AR,0.059871,0.052614,-12.1,↓,1.0,NS,5/9,3,3,1.0
Liver,NK,stemness,NL→IT,NL,IT,0.0258,0.038071,47.6,↑,0.030303,*,27/30,6,5,0.7532460000000001
Liver,NK,stemness,NL→IA,NL,IA,0.0258,0.041943,62.6,↑,0.030303,*,27/30,6,5,0.292929
Liver,NK,stemness,NL→AR,NL,AR,0.0258,0.033187,28.6,↑,0.166667,NS,15/18,6,3,1.0
Liver,NK,stemness,NL→CR,NL,CR,0.0258,0.031994,24.0,↑,0.261905,NS,14/18,6,3,0.849816
Liver,NK,stemness,IT→IA,IT,IA,0.038071,0.041943,10.2,↑,0.547619,NS,16/25,5,5,0.9925594375
Liver,NK,stemness,IA→AR,IA,AR,0.041943,0.033187,-20.9,↓,0.392857,NS,11/15,5,3,0.9494044166666668
Liver,NK,stemness,CR→AR,CR,AR,0.031994,0.033187,3.7,↑,1.0,NS,5/9,3,3,1.0
Liver,B,stemness,NL→IT,NL,IT,0.09837,0.106067,7.8,↑,0.792208,NS,17/30,6,5,0.9996794074074075
Liver,B,stemness,NL→IA,NL,IA,0.09837,0.1155,17.4,↑,0.792208,NS,17/30,6,5,0.9988709565217391
Liver,B,stemness,NL→AR,NL,AR,0.09837,0.122493,24.5,↑,0.714286,NS,11/18,6,3,1.0
Liver,B,stemness,NL→CR,NL,CR,0.09837,0.154808,57.4,↑,0.380952,NS,13/18,6,3,0.7365072
Liver,B,stemness,IT→IA,IT,IA,0.106067,0.1155,8.9,↑,0.420635,NS,17/25,5,5,0.7624009374999999
Liver,B,stemness,IA→AR,IA,AR,0.1155,0.122493,6.1,↑,1.0,NS,8/15,5,3,1.0
Liver,B,stemness,CR→AR,CR,AR,0.154808,0.122493,-20.9,↓,0.2,NS,8/9,3,3,1.0
Liver,PlasmaB,stemness,NL→IT,NL,IT,0.036944,0.063194,71.1,↑,0.246753,NS,22/30,6,5,0.7155836999999999
Liver,PlasmaB,stemness,NL→IA,NL,IA,0.036944,0.067769,83.4,↑,0.246753,NS,22/30,6,5,0.7155836999999999
Liver,PlasmaB,stemness,NL→AR,NL,AR,0.036944,0.074235,100.9,↑,0.428571,NS,9/12,6,2,0.7767849375
Liver,PlasmaB,stemness,NL→CR,NL,CR,0.036944,0.062587,69.4,↑,0.261905,NS,14/18,6,3,0.6904768181818182
Liver,PlasmaB,stemness,IT→IA,IT,IA,0.063194,0.067769,7.2,↑,1.0,NS,12/25,5,5,1.0
Liver,PlasmaB,stemness,IA→AR,IA,AR,0.067769,0.074235,9.5,↑,0.857143,NS,6/10,5,2,0.9560441153846153
Liver,PlasmaB,stemness,CR→AR,CR,AR,0.062587,0.074235,18.6,↑,0.8,NS,4/6,3,2,1.0
Liver,Myeloid,tf_programs,NL→IT,NL,IT,0.019204,0.020509,6.8,↑,0.930736,NS,16/30,6,5,0.930736
Liver,Myeloid,tf_programs,NL→IA,NL,IA,0.019204,0.029042,51.2,↑,0.246753,NS,22/30,6,5,0.914657238095238
Liver,Myeloid,tf_programs,NL→AR,NL,AR,0.019204,0.015491,-19.3,↓,0.904762,NS,10/18,6,3,0.9717814074074074
Liver,Myeloid,tf_programs,NL→CR,NL,CR,0.019204,0.025411,32.3,↑,0.714286,NS,11/18,6,3,1.0
Liver,Myeloid,tf_programs,IT→IA,IT,IA,0.020509,0.029042,41.6,↑,0.690476,NS,15/25,5,5,0.9383396153846153
Liver,Myeloid,tf_programs,IA→AR,IA,AR,0.029042,0.015491,-46.7,↓,0.571429,NS,10/15,5,3,0.8285720499999999
Liver,Myeloid,tf_programs,CR→AR,CR,AR,0.025411,0.015491,-39.0,↓,0.7,NS,6/9,3,3,1.0
Liver,CD4_T,tf_programs,NL→IT,NL,IT,0.066771,0.073302,9.8,↑,0.818182,NS,20/36,6,6,0.9886365833333333
Liver,CD4_T,tf_programs,NL→IA,NL,IA,0.066771,0.057909,-13.3,↓,0.428571,NS,20/30,6,5,0.77835565
Liver,CD4_T,tf_programs,NL→AR,NL,AR,0.066771,0.058328,-12.6,↓,0.261905,NS,14/18,6,3,0.7562357619047618
Liver,CD4_T,tf_programs,NL→CR,NL,CR,0.066771,0.065794,-1.5,↓,1.0,NS,9/18,6,3,1.0
Liver,CD4_T,tf_programs,IT→IA,IT,IA,0.073302,0.057909,-21.0,↓,0.536797,NS,19/30,6,5,0.9189612800000001
Liver,CD4_T,tf_programs,IA→AR,IA,AR,0.057909,0.058328,0.7,↑,0.785714,NS,6/15,5,3,0.9114282400000001
Liver,CD4_T,tf_programs,CR→AR,CR,AR,0.065794,0.058328,-11.3,↓,0.7,NS,6/9,3,3,1.0
Liver,CD8_T,tf_programs,NL→IT,NL,IT,0.077149,0.089387,15.9,↑,0.24026,NS,26/36,6,6,0.6334127272727273
Liver,CD8_T,tf_programs,NL→IA,NL,IA,0.077149,0.075192,-2.5,↓,0.792208,NS,13/30,6,5,0.9988709565217391
Liver,CD8_T,tf_programs,NL→AR,NL,AR,0.077149,0.071285,-7.6,↓,0.380952,NS,13/18,6,3,0.5260765714285714
Liver,CD8_T,tf_programs,NL→CR,NL,CR,0.077149,0.079526,3.1,↑,0.904762,NS,10/18,6,3,0.904762
Liver,CD8_T,tf_programs,IT→IA,IT,IA,0.089387,0.075192,-15.9,↓,0.536797,NS,19/30,6,5,0.8648396111111111
Liver,CD8_T,tf_programs,IA→AR,IA,AR,0.075192,0.071285,-5.2,↓,0.571429,NS,10/15,5,3,0.8285720499999999
Liver,CD8_T,tf_programs,CR→AR,CR,AR,0.079526,0.071285,-10.4,↓,0.7,NS,6/9,3,3,1.0
Liver,NK,tf_programs,NL→IT,NL,IT,0.080639,0.093489,15.9,↑,0.246753,NS,22/30,6,5,0.7767849375
Liver,NK,tf_programs,NL→IA,NL,IA,0.080639,0.076345,-5.3,↓,0.792208,NS,17/30,6,5,0.9996794074074075
Liver,NK,tf_programs,NL→AR,NL,AR,0.080639,0.071803,-11.0,↓,0.547619,NS,12/18,6,3,1.0
Liver,NK,tf_programs,NL→CR,NL,CR,0.080639,0.091315,13.2,↑,0.547619,NS,12/18,6,3,0.9006214782608695
Liver,NK,tf_programs,IT→IA,IT,IA,0.093489,0.076345,-18.3,↓,0.150794,NS,20/25,5,5,0.9925594375
Liver,NK,tf_programs,IA→AR,IA,AR,0.076345,0.071803,-5.9,↓,0.392857,NS,11/15,5,3,0.9494044166666668
Liver,NK,tf_programs,CR→AR,CR,AR,0.091315,0.071803,-21.4,↓,0.7,NS,6/9,3,3,1.0
Liver,B,tf_programs,NL→IT,NL,IT,0.010204,0.012529,22.8,↑,0.464192,NS,19/30,6,5,0.9996794074074075
Liver,B,tf_programs,NL→IA,NL,IA,0.010204,0.019602,92.1,↑,0.125541,NS,24/30,6,5,0.8673741818181819
Liver,B,tf_programs,NL→AR,NL,AR,0.010204,0.008559,-16.1,↓,0.795418,NS,10/18,6,3,1.0
Liver,B,tf_programs,NL→CR,NL,CR,0.010204,0.014866,45.7,↑,0.380952,NS,13/18,6,3,0.7365072
Liver,B,tf_programs,IT→IA,IT,IA,0.012529,0.019602,56.5,↑,0.309524,NS,18/25,5,5,0.7480163333333334
Liver,B,tf_programs,IA→AR,IA,AR,0.019602,0.008559,-56.3,↓,0.25,NS,12/15,5,3,0.920635611111111
Liver,B,tf_programs,CR→AR,CR,AR,0.014866,0.008559,-42.4,↓,0.7,NS,6/9,3,3,1.0
Liver,PlasmaB,tf_programs,NL→IT,NL,IT,0.07887,0.090924,15.3,↑,0.428571,NS,20/30,6,5,0.7767849375
Liver,PlasmaB,tf_programs,NL→IA,NL,IA,0.07887,0.079546,0.9,↑,0.792208,NS,17/30,6,5,0.9189612800000001
Liver,PlasmaB,tf_programs,NL→AR,NL,AR,0.07887,0.05797,-26.5,↓,1.0,NS,6/12,6,2,1.0
Liver,PlasmaB,tf_programs,NL→CR,NL,CR,0.07887,0.050397,-36.1,↓,0.547619,NS,12/18,6,3,0.8822750555555555
Liver,PlasmaB,tf_programs,IT→IA,IT,IA,0.090924,0.079546,-12.5,↓,0.547619,NS,16/25,5,5,1.0
Liver,PlasmaB,tf_programs,IA→AR,IA,AR,0.079546,0.05797,-27.1,↓,0.857143,NS,6/10,5,2,0.9560441153846153
Liver,PlasmaB,tf_programs,CR→AR,CR,AR,0.050397,0.05797,15.0,↑,0.8,NS,4/6,3,2,1.0
Liver,Myeloid,tgfb_signaling,NL→IT,NL,IT,0.044405,0.057953,30.5,↑,0.662338,NS,18/30,6,5,0.7114000740740741
Liver,Myeloid,tgfb_signaling,NL→IA,NL,IA,0.044405,0.059936,35.0,↑,0.177489,NS,23/30,6,5,0.914657238095238
Liver,Myeloid,tgfb_signaling,NL→AR,NL,AR,0.044405,0.077288,74.1,↑,0.166667,NS,15/18,6,3,0.4027785833333334
Liver,Myeloid,tgfb_signaling,NL→CR,NL,CR,0.044405,0.050107,12.8,↑,0.547619,NS,12/18,6,3,1.0
Liver,Myeloid,tgfb_signaling,IT→IA,IT,IA,0.057953,0.059936,3.4,↑,1.0,NS,13/25,5,5,1.0
Liver,Myeloid,tgfb_signaling,IA→AR,IA,AR,0.059936,0.077288,29.0,↑,1.0,NS,7/15,5,3,1.0
Liver,Myeloid,tgfb_signaling,CR→AR,CR,AR,0.050107,0.077288,54.2,↑,0.7,NS,6/9,3,3,1.0
Liver,CD4_T,tgfb_signaling,NL→IT,NL,IT,0.087642,0.081868,-6.6,↓,0.588745,NS,22/36,6,6,0.8986107894736842
Liver,CD4_T,tgfb_signaling,NL→IA,NL,IA,0.087642,0.088073,0.5,↑,0.792208,NS,17/30,6,5,0.8836166153846154
Liver,CD4_T,tgfb_signaling,NL→AR,NL,AR,0.087642,0.076797,-12.4,↓,0.714286,NS,11/18,6,3,0.7967036153846153
Liver,CD4_T,tgfb_signaling,NL→CR,NL,CR,0.087642,0.060516,-31.0,↓,0.095238,†,16/18,6,3,0.5523804
Liver,CD4_T,tgfb_signaling,IT→IA,IT,IA,0.081868,0.088073,7.6,↑,0.792208,NS,17/30,6,5,0.9189612800000001
Liver,CD4_T,tgfb_signaling,IA→AR,IA,AR,0.088073,0.076797,-12.8,↓,0.571429,NS,10/15,5,3,0.9114282400000001
Liver,CD4_T,tgfb_signaling,CR→AR,CR,AR,0.060516,0.076797,26.9,↑,0.7,NS,6/9,3,3,1.0
Liver,CD8_T,tgfb_signaling,NL→IT,NL,IT,0.097512,0.084507,-13.3,↓,0.24026,NS,26/36,6,6,0.6334127272727273
Liver,CD8_T,tgfb_signaling,NL→IA,NL,IA,0.097512,0.091645,-6.0,↓,0.792208,NS,13/30,6,5,0.9988709565217391
Liver,CD8_T,tgfb_signaling,NL→AR,NL,AR,0.097512,0.081234,-16.7,↓,0.380952,NS,13/18,6,3,0.5260765714285714
Liver,CD8_T,tgfb_signaling,NL→CR,NL,CR,0.097512,0.063795,-34.6,↓,0.047619,*,17/18,6,3,0.2761902
Liver,CD8_T,tgfb_signaling,IT→IA,IT,IA,0.084507,0.091645,8.4,↑,0.536797,NS,19/30,6,5,0.8648396111111111
Liver,CD8_T,tgfb_signaling,IA→AR,IA,AR,0.091645,0.081234,-11.4,↓,0.785714,NS,9/15,5,3,0.9494044166666668
Liver,CD8_T,tgfb_signaling,CR→AR,CR,AR,0.063795,0.081234,27.3,↑,0.4,NS,7/9,3,3,1.0
Liver,NK,tgfb_signaling,NL→IT,NL,IT,0.098243,0.102638,4.5,↑,0.792208,NS,17/30,6,5,0.8508900740740741
Liver,NK,tgfb_signaling,NL→IA,NL,IA,0.098243,0.111658,13.7,↑,0.662338,NS,18/30,6,5,0.9996794074074075
Liver,NK,tgfb_signaling,NL→AR,NL,AR,0.098243,0.093635,-4.7,↓,1.0,NS,9/18,6,3,1.0
Liver,NK,tgfb_signaling,NL→CR,NL,CR,0.098243,0.079514,-19.1,↓,0.261905,NS,14/18,6,3,0.849816
Liver,NK,tgfb_signaling,IT→IA,IT,IA,0.102638,0.111658,8.8,↑,0.547619,NS,16/25,5,5,0.9925594375
Liver,NK,tgfb_signaling,IA→AR,IA,AR,0.111658,0.093635,-16.1,↓,0.392857,NS,11/15,5,3,0.9494044166666668
Liver,NK,tgfb_signaling,CR→AR,CR,AR,0.079514,0.093635,17.8,↑,0.7,NS,6/9,3,3,1.0
Liver,B,tgfb_signaling,NL→IT,NL,IT,0.067589,0.070869,4.9,↑,0.930736,NS,14/30,6,5,0.9996794074074075
Liver,B,tgfb_signaling,NL→IA,NL,IA,0.067589,0.067254,-0.5,↓,0.428571,NS,20/30,6,5,0.956043
Liver,B,tgfb_signaling,NL→AR,NL,AR,0.067589,0.040711,-39.8,↓,0.166667,NS,15/18,6,3,1.0
Liver,B,tgfb_signaling,NL→CR,NL,CR,0.067589,0.042317,-37.4,↓,0.166667,NS,15/18,6,3,0.7365072
Liver,B,tgfb_signaling,IT→IA,IT,IA,0.070869,0.067254,-5.1,↓,1.0,NS,12/25,5,5,1.0
Liver,B,tgfb_signaling,IA→AR,IA,AR,0.067254,0.040711,-39.5,↓,0.25,NS,12/15,5,3,0.920635611111111
Liver,B,tgfb_signaling,CR→AR,CR,AR,0.042317,0.040711,-3.8,↓,1.0,NS,5/9,3,3,1.0
Liver,PlasmaB,tgfb_signaling,NL→IT,NL,IT,0.046533,0.067163,44.3,↑,0.329004,NS,21/30,6,5,0.7767849375
Liver,PlasmaB,tgfb_signaling,NL→IA,NL,IA,0.046533,0.116834,151.1,↑,0.125541,NS,24/30,6,5,0.7155836999999999
Liver,PlasmaB,tgfb_signaling,NL→AR,NL,AR,0.046533,0.08247,77.2,↑,0.428571,NS,9/12,6,2,0.7767849375
Liver,PlasmaB,tgfb_signaling,NL→CR,NL,CR,0.046533,0.041753,-10.3,↓,1.0,NS,9/18,6,3,1.0
Liver,PlasmaB,tgfb_signaling,IT→IA,IT,IA,0.067163,0.116834,74.0,↑,0.222222,NS,19/25,5,5,1.0
Liver,PlasmaB,tgfb_signaling,IA→AR,IA,AR,0.116834,0.08247,-29.4,↓,0.571429,NS,7/10,5,2,0.8721811052631578
Liver,PlasmaB,tgfb_signaling,CR→AR,CR,AR,0.041753,0.08247,97.5,↑,0.2,NS,6/6,3,2,1.0
Liver,Myeloid,tissue_resident,NL→IT,NL,IT,0.027376,0.030731,12.3,↑,0.662338,NS,18/30,6,5,0.7114000740740741
Liver,Myeloid,tissue_resident,NL→IA,NL,IA,0.027376,0.043556,59.1,↑,0.536797,NS,19/30,6,5,0.914657238095238
Liver,Myeloid,tissue_resident,NL→AR,NL,AR,0.027376,0.050961,86.2,↑,0.095238,†,16/18,6,3,0.39455742857142856
Liver,Myeloid,tissue_resident,NL→CR,NL,CR,0.027376,0.035773,30.7,↑,1.0,NS,9/18,6,3,1.0
Liver,Myeloid,tissue_resident,IT→IA,IT,IA,0.030731,0.043556,41.7,↑,1.0,NS,13/25,5,5,1.0
Liver,Myeloid,tissue_resident,IA→AR,IA,AR,0.043556,0.050961,17.0,↑,0.392857,NS,11/15,5,3,0.7595235333333333
Liver,Myeloid,tissue_resident,CR→AR,CR,AR,0.035773,0.050961,42.5,↑,0.4,NS,7/9,3,3,1.0
Liver,CD4_T,tissue_resident,NL→IT,NL,IT,0.183702,0.183293,-0.2,↓,0.818182,NS,16/36,6,6,0.9886365833333333
Liver,CD4_T,tissue_resident,NL→IA,NL,IA,0.183702,0.124197,-32.4,↓,0.017316,*,28/30,6,5,0.251082
Liver,CD4_T,tissue_resident,NL→AR,NL,AR,0.183702,0.154535,-15.9,↓,0.714286,NS,11/18,6,3,0.7967036153846153
Liver,CD4_T,tissue_resident,NL→CR,NL,CR,0.183702,0.154644,-15.8,↓,0.547619,NS,12/18,6,3,0.8358395263157895
Liver,CD4_T,tissue_resident,IT→IA,IT,IA,0.183293,0.124197,-32.2,↓,0.017316,*,28/30,6,5,0.251082
Liver,CD4_T,tissue_resident,IA→AR,IA,AR,0.124197,0.154535,24.4,↑,0.392857,NS,11/15,5,3,0.9114282400000001
Liver,CD4_T,tissue_resident,CR→AR,CR,AR,0.154644,0.154535,-0.1,↓,1.0,NS,5/9,3,3,1.0
Liver,CD8_T,tissue_resident,NL→IT,NL,IT,0.197952,0.215394,8.8,↑,0.484848,NS,23/36,6,6,0.7030295999999999
Liver,CD8_T,tissue_resident,NL→IA,NL,IA,0.197952,0.16964,-14.3,↓,0.329004,NS,21/30,6,5,0.6815082857142857
Liver,CD8_T,tissue_resident,NL→AR,NL,AR,0.197952,0.198078,0.1,↑,0.904762,NS,8/18,6,3,0.9717814074074074
Liver,CD8_T,tissue_resident,NL→CR,NL,CR,0.197952,0.188062,-5.0,↓,0.904762,NS,10/18,6,3,0.904762
Liver,CD8_T,tissue_resident,IT→IA,IT,IA,0.215394,0.16964,-21.2,↓,0.082251,†,25/30,6,5,0.8648396111111111
Liver,CD8_T,tissue_resident,IA→AR,IA,AR,0.16964,0.198078,16.8,↑,0.571429,NS,10/15,5,3,0.8285720499999999
Liver,CD8_T,tissue_resident,CR→AR,CR,AR,0.188062,0.198078,5.3,↑,1.0,NS,5/9,3,3,1.0
Liver,NK,tissue_resident,NL→IT,NL,IT,0.164587,0.179333,9.0,↑,0.662338,NS,18/30,6,5,0.8003250833333333
Liver,NK,tissue_resident,NL→IA,NL,IA,0.164587,0.152973,-7.1,↓,0.662338,NS,18/30,6,5,0.9996794074074075
Liver,NK,tissue_resident,NL→AR,NL,AR,0.164587,0.164294,-0.2,↓,1.0,NS,9/18,6,3,1.0
Liver,NK,tissue_resident,NL→CR,NL,CR,0.164587,0.171981,4.5,↑,0.904762,NS,10/18,6,3,0.9370749285714285
Liver,NK,tissue_resident,IT→IA,IT,IA,0.179333,0.152973,-14.7,↓,0.309524,NS,18/25,5,5,0.9925594375
Liver,NK,tissue_resident,IA→AR,IA,AR,0.152973,0.164294,7.4,↑,1.0,NS,8/15,5,3,1.0
Liver,NK,tissue_resident,CR→AR,CR,AR,0.171981,0.164294,-4.5,↓,1.0,NS,5/9,3,3,1.0
Liver,B,tissue_resident,NL→IT,NL,IT,0.077007,0.098477,27.9,↑,0.930736,NS,14/30,6,5,0.9996794074074075
Liver,B,tissue_resident,NL→IA,NL,IA,0.077007,0.089185,15.8,↑,0.792208,NS,17/30,6,5,0.9988709565217391
Liver,B,tissue_resident,NL→AR,NL,AR,0.077007,0.082126,6.6,↑,1.0,NS,9/18,6,3,1.0
Liver,B,tissue_resident,NL→CR,NL,CR,0.077007,0.087695,13.9,↑,0.904762,NS,8/18,6,3,1.0
Liver,B,tissue_resident,IT→IA,IT,IA,0.098477,0.089185,-9.4,↓,0.690476,NS,15/25,5,5,0.8706001739130435
Liver,B,tissue_resident,IA→AR,IA,AR,0.089185,0.082126,-7.9,↓,1.0,NS,8/15,5,3,1.0
Liver,B,tissue_resident,CR→AR,CR,AR,0.087695,0.082126,-6.4,↓,1.0,NS,5/9,3,3,1.0
Liver,PlasmaB,tissue_resident,NL→IT,NL,IT,0.021098,0.032348,53.3,↑,0.926596,NS,13/30,6,5,1.0
Liver,PlasmaB,tissue_resident,NL→IA,NL,IA,0.021098,0.032793,55.4,↑,0.782252,NS,16/30,6,5,0.9189612800000001
Liver,PlasmaB,tissue_resident,NL→AR,NL,AR,0.021098,0.007011,-66.8,↓,0.614962,NS,8/12,6,2,0.7767855416666667
Liver,PlasmaB,tissue_resident,NL→CR,NL,CR,0.021098,0.023932,13.4,↑,1.0,NS,8/18,6,3,1.0
Liver,PlasmaB,tissue_resident,IT→IA,IT,IA,0.032348,0.032793,1.4,↑,0.916563,NS,11/25,5,5,1.0
Liver,PlasmaB,tissue_resident,IA→AR,IA,AR,0.032793,0.007011,-78.6,↓,0.380952,NS,8/10,5,2,0.849816
Liver,PlasmaB,tissue_resident,CR→AR,CR,AR,0.023932,0.007011,-70.7,↓,0.8,NS,4/6,3,2,1.0
Liver,Myeloid,treg,NL→IT,NL,IT,0.0,0.002301,99999.0,↑,0.048406,*,18/30,6,5,0.22653557142857142
Liver,Myeloid,treg,NL→IA,NL,IA,0.0,0.001279,99999.0,↑,0.36131,NS,6/30,6,5,0.914657238095238
Liver,Myeloid,treg,NL→AR,NL,AR,0.0,0.0,0.0,↑,1.0,NS,0/18,6,3,1.0
Liver,Myeloid,treg,NL→CR,NL,CR,0.0,0.0,0.0,↑,1.0,NS,0/18,6,3,1.0
Liver,Myeloid,treg,IT→IA,IT,IA,0.002301,0.001279,-44.4,↓,0.346522,NS,13/25,5,5,0.871315357142857
Liver,Myeloid,treg,IA→AR,IA,AR,0.001279,0.0,-100.0,↓,0.605577,NS,3/15,5,3,0.836273
Liver,Myeloid,treg,CR→AR,CR,AR,0.0,0.0,0.0,↑,1.0,NS,0/9,3,3,1.0
Liver,CD4_T,treg,NL→IT,NL,IT,0.042411,0.04445,4.8,↑,1.0,NS,18/36,6,6,1.0
Liver,CD4_T,treg,NL→IA,NL,IA,0.042411,0.04712,11.1,↑,0.536797,NS,19/30,6,5,0.77835565
Liver,CD4_T,treg,NL→AR,NL,AR,0.042411,0.0432,1.9,↑,0.904762,NS,8/18,6,3,0.9370749285714285
Liver,CD4_T,treg,NL→CR,NL,CR,0.042411,0.032663,-23.0,↓,0.380952,NS,13/18,6,3,0.8358395263157895
Liver,CD4_T,treg,IT→IA,IT,IA,0.04445,0.04712,6.0,↑,0.662338,NS,18/30,6,5,0.9189612800000001
Liver,CD4_T,treg,IA→AR,IA,AR,0.04712,0.0432,-8.3,↓,0.785714,NS,9/15,5,3,0.9114282400000001
Liver,CD4_T,treg,CR→AR,CR,AR,0.032663,0.0432,32.3,↑,0.4,NS,7/9,3,3,1.0
Liver,CD8_T,treg,NL→IT,NL,IT,0.022567,0.025081,11.1,↑,0.699134,NS,15/36,6,6,0.8109954400000001
Liver,CD8_T,treg,NL→IA,NL,IA,0.022567,0.020806,-7.8,↓,0.930736,NS,14/30,6,5,1.0
Liver,CD8_T,treg,NL→AR,NL,AR,0.022567,0.017305,-23.3,↓,0.380952,NS,13/18,6,3,0.5260765714285714
Liver,CD8_T,treg,NL→CR,NL,CR,0.022567,0.012259,-45.7,↓,0.02381,*,18/18,6,3,0.2761902
Liver,CD8_T,treg,IT→IA,IT,IA,0.025081,0.020806,-17.0,↓,1.0,NS,15/30,6,5,1.0
Liver,CD8_T,treg,IA→AR,IA,AR,0.020806,0.017305,-16.8,↓,0.392857,NS,11/15,5,3,0.8285720499999999
Liver,CD8_T,treg,CR→AR,CR,AR,0.012259,0.017305,41.2,↑,0.4,NS,7/9,3,3,1.0
Liver,NK,treg,NL→IT,NL,IT,0.017452,0.0184,5.4,↑,0.930736,NS,16/30,6,5,0.930736
Liver,NK,treg,NL→IA,NL,IA,0.017452,0.021556,23.5,↑,0.536797,NS,19/30,6,5,0.9996794074074075
Liver,NK,treg,NL→AR,NL,AR,0.017452,0.015612,-10.5,↓,0.714286,NS,11/18,6,3,1.0
Liver,NK,treg,NL→CR,NL,CR,0.017452,0.021478,23.1,↑,0.714286,NS,11/18,6,3,0.9006214782608695
Liver,NK,treg,IT→IA,IT,IA,0.0184,0.021556,17.2,↑,0.84127,NS,14/25,5,5,1.0
Liver,NK,treg,IA→AR,IA,AR,0.021556,0.015612,-27.6,↓,0.785714,NS,9/15,5,3,0.9494044166666668
Liver,NK,treg,CR→AR,CR,AR,0.021478,0.015612,-27.3,↓,0.7,NS,6/9,3,3,1.0
Liver,B,treg,NL→IT,NL,IT,0.006598,0.047418,618.6,↑,0.080042,†,25/30,6,5,0.7281378000000001
Liver,B,treg,NL→IA,NL,IA,0.006598,0.012982,96.7,↑,0.575062,NS,17/30,6,5,0.9603900999999999
Liver,B,treg,NL→AR,NL,AR,0.006598,0.006164,-6.6,↓,1.0,NS,6/18,6,3,1.0
Liver,B,treg,NL→CR,NL,CR,0.006598,0.011696,77.3,↑,0.237302,NS,14/18,6,3,0.7365072
Liver,B,treg,IT→IA,IT,IA,0.047418,0.012982,-72.6,↓,0.309524,NS,18/25,5,5,0.7480163333333334
Liver,B,treg,IA→AR,IA,AR,0.012982,0.006164,-52.5,↓,0.541193,NS,9/15,5,3,0.920635611111111
Liver,B,treg,CR→AR,CR,AR,0.011696,0.006164,-47.3,↓,0.657905,NS,6/9,3,3,1.0
Liver,PlasmaB,treg,NL→IT,NL,IT,0.00246,0.013495,448.6,↑,0.597048,NS,12/30,6,5,0.8244948571428572
Liver,PlasmaB,treg,NL→IA,NL,IA,0.00246,0.013655,455.1,↑,0.907569,NS,6/30,6,5,0.930736
Liver,PlasmaB,treg,NL→AR,NL,AR,0.00246,0.0,-100.0,↓,0.512691,NS,4/12,6,2,0.7767855416666667
Liver,PlasmaB,treg,NL→CR,NL,CR,0.00246,0.01271,416.7,↑,0.878088,NS,6/18,6,3,0.9717814074074074
Liver,PlasmaB,treg,IT→IA,IT,IA,0.013495,0.013655,1.2,↑,0.79717,NS,5/25,5,5,1.0
Liver,PlasmaB,treg,IA→AR,IA,AR,0.013655,0.0,-100.0,↓,0.75183,NS,2/10,5,2,0.9560441153846153
Liver,PlasmaB,treg,CR→AR,CR,AR,0.01271,0.0,-100.0,↓,0.683091,NS,2/6,3,2,1.0
Liver,Myeloid,type1_ifn,NL→IT,NL,IT,0.096983,0.126633,30.6,↑,0.536797,NS,19/30,6,5,0.7114000740740741
Liver,Myeloid,type1_ifn,NL→IA,NL,IA,0.096983,0.112089,15.6,↑,1.0,NS,15/30,6,5,1.0
Liver,Myeloid,type1_ifn,NL→AR,NL,AR,0.096983,0.149296,53.9,↑,0.380952,NS,13/18,6,3,0.6498592941176471
Liver,Myeloid,type1_ifn,NL→CR,NL,CR,0.096983,0.107463,10.8,↑,0.547619,NS,12/18,6,3,1.0
Liver,Myeloid,type1_ifn,IT→IA,IT,IA,0.126633,0.112089,-11.5,↓,0.547619,NS,16/25,5,5,0.9341735882352942
Liver,Myeloid,type1_ifn,IA→AR,IA,AR,0.112089,0.149296,33.2,↑,0.392857,NS,11/15,5,3,0.7595235333333333
Liver,Myeloid,type1_ifn,CR→AR,CR,AR,0.107463,0.149296,38.9,↑,0.4,NS,7/9,3,3,1.0
Liver,CD4_T,type1_ifn,NL→IT,NL,IT,0.076137,0.085427,12.2,↑,0.588745,NS,22/36,6,6,0.8986107894736842
Liver,CD4_T,type1_ifn,NL→IA,NL,IA,0.076137,0.085132,11.8,↑,0.662338,NS,18/30,6,5,0.8730819090909091
Liver,CD4_T,type1_ifn,NL→AR,NL,AR,0.076137,0.08819,15.8,↑,0.547619,NS,12/18,6,3,0.7562357619047618
Liver,CD4_T,type1_ifn,NL→CR,NL,CR,0.076137,0.088682,16.5,↑,0.547619,NS,12/18,6,3,0.8358395263157895
Liver,CD4_T,type1_ifn,IT→IA,IT,IA,0.085427,0.085132,-0.3,↓,1.0,NS,15/30,6,5,1.0
Liver,CD4_T,type1_ifn,IA→AR,IA,AR,0.085132,0.08819,3.6,↑,1.0,NS,8/15,5,3,1.0
Liver,CD4_T,type1_ifn,CR→AR,CR,AR,0.088682,0.08819,-0.6,↓,1.0,NS,4/9,3,3,1.0
Liver,CD8_T,type1_ifn,NL→IT,NL,IT,0.076579,0.091367,19.3,↑,0.309524,NS,25/36,6,6,0.6411568571428572
Liver,CD8_T,type1_ifn,NL→IA,NL,IA,0.076579,0.086389,12.8,↑,0.536797,NS,19/30,6,5,0.9157125294117647
Liver,CD8_T,type1_ifn,NL→AR,NL,AR,0.076579,0.089889,17.4,↑,0.714286,NS,11/18,6,3,0.82857176
Liver,CD8_T,type1_ifn,NL→CR,NL,CR,0.076579,0.085849,12.1,↑,0.714286,NS,11/18,6,3,0.82857176
Liver,CD8_T,type1_ifn,IT→IA,IT,IA,0.091367,0.086389,-5.4,↓,0.792208,NS,17/30,6,5,0.9572513333333333
Liver,CD8_T,type1_ifn,IA→AR,IA,AR,0.086389,0.089889,4.1,↑,1.0,NS,7/15,5,3,1.0
Liver,CD8_T,type1_ifn,CR→AR,CR,AR,0.085849,0.089889,4.7,↑,1.0,NS,5/9,3,3,1.0
Liver,NK,type1_ifn,NL→IT,NL,IT,0.068853,0.078052,13.4,↑,0.536797,NS,19/30,6,5,0.8003250833333333
Liver,NK,type1_ifn,NL→IA,NL,IA,0.068853,0.068113,-1.1,↓,0.662338,NS,12/30,6,5,0.9996794074074075
Liver,NK,type1_ifn,NL→AR,NL,AR,0.068853,0.065688,-4.6,↓,0.714286,NS,11/18,6,3,1.0
Liver,NK,type1_ifn,NL→CR,NL,CR,0.068853,0.069059,0.3,↑,1.0,NS,9/18,6,3,1.0
Liver,NK,type1_ifn,IT→IA,IT,IA,0.078052,0.068113,-12.7,↓,0.547619,NS,16/25,5,5,0.9925594375
Liver,NK,type1_ifn,IA→AR,IA,AR,0.068113,0.065688,-3.6,↓,1.0,NS,8/15,5,3,1.0
Liver,NK,type1_ifn,CR→AR,CR,AR,0.069059,0.065688,-4.9,↓,0.7,NS,6/9,3,3,1.0
Liver,B,type1_ifn,NL→IT,NL,IT,0.057185,0.068467,19.7,↑,0.536797,NS,19/30,6,5,0.9996794074074075
Liver,B,type1_ifn,NL→IA,NL,IA,0.057185,0.081904,43.2,↑,0.051948,†,26/30,6,5,0.7532460000000001
Liver,B,type1_ifn,NL→AR,NL,AR,0.057185,0.072554,26.9,↑,0.380952,NS,13/18,6,3,1.0
Liver,B,type1_ifn,NL→CR,NL,CR,0.057185,0.090216,57.8,↑,0.095238,†,16/18,6,3,0.7365072
Liver,B,type1_ifn,IT→IA,IT,IA,0.068467,0.081904,19.6,↑,1.0,NS,13/25,5,5,1.0
Liver,B,type1_ifn,IA→AR,IA,AR,0.081904,0.072554,-11.4,↓,1.0,NS,8/15,5,3,1.0
Liver,B,type1_ifn,CR→AR,CR,AR,0.090216,0.072554,-19.6,↓,0.4,NS,7/9,3,3,1.0
Liver,PlasmaB,type1_ifn,NL→IT,NL,IT,0.102879,0.166938,62.3,↑,0.177489,NS,23/30,6,5,0.6433976250000001
Liver,PlasmaB,type1_ifn,NL→IA,NL,IA,0.102879,0.162385,57.8,↑,0.082251,†,25/30,6,5,0.7155836999999999
Liver,PlasmaB,type1_ifn,NL→AR,NL,AR,0.102879,0.191678,86.3,↑,0.285714,NS,10/12,6,2,0.6904755
Liver,PlasmaB,type1_ifn,NL→CR,NL,CR,0.102879,0.160175,55.7,↑,0.166667,NS,15/18,6,3,0.6904768181818182
Liver,PlasmaB,type1_ifn,IT→IA,IT,IA,0.166938,0.162385,-2.7,↓,0.84127,NS,14/25,5,5,1.0
Liver,PlasmaB,type1_ifn,IA→AR,IA,AR,0.162385,0.191678,18.0,↑,0.571429,NS,7/10,5,2,0.8721811052631578
Liver,PlasmaB,type1_ifn,CR→AR,CR,AR,0.160175,0.191678,19.7,↑,0.8,NS,4/6,3,2,1.0
Blood,Myeloid,angiogenesis,NL→IT,NL,IT,0.019629,0.013594,-30.7,↓,0.190476,NS,16/20,4,5,0.34523775
Blood,Myeloid,angiogenesis,NL→IA,NL,IA,0.019629,0.016056,-18.2,↓,0.485714,NS,11/16,4,4,0.8285709411764707
Blood,Myeloid,angiogenesis,NL→AR,NL,AR,0.019629,0.013056,-33.5,↓,0.228571,NS,10/12,4,3,0.6025962727272728
Blood,Myeloid,angiogenesis,NL→CR,NL,CR,0.019629,0.022704,15.7,↑,0.857143,NS,7/12,4,3,0.9560441153846153
Blood,Myeloid,angiogenesis,IT→IA,IT,IA,0.013594,0.016056,18.1,↑,0.904762,NS,11/20,5,4,1.0
Blood,Myeloid,angiogenesis,IA→AR,IA,AR,0.016056,0.013056,-18.7,↓,1.0,NS,6/12,4,3,1.0
Blood,Myeloid,angiogenesis,CR→AR,CR,AR,0.022704,0.013056,-42.5,↓,0.4,NS,7/9,3,3,0.7250000000000001
Blood,CD4_T,angiogenesis,NL→IT,NL,IT,0.011598,0.00698,-39.8,↓,0.007937,**,25/25,5,5,0.23015850000000002
Blood,CD4_T,angiogenesis,NL→IA,NL,IA,0.011598,0.008556,-26.2,↓,0.190476,NS,16/20,5,4,0.8479538947368422
Blood,CD4_T,angiogenesis,NL→AR,NL,AR,0.011598,0.007225,-37.7,↓,0.035714,*,15/15,5,3,0.517853
Blood,CD4_T,angiogenesis,NL→CR,NL,CR,0.011598,0.010686,-7.9,↓,0.785714,NS,9/15,5,3,0.9494044166666668
Blood,CD4_T,angiogenesis,IT→IA,IT,IA,0.00698,0.008556,22.6,↑,0.111111,NS,17/20,5,4,0.7891148571428571
Blood,CD4_T,angiogenesis,IA→AR,IA,AR,0.008556,0.007225,-15.6,↓,0.4,NS,9/12,4,3,0.9206350740740741
Blood,CD4_T,angiogenesis,CR→AR,CR,AR,0.010686,0.007225,-32.4,↓,0.4,NS,7/9,3,3,0.8285714285714286
Blood,CD8_T,angiogenesis,NL→IT,NL,IT,0.006139,0.005402,-12.0,↓,0.690476,NS,15/25,5,5,0.9101729090909091
Blood,CD8_T,angiogenesis,NL→IA,NL,IA,0.006139,0.008143,32.7,↑,0.412698,NS,14/20,5,4,0.8950624444444445
Blood,CD8_T,angiogenesis,NL→AR,NL,AR,0.006139,0.004582,-25.4,↓,0.392857,NS,11/15,5,3,0.8763733076923077
Blood,CD8_T,angiogenesis,NL→CR,NL,CR,0.006139,0.008911,45.2,↑,0.25,NS,12/15,5,3,0.6590909090909092
Blood,CD8_T,angiogenesis,IT→IA,IT,IA,0.005402,0.008143,50.7,↑,0.190476,NS,16/20,5,4,0.613756
Blood,CD8_T,angiogenesis,IA→AR,IA,AR,0.008143,0.004582,-43.7,↓,0.057143,†,12/12,4,3,0.9666666666666668
Blood,CD8_T,angiogenesis,CR→AR,CR,AR,0.008911,0.004582,-48.6,↓,0.1,NS,9/9,3,3,0.32222222222222224
Blood,NK,angiogenesis,NL→IT,NL,IT,0.00644,0.005362,-16.7,↓,0.547619,NS,16/25,5,5,0.6617062916666666
Blood,NK,angiogenesis,NL→IA,NL,IA,0.00644,0.006417,-0.4,↓,0.730159,NS,12/20,5,4,0.7562361071428572
Blood,NK,angiogenesis,NL→AR,NL,AR,0.00644,0.004076,-36.7,↓,0.035714,*,15/15,5,3,0.12946325
Blood,NK,angiogenesis,NL→CR,NL,CR,0.00644,0.006554,1.8,↑,0.571429,NS,5/15,5,3,0.8285720499999999
Blood,NK,angiogenesis,IT→IA,IT,IA,0.005362,0.006417,19.7,↑,0.730159,NS,12/20,5,4,0.8822754583333333
Blood,NK,angiogenesis,IA→AR,IA,AR,0.006417,0.004076,-36.5,↓,0.057143,†,12/12,4,3,0.41428675
Blood,NK,angiogenesis,CR→AR,CR,AR,0.006554,0.004076,-37.8,↓,0.1,NS,9/9,3,3,0.4142857142857143
Blood,B,angiogenesis,NL→IT,NL,IT,0.007482,0.011573,54.7,↑,0.294802,NS,18/25,5,5,0.5610122500000001
Blood,B,angiogenesis,NL→IA,NL,IA,0.007482,0.012308,64.5,↑,0.176098,NS,16/20,5,4,0.34523775
Blood,B,angiogenesis,NL→AR,NL,AR,0.007482,0.007987,6.7,↑,0.548595,NS,10/15,5,3,0.8373292105263159
Blood,B,angiogenesis,NL→CR,NL,CR,0.007482,0.019717,163.5,↑,0.230243,NS,12/15,5,3,0.453125
Blood,B,angiogenesis,IT→IA,IT,IA,0.011573,0.012308,6.3,↑,1.0,NS,10/20,5,4,1.0
Blood,B,angiogenesis,IA→AR,IA,AR,0.012308,0.007987,-35.1,↓,0.628571,NS,8/12,4,3,0.7925460434782609
Blood,B,angiogenesis,CR→AR,CR,AR,0.019717,0.007987,-59.5,↓,0.2,NS,8/9,3,3,0.4142857142857143
Blood,PlasmaB,angiogenesis,NL→IT,NL,IT,0.006096,0.007988,31.0,↑,0.332112,NS,16/25,5,5,0.687825052631579
Blood,PlasmaB,angiogenesis,NL→IA,NL,IA,0.006096,0.005463,-10.4,↓,0.608874,NS,6/20,5,4,0.8408260000000001
Blood,PlasmaB,angiogenesis,NL→AR,NL,AR,0.006096,0.002925,-52.0,↓,0.873807,NS,5/15,5,3,1.0
Blood,PlasmaB,angiogenesis,NL→CR,NL,CR,0.006096,0.014395,136.1,↑,0.12663,NS,13/15,5,3,0.46031700000000003
Blood,PlasmaB,angiogenesis,IT→IA,IT,IA,0.007988,0.005463,-31.6,↓,0.622753,NS,12/20,5,4,1.0
Blood,PlasmaB,angiogenesis,IA→AR,IA,AR,0.005463,0.002925,-46.5,↓,0.721277,NS,7/12,4,3,0.8045012692307691
Blood,PlasmaB,angiogenesis,CR→AR,CR,AR,0.014395,0.002925,-79.7,↓,0.2,NS,8/9,3,3,0.4142857142857143
Blood,Myeloid,antigen_presentation,NL→IT,NL,IT,0.449766,0.658316,46.4,↑,0.015873,*,20/20,4,5,0.06575957142857143
Blood,Myeloid,antigen_presentation,NL→IA,NL,IA,0.449766,0.634267,41.0,↑,0.028571,*,16/16,4,4,0.13809316666666666
Blood,Myeloid,antigen_presentation,NL→AR,NL,AR,0.449766,0.653038,45.2,↑,0.057143,†,12/12,4,3,0.3314294
Blood,Myeloid,antigen_presentation,NL→CR,NL,CR,0.449766,0.610735,35.8,↑,0.057143,†,12/12,4,3,0.2367352857142857
Blood,Myeloid,antigen_presentation,IT→IA,IT,IA,0.658316,0.634267,-3.7,↓,0.904762,NS,11/20,5,4,1.0
Blood,Myeloid,antigen_presentation,IA→AR,IA,AR,0.634267,0.653038,3.0,↑,0.857143,NS,7/12,4,3,1.0
Blood,Myeloid,antigen_presentation,CR→AR,CR,AR,0.610735,0.653038,6.9,↑,0.1,NS,9/9,3,3,0.4142857142857143
Blood,CD4_T,antigen_presentation,NL→IT,NL,IT,0.286534,0.243236,-15.1,↓,0.420635,NS,17/25,5,5,0.7175538235294118
Blood,CD4_T,antigen_presentation,NL→IA,NL,IA,0.286534,0.279758,-2.4,↓,1.0,NS,10/20,5,4,1.0
Blood,CD4_T,antigen_presentation,NL→AR,NL,AR,0.286534,0.24435,-14.7,↓,0.785714,NS,6/15,5,3,0.8763733076923077
Blood,CD4_T,antigen_presentation,NL→CR,NL,CR,0.286534,0.268991,-6.1,↓,0.785714,NS,6/15,5,3,0.9494044166666668
Blood,CD4_T,antigen_presentation,IT→IA,IT,IA,0.243236,0.279758,15.0,↑,0.555556,NS,13/20,5,4,0.9717814074074074
Blood,CD4_T,antigen_presentation,IA→AR,IA,AR,0.279758,0.24435,-12.7,↓,0.4,NS,9/12,4,3,0.9206350740740741
Blood,CD4_T,antigen_presentation,CR→AR,CR,AR,0.268991,0.24435,-9.2,↓,0.1,NS,9/9,3,3,0.4833333333333334
Blood,CD8_T,antigen_presentation,NL→IT,NL,IT,0.352817,0.29177,-17.3,↓,0.84127,NS,14/25,5,5,0.9758732
Blood,CD8_T,antigen_presentation,NL→IA,NL,IA,0.352817,0.36228,2.7,↑,0.904762,NS,11/20,5,4,0.9717814074074074
Blood,CD8_T,antigen_presentation,NL→AR,NL,AR,0.352817,0.333208,-5.6,↓,1.0,NS,8/15,5,3,1.0
Blood,CD8_T,antigen_presentation,NL→CR,NL,CR,0.352817,0.326808,-7.4,↓,1.0,NS,7/15,5,3,1.0
Blood,CD8_T,antigen_presentation,IT→IA,IT,IA,0.29177,0.36228,24.2,↑,0.412698,NS,14/20,5,4,0.7978828
Blood,CD8_T,antigen_presentation,IA→AR,IA,AR,0.36228,0.333208,-8.0,↓,0.857143,NS,7/12,4,3,1.0
Blood,CD8_T,antigen_presentation,CR→AR,CR,AR,0.326808,0.333208,2.0,↑,0.7,NS,3/9,3,3,0.7
Blood,NK,antigen_presentation,NL→IT,NL,IT,0.352281,0.351965,-0.1,↓,0.84127,NS,11/25,5,5,0.84127
Blood,NK,antigen_presentation,NL→IA,NL,IA,0.352281,0.355974,1.0,↑,0.730159,NS,12/20,5,4,0.7562361071428572
Blood,NK,antigen_presentation,NL→AR,NL,AR,0.352281,0.363462,3.2,↑,0.785714,NS,9/15,5,3,0.8439150370370371
Blood,NK,antigen_presentation,NL→CR,NL,CR,0.352281,0.376945,7.0,↑,0.785714,NS,9/15,5,3,0.8439150370370371
Blood,NK,antigen_presentation,IT→IA,IT,IA,0.351965,0.355974,1.1,↑,0.555556,NS,13/20,5,4,0.7323238181818182
Blood,NK,antigen_presentation,IA→AR,IA,AR,0.355974,0.363462,2.1,↑,0.628571,NS,8/12,4,3,0.9593978421052631
Blood,NK,antigen_presentation,CR→AR,CR,AR,0.376945,0.363462,-3.6,↓,1.0,NS,5/9,3,3,1.0
Blood,B,antigen_presentation,NL→IT,NL,IT,0.720531,0.763067,5.9,↑,0.150794,NS,20/25,5,5,0.3975478181818182
Blood,B,antigen_presentation,NL→IA,NL,IA,0.720531,0.766487,6.4,↑,0.190476,NS,16/20,5,4,0.34523775
Blood,B,antigen_presentation,NL→AR,NL,AR,0.720531,0.785036,9.0,↑,0.142857,NS,13/15,5,3,0.31868100000000005
Blood,B,antigen_presentation,NL→CR,NL,CR,0.720531,0.756635,5.0,↑,0.25,NS,12/15,5,3,0.453125
Blood,B,antigen_presentation,IT→IA,IT,IA,0.763067,0.766487,0.4,↑,0.730159,NS,12/20,5,4,1.0
Blood,B,antigen_presentation,IA→AR,IA,AR,0.766487,0.785036,2.4,↑,0.114286,NS,11/12,4,3,0.5523799166666666
Blood,B,antigen_presentation,CR→AR,CR,AR,0.756635,0.785036,3.8,↑,0.1,NS,9/9,3,3,0.2416666666666667
Blood,PlasmaB,antigen_presentation,NL→IT,NL,IT,0.377245,0.606947,60.9,↑,0.031746,*,23/25,5,5,0.34523775
Blood,PlasmaB,antigen_presentation,NL→IA,NL,IA,0.377245,0.564145,49.5,↑,0.063492,†,18/20,5,4,0.37737119999999996
Blood,PlasmaB,antigen_presentation,NL→AR,NL,AR,0.377245,0.428089,13.5,↑,0.785714,NS,9/15,5,3,1.0
Blood,PlasmaB,antigen_presentation,NL→CR,NL,CR,0.377245,0.583942,54.8,↑,0.035714,*,15/15,5,3,0.3457766666666667
Blood,PlasmaB,antigen_presentation,IT→IA,IT,IA,0.606947,0.564145,-7.1,↓,0.285714,NS,15/20,5,4,0.9936334444444445
Blood,PlasmaB,antigen_presentation,IA→AR,IA,AR,0.564145,0.428089,-24.1,↓,0.114286,NS,11/12,4,3,0.30129945454545454
Blood,PlasmaB,antigen_presentation,CR→AR,CR,AR,0.583942,0.428089,-26.7,↓,0.1,NS,9/9,3,3,0.32222222222222224
Blood,Myeloid,apoptosis,NL→IT,NL,IT,0.058721,0.06086,3.6,↑,0.904762,NS,11/20,4,5,0.9370749285714285
Blood,Myeloid,apoptosis,NL→IA,NL,IA,0.058721,0.059429,1.2,↑,1.0,NS,8/16,4,4,1.0
Blood,Myeloid,apoptosis,NL→AR,NL,AR,0.058721,0.062474,6.4,↑,0.628571,NS,8/12,4,3,0.8285708636363637
Blood,Myeloid,apoptosis,NL→CR,NL,CR,0.058721,0.081024,38.0,↑,0.114286,NS,11/12,4,3,0.30129945454545454
Blood,Myeloid,apoptosis,IT→IA,IT,IA,0.06086,0.059429,-2.4,↓,1.0,NS,10/20,5,4,1.0
Blood,Myeloid,apoptosis,IA→AR,IA,AR,0.059429,0.062474,5.1,↑,1.0,NS,6/12,4,3,1.0
Blood,Myeloid,apoptosis,CR→AR,CR,AR,0.081024,0.062474,-22.9,↓,0.4,NS,7/9,3,3,0.7250000000000001
Blood,CD4_T,apoptosis,NL→IT,NL,IT,0.096155,0.08356,-13.1,↓,0.547619,NS,16/25,5,5,0.8358395263157895
Blood,CD4_T,apoptosis,NL→IA,NL,IA,0.096155,0.095618,-0.6,↓,0.555556,NS,7/20,5,4,0.8479538947368422
Blood,CD4_T,apoptosis,NL→AR,NL,AR,0.096155,0.083445,-13.2,↓,0.392857,NS,11/15,5,3,0.6329362777777777
Blood,CD4_T,apoptosis,NL→CR,NL,CR,0.096155,0.112348,16.8,↑,0.25,NS,12/15,5,3,0.5576923076923077
Blood,CD4_T,apoptosis,IT→IA,IT,IA,0.08356,0.095618,14.4,↑,0.111111,NS,17/20,5,4,0.7891148571428571
Blood,CD4_T,apoptosis,IA→AR,IA,AR,0.095618,0.083445,-12.7,↓,0.228571,NS,10/12,4,3,0.9206350740740741
Blood,CD4_T,apoptosis,CR→AR,CR,AR,0.112348,0.083445,-25.7,↓,0.1,NS,9/9,3,3,0.4833333333333334
Blood,CD8_T,apoptosis,NL→IT,NL,IT,0.106574,0.085822,-19.5,↓,0.222222,NS,19/25,5,5,0.6444438
Blood,CD8_T,apoptosis,NL→IA,NL,IA,0.106574,0.093668,-12.1,↓,0.555556,NS,13/20,5,4,0.8950624444444445
Blood,CD8_T,apoptosis,NL→AR,NL,AR,0.106574,0.089999,-15.6,↓,0.392857,NS,11/15,5,3,0.8763733076923077
Blood,CD8_T,apoptosis,NL→CR,NL,CR,0.106574,0.117797,10.5,↑,0.25,NS,12/15,5,3,0.6590909090909092
Blood,CD8_T,apoptosis,IT→IA,IT,IA,0.085822,0.093668,9.1,↑,0.555556,NS,13/20,5,4,0.9477131764705884
Blood,CD8_T,apoptosis,IA→AR,IA,AR,0.093668,0.089999,-3.9,↓,0.857143,NS,7/12,4,3,1.0
Blood,CD8_T,apoptosis,CR→AR,CR,AR,0.117797,0.089999,-23.6,↓,0.1,NS,9/9,3,3,0.32222222222222224
Blood,NK,apoptosis,NL→IT,NL,IT,0.086463,0.088263,2.1,↑,0.547619,NS,16/25,5,5,0.6617062916666666
Blood,NK,apoptosis,NL→IA,NL,IA,0.086463,0.091108,5.4,↑,0.412698,NS,14/20,5,4,0.6649023333333334
Blood,NK,apoptosis,NL→AR,NL,AR,0.086463,0.094515,9.3,↑,0.392857,NS,11/15,5,3,0.6701678235294118
Blood,NK,apoptosis,NL→CR,NL,CR,0.086463,0.117424,35.8,↑,0.142857,NS,13/15,5,3,0.34523775
Blood,NK,apoptosis,IT→IA,IT,IA,0.088263,0.091108,3.2,↑,0.285714,NS,15/20,5,4,0.43608978947368426
Blood,NK,apoptosis,IA→AR,IA,AR,0.091108,0.094515,3.7,↑,0.857143,NS,5/12,4,3,0.9942858800000001
Blood,NK,apoptosis,CR→AR,CR,AR,0.117424,0.094515,-19.5,↓,0.1,NS,9/9,3,3,0.4142857142857143
Blood,B,apoptosis,NL→IT,NL,IT,0.058041,0.070601,21.6,↑,0.095238,†,21/25,5,5,0.306878
Blood,B,apoptosis,NL→IA,NL,IA,0.058041,0.076226,31.3,↑,0.015873,*,20/20,5,4,0.11507925000000001
Blood,B,apoptosis,NL→AR,NL,AR,0.058041,0.083644,44.1,↑,0.035714,*,15/15,5,3,0.207466
Blood,B,apoptosis,NL→CR,NL,CR,0.058041,0.084041,44.8,↑,0.035714,*,15/15,5,3,0.17288833333333334
Blood,B,apoptosis,IT→IA,IT,IA,0.070601,0.076226,8.0,↑,0.190476,NS,16/20,5,4,0.6904755
Blood,B,apoptosis,IA→AR,IA,AR,0.076226,0.083644,9.7,↑,0.4,NS,9/12,4,3,0.6444444444444445
Blood,B,apoptosis,CR→AR,CR,AR,0.084041,0.083644,-0.5,↓,1.0,NS,4/9,3,3,1.0
Blood,PlasmaB,apoptosis,NL→IT,NL,IT,0.113738,0.087553,-23.0,↓,0.547619,NS,16/25,5,5,0.7218614090909091
Blood,PlasmaB,apoptosis,NL→IA,NL,IA,0.113738,0.064067,-43.7,↓,0.412698,NS,14/20,5,4,0.748015125
Blood,PlasmaB,apoptosis,NL→AR,NL,AR,0.113738,0.109917,-3.4,↓,1.0,NS,8/15,5,3,1.0
Blood,PlasmaB,apoptosis,NL→CR,NL,CR,0.113738,0.139811,22.9,↑,0.785714,NS,9/15,5,3,0.8439150370370371
Blood,PlasmaB,apoptosis,IT→IA,IT,IA,0.087553,0.064067,-26.8,↓,0.111111,NS,17/20,5,4,0.9936334444444445
Blood,PlasmaB,apoptosis,IA→AR,IA,AR,0.064067,0.109917,71.6,↑,0.057143,†,12/12,4,3,0.30129945454545454
Blood,PlasmaB,apoptosis,CR→AR,CR,AR,0.139811,0.109917,-21.4,↓,0.1,NS,9/9,3,3,0.32222222222222224
Blood,Myeloid,cancer_associated,NL→IT,NL,IT,0.00798,0.007665,-3.9,↓,0.730159,NS,12/20,4,5,0.8822754583333333
Blood,Myeloid,cancer_associated,NL→IA,NL,IA,0.00798,0.013465,68.7,↑,1.0,NS,8/16,4,4,1.0
Blood,Myeloid,cancer_associated,NL→AR,NL,AR,0.00798,0.009029,13.2,↑,1.0,NS,6/12,4,3,1.0
Blood,Myeloid,cancer_associated,NL→CR,NL,CR,0.00798,0.007255,-9.1,↓,1.0,NS,6/12,4,3,1.0
Blood,Myeloid,cancer_associated,IT→IA,IT,IA,0.007665,0.013465,75.7,↑,0.730159,NS,12/20,5,4,1.0
Blood,Myeloid,cancer_associated,IA→AR,IA,AR,0.013465,0.009029,-32.9,↓,1.0,NS,6/12,4,3,1.0
Blood,Myeloid,cancer_associated,CR→AR,CR,AR,0.007255,0.009029,24.5,↑,0.1,NS,9/9,3,3,0.4142857142857143
Blood,CD4_T,cancer_associated,NL→IT,NL,IT,0.02649,0.021864,-17.5,↓,1.0,NS,13/25,5,5,1.0
Blood,CD4_T,cancer_associated,NL→IA,NL,IA,0.02649,0.018238,-31.2,↓,0.555556,NS,13/20,5,4,0.8479538947368422
Blood,CD4_T,cancer_associated,NL→AR,NL,AR,0.02649,0.021028,-20.6,↓,1.0,NS,7/15,5,3,1.0
Blood,CD4_T,cancer_associated,NL→CR,NL,CR,0.02649,0.013964,-47.3,↓,0.142857,NS,13/15,5,3,0.5576923076923077
Blood,CD4_T,cancer_associated,IT→IA,IT,IA,0.021864,0.018238,-16.6,↓,0.555556,NS,13/20,5,4,0.9717814074074074
Blood,CD4_T,cancer_associated,IA→AR,IA,AR,0.018238,0.021028,15.3,↑,0.628571,NS,8/12,4,3,0.9206350740740741
Blood,CD4_T,cancer_associated,CR→AR,CR,AR,0.013964,0.021028,50.6,↑,0.1,NS,9/9,3,3,0.4833333333333334
Blood,CD8_T,cancer_associated,NL→IT,NL,IT,0.025245,0.018173,-28.0,↓,1.0,NS,13/25,5,5,1.0
Blood,CD8_T,cancer_associated,NL→IA,NL,IA,0.025245,0.013452,-46.7,↓,0.555556,NS,13/20,5,4,0.8950624444444445
Blood,CD8_T,cancer_associated,NL→AR,NL,AR,0.025245,0.012437,-50.7,↓,0.392857,NS,11/15,5,3,0.8763733076923077
Blood,CD8_T,cancer_associated,NL→CR,NL,CR,0.025245,0.010074,-60.1,↓,0.392857,NS,11/15,5,3,0.7595235333333333
Blood,CD8_T,cancer_associated,IT→IA,IT,IA,0.018173,0.013452,-26.0,↓,0.285714,NS,15/20,5,4,0.7978828
Blood,CD8_T,cancer_associated,IA→AR,IA,AR,0.013452,0.012437,-7.5,↓,1.0,NS,6/12,4,3,1.0
Blood,CD8_T,cancer_associated,CR→AR,CR,AR,0.010074,0.012437,23.5,↑,0.4,NS,7/9,3,3,0.58
Blood,NK,cancer_associated,NL→IT,NL,IT,0.003655,0.004004,9.6,↑,0.84127,NS,14/25,5,5,0.84127
Blood,NK,cancer_associated,NL→IA,NL,IA,0.003655,0.007482,104.7,↑,0.111111,NS,17/20,5,4,0.26851825
Blood,NK,cancer_associated,NL→AR,NL,AR,0.003655,0.003961,8.4,↑,1.0,NS,8/15,5,3,1.0
Blood,NK,cancer_associated,NL→CR,NL,CR,0.003655,0.00404,10.6,↑,0.785714,NS,9/15,5,3,0.8439150370370371
Blood,NK,cancer_associated,IT→IA,IT,IA,0.004004,0.007482,86.9,↑,0.111111,NS,17/20,5,4,0.26851825
Blood,NK,cancer_associated,IA→AR,IA,AR,0.007482,0.003961,-47.1,↓,0.228571,NS,10/12,4,3,0.7365065555555556
Blood,NK,cancer_associated,CR→AR,CR,AR,0.00404,0.003961,-2.0,↓,1.0,NS,4/9,3,3,1.0
Blood,B,cancer_associated,NL→IT,NL,IT,0.01573,0.015629,-0.6,↓,1.0,NS,12/25,5,5,1.0
Blood,B,cancer_associated,NL→IA,NL,IA,0.01573,0.015388,-2.2,↓,1.0,NS,10/20,5,4,1.0
Blood,B,cancer_associated,NL→AR,NL,AR,0.01573,0.011136,-29.2,↓,0.392857,NS,11/15,5,3,0.6701678235294118
Blood,B,cancer_associated,NL→CR,NL,CR,0.01573,0.011147,-29.1,↓,0.392857,NS,11/15,5,3,0.5425168095238095
Blood,B,cancer_associated,IT→IA,IT,IA,0.015629,0.015388,-1.5,↓,1.0,NS,10/20,5,4,1.0
Blood,B,cancer_associated,IA→AR,IA,AR,0.015388,0.011136,-27.6,↓,0.114286,NS,11/12,4,3,0.5523799166666666
Blood,B,cancer_associated,CR→AR,CR,AR,0.011147,0.011136,-0.1,↓,1.0,NS,4/9,3,3,1.0
Blood,PlasmaB,cancer_associated,NL→IT,NL,IT,0.013128,0.004434,-66.2,↓,0.440686,NS,10/25,5,5,0.687825052631579
Blood,PlasmaB,cancer_associated,NL→IA,NL,IA,0.013128,0.005355,-59.2,↓,0.708624,NS,8/20,5,4,0.8469844400000001
Blood,PlasmaB,cancer_associated,NL→AR,NL,AR,0.013128,0.001801,-86.3,↓,1.0,NS,6/15,5,3,1.0
Blood,PlasmaB,cancer_associated,NL→CR,NL,CR,0.013128,0.005156,-60.7,↓,0.759982,NS,6/15,5,3,0.8439150370370371
Blood,PlasmaB,cancer_associated,IT→IA,IT,IA,0.004434,0.005355,20.8,↑,0.15939,NS,16/20,5,4,0.9936334444444445
Blood,PlasmaB,cancer_associated,IA→AR,IA,AR,0.005355,0.001801,-66.4,↓,0.228571,NS,10/12,4,3,0.4142849375
Blood,PlasmaB,cancer_associated,CR→AR,CR,AR,0.005156,0.001801,-65.1,↓,0.2,NS,8/9,3,3,0.4142857142857143
Blood,Myeloid,cell_cycle,NL→IT,NL,IT,0.044926,0.030944,-31.1,↓,0.063492,†,18/20,4,5,0.15343900000000002
Blood,Myeloid,cell_cycle,NL→IA,NL,IA,0.044926,0.050543,12.5,↑,0.885714,NS,7/16,4,4,0.9879117692307692
Blood,Myeloid,cell_cycle,NL→AR,NL,AR,0.044926,0.039145,-12.9,↓,0.857143,NS,7/12,4,3,0.9206350740740741
Blood,Myeloid,cell_cycle,NL→CR,NL,CR,0.044926,0.045251,0.7,↑,0.857143,NS,5/12,4,3,0.9560441153846153
Blood,Myeloid,cell_cycle,IT→IA,IT,IA,0.030944,0.050543,63.3,↑,0.730159,NS,12/20,5,4,1.0
Blood,Myeloid,cell_cycle,IA→AR,IA,AR,0.050543,0.039145,-22.6,↓,0.857143,NS,7/12,4,3,1.0
Blood,Myeloid,cell_cycle,CR→AR,CR,AR,0.045251,0.039145,-13.5,↓,0.7,NS,6/9,3,3,0.8458333333333333
Blood,CD4_T,cell_cycle,NL→IT,NL,IT,0.028638,0.019809,-30.8,↓,0.420635,NS,17/25,5,5,0.7175538235294118
Blood,CD4_T,cell_cycle,NL→IA,NL,IA,0.028638,0.031864,11.3,↑,0.904762,NS,11/20,5,4,1.0
Blood,CD4_T,cell_cycle,NL→AR,NL,AR,0.028638,0.02045,-28.6,↓,0.392857,NS,11/15,5,3,0.6329362777777777
Blood,CD4_T,cell_cycle,NL→CR,NL,CR,0.028638,0.023899,-16.5,↓,0.785714,NS,9/15,5,3,0.9494044166666668
Blood,CD4_T,cell_cycle,IT→IA,IT,IA,0.019809,0.031864,60.9,↑,0.190476,NS,16/20,5,4,0.7891148571428571
Blood,CD4_T,cell_cycle,IA→AR,IA,AR,0.031864,0.02045,-35.8,↓,0.628571,NS,8/12,4,3,0.9206350740740741
Blood,CD4_T,cell_cycle,CR→AR,CR,AR,0.023899,0.02045,-14.4,↓,0.7,NS,6/9,3,3,1.0
Blood,CD8_T,cell_cycle,NL→IT,NL,IT,0.02557,0.01906,-25.5,↓,0.547619,NS,16/25,5,5,0.9101729090909091
Blood,CD8_T,cell_cycle,NL→IA,NL,IA,0.02557,0.026224,2.6,↑,1.0,NS,10/20,5,4,1.0
Blood,CD8_T,cell_cycle,NL→AR,NL,AR,0.02557,0.019334,-24.4,↓,0.785714,NS,9/15,5,3,1.0
Blood,CD8_T,cell_cycle,NL→CR,NL,CR,0.02557,0.026031,1.8,↑,0.785714,NS,9/15,5,3,0.9906828695652173
Blood,CD8_T,cell_cycle,IT→IA,IT,IA,0.01906,0.026224,37.6,↑,0.412698,NS,14/20,5,4,0.7978828
Blood,CD8_T,cell_cycle,IA→AR,IA,AR,0.026224,0.019334,-26.3,↓,0.4,NS,9/12,4,3,0.9666666666666668
Blood,CD8_T,cell_cycle,CR→AR,CR,AR,0.026031,0.019334,-25.7,↓,0.1,NS,9/9,3,3,0.32222222222222224
Blood,NK,cell_cycle,NL→IT,NL,IT,0.029569,0.020274,-31.4,↓,0.222222,NS,19/25,5,5,0.460317
Blood,NK,cell_cycle,NL→IA,NL,IA,0.029569,0.026297,-11.1,↓,0.730159,NS,12/20,5,4,0.7562361071428572
Blood,NK,cell_cycle,NL→AR,NL,AR,0.029569,0.019902,-32.7,↓,0.392857,NS,11/15,5,3,0.6701678235294118
Blood,NK,cell_cycle,NL→CR,NL,CR,0.029569,0.024408,-17.5,↓,0.785714,NS,9/15,5,3,0.8439150370370371
Blood,NK,cell_cycle,IT→IA,IT,IA,0.020274,0.026297,29.7,↑,0.111111,NS,17/20,5,4,0.26851825
Blood,NK,cell_cycle,IA→AR,IA,AR,0.026297,0.019902,-24.3,↓,0.4,NS,9/12,4,3,0.7733333333333333
Blood,NK,cell_cycle,CR→AR,CR,AR,0.024408,0.019902,-18.5,↓,0.1,NS,9/9,3,3,0.4142857142857143
Blood,B,cell_cycle,NL→IT,NL,IT,0.039853,0.041404,3.9,↑,0.690476,NS,15/25,5,5,1.0
Blood,B,cell_cycle,NL→IA,NL,IA,0.039853,0.046873,17.6,↑,0.555556,NS,13/20,5,4,0.7323238181818182
Blood,B,cell_cycle,NL→AR,NL,AR,0.039853,0.041174,3.3,↑,0.785714,NS,9/15,5,3,0.8763733076923077
Blood,B,cell_cycle,NL→CR,NL,CR,0.039853,0.044834,12.5,↑,0.785714,NS,9/15,5,3,0.8439150370370371
Blood,B,cell_cycle,IT→IA,IT,IA,0.041404,0.046873,13.2,↑,0.111111,NS,17/20,5,4,0.5370365
Blood,B,cell_cycle,IA→AR,IA,AR,0.046873,0.041174,-12.2,↓,0.228571,NS,10/12,4,3,0.5523799166666666
Blood,B,cell_cycle,CR→AR,CR,AR,0.044834,0.041174,-8.2,↓,0.1,NS,9/9,3,3,0.2416666666666667
Blood,PlasmaB,cell_cycle,NL→IT,NL,IT,0.083868,0.04028,-52.0,↓,0.309524,NS,18/25,5,5,0.687825052631579
Blood,PlasmaB,cell_cycle,NL→IA,NL,IA,0.083868,0.049149,-41.4,↓,0.412698,NS,14/20,5,4,0.748015125
Blood,PlasmaB,cell_cycle,NL→AR,NL,AR,0.083868,0.037028,-55.8,↓,0.392857,NS,11/15,5,3,1.0
Blood,PlasmaB,cell_cycle,NL→CR,NL,CR,0.083868,0.051569,-38.5,↓,0.571429,NS,10/15,5,3,0.8285720499999999
Blood,PlasmaB,cell_cycle,IT→IA,IT,IA,0.04028,0.049149,22.0,↑,0.904762,NS,11/20,5,4,1.0
Blood,PlasmaB,cell_cycle,IA→AR,IA,AR,0.049149,0.037028,-24.7,↓,0.628571,NS,8/12,4,3,0.72914236
Blood,PlasmaB,cell_cycle,CR→AR,CR,AR,0.051569,0.037028,-28.2,↓,0.4,NS,7/9,3,3,0.6444444444444445
Blood,Myeloid,checkpoint,NL→IT,NL,IT,0.018195,0.005745,-68.4,↓,0.111111,NS,17/20,4,5,0.2148146
Blood,Myeloid,checkpoint,NL→IA,NL,IA,0.018195,0.009897,-45.6,↓,0.485714,NS,11/16,4,4,0.8285709411764707
Blood,Myeloid,checkpoint,NL→AR,NL,AR,0.018195,0.005801,-68.1,↓,0.228571,NS,10/12,4,3,0.6025962727272728
Blood,Myeloid,checkpoint,NL→CR,NL,CR,0.018195,0.00729,-59.9,↓,0.4,NS,9/12,4,3,0.6823529411764707
Blood,Myeloid,checkpoint,IT→IA,IT,IA,0.005745,0.009897,72.3,↑,1.0,NS,10/20,5,4,1.0
Blood,Myeloid,checkpoint,IA→AR,IA,AR,0.009897,0.005801,-41.4,↓,1.0,NS,6/12,4,3,1.0
Blood,Myeloid,checkpoint,CR→AR,CR,AR,0.00729,0.005801,-20.4,↓,0.7,NS,6/9,3,3,0.8458333333333333
Blood,CD4_T,checkpoint,NL→IT,NL,IT,0.068567,0.027025,-60.6,↓,0.055556,†,22/25,5,5,0.402781
Blood,CD4_T,checkpoint,NL→IA,NL,IA,0.068567,0.045915,-33.0,↓,0.412698,NS,14/20,5,4,0.8479538947368422
Blood,CD4_T,checkpoint,NL→AR,NL,AR,0.068567,0.024184,-64.7,↓,0.142857,NS,13/15,5,3,0.6329362777777777
Blood,CD4_T,checkpoint,NL→CR,NL,CR,0.068567,0.02472,-63.9,↓,0.071429,†,14/15,5,3,0.51786025
Blood,CD4_T,checkpoint,IT→IA,IT,IA,0.027025,0.045915,69.9,↑,0.904762,NS,11/20,5,4,0.9717814074074074
Blood,CD4_T,checkpoint,IA→AR,IA,AR,0.045915,0.024184,-47.3,↓,0.857143,NS,5/12,4,3,0.9206350740740741
Blood,CD4_T,checkpoint,CR→AR,CR,AR,0.02472,0.024184,-2.2,↓,1.0,NS,5/9,3,3,1.0
Blood,CD8_T,checkpoint,NL→IT,NL,IT,0.077534,0.037587,-51.5,↓,0.031746,*,23/25,5,5,0.23015850000000002
Blood,CD8_T,checkpoint,NL→IA,NL,IA,0.077534,0.081072,4.6,↑,0.412698,NS,6/20,5,4,0.8950624444444445
Blood,CD8_T,checkpoint,NL→AR,NL,AR,0.077534,0.046567,-39.9,↓,0.142857,NS,13/15,5,3,0.8763733076923077
Blood,CD8_T,checkpoint,NL→CR,NL,CR,0.077534,0.028118,-63.7,↓,0.035714,*,15/15,5,3,0.517853
Blood,CD8_T,checkpoint,IT→IA,IT,IA,0.037587,0.081072,115.7,↑,1.0,NS,10/20,5,4,1.0
Blood,CD8_T,checkpoint,IA→AR,IA,AR,0.081072,0.046567,-42.6,↓,1.0,NS,6/12,4,3,1.0
Blood,CD8_T,checkpoint,CR→AR,CR,AR,0.028118,0.046567,65.6,↑,0.1,NS,9/9,3,3,0.32222222222222224
Blood,NK,checkpoint,NL→IT,NL,IT,0.081634,0.055766,-31.7,↓,0.015873,*,24/25,5,5,0.0920634
Blood,NK,checkpoint,NL→IA,NL,IA,0.081634,0.056695,-30.6,↓,0.063492,†,18/20,5,4,0.20458533333333334
Blood,NK,checkpoint,NL→AR,NL,AR,0.081634,0.049252,-39.7,↓,0.035714,*,15/15,5,3,0.12946325
Blood,NK,checkpoint,NL→CR,NL,CR,0.081634,0.048586,-40.5,↓,0.071429,†,14/15,5,3,0.29592014285714285
Blood,NK,checkpoint,IT→IA,IT,IA,0.055766,0.056695,1.7,↑,0.904762,NS,9/20,5,4,0.9717814074074074
Blood,NK,checkpoint,IA→AR,IA,AR,0.056695,0.049252,-13.1,↓,1.0,NS,6/12,4,3,1.0
Blood,NK,checkpoint,CR→AR,CR,AR,0.048586,0.049252,1.4,↑,0.7,NS,6/9,3,3,1.0
Blood,B,checkpoint,NL→IT,NL,IT,0.036398,0.007987,-78.1,↓,0.031746,*,23/25,5,5,0.2013905
Blood,B,checkpoint,NL→IA,NL,IA,0.036398,0.01217,-66.6,↓,0.111111,NS,17/20,5,4,0.34523775
Blood,B,checkpoint,NL→AR,NL,AR,0.036398,0.006018,-83.5,↓,0.035714,*,15/15,5,3,0.207466
Blood,B,checkpoint,NL→CR,NL,CR,0.036398,0.009399,-74.2,↓,0.142857,NS,13/15,5,3,0.453125
Blood,B,checkpoint,IT→IA,IT,IA,0.007987,0.01217,52.4,↑,0.285714,NS,15/20,5,4,0.9206340000000001
Blood,B,checkpoint,IA→AR,IA,AR,0.01217,0.006018,-50.5,↓,0.228571,NS,10/12,4,3,0.5523799166666666
Blood,B,checkpoint,CR→AR,CR,AR,0.009399,0.006018,-36.0,↓,0.4,NS,7/9,3,3,0.6823529411764707
Blood,PlasmaB,checkpoint,NL→IT,NL,IT,5.5e-05,0.004963,9004.6,↑,0.263552,NS,15/25,5,5,0.687825052631579
Blood,PlasmaB,checkpoint,NL→IA,NL,IA,5.5e-05,0.008509,15509.9,↑,0.017451,*,20/20,5,4,0.37737119999999996
Blood,PlasmaB,checkpoint,NL→AR,NL,AR,5.5e-05,0.001113,1941.7,↑,1.0,NS,5/15,5,3,1.0
Blood,PlasmaB,checkpoint,NL→CR,NL,CR,5.5e-05,0.013793,25204.0,↑,0.031395,*,15/15,5,3,0.3457766666666667
Blood,PlasmaB,checkpoint,IT→IA,IT,IA,0.004963,0.008509,71.5,↑,0.268341,NS,15/20,5,4,0.9936334444444445
Blood,PlasmaB,checkpoint,IA→AR,IA,AR,0.008509,0.001113,-86.9,↓,0.108408,NS,11/12,4,3,0.30129945454545454
Blood,PlasmaB,checkpoint,CR→AR,CR,AR,0.013793,0.001113,-91.9,↓,0.076523,†,9/9,3,3,0.32222222222222224
Blood,Myeloid,cytotoxicity,NL→IT,NL,IT,0.011397,0.004029,-64.6,↓,0.031746,*,19/20,4,5,0.10229266666666667
Blood,Myeloid,cytotoxicity,NL→IA,NL,IA,0.011397,0.004942,-56.6,↓,0.028571,*,16/16,4,4,0.13809316666666666
Blood,Myeloid,cytotoxicity,NL→AR,NL,AR,0.011397,0.005347,-53.1,↓,0.114286,NS,11/12,4,3,0.41428675
Blood,Myeloid,cytotoxicity,NL→CR,NL,CR,0.011397,0.005611,-50.8,↓,0.057143,†,12/12,4,3,0.2367352857142857
Blood,Myeloid,cytotoxicity,IT→IA,IT,IA,0.004029,0.004942,22.7,↑,0.412698,NS,14/20,5,4,1.0
Blood,Myeloid,cytotoxicity,IA→AR,IA,AR,0.004942,0.005347,8.2,↑,0.628571,NS,8/12,4,3,1.0
Blood,Myeloid,cytotoxicity,CR→AR,CR,AR,0.005611,0.005347,-4.7,↓,1.0,NS,5/9,3,3,1.0
Blood,CD4_T,cytotoxicity,NL→IT,NL,IT,0.136274,0.076833,-43.6,↓,0.690476,NS,15/25,5,5,0.9101729090909091
Blood,CD4_T,cytotoxicity,NL→IA,NL,IA,0.136274,0.119215,-12.5,↓,1.0,NS,10/20,5,4,1.0
Blood,CD4_T,cytotoxicity,NL→AR,NL,AR,0.136274,0.059673,-56.2,↓,0.392857,NS,11/15,5,3,0.6329362777777777
Blood,CD4_T,cytotoxicity,NL→CR,NL,CR,0.136274,0.059252,-56.5,↓,0.392857,NS,11/15,5,3,0.6329362777777777
Blood,CD4_T,cytotoxicity,IT→IA,IT,IA,0.076833,0.119215,55.2,↑,0.555556,NS,13/20,5,4,0.9717814074074074
Blood,CD4_T,cytotoxicity,IA→AR,IA,AR,0.119215,0.059673,-49.9,↓,0.4,NS,9/12,4,3,0.9206350740740741
Blood,CD4_T,cytotoxicity,CR→AR,CR,AR,0.059252,0.059673,0.7,↑,1.0,NS,4/9,3,3,1.0
Blood,CD8_T,cytotoxicity,NL→IT,NL,IT,0.258674,0.208545,-19.4,↓,0.690476,NS,15/25,5,5,0.9101729090909091
Blood,CD8_T,cytotoxicity,NL→IA,NL,IA,0.258674,0.272465,5.3,↑,0.730159,NS,12/20,5,4,0.9717814074074074
Blood,CD8_T,cytotoxicity,NL→AR,NL,AR,0.258674,0.314602,21.6,↑,0.392857,NS,11/15,5,3,0.8763733076923077
Blood,CD8_T,cytotoxicity,NL→CR,NL,CR,0.258674,0.202506,-21.7,↓,1.0,NS,8/15,5,3,1.0
Blood,CD8_T,cytotoxicity,IT→IA,IT,IA,0.208545,0.272465,30.7,↑,0.555556,NS,13/20,5,4,0.9477131764705884
Blood,CD8_T,cytotoxicity,IA→AR,IA,AR,0.272465,0.314602,15.5,↑,1.0,NS,6/12,4,3,1.0
Blood,CD8_T,cytotoxicity,CR→AR,CR,AR,0.202506,0.314602,55.4,↑,0.2,NS,8/9,3,3,0.4461538461538462
Blood,NK,cytotoxicity,NL→IT,NL,IT,0.605604,0.645632,6.6,↑,0.309524,NS,18/25,5,5,0.4986775555555556
Blood,NK,cytotoxicity,NL→IA,NL,IA,0.605604,0.624917,3.2,↑,0.555556,NS,13/20,5,4,0.6712968333333335
Blood,NK,cytotoxicity,NL→AR,NL,AR,0.605604,0.634297,4.7,↑,0.571429,NS,10/15,5,3,0.789116238095238
Blood,NK,cytotoxicity,NL→CR,NL,CR,0.605604,0.567753,-6.3,↓,0.571429,NS,10/15,5,3,0.8285720499999999
Blood,NK,cytotoxicity,IT→IA,IT,IA,0.645632,0.624917,-3.2,↓,0.412698,NS,14/20,5,4,0.5984121
Blood,NK,cytotoxicity,IA→AR,IA,AR,0.624917,0.634297,1.5,↑,0.857143,NS,5/12,4,3,0.9942858800000001
Blood,NK,cytotoxicity,CR→AR,CR,AR,0.567753,0.634297,11.7,↑,0.1,NS,9/9,3,3,0.4142857142857143
Blood,B,cytotoxicity,NL→IT,NL,IT,0.007409,0.004865,-34.3,↓,1.0,NS,13/25,5,5,1.0
Blood,B,cytotoxicity,NL→IA,NL,IA,0.007409,0.005966,-19.5,↓,1.0,NS,10/20,5,4,1.0
Blood,B,cytotoxicity,NL→AR,NL,AR,0.007409,0.006814,-8.0,↓,1.0,NS,7/15,5,3,1.0
Blood,B,cytotoxicity,NL→CR,NL,CR,0.007409,0.00425,-42.6,↓,0.764228,NS,9/15,5,3,0.8439150370370371
Blood,B,cytotoxicity,IT→IA,IT,IA,0.004865,0.005966,22.6,↑,0.730159,NS,12/20,5,4,1.0
Blood,B,cytotoxicity,IA→AR,IA,AR,0.005966,0.006814,14.2,↑,0.857143,NS,5/12,4,3,1.0
Blood,B,cytotoxicity,CR→AR,CR,AR,0.00425,0.006814,60.3,↑,1.0,NS,5/9,3,3,1.0
Blood,PlasmaB,cytotoxicity,NL→IT,NL,IT,0.017412,0.076292,338.2,↑,0.036145,*,23/25,5,5,0.34523775
Blood,PlasmaB,cytotoxicity,NL→IA,NL,IA,0.017412,0.066713,283.1,↑,0.065064,†,18/20,5,4,0.37737119999999996
Blood,PlasmaB,cytotoxicity,NL→AR,NL,AR,0.017412,0.018207,4.6,↑,0.548595,NS,10/15,5,3,1.0
Blood,PlasmaB,cytotoxicity,NL→CR,NL,CR,0.017412,0.040133,130.5,↑,0.230243,NS,12/15,5,3,0.6041666666666666
Blood,PlasmaB,cytotoxicity,IT→IA,IT,IA,0.076292,0.066713,-12.6,↓,0.730159,NS,12/20,5,4,1.0
Blood,PlasmaB,cytotoxicity,IA→AR,IA,AR,0.066713,0.018207,-72.7,↓,0.114286,NS,11/12,4,3,0.30129945454545454
Blood,PlasmaB,cytotoxicity,CR→AR,CR,AR,0.040133,0.018207,-54.6,↓,0.2,NS,8/9,3,3,0.4142857142857143
Blood,Myeloid,epigenetics,NL→IT,NL,IT,0.02623,0.035853,36.7,↑,0.015873,*,20/20,4,5,0.06575957142857143
Blood,Myeloid,epigenetics,NL→IA,NL,IA,0.02623,0.036944,40.8,↑,0.028571,*,16/16,4,4,0.13809316666666666
Blood,Myeloid,epigenetics,NL→AR,NL,AR,0.02623,0.038107,45.3,↑,0.4,NS,9/12,4,3,0.6105263157894737
Blood,Myeloid,epigenetics,NL→CR,NL,CR,0.02623,0.0403,53.6,↑,0.057143,†,12/12,4,3,0.2367352857142857
Blood,Myeloid,epigenetics,IT→IA,IT,IA,0.035853,0.036944,3.0,↑,0.904762,NS,9/20,5,4,1.0
Blood,Myeloid,epigenetics,IA→AR,IA,AR,0.036944,0.038107,3.1,↑,0.857143,NS,7/12,4,3,1.0
Blood,Myeloid,epigenetics,CR→AR,CR,AR,0.0403,0.038107,-5.4,↓,1.0,NS,5/9,3,3,1.0
Blood,CD4_T,epigenetics,NL→IT,NL,IT,0.045365,0.047815,5.4,↑,0.84127,NS,14/25,5,5,0.9758732
Blood,CD4_T,epigenetics,NL→IA,NL,IA,0.045365,0.046295,2.0,↑,1.0,NS,10/20,5,4,1.0
Blood,CD4_T,epigenetics,NL→AR,NL,AR,0.045365,0.050071,10.4,↑,0.785714,NS,9/15,5,3,0.8763733076923077
Blood,CD4_T,epigenetics,NL→CR,NL,CR,0.045365,0.045269,-0.2,↓,1.0,NS,8/15,5,3,1.0
Blood,CD4_T,epigenetics,IT→IA,IT,IA,0.047815,0.046295,-3.2,↓,0.904762,NS,9/20,5,4,0.9717814074074074
Blood,CD4_T,epigenetics,IA→AR,IA,AR,0.046295,0.050071,8.2,↑,0.857143,NS,7/12,4,3,0.9206350740740741
Blood,CD4_T,epigenetics,CR→AR,CR,AR,0.045269,0.050071,10.6,↑,0.4,NS,7/9,3,3,0.8285714285714286
Blood,CD8_T,epigenetics,NL→IT,NL,IT,0.039026,0.047853,22.6,↑,0.547619,NS,16/25,5,5,0.9101729090909091
Blood,CD8_T,epigenetics,NL→IA,NL,IA,0.039026,0.046144,18.2,↑,0.730159,NS,12/20,5,4,0.9717814074074074
Blood,CD8_T,epigenetics,NL→AR,NL,AR,0.039026,0.045246,15.9,↑,1.0,NS,8/15,5,3,1.0
Blood,CD8_T,epigenetics,NL→CR,NL,CR,0.039026,0.050696,29.9,↑,0.571429,NS,10/15,5,3,0.920635611111111
Blood,CD8_T,epigenetics,IT→IA,IT,IA,0.047853,0.046144,-3.6,↓,0.730159,NS,12/20,5,4,1.0
Blood,CD8_T,epigenetics,IA→AR,IA,AR,0.046144,0.045246,-1.9,↓,0.857143,NS,7/12,4,3,1.0
Blood,CD8_T,epigenetics,CR→AR,CR,AR,0.050696,0.045246,-10.8,↓,0.4,NS,7/9,3,3,0.58
Blood,NK,epigenetics,NL→IT,NL,IT,0.038813,0.044319,14.2,↑,0.309524,NS,18/25,5,5,0.4986775555555556
Blood,NK,epigenetics,NL→IA,NL,IA,0.038813,0.044619,15.0,↑,0.555556,NS,13/20,5,4,0.6712968333333335
Blood,NK,epigenetics,NL→AR,NL,AR,0.038813,0.045809,18.0,↑,0.392857,NS,11/15,5,3,0.6701678235294118
Blood,NK,epigenetics,NL→CR,NL,CR,0.038813,0.045201,16.5,↑,0.142857,NS,13/15,5,3,0.34523775
Blood,NK,epigenetics,IT→IA,IT,IA,0.044319,0.044619,0.7,↑,1.0,NS,10/20,5,4,1.0
Blood,NK,epigenetics,IA→AR,IA,AR,0.044619,0.045809,2.7,↑,1.0,NS,6/12,4,3,1.0
Blood,NK,epigenetics,CR→AR,CR,AR,0.045201,0.045809,1.3,↑,1.0,NS,4/9,3,3,1.0
Blood,B,epigenetics,NL→IT,NL,IT,0.030236,0.043157,42.7,↑,0.834035,NS,14/25,5,5,1.0
Blood,B,epigenetics,NL→IA,NL,IA,0.030236,0.046906,55.1,↑,0.712155,NS,12/20,5,4,0.8979345652173912
Blood,B,epigenetics,NL→AR,NL,AR,0.030236,0.048677,61.0,↑,0.764228,NS,9/15,5,3,0.8763733076923077
Blood,B,epigenetics,NL→CR,NL,CR,0.030236,0.051041,68.8,↑,0.368227,NS,11/15,5,3,0.5425168095238095
Blood,B,epigenetics,IT→IA,IT,IA,0.043157,0.046906,8.7,↑,0.730159,NS,12/20,5,4,1.0
Blood,B,epigenetics,IA→AR,IA,AR,0.046906,0.048677,3.8,↑,1.0,NS,6/12,4,3,1.0
Blood,B,epigenetics,CR→AR,CR,AR,0.051041,0.048677,-4.6,↓,0.7,NS,6/9,3,3,0.8826086956521738
Blood,PlasmaB,epigenetics,NL→IT,NL,IT,0.030917,0.029059,-6.0,↓,0.84127,NS,11/25,5,5,0.9035862962962963
Blood,PlasmaB,epigenetics,NL→IA,NL,IA,0.030917,0.033345,7.9,↑,0.730159,NS,12/20,5,4,0.8469844400000001
Blood,PlasmaB,epigenetics,NL→AR,NL,AR,0.030917,0.013927,-55.0,↓,0.652783,NS,9/15,5,3,1.0
Blood,PlasmaB,epigenetics,NL→CR,NL,CR,0.030917,0.036309,17.4,↑,0.392857,NS,11/15,5,3,0.6701678235294118
Blood,PlasmaB,epigenetics,IT→IA,IT,IA,0.029059,0.033345,14.8,↑,1.0,NS,10/20,5,4,1.0
Blood,PlasmaB,epigenetics,IA→AR,IA,AR,0.033345,0.013927,-58.2,↓,0.4,NS,9/12,4,3,0.6105263157894737
Blood,PlasmaB,epigenetics,CR→AR,CR,AR,0.036309,0.013927,-61.6,↓,0.2,NS,8/9,3,3,0.4142857142857143
Blood,Myeloid,exhaustion,NL→IT,NL,IT,0.025726,0.01209,-53.0,↓,0.285714,NS,15/20,4,5,0.4873944705882354
Blood,Myeloid,exhaustion,NL→IA,NL,IA,0.025726,0.021219,-17.5,↓,0.885714,NS,9/16,4,4,0.9879117692307692
Blood,Myeloid,exhaustion,NL→AR,NL,AR,0.025726,0.012076,-53.1,↓,0.4,NS,9/12,4,3,0.6105263157894737
Blood,Myeloid,exhaustion,NL→CR,NL,CR,0.025726,0.017002,-33.9,↓,0.4,NS,9/12,4,3,0.6823529411764707
Blood,Myeloid,exhaustion,IT→IA,IT,IA,0.01209,0.021219,75.5,↑,0.555556,NS,13/20,5,4,1.0
Blood,Myeloid,exhaustion,IA→AR,IA,AR,0.021219,0.012076,-43.1,↓,0.628571,NS,8/12,4,3,1.0
Blood,Myeloid,exhaustion,CR→AR,CR,AR,0.017002,0.012076,-29.0,↓,0.1,NS,9/9,3,3,0.4142857142857143
Blood,CD4_T,exhaustion,NL→IT,NL,IT,0.06599,0.025531,-61.3,↓,0.055556,†,22/25,5,5,0.402781
Blood,CD4_T,exhaustion,NL→IA,NL,IA,0.06599,0.043932,-33.4,↓,0.412698,NS,14/20,5,4,0.8479538947368422
Blood,CD4_T,exhaustion,NL→AR,NL,AR,0.06599,0.022448,-66.0,↓,0.142857,NS,13/15,5,3,0.6329362777777777
Blood,CD4_T,exhaustion,NL→CR,NL,CR,0.06599,0.022457,-66.0,↓,0.071429,†,14/15,5,3,0.51786025
Blood,CD4_T,exhaustion,IT→IA,IT,IA,0.025531,0.043932,72.1,↑,0.904762,NS,11/20,5,4,0.9717814074074074
Blood,CD4_T,exhaustion,IA→AR,IA,AR,0.043932,0.022448,-48.9,↓,0.857143,NS,7/12,4,3,0.9206350740740741
Blood,CD4_T,exhaustion,CR→AR,CR,AR,0.022457,0.022448,-0.0,↓,1.0,NS,4/9,3,3,1.0
Blood,CD8_T,exhaustion,NL→IT,NL,IT,0.072514,0.036646,-49.5,↓,0.055556,†,22/25,5,5,0.3222248
Blood,CD8_T,exhaustion,NL→IA,NL,IA,0.072514,0.079198,9.2,↑,0.555556,NS,7/20,5,4,0.8950624444444445
Blood,CD8_T,exhaustion,NL→AR,NL,AR,0.072514,0.04617,-36.3,↓,0.25,NS,12/15,5,3,0.8763733076923077
Blood,CD8_T,exhaustion,NL→CR,NL,CR,0.072514,0.027733,-61.8,↓,0.035714,*,15/15,5,3,0.517853
Blood,CD8_T,exhaustion,IT→IA,IT,IA,0.036646,0.079198,116.1,↑,0.904762,NS,11/20,5,4,1.0
Blood,CD8_T,exhaustion,IA→AR,IA,AR,0.079198,0.04617,-41.7,↓,1.0,NS,6/12,4,3,1.0
Blood,CD8_T,exhaustion,CR→AR,CR,AR,0.027733,0.04617,66.5,↑,0.1,NS,9/9,3,3,0.32222222222222224
Blood,NK,exhaustion,NL→IT,NL,IT,0.0807,0.055547,-31.2,↓,0.015873,*,24/25,5,5,0.0920634
Blood,NK,exhaustion,NL→IA,NL,IA,0.0807,0.056727,-29.7,↓,0.111111,NS,17/20,5,4,0.26851825
Blood,NK,exhaustion,NL→AR,NL,AR,0.0807,0.049066,-39.2,↓,0.035714,*,15/15,5,3,0.12946325
Blood,NK,exhaustion,NL→CR,NL,CR,0.0807,0.049112,-39.1,↓,0.071429,†,14/15,5,3,0.29592014285714285
Blood,NK,exhaustion,IT→IA,IT,IA,0.055547,0.056727,2.1,↑,0.904762,NS,9/20,5,4,0.9717814074074074
Blood,NK,exhaustion,IA→AR,IA,AR,0.056727,0.049066,-13.5,↓,1.0,NS,6/12,4,3,1.0
Blood,NK,exhaustion,CR→AR,CR,AR,0.049112,0.049066,-0.1,↓,0.7,NS,3/9,3,3,1.0
Blood,B,exhaustion,NL→IT,NL,IT,0.040859,0.015073,-63.1,↓,0.031746,*,23/25,5,5,0.2013905
Blood,B,exhaustion,NL→IA,NL,IA,0.040859,0.019584,-52.1,↓,0.190476,NS,16/20,5,4,0.34523775
Blood,B,exhaustion,NL→AR,NL,AR,0.040859,0.01022,-75.0,↓,0.035714,*,15/15,5,3,0.207466
Blood,B,exhaustion,NL→CR,NL,CR,0.040859,0.014241,-65.1,↓,0.035714,*,15/15,5,3,0.17288833333333334
Blood,B,exhaustion,IT→IA,IT,IA,0.015073,0.019584,29.9,↑,0.730159,NS,12/20,5,4,1.0
Blood,B,exhaustion,IA→AR,IA,AR,0.019584,0.01022,-47.8,↓,0.4,NS,9/12,4,3,0.6444444444444445
Blood,B,exhaustion,CR→AR,CR,AR,0.014241,0.01022,-28.2,↓,0.4,NS,7/9,3,3,0.6823529411764707
Blood,PlasmaB,exhaustion,NL→IT,NL,IT,0.032376,0.008812,-72.8,↓,0.66643,NS,13/25,5,5,0.8343251666666667
Blood,PlasmaB,exhaustion,NL→IA,NL,IA,0.032376,0.008838,-72.7,↓,0.712155,NS,12/20,5,4,0.8469844400000001
Blood,PlasmaB,exhaustion,NL→AR,NL,AR,0.032376,0.015595,-51.8,↓,1.0,NS,7/15,5,3,1.0
Blood,PlasmaB,exhaustion,NL→CR,NL,CR,0.032376,0.017241,-46.7,↓,0.764228,NS,6/15,5,3,0.8439150370370371
Blood,PlasmaB,exhaustion,IT→IA,IT,IA,0.008812,0.008838,0.3,↑,0.902117,NS,11/20,5,4,1.0
Blood,PlasmaB,exhaustion,IA→AR,IA,AR,0.008838,0.015595,76.5,↑,0.857143,NS,7/12,4,3,0.88775525
Blood,PlasmaB,exhaustion,CR→AR,CR,AR,0.017241,0.015595,-9.5,↓,0.7,NS,6/9,3,3,0.7518518518518518
Blood,Myeloid,fibrosis,NL→IT,NL,IT,0.07563,0.082246,8.7,↑,0.555556,NS,13/20,4,5,0.7004836521739131
Blood,Myeloid,fibrosis,NL→IA,NL,IA,0.07563,0.097478,28.9,↑,0.342857,NS,12/16,4,4,0.6628568666666667
Blood,Myeloid,fibrosis,NL→AR,NL,AR,0.07563,0.078977,4.4,↑,0.857143,NS,7/12,4,3,0.9206350740740741
Blood,Myeloid,fibrosis,NL→CR,NL,CR,0.07563,0.070935,-6.2,↓,0.628571,NS,8/12,4,3,0.9560441153846153
Blood,Myeloid,fibrosis,IT→IA,IT,IA,0.082246,0.097478,18.5,↑,0.555556,NS,13/20,5,4,1.0
Blood,Myeloid,fibrosis,IA→AR,IA,AR,0.097478,0.078977,-19.0,↓,0.628571,NS,8/12,4,3,1.0
Blood,Myeloid,fibrosis,CR→AR,CR,AR,0.070935,0.078977,11.3,↑,0.7,NS,6/9,3,3,0.8458333333333333
Blood,CD4_T,fibrosis,NL→IT,NL,IT,0.037012,0.028441,-23.2,↓,0.420635,NS,17/25,5,5,0.7175538235294118
Blood,CD4_T,fibrosis,NL→IA,NL,IA,0.037012,0.04508,21.8,↑,0.555556,NS,13/20,5,4,0.8479538947368422
Blood,CD4_T,fibrosis,NL→AR,NL,AR,0.037012,0.028206,-23.8,↓,0.392857,NS,11/15,5,3,0.6329362777777777
Blood,CD4_T,fibrosis,NL→CR,NL,CR,0.037012,0.024287,-34.4,↓,0.25,NS,12/15,5,3,0.5576923076923077
Blood,CD4_T,fibrosis,IT→IA,IT,IA,0.028441,0.04508,58.5,↑,0.111111,NS,17/20,5,4,0.7891148571428571
Blood,CD4_T,fibrosis,IA→AR,IA,AR,0.04508,0.028206,-37.4,↓,0.4,NS,9/12,4,3,0.9206350740740741
Blood,CD4_T,fibrosis,CR→AR,CR,AR,0.024287,0.028206,16.1,↑,0.7,NS,3/9,3,3,1.0
Blood,CD8_T,fibrosis,NL→IT,NL,IT,0.029385,0.027812,-5.4,↓,0.84127,NS,14/25,5,5,0.9758732
Blood,CD8_T,fibrosis,NL→IA,NL,IA,0.029385,0.046358,57.8,↑,0.063492,†,18/20,5,4,0.80555475
Blood,CD8_T,fibrosis,NL→AR,NL,AR,0.029385,0.031679,7.8,↑,1.0,NS,7/15,5,3,1.0
Blood,CD8_T,fibrosis,NL→CR,NL,CR,0.029385,0.019681,-33.0,↓,0.25,NS,12/15,5,3,0.6590909090909092
Blood,CD8_T,fibrosis,IT→IA,IT,IA,0.027812,0.046358,66.7,↑,0.111111,NS,17/20,5,4,0.5370365
Blood,CD8_T,fibrosis,IA→AR,IA,AR,0.046358,0.031679,-31.7,↓,0.4,NS,9/12,4,3,0.9666666666666668
Blood,CD8_T,fibrosis,CR→AR,CR,AR,0.019681,0.031679,61.0,↑,0.4,NS,7/9,3,3,0.58
Blood,NK,fibrosis,NL→IT,NL,IT,0.041812,0.048222,15.3,↑,0.420635,NS,17/25,5,5,0.6099207499999999
Blood,NK,fibrosis,NL→IA,NL,IA,0.041812,0.07169,71.5,↑,0.015873,*,20/20,5,4,0.07671950000000001
Blood,NK,fibrosis,NL→AR,NL,AR,0.041812,0.05052,20.8,↑,0.785714,NS,9/15,5,3,0.8439150370370371
Blood,NK,fibrosis,NL→CR,NL,CR,0.041812,0.031959,-23.6,↓,0.25,NS,12/15,5,3,0.5178571428571428
Blood,NK,fibrosis,IT→IA,IT,IA,0.048222,0.07169,48.7,↑,0.015873,*,20/20,5,4,0.23015850000000002
Blood,NK,fibrosis,IA→AR,IA,AR,0.07169,0.05052,-29.5,↓,0.4,NS,9/12,4,3,0.7733333333333333
Blood,NK,fibrosis,CR→AR,CR,AR,0.031959,0.05052,58.1,↑,0.4,NS,7/9,3,3,0.8923076923076924
Blood,B,fibrosis,NL→IT,NL,IT,0.012143,0.01262,3.9,↑,1.0,NS,12/25,5,5,1.0
Blood,B,fibrosis,NL→IA,NL,IA,0.012143,0.022887,88.5,↑,0.176098,NS,16/20,5,4,0.34523775
Blood,B,fibrosis,NL→AR,NL,AR,0.012143,0.013219,8.9,↑,0.764228,NS,9/15,5,3,0.8763733076923077
Blood,B,fibrosis,NL→CR,NL,CR,0.012143,0.007816,-35.6,↓,0.764228,NS,9/15,5,3,0.8439150370370371
Blood,B,fibrosis,IT→IA,IT,IA,0.01262,0.022887,81.4,↑,0.063492,†,18/20,5,4,0.46031700000000003
Blood,B,fibrosis,IA→AR,IA,AR,0.022887,0.013219,-42.2,↓,0.4,NS,9/12,4,3,0.6444444444444445
Blood,B,fibrosis,CR→AR,CR,AR,0.007816,0.013219,69.1,↑,1.0,NS,5/9,3,3,1.0
Blood,PlasmaB,fibrosis,NL→IT,NL,IT,0.012152,0.01006,-17.2,↓,0.829357,NS,12/25,5,5,0.9035862962962963
Blood,PlasmaB,fibrosis,NL→IA,NL,IA,0.012152,0.026435,117.5,↑,0.268341,NS,15/20,5,4,0.5918361428571429
Blood,PlasmaB,fibrosis,NL→AR,NL,AR,0.012152,0.007853,-35.4,↓,0.764228,NS,6/15,5,3,1.0
Blood,PlasmaB,fibrosis,NL→CR,NL,CR,0.012152,0.012112,-0.3,↓,1.0,NS,7/15,5,3,1.0
Blood,PlasmaB,fibrosis,IT→IA,IT,IA,0.01006,0.026435,162.8,↑,0.176098,NS,16/20,5,4,0.9936334444444445
Blood,PlasmaB,fibrosis,IA→AR,IA,AR,0.026435,0.007853,-70.3,↓,0.4,NS,9/12,4,3,0.6105263157894737
Blood,PlasmaB,fibrosis,CR→AR,CR,AR,0.012112,0.007853,-35.2,↓,1.0,NS,5/9,3,3,1.0
Blood,Myeloid,glycolysis,NL→IT,NL,IT,0.322338,0.302117,-6.3,↓,0.412698,NS,14/20,4,5,0.5984121
Blood,Myeloid,glycolysis,NL→IA,NL,IA,0.322338,0.310737,-3.6,↓,0.685714,NS,10/16,4,4,0.9879117692307692
Blood,Myeloid,glycolysis,NL→AR,NL,AR,0.322338,0.306042,-5.1,↓,0.857143,NS,7/12,4,3,0.9206350740740741
Blood,Myeloid,glycolysis,NL→CR,NL,CR,0.322338,0.310978,-3.5,↓,0.857143,NS,7/12,4,3,0.9560441153846153
Blood,Myeloid,glycolysis,IT→IA,IT,IA,0.302117,0.310737,2.9,↑,0.555556,NS,13/20,5,4,1.0
Blood,Myeloid,glycolysis,IA→AR,IA,AR,0.310737,0.306042,-1.5,↓,0.4,NS,9/12,4,3,1.0
Blood,Myeloid,glycolysis,CR→AR,CR,AR,0.310978,0.306042,-1.6,↓,0.7,NS,6/9,3,3,0.8458333333333333
Blood,CD4_T,glycolysis,NL→IT,NL,IT,0.249817,0.247109,-1.1,↓,1.0,NS,12/25,5,5,1.0
Blood,CD4_T,glycolysis,NL→IA,NL,IA,0.249817,0.265348,6.2,↑,0.730159,NS,12/20,5,4,0.9206352608695652
Blood,CD4_T,glycolysis,NL→AR,NL,AR,0.249817,0.254482,1.9,↑,1.0,NS,8/15,5,3,1.0
Blood,CD4_T,glycolysis,NL→CR,NL,CR,0.249817,0.239903,-4.0,↓,1.0,NS,8/15,5,3,1.0
Blood,CD4_T,glycolysis,IT→IA,IT,IA,0.247109,0.265348,7.4,↑,0.730159,NS,12/20,5,4,0.9717814074074074
Blood,CD4_T,glycolysis,IA→AR,IA,AR,0.265348,0.254482,-4.1,↓,1.0,NS,6/12,4,3,1.0
Blood,CD4_T,glycolysis,CR→AR,CR,AR,0.239903,0.254482,6.1,↑,0.4,NS,7/9,3,3,0.8285714285714286
Blood,CD8_T,glycolysis,NL→IT,NL,IT,0.24213,0.234565,-3.1,↓,0.690476,NS,15/25,5,5,0.9101729090909091
Blood,CD8_T,glycolysis,NL→IA,NL,IA,0.24213,0.264678,9.3,↑,0.904762,NS,11/20,5,4,0.9717814074074074
Blood,CD8_T,glycolysis,NL→AR,NL,AR,0.24213,0.249976,3.2,↑,1.0,NS,7/15,5,3,1.0
Blood,CD8_T,glycolysis,NL→CR,NL,CR,0.24213,0.231629,-4.3,↓,0.785714,NS,9/15,5,3,0.9906828695652173
Blood,CD8_T,glycolysis,IT→IA,IT,IA,0.234565,0.264678,12.8,↑,0.412698,NS,14/20,5,4,0.7978828
Blood,CD8_T,glycolysis,IA→AR,IA,AR,0.264678,0.249976,-5.6,↓,1.0,NS,6/12,4,3,1.0
Blood,CD8_T,glycolysis,CR→AR,CR,AR,0.231629,0.249976,7.9,↑,0.2,NS,8/9,3,3,0.4461538461538462
Blood,NK,glycolysis,NL→IT,NL,IT,0.217794,0.223756,2.7,↑,0.690476,NS,15/25,5,5,0.7701463076923076
Blood,NK,glycolysis,NL→IA,NL,IA,0.217794,0.253481,16.4,↑,0.412698,NS,14/20,5,4,0.6649023333333334
Blood,NK,glycolysis,NL→AR,NL,AR,0.217794,0.238966,9.7,↑,0.785714,NS,9/15,5,3,0.8439150370370371
Blood,NK,glycolysis,NL→CR,NL,CR,0.217794,0.233789,7.3,↑,0.785714,NS,9/15,5,3,0.8439150370370371
Blood,NK,glycolysis,IT→IA,IT,IA,0.223756,0.253481,13.3,↑,0.111111,NS,17/20,5,4,0.26851825
Blood,NK,glycolysis,IA→AR,IA,AR,0.253481,0.238966,-5.7,↓,0.857143,NS,7/12,4,3,0.9942858800000001
Blood,NK,glycolysis,CR→AR,CR,AR,0.233789,0.238966,2.2,↑,1.0,NS,5/9,3,3,1.0
Blood,B,glycolysis,NL→IT,NL,IT,0.186526,0.1889,1.3,↑,0.690476,NS,15/25,5,5,1.0
Blood,B,glycolysis,NL→IA,NL,IA,0.186526,0.205978,10.4,↑,0.412698,NS,14/20,5,4,0.5699162857142858
Blood,B,glycolysis,NL→AR,NL,AR,0.186526,0.222813,19.5,↑,0.25,NS,12/15,5,3,0.453125
Blood,B,glycolysis,NL→CR,NL,CR,0.186526,0.170952,-8.3,↓,0.785714,NS,9/15,5,3,0.8439150370370371
Blood,B,glycolysis,IT→IA,IT,IA,0.1889,0.205978,9.0,↑,0.412698,NS,14/20,5,4,0.9973535
Blood,B,glycolysis,IA→AR,IA,AR,0.205978,0.222813,8.2,↑,0.4,NS,9/12,4,3,0.6444444444444445
Blood,B,glycolysis,CR→AR,CR,AR,0.170952,0.222813,30.3,↑,0.1,NS,9/9,3,3,0.2416666666666667
Blood,PlasmaB,glycolysis,NL→IT,NL,IT,0.301955,0.239687,-20.6,↓,0.095238,†,21/25,5,5,0.34523775
Blood,PlasmaB,glycolysis,NL→IA,NL,IA,0.301955,0.24273,-19.6,↓,0.111111,NS,17/20,5,4,0.402777375
Blood,PlasmaB,glycolysis,NL→AR,NL,AR,0.301955,0.277456,-8.1,↓,0.571429,NS,10/15,5,3,1.0
Blood,PlasmaB,glycolysis,NL→CR,NL,CR,0.301955,0.222497,-26.3,↓,0.142857,NS,13/15,5,3,0.46031700000000003
Blood,PlasmaB,glycolysis,IT→IA,IT,IA,0.239687,0.24273,1.3,↑,1.0,NS,10/20,5,4,1.0
Blood,PlasmaB,glycolysis,IA→AR,IA,AR,0.24273,0.277456,14.3,↑,0.057143,†,12/12,4,3,0.30129945454545454
Blood,PlasmaB,glycolysis,CR→AR,CR,AR,0.222497,0.277456,24.7,↑,0.1,NS,9/9,3,3,0.32222222222222224
Blood,Myeloid,il15_mtor,NL→IT,NL,IT,0.029092,0.03359,15.5,↑,0.555556,NS,13/20,4,5,0.7004836521739131
Blood,Myeloid,il15_mtor,NL→IA,NL,IA,0.029092,0.04088,40.5,↑,0.114286,NS,14/16,4,4,0.30129945454545454
Blood,Myeloid,il15_mtor,NL→AR,NL,AR,0.029092,0.035723,22.8,↑,0.4,NS,9/12,4,3,0.6105263157894737
Blood,Myeloid,il15_mtor,NL→CR,NL,CR,0.029092,0.043055,48.0,↑,0.114286,NS,11/12,4,3,0.30129945454545454
Blood,Myeloid,il15_mtor,IT→IA,IT,IA,0.03359,0.04088,21.7,↑,0.190476,NS,16/20,5,4,1.0
Blood,Myeloid,il15_mtor,IA→AR,IA,AR,0.04088,0.035723,-12.6,↓,0.628571,NS,8/12,4,3,1.0
Blood,Myeloid,il15_mtor,CR→AR,CR,AR,0.043055,0.035723,-17.0,↓,0.4,NS,7/9,3,3,0.7250000000000001
Blood,CD4_T,il15_mtor,NL→IT,NL,IT,0.074951,0.070641,-5.8,↓,0.547619,NS,16/25,5,5,0.8358395263157895
Blood,CD4_T,il15_mtor,NL→IA,NL,IA,0.074951,0.079112,5.6,↑,0.730159,NS,12/20,5,4,0.9206352608695652
Blood,CD4_T,il15_mtor,NL→AR,NL,AR,0.074951,0.075014,0.1,↑,0.571429,NS,5/15,5,3,0.789116238095238
Blood,CD4_T,il15_mtor,NL→CR,NL,CR,0.074951,0.073557,-1.9,↓,1.0,NS,8/15,5,3,1.0
Blood,CD4_T,il15_mtor,IT→IA,IT,IA,0.070641,0.079112,12.0,↑,0.412698,NS,14/20,5,4,0.9717814074074074
Blood,CD4_T,il15_mtor,IA→AR,IA,AR,0.079112,0.075014,-5.2,↓,0.857143,NS,7/12,4,3,0.9206350740740741
Blood,CD4_T,il15_mtor,CR→AR,CR,AR,0.073557,0.075014,2.0,↑,1.0,NS,5/9,3,3,1.0
Blood,CD8_T,il15_mtor,NL→IT,NL,IT,0.061978,0.072274,16.6,↑,0.84127,NS,14/25,5,5,0.9758732
Blood,CD8_T,il15_mtor,NL→IA,NL,IA,0.061978,0.085721,38.3,↑,0.111111,NS,17/20,5,4,0.80555475
Blood,CD8_T,il15_mtor,NL→AR,NL,AR,0.061978,0.076843,24.0,↑,0.571429,NS,10/15,5,3,1.0
Blood,CD8_T,il15_mtor,NL→CR,NL,CR,0.061978,0.072472,16.9,↑,1.0,NS,8/15,5,3,1.0
Blood,CD8_T,il15_mtor,IT→IA,IT,IA,0.072274,0.085721,18.6,↑,0.111111,NS,17/20,5,4,0.5370365
Blood,CD8_T,il15_mtor,IA→AR,IA,AR,0.085721,0.076843,-10.4,↓,0.228571,NS,10/12,4,3,0.9666666666666668
Blood,CD8_T,il15_mtor,CR→AR,CR,AR,0.072472,0.076843,6.0,↑,0.7,NS,6/9,3,3,0.7
Blood,NK,il15_mtor,NL→IT,NL,IT,0.083563,0.104968,25.6,↑,0.095238,†,21/25,5,5,0.2761902
Blood,NK,il15_mtor,NL→IA,NL,IA,0.083563,0.121007,44.8,↑,0.031746,*,19/20,5,4,0.11507925000000001
Blood,NK,il15_mtor,NL→AR,NL,AR,0.083563,0.100295,20.0,↑,0.25,NS,12/15,5,3,0.5178571428571428
Blood,NK,il15_mtor,NL→CR,NL,CR,0.083563,0.111947,34.0,↑,0.142857,NS,13/15,5,3,0.34523775
Blood,NK,il15_mtor,IT→IA,IT,IA,0.104968,0.121007,15.3,↑,0.063492,†,18/20,5,4,0.2630382857142857
Blood,NK,il15_mtor,IA→AR,IA,AR,0.121007,0.100295,-17.1,↓,0.057143,†,12/12,4,3,0.41428675
Blood,NK,il15_mtor,CR→AR,CR,AR,0.111947,0.100295,-10.4,↓,0.4,NS,7/9,3,3,0.8923076923076924
Blood,B,il15_mtor,NL→IT,NL,IT,0.044082,0.051857,17.6,↑,0.222222,NS,19/25,5,5,0.495726
Blood,B,il15_mtor,NL→IA,NL,IA,0.044082,0.052068,18.1,↑,0.190476,NS,16/20,5,4,0.34523775
Blood,B,il15_mtor,NL→AR,NL,AR,0.044082,0.05507,24.9,↑,0.142857,NS,13/15,5,3,0.31868100000000005
Blood,B,il15_mtor,NL→CR,NL,CR,0.044082,0.053829,22.1,↑,0.25,NS,12/15,5,3,0.453125
Blood,B,il15_mtor,IT→IA,IT,IA,0.051857,0.052068,0.4,↑,0.904762,NS,9/20,5,4,1.0
Blood,B,il15_mtor,IA→AR,IA,AR,0.052068,0.05507,5.8,↑,1.0,NS,6/12,4,3,1.0
Blood,B,il15_mtor,CR→AR,CR,AR,0.053829,0.05507,2.3,↑,1.0,NS,5/9,3,3,1.0
Blood,PlasmaB,il15_mtor,NL→IT,NL,IT,0.018074,0.04562,152.4,↑,0.095238,†,21/25,5,5,0.34523775
Blood,PlasmaB,il15_mtor,NL→IA,NL,IA,0.018074,0.034271,89.6,↑,0.190476,NS,16/20,5,4,0.46031700000000003
Blood,PlasmaB,il15_mtor,NL→AR,NL,AR,0.018074,0.041232,128.1,↑,0.142857,NS,13/15,5,3,1.0
Blood,PlasmaB,il15_mtor,NL→CR,NL,CR,0.018074,0.052446,190.2,↑,0.071429,†,14/15,5,3,0.4142882
Blood,PlasmaB,il15_mtor,IT→IA,IT,IA,0.04562,0.034271,-24.9,↓,0.285714,NS,15/20,5,4,0.9936334444444445
Blood,PlasmaB,il15_mtor,IA→AR,IA,AR,0.034271,0.041232,20.3,↑,0.628571,NS,8/12,4,3,0.72914236
Blood,PlasmaB,il15_mtor,CR→AR,CR,AR,0.052446,0.041232,-21.4,↓,0.4,NS,7/9,3,3,0.6444444444444445
Blood,Myeloid,immune_evasion,NL→IT,NL,IT,0.121782,0.150442,23.5,↑,0.063492,†,18/20,4,5,0.15343900000000002
Blood,Myeloid,immune_evasion,NL→IA,NL,IA,0.121782,0.154303,26.7,↑,0.057143,†,15/16,4,4,0.207143375
Blood,Myeloid,immune_evasion,NL→AR,NL,AR,0.121782,0.147455,21.1,↑,0.114286,NS,11/12,4,3,0.41428675
Blood,Myeloid,immune_evasion,NL→CR,NL,CR,0.121782,0.15666,28.6,↑,0.057143,†,12/12,4,3,0.2367352857142857
Blood,Myeloid,immune_evasion,IT→IA,IT,IA,0.150442,0.154303,2.6,↑,0.730159,NS,12/20,5,4,1.0
Blood,Myeloid,immune_evasion,IA→AR,IA,AR,0.154303,0.147455,-4.4,↓,0.857143,NS,7/12,4,3,1.0
Blood,Myeloid,immune_evasion,CR→AR,CR,AR,0.15666,0.147455,-5.9,↓,0.7,NS,6/9,3,3,0.8458333333333333
Blood,CD4_T,immune_evasion,NL→IT,NL,IT,0.061062,0.048527,-20.5,↓,0.095238,†,21/25,5,5,0.46031700000000003
Blood,CD4_T,immune_evasion,NL→IA,NL,IA,0.061062,0.055637,-8.9,↓,0.285714,NS,15/20,5,4,0.8479538947368422
Blood,CD4_T,immune_evasion,NL→AR,NL,AR,0.061062,0.051866,-15.1,↓,0.392857,NS,11/15,5,3,0.6329362777777777
Blood,CD4_T,immune_evasion,NL→CR,NL,CR,0.061062,0.064404,5.5,↑,0.392857,NS,11/15,5,3,0.6329362777777777
Blood,CD4_T,immune_evasion,IT→IA,IT,IA,0.048527,0.055637,14.7,↑,0.730159,NS,8/20,5,4,0.9717814074074074
Blood,CD4_T,immune_evasion,IA→AR,IA,AR,0.055637,0.051866,-6.8,↓,0.628571,NS,4/12,4,3,0.9206350740740741
Blood,CD4_T,immune_evasion,CR→AR,CR,AR,0.064404,0.051866,-19.5,↓,0.4,NS,7/9,3,3,0.8285714285714286
Blood,CD8_T,immune_evasion,NL→IT,NL,IT,0.06938,0.038571,-44.4,↓,0.015873,*,24/25,5,5,0.23015850000000002
Blood,CD8_T,immune_evasion,NL→IA,NL,IA,0.06938,0.05275,-24.0,↓,0.285714,NS,15/20,5,4,0.8950624444444445
Blood,CD8_T,immune_evasion,NL→AR,NL,AR,0.06938,0.041347,-40.4,↓,0.035714,*,15/15,5,3,0.6904803333333334
Blood,CD8_T,immune_evasion,NL→CR,NL,CR,0.06938,0.058793,-15.3,↓,0.392857,NS,11/15,5,3,0.7595235333333333
Blood,CD8_T,immune_evasion,IT→IA,IT,IA,0.038571,0.05275,36.8,↑,0.904762,NS,9/20,5,4,1.0
Blood,CD8_T,immune_evasion,IA→AR,IA,AR,0.05275,0.041347,-21.6,↓,0.4,NS,3/12,4,3,0.9666666666666668
Blood,CD8_T,immune_evasion,CR→AR,CR,AR,0.058793,0.041347,-29.7,↓,0.1,NS,9/9,3,3,0.32222222222222224
Blood,NK,immune_evasion,NL→IT,NL,IT,0.073081,0.043171,-40.9,↓,0.031746,*,23/25,5,5,0.15343900000000002
Blood,NK,immune_evasion,NL→IA,NL,IA,0.073081,0.050671,-30.7,↓,0.285714,NS,15/20,5,4,0.6373620000000001
Blood,NK,immune_evasion,NL→AR,NL,AR,0.073081,0.040875,-44.1,↓,0.035714,*,15/15,5,3,0.12946325
Blood,NK,immune_evasion,NL→CR,NL,CR,0.073081,0.063937,-12.5,↓,0.392857,NS,11/15,5,3,0.6701678235294118
Blood,NK,immune_evasion,IT→IA,IT,IA,0.043171,0.050671,17.4,↑,1.0,NS,10/20,5,4,1.0
Blood,NK,immune_evasion,IA→AR,IA,AR,0.050671,0.040875,-19.3,↓,0.628571,NS,4/12,4,3,0.9593978421052631
Blood,NK,immune_evasion,CR→AR,CR,AR,0.063937,0.040875,-36.1,↓,0.1,NS,9/9,3,3,0.4142857142857143
Blood,B,immune_evasion,NL→IT,NL,IT,0.048594,0.031721,-34.7,↓,0.055556,†,22/25,5,5,0.2013905
Blood,B,immune_evasion,NL→IA,NL,IA,0.048594,0.030177,-37.9,↓,0.015873,*,20/20,5,4,0.11507925000000001
Blood,B,immune_evasion,NL→AR,NL,AR,0.048594,0.030658,-36.9,↓,0.071429,†,14/15,5,3,0.2317551111111111
Blood,B,immune_evasion,NL→CR,NL,CR,0.048594,0.043933,-9.6,↓,0.25,NS,12/15,5,3,0.453125
Blood,B,immune_evasion,IT→IA,IT,IA,0.031721,0.030177,-4.9,↓,0.730159,NS,12/20,5,4,1.0
Blood,B,immune_evasion,IA→AR,IA,AR,0.030177,0.030658,1.6,↑,1.0,NS,6/12,4,3,1.0
Blood,B,immune_evasion,CR→AR,CR,AR,0.043933,0.030658,-30.2,↓,0.1,NS,9/9,3,3,0.2416666666666667
Blood,PlasmaB,immune_evasion,NL→IT,NL,IT,0.022226,0.044313,99.4,↑,1.0,NS,13/25,5,5,1.0
Blood,PlasmaB,immune_evasion,NL→IA,NL,IA,0.022226,0.031788,43.0,↑,0.538594,NS,13/20,5,4,0.8055562000000001
Blood,PlasmaB,immune_evasion,NL→AR,NL,AR,0.022226,0.02336,5.1,↑,1.0,NS,7/15,5,3,1.0
Blood,PlasmaB,immune_evasion,NL→CR,NL,CR,0.022226,0.036206,62.9,↑,0.368227,NS,11/15,5,3,0.6701678235294118
Blood,PlasmaB,immune_evasion,IT→IA,IT,IA,0.044313,0.031788,-28.3,↓,0.412698,NS,6/20,5,4,1.0
Blood,PlasmaB,immune_evasion,IA→AR,IA,AR,0.031788,0.02336,-26.5,↓,0.228571,NS,10/12,4,3,0.4142849375
Blood,PlasmaB,immune_evasion,CR→AR,CR,AR,0.036206,0.02336,-35.5,↓,0.7,NS,6/9,3,3,0.7518518518518518
Blood,Myeloid,inflammasome,NL→IT,NL,IT,0.152878,0.220162,44.0,↑,0.015873,*,20/20,4,5,0.06575957142857143
Blood,Myeloid,inflammasome,NL→IA,NL,IA,0.152878,0.212198,38.8,↑,0.028571,*,16/16,4,4,0.13809316666666666
Blood,Myeloid,inflammasome,NL→AR,NL,AR,0.152878,0.217093,42.0,↑,0.057143,†,12/12,4,3,0.3314294
Blood,Myeloid,inflammasome,NL→CR,NL,CR,0.152878,0.185291,21.2,↑,0.857143,NS,7/12,4,3,0.9560441153846153
Blood,Myeloid,inflammasome,IT→IA,IT,IA,0.220162,0.212198,-3.6,↓,0.412698,NS,14/20,5,4,1.0
Blood,Myeloid,inflammasome,IA→AR,IA,AR,0.212198,0.217093,2.3,↑,0.628571,NS,8/12,4,3,1.0
Blood,Myeloid,inflammasome,CR→AR,CR,AR,0.185291,0.217093,17.2,↑,0.4,NS,7/9,3,3,0.7250000000000001
Blood,CD4_T,inflammasome,NL→IT,NL,IT,0.058462,0.045252,-22.6,↓,0.222222,NS,19/25,5,5,0.585858
Blood,CD4_T,inflammasome,NL→IA,NL,IA,0.058462,0.04283,-26.7,↓,0.285714,NS,15/20,5,4,0.8479538947368422
Blood,CD4_T,inflammasome,NL→AR,NL,AR,0.058462,0.046887,-19.8,↓,0.392857,NS,11/15,5,3,0.6329362777777777
Blood,CD4_T,inflammasome,NL→CR,NL,CR,0.058462,0.038314,-34.5,↓,0.142857,NS,13/15,5,3,0.5576923076923077
Blood,CD4_T,inflammasome,IT→IA,IT,IA,0.045252,0.04283,-5.4,↓,0.730159,NS,12/20,5,4,0.9717814074074074
Blood,CD4_T,inflammasome,IA→AR,IA,AR,0.04283,0.046887,9.5,↑,0.4,NS,9/12,4,3,0.9206350740740741
Blood,CD4_T,inflammasome,CR→AR,CR,AR,0.038314,0.046887,22.4,↑,0.7,NS,6/9,3,3,1.0
Blood,CD8_T,inflammasome,NL→IT,NL,IT,0.064849,0.045492,-29.8,↓,0.222222,NS,19/25,5,5,0.6444438
Blood,CD8_T,inflammasome,NL→IA,NL,IA,0.064849,0.049968,-22.9,↓,0.412698,NS,14/20,5,4,0.8950624444444445
Blood,CD8_T,inflammasome,NL→AR,NL,AR,0.064849,0.057338,-11.6,↓,0.785714,NS,9/15,5,3,1.0
Blood,CD8_T,inflammasome,NL→CR,NL,CR,0.064849,0.042078,-35.1,↓,0.142857,NS,13/15,5,3,0.6590909090909092
Blood,CD8_T,inflammasome,IT→IA,IT,IA,0.045492,0.049968,9.8,↑,0.730159,NS,12/20,5,4,1.0
Blood,CD8_T,inflammasome,IA→AR,IA,AR,0.049968,0.057338,14.7,↑,0.4,NS,9/12,4,3,0.9666666666666668
Blood,CD8_T,inflammasome,CR→AR,CR,AR,0.042078,0.057338,36.3,↑,0.1,NS,9/9,3,3,0.32222222222222224
Blood,NK,inflammasome,NL→IT,NL,IT,0.052642,0.066861,27.0,↑,0.150794,NS,20/25,5,5,0.3363866153846154
Blood,NK,inflammasome,NL→IA,NL,IA,0.052642,0.065157,23.8,↑,0.555556,NS,13/20,5,4,0.6712968333333335
Blood,NK,inflammasome,NL→AR,NL,AR,0.052642,0.072332,37.4,↑,0.25,NS,12/15,5,3,0.5178571428571428
Blood,NK,inflammasome,NL→CR,NL,CR,0.052642,0.065369,24.2,↑,0.571429,NS,10/15,5,3,0.8285720499999999
Blood,NK,inflammasome,IT→IA,IT,IA,0.066861,0.065157,-2.5,↓,0.285714,NS,5/20,5,4,0.43608978947368426
Blood,NK,inflammasome,IA→AR,IA,AR,0.065157,0.072332,11.0,↑,0.857143,NS,7/12,4,3,0.9942858800000001
Blood,NK,inflammasome,CR→AR,CR,AR,0.065369,0.072332,10.7,↑,0.7,NS,6/9,3,3,1.0
Blood,B,inflammasome,NL→IT,NL,IT,0.048953,0.051653,5.5,↑,0.84127,NS,14/25,5,5,1.0
Blood,B,inflammasome,NL→IA,NL,IA,0.048953,0.043605,-10.9,↓,0.904762,NS,11/20,5,4,1.0
Blood,B,inflammasome,NL→AR,NL,AR,0.048953,0.058446,19.4,↑,0.785714,NS,9/15,5,3,0.8763733076923077
Blood,B,inflammasome,NL→CR,NL,CR,0.048953,0.027634,-43.5,↓,0.142857,NS,13/15,5,3,0.453125
Blood,B,inflammasome,IT→IA,IT,IA,0.051653,0.043605,-15.6,↓,0.555556,NS,13/20,5,4,1.0
Blood,B,inflammasome,IA→AR,IA,AR,0.043605,0.058446,34.0,↑,0.114286,NS,11/12,4,3,0.5523799166666666
Blood,B,inflammasome,CR→AR,CR,AR,0.027634,0.058446,111.5,↑,0.1,NS,9/9,3,3,0.2416666666666667
Blood,PlasmaB,inflammasome,NL→IT,NL,IT,0.043737,0.067576,54.5,↑,0.401965,NS,17/25,5,5,0.687825052631579
Blood,PlasmaB,inflammasome,NL→IA,NL,IA,0.043737,0.05725,30.9,↑,0.712155,NS,12/20,5,4,0.8469844400000001
Blood,PlasmaB,inflammasome,NL→AR,NL,AR,0.043737,0.060639,38.6,↑,0.548595,NS,10/15,5,3,1.0
Blood,PlasmaB,inflammasome,NL→CR,NL,CR,0.043737,0.034317,-21.5,↓,0.764228,NS,9/15,5,3,0.8439150370370371
Blood,PlasmaB,inflammasome,IT→IA,IT,IA,0.067576,0.05725,-15.3,↓,0.904762,NS,11/20,5,4,1.0
Blood,PlasmaB,inflammasome,IA→AR,IA,AR,0.05725,0.060639,5.9,↑,0.857143,NS,7/12,4,3,0.88775525
Blood,PlasmaB,inflammasome,CR→AR,CR,AR,0.034317,0.060639,76.7,↑,0.2,NS,8/9,3,3,0.4142857142857143
Blood,Myeloid,memory_t,NL→IT,NL,IT,0.07966,0.099341,24.7,↑,0.063492,†,18/20,4,5,0.15343900000000002
Blood,Myeloid,memory_t,NL→IA,NL,IA,0.07966,0.092715,16.4,↑,0.342857,NS,12/16,4,4,0.6628568666666667
Blood,Myeloid,memory_t,NL→AR,NL,AR,0.07966,0.098042,23.1,↑,0.057143,†,12/12,4,3,0.3314294
Blood,Myeloid,memory_t,NL→CR,NL,CR,0.07966,0.105215,32.1,↑,0.057143,†,12/12,4,3,0.2367352857142857
Blood,Myeloid,memory_t,IT→IA,IT,IA,0.099341,0.092715,-6.7,↓,0.412698,NS,14/20,5,4,1.0
Blood,Myeloid,memory_t,IA→AR,IA,AR,0.092715,0.098042,5.7,↑,0.4,NS,9/12,4,3,1.0
Blood,Myeloid,memory_t,CR→AR,CR,AR,0.105215,0.098042,-6.8,↓,0.2,NS,8/9,3,3,0.6444444444444445
Blood,CD4_T,memory_t,NL→IT,NL,IT,0.224692,0.318355,41.7,↑,0.150794,NS,20/25,5,5,0.4858917777777778
Blood,CD4_T,memory_t,NL→IA,NL,IA,0.224692,0.316736,41.0,↑,0.190476,NS,16/20,5,4,0.8479538947368422
Blood,CD4_T,memory_t,NL→AR,NL,AR,0.224692,0.332247,47.9,↑,0.25,NS,12/15,5,3,0.6329362777777777
Blood,CD4_T,memory_t,NL→CR,NL,CR,0.224692,0.311885,38.8,↑,0.25,NS,12/15,5,3,0.5576923076923077
Blood,CD4_T,memory_t,IT→IA,IT,IA,0.318355,0.316736,-0.5,↓,0.904762,NS,9/20,5,4,0.9717814074074074
Blood,CD4_T,memory_t,IA→AR,IA,AR,0.316736,0.332247,4.9,↑,0.857143,NS,7/12,4,3,0.9206350740740741
Blood,CD4_T,memory_t,CR→AR,CR,AR,0.311885,0.332247,6.5,↑,0.4,NS,7/9,3,3,0.8285714285714286
Blood,CD8_T,memory_t,NL→IT,NL,IT,0.216397,0.293973,35.8,↑,0.150794,NS,20/25,5,5,0.54662825
Blood,CD8_T,memory_t,NL→IA,NL,IA,0.216397,0.26795,23.8,↑,0.285714,NS,15/20,5,4,0.8950624444444445
Blood,CD8_T,memory_t,NL→AR,NL,AR,0.216397,0.246373,13.9,↑,0.25,NS,12/15,5,3,0.8763733076923077
Blood,CD8_T,memory_t,NL→CR,NL,CR,0.216397,0.300246,38.7,↑,0.25,NS,12/15,5,3,0.6590909090909092
Blood,CD8_T,memory_t,IT→IA,IT,IA,0.293973,0.26795,-8.9,↓,1.0,NS,10/20,5,4,1.0
Blood,CD8_T,memory_t,IA→AR,IA,AR,0.26795,0.246373,-8.1,↓,1.0,NS,6/12,4,3,1.0
Blood,CD8_T,memory_t,CR→AR,CR,AR,0.300246,0.246373,-17.9,↓,0.1,NS,9/9,3,3,0.32222222222222224
Blood,NK,memory_t,NL→IT,NL,IT,0.080577,0.111802,38.8,↑,0.015873,*,24/25,5,5,0.0920634
Blood,NK,memory_t,NL→IA,NL,IA,0.080577,0.155864,93.4,↑,0.015873,*,20/20,5,4,0.07671950000000001
Blood,NK,memory_t,NL→AR,NL,AR,0.080577,0.115903,43.8,↑,0.035714,*,15/15,5,3,0.12946325
Blood,NK,memory_t,NL→CR,NL,CR,0.080577,0.133463,65.6,↑,0.035714,*,15/15,5,3,0.29592014285714285
Blood,NK,memory_t,IT→IA,IT,IA,0.111802,0.155864,39.4,↑,0.015873,*,20/20,5,4,0.23015850000000002
Blood,NK,memory_t,IA→AR,IA,AR,0.155864,0.115903,-25.6,↓,0.057143,†,12/12,4,3,0.41428675
Blood,NK,memory_t,CR→AR,CR,AR,0.133463,0.115903,-13.2,↓,0.1,NS,9/9,3,3,0.4142857142857143
Blood,B,memory_t,NL→IT,NL,IT,0.06257,0.108032,72.7,↑,0.055556,†,22/25,5,5,0.2013905
Blood,B,memory_t,NL→IA,NL,IA,0.06257,0.127073,103.1,↑,0.015873,*,20/20,5,4,0.11507925000000001
Blood,B,memory_t,NL→AR,NL,AR,0.06257,0.116768,86.6,↑,0.071429,†,14/15,5,3,0.2317551111111111
Blood,B,memory_t,NL→CR,NL,CR,0.06257,0.116341,85.9,↑,0.035714,*,15/15,5,3,0.17288833333333334
Blood,B,memory_t,IT→IA,IT,IA,0.108032,0.127073,17.6,↑,0.063492,†,18/20,5,4,0.46031700000000003
Blood,B,memory_t,IA→AR,IA,AR,0.127073,0.116768,-8.1,↓,0.228571,NS,10/12,4,3,0.5523799166666666
Blood,B,memory_t,CR→AR,CR,AR,0.116341,0.116768,0.4,↑,1.0,NS,5/9,3,3,1.0
Blood,PlasmaB,memory_t,NL→IT,NL,IT,0.046872,0.078472,67.4,↑,0.420635,NS,17/25,5,5,0.687825052631579
Blood,PlasmaB,memory_t,NL→IA,NL,IA,0.046872,0.081188,73.2,↑,0.285714,NS,15/20,5,4,0.5918361428571429
Blood,PlasmaB,memory_t,NL→AR,NL,AR,0.046872,0.041802,-10.8,↓,1.0,NS,8/15,5,3,1.0
Blood,PlasmaB,memory_t,NL→CR,NL,CR,0.046872,0.096246,105.3,↑,0.25,NS,12/15,5,3,0.6041666666666666
Blood,PlasmaB,memory_t,IT→IA,IT,IA,0.078472,0.081188,3.5,↑,0.904762,NS,11/20,5,4,1.0
Blood,PlasmaB,memory_t,IA→AR,IA,AR,0.081188,0.041802,-48.5,↓,0.114286,NS,11/12,4,3,0.30129945454545454
Blood,PlasmaB,memory_t,CR→AR,CR,AR,0.096246,0.041802,-56.6,↓,0.1,NS,9/9,3,3,0.32222222222222224
Blood,Myeloid,metabolic_recovery,NL→IT,NL,IT,0.017614,0.013005,-26.2,↓,0.111111,NS,17/20,4,5,0.2148146
Blood,Myeloid,metabolic_recovery,NL→IA,NL,IA,0.017614,0.021757,23.5,↑,1.0,NS,8/16,4,4,1.0
Blood,Myeloid,metabolic_recovery,NL→AR,NL,AR,0.017614,0.017241,-2.1,↓,0.628571,NS,8/12,4,3,0.8285708636363637
Blood,Myeloid,metabolic_recovery,NL→CR,NL,CR,0.017614,0.0181,2.8,↑,1.0,NS,6/12,4,3,1.0
Blood,Myeloid,metabolic_recovery,IT→IA,IT,IA,0.013005,0.021757,67.3,↑,0.412698,NS,14/20,5,4,1.0
Blood,Myeloid,metabolic_recovery,IA→AR,IA,AR,0.021757,0.017241,-20.8,↓,1.0,NS,6/12,4,3,1.0
Blood,Myeloid,metabolic_recovery,CR→AR,CR,AR,0.0181,0.017241,-4.7,↓,0.7,NS,6/9,3,3,0.8458333333333333
Blood,CD4_T,metabolic_recovery,NL→IT,NL,IT,0.01643,0.023323,42.0,↑,0.309524,NS,18/25,5,5,0.7175538235294118
Blood,CD4_T,metabolic_recovery,NL→IA,NL,IA,0.01643,0.02544,54.8,↑,0.285714,NS,15/20,5,4,0.8479538947368422
Blood,CD4_T,metabolic_recovery,NL→AR,NL,AR,0.01643,0.023733,44.4,↑,0.25,NS,12/15,5,3,0.6329362777777777
Blood,CD4_T,metabolic_recovery,NL→CR,NL,CR,0.01643,0.02962,80.3,↑,0.25,NS,12/15,5,3,0.5576923076923077
Blood,CD4_T,metabolic_recovery,IT→IA,IT,IA,0.023323,0.02544,9.1,↑,0.555556,NS,13/20,5,4,0.9717814074074074
Blood,CD4_T,metabolic_recovery,IA→AR,IA,AR,0.02544,0.023733,-6.7,↓,0.628571,NS,8/12,4,3,0.9206350740740741
Blood,CD4_T,metabolic_recovery,CR→AR,CR,AR,0.02962,0.023733,-19.9,↓,0.1,NS,9/9,3,3,0.4833333333333334
Blood,CD8_T,metabolic_recovery,NL→IT,NL,IT,0.025106,0.025261,0.6,↑,0.690476,NS,15/25,5,5,0.9101729090909091
Blood,CD8_T,metabolic_recovery,NL→IA,NL,IA,0.025106,0.026851,7.0,↑,0.555556,NS,13/20,5,4,0.8950624444444445
Blood,CD8_T,metabolic_recovery,NL→AR,NL,AR,0.025106,0.025605,2.0,↑,0.785714,NS,9/15,5,3,1.0
Blood,CD8_T,metabolic_recovery,NL→CR,NL,CR,0.025106,0.029276,16.6,↑,0.571429,NS,10/15,5,3,0.920635611111111
Blood,CD8_T,metabolic_recovery,IT→IA,IT,IA,0.025261,0.026851,6.3,↑,0.904762,NS,11/20,5,4,1.0
Blood,CD8_T,metabolic_recovery,IA→AR,IA,AR,0.026851,0.025605,-4.6,↓,0.857143,NS,5/12,4,3,1.0
Blood,CD8_T,metabolic_recovery,CR→AR,CR,AR,0.029276,0.025605,-12.5,↓,0.4,NS,7/9,3,3,0.58
Blood,NK,metabolic_recovery,NL→IT,NL,IT,0.020895,0.02108,0.9,↑,0.84127,NS,11/25,5,5,0.84127
Blood,NK,metabolic_recovery,NL→IA,NL,IA,0.020895,0.02299,10.0,↑,0.412698,NS,14/20,5,4,0.6649023333333334
Blood,NK,metabolic_recovery,NL→AR,NL,AR,0.020895,0.021687,3.8,↑,0.785714,NS,9/15,5,3,0.8439150370370371
Blood,NK,metabolic_recovery,NL→CR,NL,CR,0.020895,0.024631,17.9,↑,0.25,NS,12/15,5,3,0.5178571428571428
Blood,NK,metabolic_recovery,IT→IA,IT,IA,0.02108,0.02299,9.1,↑,0.555556,NS,13/20,5,4,0.7323238181818182
Blood,NK,metabolic_recovery,IA→AR,IA,AR,0.02299,0.021687,-5.7,↓,0.857143,NS,7/12,4,3,0.9942858800000001
Blood,NK,metabolic_recovery,CR→AR,CR,AR,0.024631,0.021687,-12.0,↓,0.2,NS,8/9,3,3,0.7250000000000001
Blood,B,metabolic_recovery,NL→IT,NL,IT,0.008909,0.021748,144.1,↑,0.036145,*,23/25,5,5,0.2013905
Blood,B,metabolic_recovery,NL→IA,NL,IA,0.008909,0.024475,174.7,↑,0.036546,*,19/20,5,4,0.17663900000000002
Blood,B,metabolic_recovery,NL→AR,NL,AR,0.008909,0.023772,166.8,↑,0.03577,*,15/15,5,3,0.207466
Blood,B,metabolic_recovery,NL→CR,NL,CR,0.008909,0.030644,244.0,↑,0.03577,*,15/15,5,3,0.17288833333333334
Blood,B,metabolic_recovery,IT→IA,IT,IA,0.021748,0.024475,12.5,↑,0.555556,NS,13/20,5,4,1.0
Blood,B,metabolic_recovery,IA→AR,IA,AR,0.024475,0.023772,-2.9,↓,1.0,NS,6/12,4,3,1.0
Blood,B,metabolic_recovery,CR→AR,CR,AR,0.030644,0.023772,-22.4,↓,0.2,NS,8/9,3,3,0.4142857142857143
Blood,PlasmaB,metabolic_recovery,NL→IT,NL,IT,0.007166,0.011113,55.1,↑,0.450644,NS,15/25,5,5,0.687825052631579
Blood,PlasmaB,metabolic_recovery,NL→IA,NL,IA,0.007166,0.00994,38.7,↑,0.442771,NS,12/20,5,4,0.7553152352941177
Blood,PlasmaB,metabolic_recovery,NL→AR,NL,AR,0.007166,0.008016,11.9,↑,0.633737,NS,8/15,5,3,1.0
Blood,PlasmaB,metabolic_recovery,NL→CR,NL,CR,0.007166,0.010131,41.4,↑,0.359397,NS,11/15,5,3,0.6701678235294118
Blood,PlasmaB,metabolic_recovery,IT→IA,IT,IA,0.011113,0.00994,-10.6,↓,1.0,NS,10/20,5,4,1.0
Blood,PlasmaB,metabolic_recovery,IA→AR,IA,AR,0.00994,0.008016,-19.4,↓,1.0,NS,6/12,4,3,1.0
Blood,PlasmaB,metabolic_recovery,CR→AR,CR,AR,0.010131,0.008016,-20.9,↓,0.7,NS,6/9,3,3,0.7518518518518518
Blood,Myeloid,mito_dysfunction,NL→IT,NL,IT,0.894277,0.950765,6.3,↑,0.015873,*,20/20,4,5,0.06575957142857143
Blood,Myeloid,mito_dysfunction,NL→IA,NL,IA,0.894277,0.938545,5.0,↑,0.114286,NS,14/16,4,4,0.30129945454545454
Blood,Myeloid,mito_dysfunction,NL→AR,NL,AR,0.894277,0.949292,6.2,↑,0.057143,†,12/12,4,3,0.3314294
Blood,Myeloid,mito_dysfunction,NL→CR,NL,CR,0.894277,0.932039,4.2,↑,0.057143,†,12/12,4,3,0.2367352857142857
Blood,Myeloid,mito_dysfunction,IT→IA,IT,IA,0.950765,0.938545,-1.3,↓,0.730159,NS,12/20,5,4,1.0
Blood,Myeloid,mito_dysfunction,IA→AR,IA,AR,0.938545,0.949292,1.1,↑,0.628571,NS,8/12,4,3,1.0
Blood,Myeloid,mito_dysfunction,CR→AR,CR,AR,0.932039,0.949292,1.9,↑,0.7,NS,6/9,3,3,0.8458333333333333
Blood,CD4_T,mito_dysfunction,NL→IT,NL,IT,0.851633,0.939682,10.3,↑,0.015873,*,24/25,5,5,0.23015850000000002
Blood,CD4_T,mito_dysfunction,NL→IA,NL,IA,0.851633,0.920564,8.1,↑,0.063492,†,18/20,5,4,0.8479538947368422
Blood,CD4_T,mito_dysfunction,NL→AR,NL,AR,0.851633,0.950066,11.6,↑,0.035714,*,15/15,5,3,0.517853
Blood,CD4_T,mito_dysfunction,NL→CR,NL,CR,0.851633,0.928006,9.0,↑,0.035714,*,15/15,5,3,0.51786025
Blood,CD4_T,mito_dysfunction,IT→IA,IT,IA,0.939682,0.920564,-2.0,↓,0.285714,NS,15/20,5,4,0.9717814074074074
Blood,CD4_T,mito_dysfunction,IA→AR,IA,AR,0.920564,0.950066,3.2,↑,0.228571,NS,10/12,4,3,0.9206350740740741
Blood,CD4_T,mito_dysfunction,CR→AR,CR,AR,0.928006,0.950066,2.4,↑,0.1,NS,9/9,3,3,0.4833333333333334
Blood,CD8_T,mito_dysfunction,NL→IT,NL,IT,0.873234,0.955922,9.5,↑,0.031746,*,23/25,5,5,0.23015850000000002
Blood,CD8_T,mito_dysfunction,NL→IA,NL,IA,0.873234,0.927747,6.2,↑,0.190476,NS,16/20,5,4,0.8950624444444445
Blood,CD8_T,mito_dysfunction,NL→AR,NL,AR,0.873234,0.955267,9.4,↑,0.071429,†,14/15,5,3,0.6904803333333334
Blood,CD8_T,mito_dysfunction,NL→CR,NL,CR,0.873234,0.927466,6.2,↑,0.392857,NS,11/15,5,3,0.7595235333333333
Blood,CD8_T,mito_dysfunction,IT→IA,IT,IA,0.955922,0.927747,-2.9,↓,0.190476,NS,16/20,5,4,0.613756
Blood,CD8_T,mito_dysfunction,IA→AR,IA,AR,0.927747,0.955267,3.0,↑,0.4,NS,9/12,4,3,0.9666666666666668
Blood,CD8_T,mito_dysfunction,CR→AR,CR,AR,0.927466,0.955267,3.0,↑,0.2,NS,8/9,3,3,0.4461538461538462
Blood,NK,mito_dysfunction,NL→IT,NL,IT,0.833999,0.938252,12.5,↑,0.007937,**,25/25,5,5,0.0920634
Blood,NK,mito_dysfunction,NL→IA,NL,IA,0.833999,0.904851,8.5,↑,0.015873,*,20/20,5,4,0.07671950000000001
Blood,NK,mito_dysfunction,NL→AR,NL,AR,0.833999,0.941506,12.9,↑,0.035714,*,15/15,5,3,0.12946325
Blood,NK,mito_dysfunction,NL→CR,NL,CR,0.833999,0.912135,9.4,↑,0.071429,†,14/15,5,3,0.29592014285714285
Blood,NK,mito_dysfunction,IT→IA,IT,IA,0.938252,0.904851,-3.6,↓,0.111111,NS,17/20,5,4,0.26851825
Blood,NK,mito_dysfunction,IA→AR,IA,AR,0.904851,0.941506,4.1,↑,0.228571,NS,10/12,4,3,0.7365065555555556
Blood,NK,mito_dysfunction,CR→AR,CR,AR,0.912135,0.941506,3.2,↑,0.4,NS,7/9,3,3,0.8923076923076924
Blood,B,mito_dysfunction,NL→IT,NL,IT,0.893597,0.957856,7.2,↑,0.007937,**,25/25,5,5,0.2013905
Blood,B,mito_dysfunction,NL→IA,NL,IA,0.893597,0.945783,5.8,↑,0.111111,NS,17/20,5,4,0.34523775
Blood,B,mito_dysfunction,NL→AR,NL,AR,0.893597,0.965365,8.0,↑,0.035714,*,15/15,5,3,0.207466
Blood,B,mito_dysfunction,NL→CR,NL,CR,0.893597,0.938546,5.0,↑,0.035714,*,15/15,5,3,0.17288833333333334
Blood,B,mito_dysfunction,IT→IA,IT,IA,0.957856,0.945783,-1.3,↓,0.412698,NS,14/20,5,4,0.9973535
Blood,B,mito_dysfunction,IA→AR,IA,AR,0.945783,0.965365,2.1,↑,0.228571,NS,10/12,4,3,0.5523799166666666
Blood,B,mito_dysfunction,CR→AR,CR,AR,0.938546,0.965365,2.9,↑,0.1,NS,9/9,3,3,0.2416666666666667
Blood,PlasmaB,mito_dysfunction,NL→IT,NL,IT,0.893018,0.923588,3.4,↑,0.690476,NS,15/25,5,5,0.8343251666666667
Blood,PlasmaB,mito_dysfunction,NL→IA,NL,IA,0.893018,0.927312,3.8,↑,0.904762,NS,11/20,5,4,0.904762
Blood,PlasmaB,mito_dysfunction,NL→AR,NL,AR,0.893018,0.957021,7.2,↑,0.571429,NS,10/15,5,3,1.0
Blood,PlasmaB,mito_dysfunction,NL→CR,NL,CR,0.893018,0.924765,3.6,↑,0.785714,NS,9/15,5,3,0.8439150370370371
Blood,PlasmaB,mito_dysfunction,IT→IA,IT,IA,0.923588,0.927312,0.4,↑,1.0,NS,10/20,5,4,1.0
Blood,PlasmaB,mito_dysfunction,IA→AR,IA,AR,0.927312,0.957021,3.2,↑,0.228571,NS,10/12,4,3,0.4142849375
Blood,PlasmaB,mito_dysfunction,CR→AR,CR,AR,0.924765,0.957021,3.5,↑,0.4,NS,7/9,3,3,0.6444444444444445
Blood,Myeloid,naive_t,NL→IT,NL,IT,0.056723,0.058793,3.7,↑,1.0,NS,10/20,4,5,1.0
Blood,Myeloid,naive_t,NL→IA,NL,IA,0.056723,0.046154,-18.6,↓,0.685714,NS,10/16,4,4,0.9879117692307692
Blood,Myeloid,naive_t,NL→AR,NL,AR,0.056723,0.044611,-21.4,↓,0.628571,NS,8/12,4,3,0.8285708636363637
Blood,Myeloid,naive_t,NL→CR,NL,CR,0.056723,0.066826,17.8,↑,0.4,NS,9/12,4,3,0.6823529411764707
Blood,Myeloid,naive_t,IT→IA,IT,IA,0.058793,0.046154,-21.5,↓,0.555556,NS,13/20,5,4,1.0
Blood,Myeloid,naive_t,IA→AR,IA,AR,0.046154,0.044611,-3.3,↓,1.0,NS,6/12,4,3,1.0
Blood,Myeloid,naive_t,CR→AR,CR,AR,0.066826,0.044611,-33.2,↓,0.1,NS,9/9,3,3,0.4142857142857143
Blood,CD4_T,naive_t,NL→IT,NL,IT,0.31844,0.497129,56.1,↑,0.150794,NS,20/25,5,5,0.4858917777777778
Blood,CD4_T,naive_t,NL→IA,NL,IA,0.31844,0.45898,44.1,↑,0.555556,NS,13/20,5,4,0.8479538947368422
Blood,CD4_T,naive_t,NL→AR,NL,AR,0.31844,0.534378,67.8,↑,0.25,NS,12/15,5,3,0.6329362777777777
Blood,CD4_T,naive_t,NL→CR,NL,CR,0.31844,0.453592,42.4,↑,0.25,NS,12/15,5,3,0.5576923076923077
Blood,CD4_T,naive_t,IT→IA,IT,IA,0.497129,0.45898,-7.7,↓,1.0,NS,10/20,5,4,1.0
Blood,CD4_T,naive_t,IA→AR,IA,AR,0.45898,0.534378,16.4,↑,0.857143,NS,7/12,4,3,0.9206350740740741
Blood,CD4_T,naive_t,CR→AR,CR,AR,0.453592,0.534378,17.8,↑,0.2,NS,8/9,3,3,0.7250000000000001
Blood,CD8_T,naive_t,NL→IT,NL,IT,0.287085,0.436341,52.0,↑,0.150794,NS,20/25,5,5,0.54662825
Blood,CD8_T,naive_t,NL→IA,NL,IA,0.287085,0.342521,19.3,↑,0.904762,NS,11/20,5,4,0.9717814074074074
Blood,CD8_T,naive_t,NL→AR,NL,AR,0.287085,0.344097,19.9,↑,0.25,NS,12/15,5,3,0.8763733076923077
Blood,CD8_T,naive_t,NL→CR,NL,CR,0.287085,0.397046,38.3,↑,0.25,NS,12/15,5,3,0.6590909090909092
Blood,CD8_T,naive_t,IT→IA,IT,IA,0.436341,0.342521,-21.5,↓,0.730159,NS,12/20,5,4,1.0
Blood,CD8_T,naive_t,IA→AR,IA,AR,0.342521,0.344097,0.5,↑,1.0,NS,6/12,4,3,1.0
Blood,CD8_T,naive_t,CR→AR,CR,AR,0.397046,0.344097,-13.3,↓,0.4,NS,7/9,3,3,0.58
Blood,NK,naive_t,NL→IT,NL,IT,0.040466,0.068114,68.3,↑,0.095238,†,21/25,5,5,0.2761902
Blood,NK,naive_t,NL→IA,NL,IA,0.040466,0.105035,159.6,↑,0.015873,*,20/20,5,4,0.07671950000000001
Blood,NK,naive_t,NL→AR,NL,AR,0.040466,0.076191,88.3,↑,0.035714,*,15/15,5,3,0.12946325
Blood,NK,naive_t,NL→CR,NL,CR,0.040466,0.089011,120.0,↑,0.035714,*,15/15,5,3,0.29592014285714285
Blood,NK,naive_t,IT→IA,IT,IA,0.068114,0.105035,54.2,↑,0.111111,NS,17/20,5,4,0.26851825
Blood,NK,naive_t,IA→AR,IA,AR,0.105035,0.076191,-27.5,↓,0.4,NS,9/12,4,3,0.7733333333333333
Blood,NK,naive_t,CR→AR,CR,AR,0.089011,0.076191,-14.4,↓,0.7,NS,6/9,3,3,1.0
Blood,B,naive_t,NL→IT,NL,IT,0.083563,0.139766,67.3,↑,0.150794,NS,20/25,5,5,0.3975478181818182
Blood,B,naive_t,NL→IA,NL,IA,0.083563,0.161558,93.3,↑,0.015873,*,20/20,5,4,0.11507925000000001
Blood,B,naive_t,NL→AR,NL,AR,0.083563,0.145237,73.8,↑,0.142857,NS,13/15,5,3,0.31868100000000005
Blood,B,naive_t,NL→CR,NL,CR,0.083563,0.139825,67.3,↑,0.25,NS,12/15,5,3,0.453125
Blood,B,naive_t,IT→IA,IT,IA,0.139766,0.161558,15.6,↑,0.111111,NS,17/20,5,4,0.5370365
Blood,B,naive_t,IA→AR,IA,AR,0.161558,0.145237,-10.1,↓,0.057143,†,12/12,4,3,0.5523799166666666
Blood,B,naive_t,CR→AR,CR,AR,0.139825,0.145237,3.9,↑,0.7,NS,6/9,3,3,0.8826086956521738
Blood,PlasmaB,naive_t,NL→IT,NL,IT,0.034274,0.099135,189.2,↑,0.093693,†,21/25,5,5,0.34523775
Blood,PlasmaB,naive_t,NL→IA,NL,IA,0.034274,0.088968,159.6,↑,0.109855,NS,17/20,5,4,0.402777375
Blood,PlasmaB,naive_t,NL→AR,NL,AR,0.034274,0.021871,-36.2,↓,0.759982,NS,8/15,5,3,1.0
Blood,PlasmaB,naive_t,NL→CR,NL,CR,0.034274,0.103603,202.3,↑,0.133701,NS,13/15,5,3,0.46031700000000003
Blood,PlasmaB,naive_t,IT→IA,IT,IA,0.099135,0.088968,-10.3,↓,0.730159,NS,12/20,5,4,1.0
Blood,PlasmaB,naive_t,IA→AR,IA,AR,0.088968,0.021871,-75.4,↓,0.114286,NS,11/12,4,3,0.30129945454545454
Blood,PlasmaB,naive_t,CR→AR,CR,AR,0.103603,0.021871,-78.9,↓,0.1,NS,9/9,3,3,0.32222222222222224
Blood,Myeloid,nk_function,NL→IT,NL,IT,0.000802,0.000464,-42.1,↓,0.805701,NS,11/20,4,5,0.93461316
Blood,Myeloid,nk_function,NL→IA,NL,IA,0.000802,0.000403,-49.8,↓,0.771503,NS,9/16,4,4,0.9879117692307692
Blood,Myeloid,nk_function,NL→AR,NL,AR,0.000802,0.000584,-27.2,↓,1.0,NS,6/12,4,3,1.0
Blood,Myeloid,nk_function,NL→CR,NL,CR,0.000802,0.000426,-46.9,↓,0.857143,NS,7/12,4,3,0.9560441153846153
Blood,Myeloid,nk_function,IT→IA,IT,IA,0.000464,0.000403,-13.2,↓,1.0,NS,10/20,5,4,1.0
Blood,Myeloid,nk_function,IA→AR,IA,AR,0.000403,0.000584,44.9,↑,1.0,NS,6/12,4,3,1.0
Blood,Myeloid,nk_function,CR→AR,CR,AR,0.000426,0.000584,37.0,↑,1.0,NS,4/9,3,3,1.0
Blood,CD4_T,nk_function,NL→IT,NL,IT,0.012823,0.008005,-37.6,↓,0.690476,NS,15/25,5,5,0.9101729090909091
Blood,CD4_T,nk_function,NL→IA,NL,IA,0.012823,0.018406,43.5,↑,0.555556,NS,13/20,5,4,0.8479538947368422
Blood,CD4_T,nk_function,NL→AR,NL,AR,0.012823,0.005489,-57.2,↓,0.392857,NS,11/15,5,3,0.6329362777777777
Blood,CD4_T,nk_function,NL→CR,NL,CR,0.012823,0.006063,-52.7,↓,0.392857,NS,11/15,5,3,0.6329362777777777
Blood,CD4_T,nk_function,IT→IA,IT,IA,0.008005,0.018406,129.9,↑,0.190476,NS,16/20,5,4,0.7891148571428571
Blood,CD4_T,nk_function,IA→AR,IA,AR,0.018406,0.005489,-70.2,↓,0.114286,NS,11/12,4,3,0.9206350740740741
Blood,CD4_T,nk_function,CR→AR,CR,AR,0.006063,0.005489,-9.5,↓,1.0,NS,5/9,3,3,1.0
Blood,CD8_T,nk_function,NL→IT,NL,IT,0.056676,0.061511,8.5,↑,0.547619,NS,16/25,5,5,0.9101729090909091
Blood,CD8_T,nk_function,NL→IA,NL,IA,0.056676,0.053681,-5.3,↓,0.904762,NS,9/20,5,4,0.9717814074074074
Blood,CD8_T,nk_function,NL→AR,NL,AR,0.056676,0.059837,5.6,↑,0.785714,NS,9/15,5,3,1.0
Blood,CD8_T,nk_function,NL→CR,NL,CR,0.056676,0.030928,-45.4,↓,0.392857,NS,11/15,5,3,0.7595235333333333
Blood,CD8_T,nk_function,IT→IA,IT,IA,0.061511,0.053681,-12.7,↓,0.904762,NS,11/20,5,4,1.0
Blood,CD8_T,nk_function,IA→AR,IA,AR,0.053681,0.059837,11.5,↑,1.0,NS,6/12,4,3,1.0
Blood,CD8_T,nk_function,CR→AR,CR,AR,0.030928,0.059837,93.5,↑,0.4,NS,7/9,3,3,0.58
Blood,NK,nk_function,NL→IT,NL,IT,0.207943,0.222584,7.0,↑,0.309524,NS,18/25,5,5,0.4986775555555556
Blood,NK,nk_function,NL→IA,NL,IA,0.207943,0.196601,-5.5,↓,0.412698,NS,14/20,5,4,0.6649023333333334
Blood,NK,nk_function,NL→AR,NL,AR,0.207943,0.186056,-10.5,↓,0.25,NS,12/15,5,3,0.5178571428571428
Blood,NK,nk_function,NL→CR,NL,CR,0.207943,0.162181,-22.0,↓,0.071429,†,14/15,5,3,0.29592014285714285
Blood,NK,nk_function,IT→IA,IT,IA,0.222584,0.196601,-11.7,↓,0.190476,NS,16/20,5,4,0.3682536
Blood,NK,nk_function,IA→AR,IA,AR,0.196601,0.186056,-5.4,↓,0.628571,NS,8/12,4,3,0.9593978421052631
Blood,NK,nk_function,CR→AR,CR,AR,0.162181,0.186056,14.7,↑,0.4,NS,7/9,3,3,0.8923076923076924
Blood,B,nk_function,NL→IT,NL,IT,0.021308,0.009432,-55.7,↓,0.420635,NS,17/25,5,5,0.7175538235294118
Blood,B,nk_function,NL→IA,NL,IA,0.021308,0.008049,-62.2,↓,0.285714,NS,15/20,5,4,0.4873944705882354
Blood,B,nk_function,NL→AR,NL,AR,0.021308,0.013085,-38.6,↓,0.785714,NS,9/15,5,3,0.8763733076923077
Blood,B,nk_function,NL→CR,NL,CR,0.021308,0.006123,-71.3,↓,0.392857,NS,11/15,5,3,0.5425168095238095
Blood,B,nk_function,IT→IA,IT,IA,0.009432,0.008049,-14.7,↓,0.190476,NS,16/20,5,4,0.6904755
Blood,B,nk_function,IA→AR,IA,AR,0.008049,0.013085,62.6,↑,0.057143,†,12/12,4,3,0.5523799166666666
Blood,B,nk_function,CR→AR,CR,AR,0.006123,0.013085,113.7,↑,0.1,NS,9/9,3,3,0.2416666666666667
Blood,PlasmaB,nk_function,NL→IT,NL,IT,0.0,4e-06,99999.0,↑,0.423711,NS,5/25,5,5,0.687825052631579
Blood,PlasmaB,nk_function,NL→IA,NL,IA,0.0,0.003565,99999.0,↑,0.13121,NS,10/20,5,4,0.42278777777777776
Blood,PlasmaB,nk_function,NL→AR,NL,AR,0.0,0.0,0.0,↑,1.0,NS,0/15,5,3,1.0
Blood,PlasmaB,nk_function,NL→CR,NL,CR,0.0,0.006723,99999.0,↑,0.3017,NS,5/15,5,3,0.6701678235294118
Blood,PlasmaB,nk_function,IT→IA,IT,IA,4e-06,0.003565,82748.5,↑,0.308369,NS,10/20,5,4,0.9936334444444445
Blood,PlasmaB,nk_function,IA→AR,IA,AR,0.003565,0.0,-100.0,↓,0.270289,NS,6/12,4,3,0.4610812352941177
Blood,PlasmaB,nk_function,CR→AR,CR,AR,0.006723,0.0,-100.0,↓,0.504985,NS,3/9,3,3,0.7518518518518518
Blood,Myeloid,nk_il15_dual,NL→IT,NL,IT,0.033844,0.040284,19.0,↑,0.412698,NS,14/20,4,5,0.5984121
Blood,Myeloid,nk_il15_dual,NL→IA,NL,IA,0.033844,0.049422,46.0,↑,0.114286,NS,14/16,4,4,0.30129945454545454
Blood,Myeloid,nk_il15_dual,NL→AR,NL,AR,0.033844,0.043208,27.7,↑,0.4,NS,9/12,4,3,0.6105263157894737
Blood,Myeloid,nk_il15_dual,NL→CR,NL,CR,0.033844,0.051522,52.2,↑,0.114286,NS,11/12,4,3,0.30129945454545454
Blood,Myeloid,nk_il15_dual,IT→IA,IT,IA,0.040284,0.049422,22.7,↑,0.190476,NS,16/20,5,4,1.0
Blood,Myeloid,nk_il15_dual,IA→AR,IA,AR,0.049422,0.043208,-12.6,↓,0.628571,NS,8/12,4,3,1.0
Blood,Myeloid,nk_il15_dual,CR→AR,CR,AR,0.051522,0.043208,-16.1,↓,0.4,NS,7/9,3,3,0.7250000000000001
Blood,CD4_T,nk_il15_dual,NL→IT,NL,IT,0.091307,0.085334,-6.5,↓,0.420635,NS,17/25,5,5,0.7175538235294118
Blood,CD4_T,nk_il15_dual,NL→IA,NL,IA,0.091307,0.096794,6.0,↑,0.730159,NS,12/20,5,4,0.9206352608695652
Blood,CD4_T,nk_il15_dual,NL→AR,NL,AR,0.091307,0.091098,-0.2,↓,0.571429,NS,10/15,5,3,0.789116238095238
Blood,CD4_T,nk_il15_dual,NL→CR,NL,CR,0.091307,0.088813,-2.7,↓,0.785714,NS,9/15,5,3,0.9494044166666668
Blood,CD4_T,nk_il15_dual,IT→IA,IT,IA,0.085334,0.096794,13.4,↑,0.412698,NS,14/20,5,4,0.9717814074074074
Blood,CD4_T,nk_il15_dual,IA→AR,IA,AR,0.096794,0.091098,-5.9,↓,0.857143,NS,7/12,4,3,0.9206350740740741
Blood,CD4_T,nk_il15_dual,CR→AR,CR,AR,0.088813,0.091098,2.6,↑,1.0,NS,5/9,3,3,1.0
Blood,CD8_T,nk_il15_dual,NL→IT,NL,IT,0.076954,0.087131,13.2,↑,1.0,NS,13/25,5,5,1.0
Blood,CD8_T,nk_il15_dual,NL→IA,NL,IA,0.076954,0.105456,37.0,↑,0.111111,NS,17/20,5,4,0.80555475
Blood,CD8_T,nk_il15_dual,NL→AR,NL,AR,0.076954,0.093678,21.7,↑,0.785714,NS,9/15,5,3,1.0
Blood,CD8_T,nk_il15_dual,NL→CR,NL,CR,0.076954,0.088242,14.7,↑,1.0,NS,8/15,5,3,1.0
Blood,CD8_T,nk_il15_dual,IT→IA,IT,IA,0.087131,0.105456,21.0,↑,0.111111,NS,17/20,5,4,0.5370365
Blood,CD8_T,nk_il15_dual,IA→AR,IA,AR,0.105456,0.093678,-11.2,↓,0.228571,NS,10/12,4,3,0.9666666666666668
Blood,CD8_T,nk_il15_dual,CR→AR,CR,AR,0.088242,0.093678,6.2,↑,0.7,NS,6/9,3,3,0.7
Blood,NK,nk_il15_dual,NL→IT,NL,IT,0.102632,0.127906,24.6,↑,0.150794,NS,20/25,5,5,0.3363866153846154
Blood,NK,nk_il15_dual,NL→IA,NL,IA,0.102632,0.149499,45.7,↑,0.031746,*,19/20,5,4,0.11507925000000001
Blood,NK,nk_il15_dual,NL→AR,NL,AR,0.102632,0.122246,19.1,↑,0.25,NS,12/15,5,3,0.5178571428571428
Blood,NK,nk_il15_dual,NL→CR,NL,CR,0.102632,0.137374,33.9,↑,0.142857,NS,13/15,5,3,0.34523775
Blood,NK,nk_il15_dual,IT→IA,IT,IA,0.127906,0.149499,16.9,↑,0.063492,†,18/20,5,4,0.2630382857142857
Blood,NK,nk_il15_dual,IA→AR,IA,AR,0.149499,0.122246,-18.2,↓,0.057143,†,12/12,4,3,0.41428675
Blood,NK,nk_il15_dual,CR→AR,CR,AR,0.137374,0.122246,-11.0,↓,0.4,NS,7/9,3,3,0.8923076923076924
Blood,B,nk_il15_dual,NL→IT,NL,IT,0.050125,0.062647,25.0,↑,0.309524,NS,18/25,5,5,0.5610122500000001
Blood,B,nk_il15_dual,NL→IA,NL,IA,0.050125,0.06319,26.1,↑,0.190476,NS,16/20,5,4,0.34523775
Blood,B,nk_il15_dual,NL→AR,NL,AR,0.050125,0.067283,34.2,↑,0.071429,†,14/15,5,3,0.2317551111111111
Blood,B,nk_il15_dual,NL→CR,NL,CR,0.050125,0.063222,26.1,↑,0.392857,NS,11/15,5,3,0.5425168095238095
Blood,B,nk_il15_dual,IT→IA,IT,IA,0.062647,0.06319,0.9,↑,0.904762,NS,9/20,5,4,1.0
Blood,B,nk_il15_dual,IA→AR,IA,AR,0.06319,0.067283,6.5,↑,1.0,NS,6/12,4,3,1.0
Blood,B,nk_il15_dual,CR→AR,CR,AR,0.063222,0.067283,6.4,↑,0.4,NS,7/9,3,3,0.6823529411764707
Blood,PlasmaB,nk_il15_dual,NL→IT,NL,IT,0.022592,0.057025,152.4,↑,0.095238,†,21/25,5,5,0.34523775
Blood,PlasmaB,nk_il15_dual,NL→IA,NL,IA,0.022592,0.041787,85.0,↑,0.190476,NS,16/20,5,4,0.46031700000000003
Blood,PlasmaB,nk_il15_dual,NL→AR,NL,AR,0.022592,0.05154,128.1,↑,0.142857,NS,13/15,5,3,1.0
Blood,PlasmaB,nk_il15_dual,NL→CR,NL,CR,0.022592,0.063515,181.1,↑,0.071429,†,14/15,5,3,0.4142882
Blood,PlasmaB,nk_il15_dual,IT→IA,IT,IA,0.057025,0.041787,-26.7,↓,0.285714,NS,15/20,5,4,0.9936334444444445
Blood,PlasmaB,nk_il15_dual,IA→AR,IA,AR,0.041787,0.05154,23.3,↑,0.628571,NS,8/12,4,3,0.72914236
Blood,PlasmaB,nk_il15_dual,CR→AR,CR,AR,0.063515,0.05154,-18.9,↓,0.7,NS,6/9,3,3,0.7518518518518518
Blood,Myeloid,oxphos,NL→IT,NL,IT,0.30991,0.384824,24.2,↑,0.031746,*,19/20,4,5,0.10229266666666667
Blood,Myeloid,oxphos,NL→IA,NL,IA,0.30991,0.369738,19.3,↑,0.057143,†,15/16,4,4,0.207143375
Blood,Myeloid,oxphos,NL→AR,NL,AR,0.30991,0.372049,20.1,↑,0.228571,NS,10/12,4,3,0.6025962727272728
Blood,Myeloid,oxphos,NL→CR,NL,CR,0.30991,0.310802,0.3,↑,1.0,NS,6/12,4,3,1.0
Blood,Myeloid,oxphos,IT→IA,IT,IA,0.384824,0.369738,-3.9,↓,0.111111,NS,17/20,5,4,1.0
Blood,Myeloid,oxphos,IA→AR,IA,AR,0.369738,0.372049,0.6,↑,1.0,NS,6/12,4,3,1.0
Blood,Myeloid,oxphos,CR→AR,CR,AR,0.310802,0.372049,19.7,↑,0.4,NS,7/9,3,3,0.7250000000000001
Blood,CD4_T,oxphos,NL→IT,NL,IT,0.305299,0.321824,5.4,↑,0.690476,NS,15/25,5,5,0.9101729090909091
Blood,CD4_T,oxphos,NL→IA,NL,IA,0.305299,0.292094,-4.3,↓,0.730159,NS,12/20,5,4,0.9206352608695652
Blood,CD4_T,oxphos,NL→AR,NL,AR,0.305299,0.300029,-1.7,↓,0.785714,NS,9/15,5,3,0.8763733076923077
Blood,CD4_T,oxphos,NL→CR,NL,CR,0.305299,0.271311,-11.1,↓,0.392857,NS,11/15,5,3,0.6329362777777777
Blood,CD4_T,oxphos,IT→IA,IT,IA,0.321824,0.292094,-9.2,↓,0.190476,NS,16/20,5,4,0.7891148571428571
Blood,CD4_T,oxphos,IA→AR,IA,AR,0.292094,0.300029,2.7,↑,0.628571,NS,8/12,4,3,0.9206350740740741
Blood,CD4_T,oxphos,CR→AR,CR,AR,0.271311,0.300029,10.6,↑,0.2,NS,8/9,3,3,0.7250000000000001
Blood,CD8_T,oxphos,NL→IT,NL,IT,0.296206,0.322668,8.9,↑,1.0,NS,13/25,5,5,1.0
Blood,CD8_T,oxphos,NL→IA,NL,IA,0.296206,0.299378,1.1,↑,0.904762,NS,9/20,5,4,0.9717814074074074
Blood,CD8_T,oxphos,NL→AR,NL,AR,0.296206,0.311318,5.1,↑,1.0,NS,8/15,5,3,1.0
Blood,CD8_T,oxphos,NL→CR,NL,CR,0.296206,0.277532,-6.3,↓,0.785714,NS,9/15,5,3,0.9906828695652173
Blood,CD8_T,oxphos,IT→IA,IT,IA,0.322668,0.299378,-7.2,↓,0.111111,NS,17/20,5,4,0.5370365
Blood,CD8_T,oxphos,IA→AR,IA,AR,0.299378,0.311318,4.0,↑,0.628571,NS,8/12,4,3,1.0
Blood,CD8_T,oxphos,CR→AR,CR,AR,0.277532,0.311318,12.2,↑,0.2,NS,8/9,3,3,0.4461538461538462
Blood,NK,oxphos,NL→IT,NL,IT,0.25703,0.278417,8.3,↑,0.547619,NS,16/25,5,5,0.6617062916666666
Blood,NK,oxphos,NL→IA,NL,IA,0.25703,0.262435,2.1,↑,0.904762,NS,11/20,5,4,0.904762
Blood,NK,oxphos,NL→AR,NL,AR,0.25703,0.281595,9.6,↑,0.571429,NS,10/15,5,3,0.789116238095238
Blood,NK,oxphos,NL→CR,NL,CR,0.25703,0.262689,2.2,↑,0.785714,NS,9/15,5,3,0.8439150370370371
Blood,NK,oxphos,IT→IA,IT,IA,0.278417,0.262435,-5.7,↓,0.190476,NS,16/20,5,4,0.3682536
Blood,NK,oxphos,IA→AR,IA,AR,0.262435,0.281595,7.3,↑,0.628571,NS,8/12,4,3,0.9593978421052631
Blood,NK,oxphos,CR→AR,CR,AR,0.262689,0.281595,7.2,↑,1.0,NS,5/9,3,3,1.0
Blood,B,oxphos,NL→IT,NL,IT,0.259347,0.274037,5.7,↑,0.690476,NS,15/25,5,5,1.0
Blood,B,oxphos,NL→IA,NL,IA,0.259347,0.264951,2.2,↑,0.904762,NS,11/20,5,4,1.0
Blood,B,oxphos,NL→AR,NL,AR,0.259347,0.287878,11.0,↑,0.25,NS,12/15,5,3,0.453125
Blood,B,oxphos,NL→CR,NL,CR,0.259347,0.234176,-9.7,↓,0.392857,NS,11/15,5,3,0.5425168095238095
Blood,B,oxphos,IT→IA,IT,IA,0.274037,0.264951,-3.3,↓,0.904762,NS,11/20,5,4,1.0
Blood,B,oxphos,IA→AR,IA,AR,0.264951,0.287878,8.7,↑,0.228571,NS,10/12,4,3,0.5523799166666666
Blood,B,oxphos,CR→AR,CR,AR,0.234176,0.287878,22.9,↑,0.1,NS,9/9,3,3,0.2416666666666667
Blood,PlasmaB,oxphos,NL→IT,NL,IT,0.524232,0.466669,-11.0,↓,0.547619,NS,16/25,5,5,0.7218614090909091
Blood,PlasmaB,oxphos,NL→IA,NL,IA,0.524232,0.436008,-16.8,↓,0.190476,NS,16/20,5,4,0.46031700000000003
Blood,PlasmaB,oxphos,NL→AR,NL,AR,0.524232,0.563599,7.5,↑,0.785714,NS,9/15,5,3,1.0
Blood,PlasmaB,oxphos,NL→CR,NL,CR,0.524232,0.369293,-29.6,↓,0.142857,NS,13/15,5,3,0.46031700000000003
Blood,PlasmaB,oxphos,IT→IA,IT,IA,0.466669,0.436008,-6.6,↓,0.555556,NS,13/20,5,4,1.0
Blood,PlasmaB,oxphos,IA→AR,IA,AR,0.436008,0.563599,29.3,↑,0.057143,†,12/12,4,3,0.30129945454545454
Blood,PlasmaB,oxphos,CR→AR,CR,AR,0.369293,0.563599,52.6,↑,0.1,NS,9/9,3,3,0.32222222222222224
Blood,Myeloid,proliferation,NL→IT,NL,IT,0.002602,0.000682,-73.8,↓,0.325163,NS,14/20,4,5,0.5238737222222222
Blood,Myeloid,proliferation,NL→IA,NL,IA,0.002602,0.001966,-24.5,↓,0.885714,NS,9/16,4,4,0.9879117692307692
Blood,Myeloid,proliferation,NL→AR,NL,AR,0.002602,0.000746,-71.3,↓,0.721277,NS,7/12,4,3,0.9094362173913042
Blood,Myeloid,proliferation,NL→CR,NL,CR,0.002602,0.000803,-69.1,↓,0.721277,NS,7/12,4,3,0.9560441153846153
Blood,Myeloid,proliferation,IT→IA,IT,IA,0.000682,0.001966,188.2,↑,0.190476,NS,16/20,5,4,1.0
Blood,Myeloid,proliferation,IA→AR,IA,AR,0.001966,0.000746,-62.1,↓,0.628571,NS,8/12,4,3,1.0
Blood,Myeloid,proliferation,CR→AR,CR,AR,0.000803,0.000746,-7.2,↓,1.0,NS,4/9,3,3,1.0
Blood,CD4_T,proliferation,NL→IT,NL,IT,0.023913,0.006828,-71.4,↓,0.420635,NS,17/25,5,5,0.7175538235294118
Blood,CD4_T,proliferation,NL→IA,NL,IA,0.023913,0.006848,-71.4,↓,0.555556,NS,13/20,5,4,0.8479538947368422
Blood,CD4_T,proliferation,NL→AR,NL,AR,0.023913,0.004746,-80.2,↓,0.142857,NS,13/15,5,3,0.6329362777777777
Blood,CD4_T,proliferation,NL→CR,NL,CR,0.023913,0.003242,-86.4,↓,0.071429,†,14/15,5,3,0.51786025
Blood,CD4_T,proliferation,IT→IA,IT,IA,0.006828,0.006848,0.3,↑,0.904762,NS,9/20,5,4,0.9717814074074074
Blood,CD4_T,proliferation,IA→AR,IA,AR,0.006848,0.004746,-30.7,↓,0.4,NS,9/12,4,3,0.9206350740740741
Blood,CD4_T,proliferation,CR→AR,CR,AR,0.003242,0.004746,46.4,↑,1.0,NS,5/9,3,3,1.0
Blood,CD8_T,proliferation,NL→IT,NL,IT,0.019471,0.006454,-66.9,↓,0.547619,NS,16/25,5,5,0.9101729090909091
Blood,CD8_T,proliferation,NL→IA,NL,IA,0.019471,0.006544,-66.4,↓,0.555556,NS,13/20,5,4,0.8950624444444445
Blood,CD8_T,proliferation,NL→AR,NL,AR,0.019471,0.004944,-74.6,↓,0.571429,NS,10/15,5,3,1.0
Blood,CD8_T,proliferation,NL→CR,NL,CR,0.019471,0.002685,-86.2,↓,0.25,NS,12/15,5,3,0.6590909090909092
Blood,CD8_T,proliferation,IT→IA,IT,IA,0.006454,0.006544,1.4,↑,0.904762,NS,9/20,5,4,1.0
Blood,CD8_T,proliferation,IA→AR,IA,AR,0.006544,0.004944,-24.4,↓,1.0,NS,6/12,4,3,1.0
Blood,CD8_T,proliferation,CR→AR,CR,AR,0.002685,0.004944,84.2,↑,0.7,NS,6/9,3,3,0.7
Blood,NK,proliferation,NL→IT,NL,IT,0.016258,0.005691,-65.0,↓,0.150794,NS,20/25,5,5,0.3363866153846154
Blood,NK,proliferation,NL→IA,NL,IA,0.016258,0.00821,-49.5,↓,0.555556,NS,13/20,5,4,0.6712968333333335
Blood,NK,proliferation,NL→AR,NL,AR,0.016258,0.005111,-68.6,↓,0.25,NS,12/15,5,3,0.5178571428571428
Blood,NK,proliferation,NL→CR,NL,CR,0.016258,0.005448,-66.5,↓,0.142857,NS,13/15,5,3,0.34523775
Blood,NK,proliferation,IT→IA,IT,IA,0.005691,0.00821,44.3,↑,0.031746,*,19/20,5,4,0.23015850000000002
Blood,NK,proliferation,IA→AR,IA,AR,0.00821,0.005111,-37.7,↓,0.114286,NS,11/12,4,3,0.5523823333333333
Blood,NK,proliferation,CR→AR,CR,AR,0.005448,0.005111,-6.2,↓,1.0,NS,4/9,3,3,1.0
Blood,B,proliferation,NL→IT,NL,IT,0.002644,0.004584,73.4,↑,0.20869,NS,19/25,5,5,0.495726
Blood,B,proliferation,NL→IA,NL,IA,0.002644,0.004311,63.1,↑,0.389284,NS,14/20,5,4,0.5699162857142858
Blood,B,proliferation,NL→AR,NL,AR,0.002644,0.003331,26.0,↑,0.548595,NS,10/15,5,3,0.8373292105263159
Blood,B,proliferation,NL→CR,NL,CR,0.002644,0.001968,-25.6,↓,0.764228,NS,6/15,5,3,0.8439150370370371
Blood,B,proliferation,IT→IA,IT,IA,0.004584,0.004311,-5.9,↓,0.904762,NS,9/20,5,4,1.0
Blood,B,proliferation,IA→AR,IA,AR,0.004311,0.003331,-22.7,↓,0.628571,NS,8/12,4,3,0.7925460434782609
Blood,B,proliferation,CR→AR,CR,AR,0.001968,0.003331,69.3,↑,0.7,NS,6/9,3,3,0.8826086956521738
Blood,PlasmaB,proliferation,NL→IT,NL,IT,0.13316,0.004672,-96.5,↓,0.157939,NS,15/25,5,5,0.5089145555555555
Blood,PlasmaB,proliferation,NL→IA,NL,IA,0.13316,0.015082,-88.7,↓,0.522431,NS,11/20,5,4,0.8055562000000001
Blood,PlasmaB,proliferation,NL→AR,NL,AR,0.13316,0.030955,-76.8,↓,1.0,NS,7/15,5,3,1.0
Blood,PlasmaB,proliferation,NL→CR,NL,CR,0.13316,0.023925,-82.0,↓,1.0,NS,7/15,5,3,1.0
Blood,PlasmaB,proliferation,IT→IA,IT,IA,0.004672,0.015082,222.8,↑,0.466854,NS,9/20,5,4,1.0
Blood,PlasmaB,proliferation,IA→AR,IA,AR,0.015082,0.030955,105.2,↑,0.58208,NS,7/12,4,3,0.72914236
Blood,PlasmaB,proliferation,CR→AR,CR,AR,0.023925,0.030955,29.4,↑,0.824778,NS,5/9,3,3,0.8542343571428571
Blood,Myeloid,senescence,NL→IT,NL,IT,0.078637,0.055537,-29.4,↓,0.015873,*,20/20,4,5,0.06575957142857143
Blood,Myeloid,senescence,NL→IA,NL,IA,0.078637,0.077212,-1.8,↓,0.885714,NS,9/16,4,4,0.9879117692307692
Blood,Myeloid,senescence,NL→AR,NL,AR,0.078637,0.063752,-18.9,↓,0.4,NS,9/12,4,3,0.6105263157894737
Blood,Myeloid,senescence,NL→CR,NL,CR,0.078637,0.072431,-7.9,↓,0.628571,NS,8/12,4,3,0.9560441153846153
Blood,Myeloid,senescence,IT→IA,IT,IA,0.055537,0.077212,39.0,↑,0.730159,NS,12/20,5,4,1.0
Blood,Myeloid,senescence,IA→AR,IA,AR,0.077212,0.063752,-17.4,↓,0.857143,NS,7/12,4,3,1.0
Blood,Myeloid,senescence,CR→AR,CR,AR,0.072431,0.063752,-12.0,↓,0.4,NS,7/9,3,3,0.7250000000000001
Blood,CD4_T,senescence,NL→IT,NL,IT,0.037069,0.024478,-34.0,↓,0.222222,NS,19/25,5,5,0.585858
Blood,CD4_T,senescence,NL→IA,NL,IA,0.037069,0.044087,18.9,↑,0.904762,NS,11/20,5,4,1.0
Blood,CD4_T,senescence,NL→AR,NL,AR,0.037069,0.026003,-29.9,↓,0.392857,NS,11/15,5,3,0.6329362777777777
Blood,CD4_T,senescence,NL→CR,NL,CR,0.037069,0.033743,-9.0,↓,1.0,NS,8/15,5,3,1.0
Blood,CD4_T,senescence,IT→IA,IT,IA,0.024478,0.044087,80.1,↑,0.412698,NS,14/20,5,4,0.9717814074074074
Blood,CD4_T,senescence,IA→AR,IA,AR,0.044087,0.026003,-41.0,↓,0.628571,NS,8/12,4,3,0.9206350740740741
Blood,CD4_T,senescence,CR→AR,CR,AR,0.033743,0.026003,-22.9,↓,0.1,NS,9/9,3,3,0.4833333333333334
Blood,CD8_T,senescence,NL→IT,NL,IT,0.035254,0.022485,-36.2,↓,0.031746,*,23/25,5,5,0.23015850000000002
Blood,CD8_T,senescence,NL→IA,NL,IA,0.035254,0.037331,5.9,↑,0.555556,NS,7/20,5,4,0.8950624444444445
Blood,CD8_T,senescence,NL→AR,NL,AR,0.035254,0.02336,-33.7,↓,0.071429,†,14/15,5,3,0.6904803333333334
Blood,CD8_T,senescence,NL→CR,NL,CR,0.035254,0.033481,-5.0,↓,1.0,NS,7/15,5,3,1.0
Blood,CD8_T,senescence,IT→IA,IT,IA,0.022485,0.037331,66.0,↑,0.190476,NS,16/20,5,4,0.613756
Blood,CD8_T,senescence,IA→AR,IA,AR,0.037331,0.02336,-37.4,↓,0.114286,NS,11/12,4,3,0.9666666666666668
Blood,CD8_T,senescence,CR→AR,CR,AR,0.033481,0.02336,-30.2,↓,0.1,NS,9/9,3,3,0.32222222222222224
Blood,NK,senescence,NL→IT,NL,IT,0.039752,0.026398,-33.6,↓,0.015873,*,24/25,5,5,0.0920634
Blood,NK,senescence,NL→IA,NL,IA,0.039752,0.042313,6.4,↑,0.555556,NS,7/20,5,4,0.6712968333333335
Blood,NK,senescence,NL→AR,NL,AR,0.039752,0.024899,-37.4,↓,0.071429,†,14/15,5,3,0.23016011111111112
Blood,NK,senescence,NL→CR,NL,CR,0.039752,0.037259,-6.3,↓,1.0,NS,7/15,5,3,1.0
Blood,NK,senescence,IT→IA,IT,IA,0.026398,0.042313,60.3,↑,0.063492,†,18/20,5,4,0.2630382857142857
Blood,NK,senescence,IA→AR,IA,AR,0.042313,0.024899,-41.2,↓,0.114286,NS,11/12,4,3,0.5523823333333333
Blood,NK,senescence,CR→AR,CR,AR,0.037259,0.024899,-33.2,↓,0.1,NS,9/9,3,3,0.4142857142857143
Blood,B,senescence,NL→IT,NL,IT,0.057621,0.056104,-2.6,↓,1.0,NS,12/25,5,5,1.0
Blood,B,senescence,NL→IA,NL,IA,0.057621,0.069065,19.9,↑,0.412698,NS,14/20,5,4,0.5699162857142858
Blood,B,senescence,NL→AR,NL,AR,0.057621,0.061746,7.2,↑,0.785714,NS,9/15,5,3,0.8763733076923077
Blood,B,senescence,NL→CR,NL,CR,0.057621,0.06485,12.5,↑,0.785714,NS,9/15,5,3,0.8439150370370371
Blood,B,senescence,IT→IA,IT,IA,0.056104,0.069065,23.1,↑,0.063492,†,18/20,5,4,0.46031700000000003
Blood,B,senescence,IA→AR,IA,AR,0.069065,0.061746,-10.6,↓,0.4,NS,9/12,4,3,0.6444444444444445
Blood,B,senescence,CR→AR,CR,AR,0.06485,0.061746,-4.8,↓,0.1,NS,9/9,3,3,0.2416666666666667
Blood,PlasmaB,senescence,NL→IT,NL,IT,0.075964,0.053521,-29.5,↓,0.309524,NS,18/25,5,5,0.687825052631579
Blood,PlasmaB,senescence,NL→IA,NL,IA,0.075964,0.064291,-15.4,↓,0.555556,NS,13/20,5,4,0.8055562000000001
Blood,PlasmaB,senescence,NL→AR,NL,AR,0.075964,0.03692,-51.4,↓,0.071429,†,14/15,5,3,1.0
Blood,PlasmaB,senescence,NL→CR,NL,CR,0.075964,0.058567,-22.9,↓,0.571429,NS,10/15,5,3,0.8285720499999999
Blood,PlasmaB,senescence,IT→IA,IT,IA,0.053521,0.064291,20.1,↑,0.904762,NS,11/20,5,4,1.0
Blood,PlasmaB,senescence,IA→AR,IA,AR,0.064291,0.03692,-42.6,↓,0.228571,NS,10/12,4,3,0.4142849375
Blood,PlasmaB,senescence,CR→AR,CR,AR,0.058567,0.03692,-37.0,↓,0.4,NS,7/9,3,3,0.6444444444444445
Blood,Myeloid,stemness,NL→IT,NL,IT,0.040567,0.042772,5.4,↑,0.904762,NS,11/20,4,5,0.9370749285714285
Blood,Myeloid,stemness,NL→IA,NL,IA,0.040567,0.034084,-16.0,↓,0.885714,NS,9/16,4,4,0.9879117692307692
Blood,Myeloid,stemness,NL→AR,NL,AR,0.040567,0.033363,-17.8,↓,0.857143,NS,7/12,4,3,0.9206350740740741
Blood,Myeloid,stemness,NL→CR,NL,CR,0.040567,0.04857,19.7,↑,0.4,NS,9/12,4,3,0.6823529411764707
Blood,Myeloid,stemness,IT→IA,IT,IA,0.042772,0.034084,-20.3,↓,0.730159,NS,12/20,5,4,1.0
Blood,Myeloid,stemness,IA→AR,IA,AR,0.034084,0.033363,-2.1,↓,1.0,NS,6/12,4,3,1.0
Blood,Myeloid,stemness,CR→AR,CR,AR,0.04857,0.033363,-31.3,↓,0.1,NS,9/9,3,3,0.4142857142857143
Blood,CD4_T,stemness,NL→IT,NL,IT,0.23399,0.365393,56.2,↑,0.150794,NS,20/25,5,5,0.4858917777777778
Blood,CD4_T,stemness,NL→IA,NL,IA,0.23399,0.339144,44.9,↑,0.555556,NS,13/20,5,4,0.8479538947368422
Blood,CD4_T,stemness,NL→AR,NL,AR,0.23399,0.394357,68.5,↑,0.25,NS,12/15,5,3,0.6329362777777777
Blood,CD4_T,stemness,NL→CR,NL,CR,0.23399,0.336898,44.0,↑,0.25,NS,12/15,5,3,0.5576923076923077
Blood,CD4_T,stemness,IT→IA,IT,IA,0.365393,0.339144,-7.2,↓,1.0,NS,10/20,5,4,1.0
Blood,CD4_T,stemness,IA→AR,IA,AR,0.339144,0.394357,16.3,↑,0.857143,NS,7/12,4,3,0.9206350740740741
Blood,CD4_T,stemness,CR→AR,CR,AR,0.336898,0.394357,17.1,↑,0.4,NS,7/9,3,3,0.8285714285714286
Blood,CD8_T,stemness,NL→IT,NL,IT,0.20846,0.322036,54.5,↑,0.150794,NS,20/25,5,5,0.54662825
Blood,CD8_T,stemness,NL→IA,NL,IA,0.20846,0.254748,22.2,↑,0.904762,NS,11/20,5,4,0.9717814074074074
Blood,CD8_T,stemness,NL→AR,NL,AR,0.20846,0.256007,22.8,↑,0.25,NS,12/15,5,3,0.8763733076923077
Blood,CD8_T,stemness,NL→CR,NL,CR,0.20846,0.299132,43.5,↑,0.25,NS,12/15,5,3,0.6590909090909092
Blood,CD8_T,stemness,IT→IA,IT,IA,0.322036,0.254748,-20.9,↓,0.730159,NS,12/20,5,4,1.0
Blood,CD8_T,stemness,IA→AR,IA,AR,0.254748,0.256007,0.5,↑,1.0,NS,6/12,4,3,1.0
Blood,CD8_T,stemness,CR→AR,CR,AR,0.299132,0.256007,-14.4,↓,0.4,NS,7/9,3,3,0.58
Blood,NK,stemness,NL→IT,NL,IT,0.029194,0.049674,70.1,↑,0.095238,†,21/25,5,5,0.2761902
Blood,NK,stemness,NL→IA,NL,IA,0.029194,0.076799,163.1,↑,0.015873,*,20/20,5,4,0.07671950000000001
Blood,NK,stemness,NL→AR,NL,AR,0.029194,0.05583,91.2,↑,0.035714,*,15/15,5,3,0.12946325
Blood,NK,stemness,NL→CR,NL,CR,0.029194,0.064939,122.4,↑,0.035714,*,15/15,5,3,0.29592014285714285
Blood,NK,stemness,IT→IA,IT,IA,0.049674,0.076799,54.6,↑,0.190476,NS,16/20,5,4,0.3682536
Blood,NK,stemness,IA→AR,IA,AR,0.076799,0.05583,-27.3,↓,0.4,NS,9/12,4,3,0.7733333333333333
Blood,NK,stemness,CR→AR,CR,AR,0.064939,0.05583,-14.0,↓,0.7,NS,6/9,3,3,1.0
Blood,B,stemness,NL→IT,NL,IT,0.077318,0.132442,71.3,↑,0.055556,†,22/25,5,5,0.2013905
Blood,B,stemness,NL→IA,NL,IA,0.077318,0.14993,93.9,↑,0.031746,*,19/20,5,4,0.17663900000000002
Blood,B,stemness,NL→AR,NL,AR,0.077318,0.128629,66.4,↑,0.142857,NS,13/15,5,3,0.31868100000000005
Blood,B,stemness,NL→CR,NL,CR,0.077318,0.156919,103.0,↑,0.035714,*,15/15,5,3,0.17288833333333334
Blood,B,stemness,IT→IA,IT,IA,0.132442,0.14993,13.2,↑,0.412698,NS,14/20,5,4,0.9973535
Blood,B,stemness,IA→AR,IA,AR,0.14993,0.128629,-14.2,↓,0.114286,NS,11/12,4,3,0.5523799166666666
Blood,B,stemness,CR→AR,CR,AR,0.156919,0.128629,-18.0,↓,0.1,NS,9/9,3,3,0.2416666666666667
Blood,PlasmaB,stemness,NL→IT,NL,IT,0.025036,0.0736,194.0,↑,0.093693,†,21/25,5,5,0.34523775
Blood,PlasmaB,stemness,NL→IA,NL,IA,0.025036,0.067986,171.6,↑,0.109855,NS,17/20,5,4,0.402777375
Blood,PlasmaB,stemness,NL→AR,NL,AR,0.025036,0.020294,-18.9,↓,1.0,NS,7/15,5,3,1.0
Blood,PlasmaB,stemness,NL→CR,NL,CR,0.025036,0.094364,276.9,↑,0.03577,*,15/15,5,3,0.3457766666666667
Blood,PlasmaB,stemness,IT→IA,IT,IA,0.0736,0.067986,-7.6,↓,0.904762,NS,11/20,5,4,1.0
Blood,PlasmaB,stemness,IA→AR,IA,AR,0.067986,0.020294,-70.2,↓,0.114286,NS,11/12,4,3,0.30129945454545454
Blood,PlasmaB,stemness,CR→AR,CR,AR,0.094364,0.020294,-78.5,↓,0.1,NS,9/9,3,3,0.32222222222222224
Blood,Myeloid,tf_programs,NL→IT,NL,IT,0.007871,0.011187,42.1,↑,0.555556,NS,13/20,4,5,0.7004836521739131
Blood,Myeloid,tf_programs,NL→IA,NL,IA,0.007871,0.022399,184.6,↑,0.342857,NS,12/16,4,4,0.6628568666666667
Blood,Myeloid,tf_programs,NL→AR,NL,AR,0.007871,0.012211,55.1,↑,0.4,NS,9/12,4,3,0.6105263157894737
Blood,Myeloid,tf_programs,NL→CR,NL,CR,0.007871,0.015557,97.7,↑,0.228571,NS,10/12,4,3,0.5523799166666666
Blood,Myeloid,tf_programs,IT→IA,IT,IA,0.011187,0.022399,100.2,↑,0.285714,NS,15/20,5,4,1.0
Blood,Myeloid,tf_programs,IA→AR,IA,AR,0.022399,0.012211,-45.5,↓,1.0,NS,6/12,4,3,1.0
Blood,Myeloid,tf_programs,CR→AR,CR,AR,0.015557,0.012211,-21.5,↓,0.1,NS,9/9,3,3,0.4142857142857143
Blood,CD4_T,tf_programs,NL→IT,NL,IT,0.040153,0.038841,-3.3,↓,0.84127,NS,14/25,5,5,0.9758732
Blood,CD4_T,tf_programs,NL→IA,NL,IA,0.040153,0.040994,2.1,↑,0.555556,NS,7/20,5,4,0.8479538947368422
Blood,CD4_T,tf_programs,NL→AR,NL,AR,0.040153,0.03225,-19.7,↓,0.571429,NS,10/15,5,3,0.789116238095238
Blood,CD4_T,tf_programs,NL→CR,NL,CR,0.040153,0.033096,-17.6,↓,0.392857,NS,11/15,5,3,0.6329362777777777
Blood,CD4_T,tf_programs,IT→IA,IT,IA,0.038841,0.040994,5.5,↑,0.904762,NS,9/20,5,4,0.9717814074074074
Blood,CD4_T,tf_programs,IA→AR,IA,AR,0.040994,0.03225,-21.3,↓,0.857143,NS,7/12,4,3,0.9206350740740741
Blood,CD4_T,tf_programs,CR→AR,CR,AR,0.033096,0.03225,-2.6,↓,1.0,NS,5/9,3,3,1.0
Blood,CD8_T,tf_programs,NL→IT,NL,IT,0.049202,0.043962,-10.7,↓,0.690476,NS,15/25,5,5,0.9101729090909091
Blood,CD8_T,tf_programs,NL→IA,NL,IA,0.049202,0.0595,20.9,↑,0.412698,NS,14/20,5,4,0.8950624444444445
Blood,CD8_T,tf_programs,NL→AR,NL,AR,0.049202,0.054968,11.7,↑,0.785714,NS,9/15,5,3,1.0
Blood,CD8_T,tf_programs,NL→CR,NL,CR,0.049202,0.043953,-10.7,↓,0.785714,NS,9/15,5,3,0.9906828695652173
Blood,CD8_T,tf_programs,IT→IA,IT,IA,0.043962,0.0595,35.3,↑,0.412698,NS,14/20,5,4,0.7978828
Blood,CD8_T,tf_programs,IA→AR,IA,AR,0.0595,0.054968,-7.6,↓,0.628571,NS,8/12,4,3,1.0
Blood,CD8_T,tf_programs,CR→AR,CR,AR,0.043953,0.054968,25.1,↑,0.7,NS,6/9,3,3,0.7
Blood,NK,tf_programs,NL→IT,NL,IT,0.079077,0.099128,25.4,↑,0.055556,†,22/25,5,5,0.23016057142857144
Blood,NK,tf_programs,NL→IA,NL,IA,0.079077,0.092178,16.6,↑,0.111111,NS,17/20,5,4,0.26851825
Blood,NK,tf_programs,NL→AR,NL,AR,0.079077,0.087992,11.3,↑,0.571429,NS,10/15,5,3,0.789116238095238
Blood,NK,tf_programs,NL→CR,NL,CR,0.079077,0.082603,4.5,↑,0.785714,NS,9/15,5,3,0.8439150370370371
Blood,NK,tf_programs,IT→IA,IT,IA,0.099128,0.092178,-7.0,↓,0.904762,NS,11/20,5,4,0.9717814074074074
Blood,NK,tf_programs,IA→AR,IA,AR,0.092178,0.087992,-4.5,↓,0.857143,NS,7/12,4,3,0.9942858800000001
Blood,NK,tf_programs,CR→AR,CR,AR,0.082603,0.087992,6.5,↑,0.7,NS,6/9,3,3,1.0
Blood,B,tf_programs,NL→IT,NL,IT,0.009612,0.009005,-6.3,↓,1.0,NS,12/25,5,5,1.0
Blood,B,tf_programs,NL→IA,NL,IA,0.009612,0.012199,26.9,↑,0.412698,NS,14/20,5,4,0.5699162857142858
Blood,B,tf_programs,NL→AR,NL,AR,0.009612,0.011593,20.6,↑,0.25,NS,12/15,5,3,0.453125
Blood,B,tf_programs,NL→CR,NL,CR,0.009612,0.007433,-22.7,↓,1.0,NS,8/15,5,3,1.0
Blood,B,tf_programs,IT→IA,IT,IA,0.009005,0.012199,35.5,↑,0.555556,NS,13/20,5,4,1.0
Blood,B,tf_programs,IA→AR,IA,AR,0.012199,0.011593,-5.0,↓,0.628571,NS,4/12,4,3,0.7925460434782609
Blood,B,tf_programs,CR→AR,CR,AR,0.007433,0.011593,56.0,↑,0.1,NS,9/9,3,3,0.2416666666666667
Blood,PlasmaB,tf_programs,NL→IT,NL,IT,0.057789,0.035722,-38.2,↓,1.0,NS,11/25,5,5,1.0
Blood,PlasmaB,tf_programs,NL→IA,NL,IA,0.057789,0.037167,-35.7,↓,0.902117,NS,9/20,5,4,0.904762
Blood,PlasmaB,tf_programs,NL→AR,NL,AR,0.057789,0.075403,30.5,↑,0.548595,NS,10/15,5,3,1.0
Blood,PlasmaB,tf_programs,NL→CR,NL,CR,0.057789,0.060572,4.8,↑,0.764228,NS,9/15,5,3,0.8439150370370371
Blood,PlasmaB,tf_programs,IT→IA,IT,IA,0.035722,0.037167,4.0,↑,0.904762,NS,11/20,5,4,1.0
Blood,PlasmaB,tf_programs,IA→AR,IA,AR,0.037167,0.075403,102.9,↑,0.114286,NS,11/12,4,3,0.30129945454545454
Blood,PlasmaB,tf_programs,CR→AR,CR,AR,0.060572,0.075403,24.5,↑,0.7,NS,6/9,3,3,0.7518518518518518
Blood,Myeloid,tgfb_signaling,NL→IT,NL,IT,0.057117,0.083292,45.8,↑,0.015873,*,20/20,4,5,0.06575957142857143
Blood,Myeloid,tgfb_signaling,NL→IA,NL,IA,0.057117,0.09177,60.7,↑,0.028571,*,16/16,4,4,0.13809316666666666
Blood,Myeloid,tgfb_signaling,NL→AR,NL,AR,0.057117,0.078928,38.2,↑,0.114286,NS,11/12,4,3,0.41428675
Blood,Myeloid,tgfb_signaling,NL→CR,NL,CR,0.057117,0.073978,29.5,↑,0.114286,NS,11/12,4,3,0.30129945454545454
Blood,Myeloid,tgfb_signaling,IT→IA,IT,IA,0.083292,0.09177,10.2,↑,0.190476,NS,16/20,5,4,1.0
Blood,Myeloid,tgfb_signaling,IA→AR,IA,AR,0.09177,0.078928,-14.0,↓,0.4,NS,9/12,4,3,1.0
Blood,Myeloid,tgfb_signaling,CR→AR,CR,AR,0.073978,0.078928,6.7,↑,0.7,NS,6/9,3,3,0.8458333333333333
Blood,CD4_T,tgfb_signaling,NL→IT,NL,IT,0.064312,0.061522,-4.3,↓,0.84127,NS,14/25,5,5,0.9758732
Blood,CD4_T,tgfb_signaling,NL→IA,NL,IA,0.064312,0.090946,41.4,↑,0.063492,†,18/20,5,4,0.8479538947368422
Blood,CD4_T,tgfb_signaling,NL→AR,NL,AR,0.064312,0.060085,-6.6,↓,0.785714,NS,9/15,5,3,0.8763733076923077
Blood,CD4_T,tgfb_signaling,NL→CR,NL,CR,0.064312,0.064176,-0.2,↓,1.0,NS,7/15,5,3,1.0
Blood,CD4_T,tgfb_signaling,IT→IA,IT,IA,0.061522,0.090946,47.8,↑,0.063492,†,18/20,5,4,0.7891148571428571
Blood,CD4_T,tgfb_signaling,IA→AR,IA,AR,0.090946,0.060085,-33.9,↓,0.228571,NS,10/12,4,3,0.9206350740740741
Blood,CD4_T,tgfb_signaling,CR→AR,CR,AR,0.064176,0.060085,-6.4,↓,1.0,NS,5/9,3,3,1.0
Blood,CD8_T,tgfb_signaling,NL→IT,NL,IT,0.063068,0.067246,6.6,↑,0.547619,NS,16/25,5,5,0.9101729090909091
Blood,CD8_T,tgfb_signaling,NL→IA,NL,IA,0.063068,0.09392,48.9,↑,0.015873,*,20/20,5,4,0.46031700000000003
Blood,CD8_T,tgfb_signaling,NL→AR,NL,AR,0.063068,0.069203,9.7,↑,1.0,NS,7/15,5,3,1.0
Blood,CD8_T,tgfb_signaling,NL→CR,NL,CR,0.063068,0.067427,6.9,↑,0.571429,NS,10/15,5,3,0.920635611111111
Blood,CD8_T,tgfb_signaling,IT→IA,IT,IA,0.067246,0.09392,39.7,↑,0.015873,*,20/20,5,4,0.46031700000000003
Blood,CD8_T,tgfb_signaling,IA→AR,IA,AR,0.09392,0.069203,-26.3,↓,0.4,NS,9/12,4,3,0.9666666666666668
Blood,CD8_T,tgfb_signaling,CR→AR,CR,AR,0.067427,0.069203,2.6,↑,0.7,NS,3/9,3,3,0.7
Blood,NK,tgfb_signaling,NL→IT,NL,IT,0.071929,0.086538,20.3,↑,0.547619,NS,16/25,5,5,0.6617062916666666
Blood,NK,tgfb_signaling,NL→IA,NL,IA,0.071929,0.12255,70.4,↑,0.015873,*,20/20,5,4,0.07671950000000001
Blood,NK,tgfb_signaling,NL→AR,NL,AR,0.071929,0.079158,10.0,↑,0.785714,NS,9/15,5,3,0.8439150370370371
Blood,NK,tgfb_signaling,NL→CR,NL,CR,0.071929,0.066859,-7.0,↓,0.785714,NS,9/15,5,3,0.8439150370370371
Blood,NK,tgfb_signaling,IT→IA,IT,IA,0.086538,0.12255,41.6,↑,0.031746,*,19/20,5,4,0.23015850000000002
Blood,NK,tgfb_signaling,IA→AR,IA,AR,0.12255,0.079158,-35.4,↓,0.228571,NS,10/12,4,3,0.7365065555555556
Blood,NK,tgfb_signaling,CR→AR,CR,AR,0.066859,0.079158,18.4,↑,0.7,NS,3/9,3,3,1.0
Blood,B,tgfb_signaling,NL→IT,NL,IT,0.04363,0.048937,12.2,↑,1.0,NS,13/25,5,5,1.0
Blood,B,tgfb_signaling,NL→IA,NL,IA,0.04363,0.062725,43.8,↑,0.190476,NS,16/20,5,4,0.34523775
Blood,B,tgfb_signaling,NL→AR,NL,AR,0.04363,0.046642,6.9,↑,0.785714,NS,9/15,5,3,0.8763733076923077
Blood,B,tgfb_signaling,NL→CR,NL,CR,0.04363,0.05518,26.5,↑,0.25,NS,12/15,5,3,0.453125
Blood,B,tgfb_signaling,IT→IA,IT,IA,0.048937,0.062725,28.2,↑,0.063492,†,18/20,5,4,0.46031700000000003
Blood,B,tgfb_signaling,IA→AR,IA,AR,0.062725,0.046642,-25.6,↓,0.4,NS,9/12,4,3,0.6444444444444445
Blood,B,tgfb_signaling,CR→AR,CR,AR,0.05518,0.046642,-15.5,↓,0.7,NS,6/9,3,3,0.8826086956521738
Blood,PlasmaB,tgfb_signaling,NL→IT,NL,IT,0.019083,0.028349,48.6,↑,0.525809,NS,15/25,5,5,0.7218614090909091
Blood,PlasmaB,tgfb_signaling,NL→IA,NL,IA,0.019083,0.06656,248.8,↑,0.065064,†,18/20,5,4,0.37737119999999996
Blood,PlasmaB,tgfb_signaling,NL→AR,NL,AR,0.019083,0.017734,-7.1,↓,0.764228,NS,6/15,5,3,1.0
Blood,PlasmaB,tgfb_signaling,NL→CR,NL,CR,0.019083,0.042439,122.4,↑,0.230243,NS,12/15,5,3,0.6041666666666666
Blood,PlasmaB,tgfb_signaling,IT→IA,IT,IA,0.028349,0.06656,134.8,↑,0.031746,*,19/20,5,4,0.9206340000000001
Blood,PlasmaB,tgfb_signaling,IA→AR,IA,AR,0.06656,0.017734,-73.4,↓,0.057143,†,12/12,4,3,0.30129945454545454
Blood,PlasmaB,tgfb_signaling,CR→AR,CR,AR,0.042439,0.017734,-58.2,↓,0.1,NS,9/9,3,3,0.32222222222222224
Blood,Myeloid,tissue_resident,NL→IT,NL,IT,0.023797,0.019035,-20.0,↓,0.904762,NS,11/20,4,5,0.9370749285714285
Blood,Myeloid,tissue_resident,NL→IA,NL,IA,0.023797,0.02973,24.9,↑,0.885714,NS,7/16,4,4,0.9879117692307692
Blood,Myeloid,tissue_resident,NL→AR,NL,AR,0.023797,0.017369,-27.0,↓,0.4,NS,9/12,4,3,0.6105263157894737
Blood,Myeloid,tissue_resident,NL→CR,NL,CR,0.023797,0.02743,15.3,↑,0.857143,NS,7/12,4,3,0.9560441153846153
Blood,Myeloid,tissue_resident,IT→IA,IT,IA,0.019035,0.02973,56.2,↑,0.555556,NS,13/20,5,4,1.0
Blood,Myeloid,tissue_resident,IA→AR,IA,AR,0.02973,0.017369,-41.6,↓,0.857143,NS,7/12,4,3,1.0
Blood,Myeloid,tissue_resident,CR→AR,CR,AR,0.02743,0.017369,-36.7,↓,0.1,NS,9/9,3,3,0.4142857142857143
Blood,CD4_T,tissue_resident,NL→IT,NL,IT,0.095647,0.061775,-35.4,↓,0.095238,†,21/25,5,5,0.46031700000000003
Blood,CD4_T,tissue_resident,NL→IA,NL,IA,0.095647,0.07223,-24.5,↓,0.285714,NS,15/20,5,4,0.8479538947368422
Blood,CD4_T,tissue_resident,NL→AR,NL,AR,0.095647,0.064602,-32.5,↓,0.392857,NS,11/15,5,3,0.6329362777777777
Blood,CD4_T,tissue_resident,NL→CR,NL,CR,0.095647,0.081856,-14.4,↓,0.142857,NS,13/15,5,3,0.5576923076923077
Blood,CD4_T,tissue_resident,IT→IA,IT,IA,0.061775,0.07223,16.9,↑,0.904762,NS,9/20,5,4,0.9717814074074074
Blood,CD4_T,tissue_resident,IA→AR,IA,AR,0.07223,0.064602,-10.6,↓,0.857143,NS,7/12,4,3,0.9206350740740741
Blood,CD4_T,tissue_resident,CR→AR,CR,AR,0.081856,0.064602,-21.1,↓,0.7,NS,6/9,3,3,1.0
Blood,CD8_T,tissue_resident,NL→IT,NL,IT,0.094155,0.079426,-15.6,↓,0.690476,NS,15/25,5,5,0.9101729090909091
Blood,CD8_T,tissue_resident,NL→IA,NL,IA,0.094155,0.105115,11.6,↑,1.0,NS,10/20,5,4,1.0
Blood,CD8_T,tissue_resident,NL→AR,NL,AR,0.094155,0.094692,0.6,↑,1.0,NS,8/15,5,3,1.0
Blood,CD8_T,tissue_resident,NL→CR,NL,CR,0.094155,0.095196,1.1,↑,0.785714,NS,6/15,5,3,0.9906828695652173
Blood,CD8_T,tissue_resident,IT→IA,IT,IA,0.079426,0.105115,32.3,↑,1.0,NS,10/20,5,4,1.0
Blood,CD8_T,tissue_resident,IA→AR,IA,AR,0.105115,0.094692,-9.9,↓,0.857143,NS,5/12,4,3,1.0
Blood,CD8_T,tissue_resident,CR→AR,CR,AR,0.095196,0.094692,-0.5,↓,0.7,NS,6/9,3,3,0.7
Blood,NK,tissue_resident,NL→IT,NL,IT,0.100659,0.117152,16.4,↑,0.309524,NS,18/25,5,5,0.4986775555555556
Blood,NK,tissue_resident,NL→IA,NL,IA,0.100659,0.118449,17.7,↑,0.555556,NS,13/20,5,4,0.6712968333333335
Blood,NK,tissue_resident,NL→AR,NL,AR,0.100659,0.110654,9.9,↑,0.571429,NS,10/15,5,3,0.789116238095238
Blood,NK,tissue_resident,NL→CR,NL,CR,0.100659,0.120807,20.0,↑,0.392857,NS,11/15,5,3,0.6701678235294118
Blood,NK,tissue_resident,IT→IA,IT,IA,0.117152,0.118449,1.1,↑,0.730159,NS,8/20,5,4,0.8822754583333333
Blood,NK,tissue_resident,IA→AR,IA,AR,0.118449,0.110654,-6.6,↓,1.0,NS,6/12,4,3,1.0
Blood,NK,tissue_resident,CR→AR,CR,AR,0.120807,0.110654,-8.4,↓,1.0,NS,5/9,3,3,1.0
Blood,B,tissue_resident,NL→IT,NL,IT,0.057123,0.051588,-9.7,↓,0.84127,NS,14/25,5,5,1.0
Blood,B,tissue_resident,NL→IA,NL,IA,0.057123,0.056142,-1.7,↓,1.0,NS,10/20,5,4,1.0
Blood,B,tissue_resident,NL→AR,NL,AR,0.057123,0.071446,25.1,↑,1.0,NS,8/15,5,3,1.0
Blood,B,tissue_resident,NL→CR,NL,CR,0.057123,0.083565,46.3,↑,0.25,NS,12/15,5,3,0.453125
Blood,B,tissue_resident,IT→IA,IT,IA,0.051588,0.056142,8.8,↑,1.0,NS,10/20,5,4,1.0
Blood,B,tissue_resident,IA→AR,IA,AR,0.056142,0.071446,27.3,↑,0.628571,NS,8/12,4,3,0.7925460434782609
Blood,B,tissue_resident,CR→AR,CR,AR,0.083565,0.071446,-14.5,↓,0.7,NS,6/9,3,3,0.8826086956521738
Blood,PlasmaB,tissue_resident,NL→IT,NL,IT,0.025701,0.010497,-59.2,↓,0.834035,NS,14/25,5,5,0.9035862962962963
Blood,PlasmaB,tissue_resident,NL→IA,NL,IA,0.025701,0.011229,-56.3,↓,0.902117,NS,11/20,5,4,0.904762
Blood,PlasmaB,tissue_resident,NL→AR,NL,AR,0.025701,0.031205,21.4,↑,0.764228,NS,9/15,5,3,1.0
Blood,PlasmaB,tissue_resident,NL→CR,NL,CR,0.025701,0.029506,14.8,↑,0.548595,NS,10/15,5,3,0.8285720499999999
Blood,PlasmaB,tissue_resident,IT→IA,IT,IA,0.010497,0.011229,7.0,↑,0.730159,NS,12/20,5,4,1.0
Blood,PlasmaB,tissue_resident,IA→AR,IA,AR,0.011229,0.031205,177.9,↑,0.628571,NS,8/12,4,3,0.72914236
Blood,PlasmaB,tissue_resident,CR→AR,CR,AR,0.029506,0.031205,5.8,↑,0.7,NS,3/9,3,3,0.7518518518518518
Blood,Myeloid,treg,NL→IT,NL,IT,0.0,0.000625,99999.0,↑,0.109436,NS,12/20,4,5,0.2148146
Blood,Myeloid,treg,NL→IA,NL,IA,0.0,0.000619,99999.0,↑,0.185877,NS,8/16,4,4,0.44920275
Blood,Myeloid,treg,NL→AR,NL,AR,0.0,4e-06,99999.0,↑,0.386476,NS,4/12,4,3,0.6105263157894737
Blood,Myeloid,treg,NL→CR,NL,CR,0.0,0.000117,99999.0,↑,0.386476,NS,4/12,4,3,0.6823529411764707
Blood,Myeloid,treg,IT→IA,IT,IA,0.000625,0.000619,-1.0,↓,0.898212,NS,9/20,5,4,1.0
Blood,Myeloid,treg,IA→AR,IA,AR,0.000619,4e-06,-99.3,↓,0.558452,NS,6/12,4,3,1.0
Blood,Myeloid,treg,CR→AR,CR,AR,0.000117,4e-06,-96.2,↓,1.0,NS,3/9,3,3,1.0
Blood,CD4_T,treg,NL→IT,NL,IT,0.023191,0.01866,-19.5,↓,1.0,NS,13/25,5,5,1.0
Blood,CD4_T,treg,NL→IA,NL,IA,0.023191,0.025389,9.5,↑,1.0,NS,10/20,5,4,1.0
Blood,CD4_T,treg,NL→AR,NL,AR,0.023191,0.017572,-24.2,↓,1.0,NS,8/15,5,3,1.0
Blood,CD4_T,treg,NL→CR,NL,CR,0.023191,0.016827,-27.4,↓,0.785714,NS,9/15,5,3,0.9494044166666668
Blood,CD4_T,treg,IT→IA,IT,IA,0.01866,0.025389,36.1,↑,0.904762,NS,9/20,5,4,0.9717814074074074
Blood,CD4_T,treg,IA→AR,IA,AR,0.025389,0.017572,-30.8,↓,1.0,NS,6/12,4,3,1.0
Blood,CD4_T,treg,CR→AR,CR,AR,0.016827,0.017572,4.4,↑,0.7,NS,6/9,3,3,1.0
Blood,CD8_T,treg,NL→IT,NL,IT,0.009781,0.006234,-36.3,↓,0.547619,NS,16/25,5,5,0.9101729090909091
Blood,CD8_T,treg,NL→IA,NL,IA,0.009781,0.013106,34.0,↑,0.904762,NS,11/20,5,4,0.9717814074074074
Blood,CD8_T,treg,NL→AR,NL,AR,0.009781,0.005161,-47.2,↓,0.392857,NS,11/15,5,3,0.8763733076923077
Blood,CD8_T,treg,NL→CR,NL,CR,0.009781,0.003714,-62.0,↓,0.25,NS,12/15,5,3,0.6590909090909092
Blood,CD8_T,treg,IT→IA,IT,IA,0.006234,0.013106,110.2,↑,0.111111,NS,17/20,5,4,0.5370365
Blood,CD8_T,treg,IA→AR,IA,AR,0.013106,0.005161,-60.6,↓,0.228571,NS,10/12,4,3,0.9666666666666668
Blood,CD8_T,treg,CR→AR,CR,AR,0.003714,0.005161,39.0,↑,0.7,NS,6/9,3,3,0.7
Blood,NK,treg,NL→IT,NL,IT,0.010537,0.009833,-6.7,↓,0.690476,NS,10/25,5,5,0.7701463076923076
Blood,NK,treg,NL→IA,NL,IA,0.010537,0.019874,88.6,↑,0.412698,NS,14/20,5,4,0.6649023333333334
Blood,NK,treg,NL→AR,NL,AR,0.010537,0.009994,-5.2,↓,1.0,NS,7/15,5,3,1.0
Blood,NK,treg,NL→CR,NL,CR,0.010537,0.011571,9.8,↑,0.392857,NS,11/15,5,3,0.6701678235294118
Blood,NK,treg,IT→IA,IT,IA,0.009833,0.019874,102.1,↑,0.285714,NS,15/20,5,4,0.43608978947368426
Blood,NK,treg,IA→AR,IA,AR,0.019874,0.009994,-49.7,↓,0.4,NS,9/12,4,3,0.7733333333333333
Blood,NK,treg,CR→AR,CR,AR,0.011571,0.009994,-13.6,↓,1.0,NS,5/9,3,3,1.0
Blood,B,treg,NL→IT,NL,IT,0.002488,0.006026,142.2,↑,0.036145,*,23/25,5,5,0.2013905
Blood,B,treg,NL→IA,NL,IA,0.002488,0.0056,125.1,↑,0.176098,NS,16/20,5,4,0.34523775
Blood,B,treg,NL→AR,NL,AR,0.002488,0.006715,169.9,↑,0.071924,†,14/15,5,3,0.2317551111111111
Blood,B,treg,NL→CR,NL,CR,0.002488,0.005196,108.8,↑,0.230243,NS,12/15,5,3,0.453125
Blood,B,treg,IT→IA,IT,IA,0.006026,0.0056,-7.1,↓,0.904762,NS,11/20,5,4,1.0
Blood,B,treg,IA→AR,IA,AR,0.0056,0.006715,19.9,↑,0.228571,NS,10/12,4,3,0.5523799166666666
Blood,B,treg,CR→AR,CR,AR,0.005196,0.006715,29.2,↑,0.1,NS,9/9,3,3,0.2416666666666667
Blood,PlasmaB,treg,NL→IT,NL,IT,0.000491,0.0,-100.0,↓,0.423711,NS,5/25,5,5,0.687825052631579
Blood,PlasmaB,treg,NL→IA,NL,IA,0.000491,0.002054,318.6,↑,0.866815,NS,5/20,5,4,0.904762
Blood,PlasmaB,treg,NL→AR,NL,AR,0.000491,0.006656,1256.8,↑,0.171857,NS,10/15,5,3,1.0
Blood,PlasmaB,treg,NL→CR,NL,CR,0.000491,0.001858,278.8,↑,0.69627,NS,5/15,5,3,0.8439150370370371
Blood,PlasmaB,treg,IT→IA,IT,IA,0.0,0.002054,99999.0,↑,0.371093,NS,5/20,5,4,1.0
Blood,PlasmaB,treg,IA→AR,IA,AR,0.002054,0.006656,224.1,↑,0.435279,NS,7/12,4,3,0.63115455
Blood,PlasmaB,treg,CR→AR,CR,AR,0.001858,0.006656,258.2,↑,0.642835,NS,5/9,3,3,0.7518518518518518
Blood,Myeloid,type1_ifn,NL→IT,NL,IT,0.074612,0.170295,128.2,↑,0.015873,*,20/20,4,5,0.06575957142857143
Blood,Myeloid,type1_ifn,NL→IA,NL,IA,0.074612,0.153559,105.8,↑,0.028571,*,16/16,4,4,0.13809316666666666
Blood,Myeloid,type1_ifn,NL→AR,NL,AR,0.074612,0.120231,61.1,↑,0.057143,†,12/12,4,3,0.3314294
Blood,Myeloid,type1_ifn,NL→CR,NL,CR,0.074612,0.140711,88.6,↑,0.057143,†,12/12,4,3,0.2367352857142857
Blood,Myeloid,type1_ifn,IT→IA,IT,IA,0.170295,0.153559,-9.8,↓,0.904762,NS,11/20,5,4,1.0
Blood,Myeloid,type1_ifn,IA→AR,IA,AR,0.153559,0.120231,-21.7,↓,0.4,NS,9/12,4,3,1.0
Blood,Myeloid,type1_ifn,CR→AR,CR,AR,0.140711,0.120231,-14.6,↓,0.2,NS,8/9,3,3,0.6444444444444445
Blood,CD4_T,type1_ifn,NL→IT,NL,IT,0.082873,0.080763,-2.5,↓,1.0,NS,12/25,5,5,1.0
Blood,CD4_T,type1_ifn,NL→IA,NL,IA,0.082873,0.088246,6.5,↑,0.555556,NS,13/20,5,4,0.8479538947368422
Blood,CD4_T,type1_ifn,NL→AR,NL,AR,0.082873,0.078223,-5.6,↓,0.785714,NS,6/15,5,3,0.8763733076923077
Blood,CD4_T,type1_ifn,NL→CR,NL,CR,0.082873,0.080455,-2.9,↓,0.785714,NS,9/15,5,3,0.9494044166666668
Blood,CD4_T,type1_ifn,IT→IA,IT,IA,0.080763,0.088246,9.3,↑,0.730159,NS,12/20,5,4,0.9717814074074074
Blood,CD4_T,type1_ifn,IA→AR,IA,AR,0.088246,0.078223,-11.4,↓,0.628571,NS,8/12,4,3,0.9206350740740741
Blood,CD4_T,type1_ifn,CR→AR,CR,AR,0.080455,0.078223,-2.8,↓,1.0,NS,5/9,3,3,1.0
Blood,CD8_T,type1_ifn,NL→IT,NL,IT,0.074722,0.073148,-2.1,↓,1.0,NS,12/25,5,5,1.0
Blood,CD8_T,type1_ifn,NL→IA,NL,IA,0.074722,0.083495,11.7,↑,0.555556,NS,13/20,5,4,0.8950624444444445
Blood,CD8_T,type1_ifn,NL→AR,NL,AR,0.074722,0.069186,-7.4,↓,1.0,NS,8/15,5,3,1.0
Blood,CD8_T,type1_ifn,NL→CR,NL,CR,0.074722,0.077188,3.3,↑,1.0,NS,7/15,5,3,1.0
Blood,CD8_T,type1_ifn,IT→IA,IT,IA,0.073148,0.083495,14.1,↑,0.412698,NS,14/20,5,4,0.7978828
Blood,CD8_T,type1_ifn,IA→AR,IA,AR,0.083495,0.069186,-17.1,↓,0.4,NS,9/12,4,3,0.9666666666666668
Blood,CD8_T,type1_ifn,CR→AR,CR,AR,0.077188,0.069186,-10.4,↓,0.7,NS,3/9,3,3,0.7
Blood,NK,type1_ifn,NL→IT,NL,IT,0.074768,0.062133,-16.9,↓,0.420635,NS,17/25,5,5,0.6099207499999999
Blood,NK,type1_ifn,NL→IA,NL,IA,0.074768,0.078768,5.3,↑,0.730159,NS,12/20,5,4,0.7562361071428572
Blood,NK,type1_ifn,NL→AR,NL,AR,0.074768,0.065391,-12.5,↓,0.785714,NS,9/15,5,3,0.8439150370370371
Blood,NK,type1_ifn,NL→CR,NL,CR,0.074768,0.070801,-5.3,↓,1.0,NS,7/15,5,3,1.0
Blood,NK,type1_ifn,IT→IA,IT,IA,0.062133,0.078768,26.8,↑,0.285714,NS,15/20,5,4,0.43608978947368426
Blood,NK,type1_ifn,IA→AR,IA,AR,0.078768,0.065391,-17.0,↓,0.4,NS,9/12,4,3,0.7733333333333333
Blood,NK,type1_ifn,CR→AR,CR,AR,0.070801,0.065391,-7.6,↓,1.0,NS,4/9,3,3,1.0
Blood,B,type1_ifn,NL→IT,NL,IT,0.091175,0.103672,13.7,↑,0.309524,NS,18/25,5,5,0.5610122500000001
Blood,B,type1_ifn,NL→IA,NL,IA,0.091175,0.09135,0.2,↑,1.0,NS,10/20,5,4,1.0
Blood,B,type1_ifn,NL→AR,NL,AR,0.091175,0.092717,1.7,↑,1.0,NS,8/15,5,3,1.0
Blood,B,type1_ifn,NL→CR,NL,CR,0.091175,0.093445,2.5,↑,1.0,NS,8/15,5,3,1.0
Blood,B,type1_ifn,IT→IA,IT,IA,0.103672,0.09135,-11.9,↓,0.555556,NS,13/20,5,4,1.0
Blood,B,type1_ifn,IA→AR,IA,AR,0.09135,0.092717,1.5,↑,0.628571,NS,8/12,4,3,0.7925460434782609
Blood,B,type1_ifn,CR→AR,CR,AR,0.093445,0.092717,-0.8,↓,0.7,NS,3/9,3,3,0.8826086956521738
Blood,PlasmaB,type1_ifn,NL→IT,NL,IT,0.091462,0.225706,146.8,↑,0.095238,†,21/25,5,5,0.34523775
Blood,PlasmaB,type1_ifn,NL→IA,NL,IA,0.091462,0.205299,124.5,↑,0.063492,†,18/20,5,4,0.37737119999999996
Blood,PlasmaB,type1_ifn,NL→AR,NL,AR,0.091462,0.144417,57.9,↑,0.392857,NS,11/15,5,3,1.0
Blood,PlasmaB,type1_ifn,NL→CR,NL,CR,0.091462,0.174625,90.9,↑,0.392857,NS,11/15,5,3,0.6701678235294118
Blood,PlasmaB,type1_ifn,IT→IA,IT,IA,0.225706,0.205299,-9.0,↓,0.730159,NS,12/20,5,4,1.0
Blood,PlasmaB,type1_ifn,IA→AR,IA,AR,0.205299,0.144417,-29.7,↓,0.228571,NS,10/12,4,3,0.4142849375
Blood,PlasmaB,type1_ifn,CR→AR,CR,AR,0.174625,0.144417,-17.3,↓,0.7,NS,6/9,3,3,0.7518518518518518
