Cluster,CellType,IT_pct,Other_pct,Odds_Ratio,Log2_OR,P_value,FDR
15,CD8+ T cells (NL-homeostatic),0.20943898818601434,0.03173721585273932,6.610912156654984,2.724849344817964,1.4973580681149638e-29,2.566899545339938e-29
20,Monocytes,2.210293011244637,0.3973763901561736,5.665332758635245,2.5021606965813508,2.007629184028284e-264,6.883300059525546e-264
18,NK cells (NL-resident),0.004066776469631347,0.0013223839938641382,3.07542143685056,1.620784122059625,0.2539433515166262,0.2770291107454104
22,Monocytes (CR-enriched),0.26230708229122185,0.6043294851959112,0.43255803371275237,-1.2090343914260826,1.1548868099284914e-22,1.8478188958855863e-22
5,CD8+ T cells,2.547835458224039,9.7975430105394,0.24070276336566857,-2.0546753902537573,0.0,0.0
8,CD8+ T cells,0.5307143292868908,7.896616019359702,0.0622309428635522,-4.006224085052471,0.0,0.0
14,"B cells (CR-dominant, autoimmune sig)",0.17283799995933224,3.8230121262612236,0.0435568037636156,-4.520958098060674,0.0,0.0
9,"CD4+ T cells (CR-dominant, OXPHOS↑)",0.07116858821854857,7.8774414514486715,0.008328721675125146,-6.907689202574315,0.0,0.0
