tissue,gene,lineage,comparison,stage1,stage2,mean_s1,mean_s2,pct_change,direction,p_value,sig,consistency,n_s1,n_s2
Liver,ACTA2,Myeloid,NL→IT,NL,IT,0.039259717,0.02516204,-35.900001525878906,↓,1.0,NS,15/36,6,6
Liver,ACTA2,Myeloid,NL→IA,NL,IA,0.039259717,0.023729952,-39.59999847412109,↓,1.0,NS,12/30,6,5
Liver,ACTA2,Myeloid,NL→AR,NL,AR,0.039259717,0.0120374495,-69.30000305175781,↓,0.671373,NS,8/18,6,3
Liver,ACTA2,Myeloid,NL→CR,NL,CR,0.039259717,0.037162025,-5.300000190734863,↓,0.511482,NS,6/18,6,3
Liver,ACTA2,Myeloid,IT→IA,IT,IA,0.02516204,0.023729952,-5.699999809265137,↓,1.0,NS,13/30,6,5
Liver,ACTA2,Myeloid,IA→AR,IA,AR,0.023729952,0.0120374495,-49.29999923706055,↓,0.525234,NS,8/15,5,3
Liver,ACTA2,Myeloid,CR→AR,CR,AR,0.037162025,0.0120374495,-67.5999984741211,↓,0.184039,NS,8/9,3,3
Liver,ACTA2,CD4_T,NL→IT,NL,IT,0.06936304,0.04711659,-32.099998474121094,↓,0.484848,NS,23/36,6,6
Liver,ACTA2,CD4_T,NL→IA,NL,IA,0.06936304,0.082228675,18.5,↑,0.662338,NS,18/30,6,5
Liver,ACTA2,CD4_T,NL→AR,NL,AR,0.06936304,0.06569305,-5.300000190734863,↓,0.904762,NS,8/18,6,3
Liver,ACTA2,CD4_T,NL→CR,NL,CR,0.06936304,0.067816205,-2.200000047683716,↓,0.904762,NS,8/18,6,3
Liver,ACTA2,CD4_T,IT→IA,IT,IA,0.04711659,0.082228675,74.5,↑,0.177489,NS,23/30,6,5
Liver,ACTA2,CD4_T,IA→AR,IA,AR,0.082228675,0.06569305,-20.100000381469727,↓,0.392857,NS,11/15,5,3
Liver,ACTA2,CD4_T,CR→AR,CR,AR,0.067816205,0.06569305,-3.0999999046325684,↓,1.0,NS,5/9,3,3
Liver,ACTA2,CD8_T,NL→IT,NL,IT,0.05987675,0.073686086,23.100000381469727,↑,0.699134,NS,21/36,6,6
Liver,ACTA2,CD8_T,NL→IA,NL,IA,0.05987675,0.088079415,47.09999847412109,↑,0.428571,NS,20/30,6,5
Liver,ACTA2,CD8_T,NL→AR,NL,AR,0.05987675,0.07370553,23.100000381469727,↑,0.547619,NS,12/18,6,3
Liver,ACTA2,CD8_T,NL→CR,NL,CR,0.05987675,0.084215105,40.59999847412109,↑,0.547619,NS,12/18,6,3
Liver,ACTA2,CD8_T,IT→IA,IT,IA,0.073686086,0.088079415,19.5,↑,0.792208,NS,17/30,6,5
Liver,ACTA2,CD8_T,IA→AR,IA,AR,0.088079415,0.07370553,-16.299999237060547,↓,1.0,NS,8/15,5,3
Liver,ACTA2,CD8_T,CR→AR,CR,AR,0.084215105,0.07370553,-12.5,↓,0.7,NS,6/9,3,3
Liver,ACTA2,NK,NL→IT,NL,IT,0.052404102,0.039631557,-24.399999618530277,↓,0.818182,NS,20/36,6,6
Liver,ACTA2,NK,NL→IA,NL,IA,0.052404102,0.059546657,13.600000381469728,↑,0.792208,NS,17/30,6,5
Liver,ACTA2,NK,NL→AR,NL,AR,0.052404102,0.06102923,16.5,↑,0.547619,NS,12/18,6,3
Liver,ACTA2,NK,NL→CR,NL,CR,0.052404102,0.0586846,12.0,↑,0.904762,NS,10/18,6,3
Liver,ACTA2,NK,IT→IA,IT,IA,0.039631557,0.059546657,50.29999923706055,↑,0.177489,NS,23/30,6,5
Liver,ACTA2,NK,IA→AR,IA,AR,0.059546657,0.06102923,2.5,↑,0.785714,NS,6/15,5,3
Liver,ACTA2,NK,CR→AR,CR,AR,0.0586846,0.06102923,4.0,↑,0.7,NS,3/9,3,3
Liver,ACTA2,B,NL→IT,NL,IT,0.013775202,0.041580983,201.8999938964844,↑,0.485903,NS,15/30,6,5
Liver,ACTA2,B,NL→IA,NL,IA,0.013775202,0.024955677,81.19999694824219,↑,0.224496,NS,22/30,6,5
Liver,ACTA2,B,NL→AR,NL,AR,0.013775202,0.020402702,48.09999847412109,↑,0.671373,NS,9/18,6,3
Liver,ACTA2,B,NL→CR,NL,CR,0.013775202,0.0050667915,-63.20000076293945,↓,0.887537,NS,6/18,6,3
Liver,ACTA2,B,IT→IA,IT,IA,0.041580983,0.024955677,-40.0,↓,0.529619,NS,9/25,5,5
Liver,ACTA2,B,IA→AR,IA,AR,0.024955677,0.020402702,-18.200000762939453,↓,1.0,NS,8/15,5,3
Liver,ACTA2,B,CR→AR,CR,AR,0.0050667915,0.020402702,302.70001220703125,↑,0.506555,NS,6/9,3,3
Liver,ACTA2,PlasmaB,NL→IT,NL,IT,0.0035656616,0.012859444,260.6000061035156,↑,0.370287,NS,16/30,6,5
Liver,ACTA2,PlasmaB,NL→IA,NL,IA,0.0035656616,0.040134512,1025.5999755859375,↑,0.597048,NS,12/30,6,5
Liver,ACTA2,PlasmaB,NL→AR,NL,AR,0.0035656616,0.0,-100.0,↓,0.376759,NS,6/18,6,3
Liver,ACTA2,PlasmaB,NL→CR,NL,CR,0.0035656616,0.019729313,453.2999877929688,↑,0.203092,NS,12/18,6,3
Liver,ACTA2,PlasmaB,IT→IA,IT,IA,0.012859444,0.040134512,212.1000061035156,↑,1.0,NS,10/25,5,5
Liver,ACTA2,PlasmaB,IA→AR,IA,AR,0.040134512,0.0,-100.0,↓,0.329114,NS,6/15,5,3
Liver,ACTA2,PlasmaB,CR→AR,CR,AR,0.019729313,0.0,-100.0,↓,0.196706,NS,6/9,3,3
Liver,AIM2,Myeloid,NL→IT,NL,IT,0.025393816,0.057570565,126.6999969482422,↑,0.192225,NS,25/36,6,6
Liver,AIM2,Myeloid,NL→IA,NL,IA,0.025393816,0.051514167,102.9000015258789,↑,0.773938,NS,14/30,6,5
Liver,AIM2,Myeloid,NL→AR,NL,AR,0.025393816,0.0403152,58.79999923706055,↑,0.787406,NS,9/18,6,3
Liver,AIM2,Myeloid,NL→CR,NL,CR,0.025393816,0.0829823,226.8000030517578,↑,0.048885,*,17/18,6,3
Liver,AIM2,Myeloid,IT→IA,IT,IA,0.057570565,0.051514167,-10.5,↓,0.645055,NS,17/30,6,5
Liver,AIM2,Myeloid,IA→AR,IA,AR,0.051514167,0.0403152,-21.700000762939453,↓,1.0,NS,7/15,5,3
Liver,AIM2,Myeloid,CR→AR,CR,AR,0.0829823,0.0403152,-51.400001525878906,↓,0.4,NS,7/9,3,3
Liver,AIM2,CD4_T,NL→IT,NL,IT,0.030157225,0.041948438,39.09999847412109,↑,0.468042,NS,22/36,6,6
Liver,AIM2,CD4_T,NL→IA,NL,IA,0.030157225,0.04804571,59.29999923706055,↑,0.3142,NS,21/30,6,5
Liver,AIM2,CD4_T,NL→AR,NL,AR,0.030157225,0.042802338,41.900001525878906,↑,0.516853,NS,12/18,6,3
Liver,AIM2,CD4_T,NL→CR,NL,CR,0.030157225,0.049729276,64.9000015258789,↑,0.516853,NS,12/18,6,3
Liver,AIM2,CD4_T,IT→IA,IT,IA,0.041948438,0.04804571,14.5,↑,0.792208,NS,17/30,6,5
Liver,AIM2,CD4_T,IA→AR,IA,AR,0.04804571,0.042802338,-10.899999618530272,↓,0.392857,NS,11/15,5,3
Liver,AIM2,CD4_T,CR→AR,CR,AR,0.049729276,0.042802338,-13.899999618530272,↓,1.0,NS,5/9,3,3
Liver,AIM2,CD8_T,NL→IT,NL,IT,0.040140986,0.042196374,5.099999904632568,↑,1.0,NS,18/36,6,6
Liver,AIM2,CD8_T,NL→IA,NL,IA,0.040140986,0.06255761,55.79999923706055,↑,0.177489,NS,23/30,6,5
Liver,AIM2,CD8_T,NL→AR,NL,AR,0.040140986,0.043159425,7.5,↑,0.714286,NS,11/18,6,3
Liver,AIM2,CD8_T,NL→CR,NL,CR,0.040140986,0.049334895,22.899999618530277,↑,0.904762,NS,10/18,6,3
Liver,AIM2,CD8_T,IT→IA,IT,IA,0.042196374,0.06255761,48.29999923706055,↑,0.246753,NS,22/30,6,5
Liver,AIM2,CD8_T,IA→AR,IA,AR,0.06255761,0.043159425,-31.0,↓,0.25,NS,12/15,5,3
Liver,AIM2,CD8_T,CR→AR,CR,AR,0.049334895,0.043159425,-12.5,↓,1.0,NS,4/9,3,3
Liver,AIM2,NK,NL→IT,NL,IT,0.012678401,0.013200599,4.099999904632568,↑,1.0,NS,18/36,6,6
Liver,AIM2,NK,NL→IA,NL,IA,0.012678401,0.018768612,48.0,↑,0.272229,NS,21/30,6,5
Liver,AIM2,NK,NL→AR,NL,AR,0.012678401,0.025807342,103.5999984741211,↑,0.166667,NS,15/18,6,3
Liver,AIM2,NK,NL→CR,NL,CR,0.012678401,0.012559771,-0.8999999761581421,↓,1.0,NS,9/18,6,3
Liver,AIM2,NK,IT→IA,IT,IA,0.013200599,0.018768612,42.20000076293945,↑,0.360216,NS,20/30,6,5
Liver,AIM2,NK,IA→AR,IA,AR,0.018768612,0.025807342,37.5,↑,0.571429,NS,10/15,5,3
Liver,AIM2,NK,CR→AR,CR,AR,0.012559771,0.025807342,105.5,↑,0.2,NS,8/9,3,3
Liver,AIM2,B,NL→IT,NL,IT,0.10902139,0.23410979,114.6999969482422,↑,0.051948,†,26/30,6,5
Liver,AIM2,B,NL→IA,NL,IA,0.10902139,0.31788746,191.6000061035156,↑,0.008658,**,29/30,6,5
Liver,AIM2,B,NL→AR,NL,AR,0.10902139,0.38329935,251.6000061035156,↑,0.02381,*,18/18,6,3
Liver,AIM2,B,NL→CR,NL,CR,0.10902139,0.23701604,117.4000015258789,↑,0.047619,*,17/18,6,3
Liver,AIM2,B,IT→IA,IT,IA,0.23410979,0.31788746,35.79999923706055,↑,0.222222,NS,19/25,5,5
Liver,AIM2,B,IA→AR,IA,AR,0.31788746,0.38329935,20.600000381469727,↑,1.0,NS,8/15,5,3
Liver,AIM2,B,CR→AR,CR,AR,0.23701604,0.38329935,61.70000076293945,↑,0.2,NS,8/9,3,3
Liver,AIM2,PlasmaB,NL→IT,NL,IT,0.09252978,0.069971204,-24.399999618530277,↓,0.782252,NS,12/30,6,5
Liver,AIM2,PlasmaB,NL→IA,NL,IA,0.09252978,0.11112865,20.100000381469727,↑,0.518992,NS,18/30,6,5
Liver,AIM2,PlasmaB,NL→AR,NL,AR,0.09252978,0.17179589,85.69999694824219,↑,0.516853,NS,12/18,6,3
Liver,AIM2,PlasmaB,NL→CR,NL,CR,0.09252978,0.051306784,-44.59999847412109,↓,0.896851,NS,8/18,6,3
Liver,AIM2,PlasmaB,IT→IA,IT,IA,0.069971204,0.11112865,58.79999923706055,↑,0.463344,NS,16/25,5,5
Liver,AIM2,PlasmaB,IA→AR,IA,AR,0.11112865,0.17179589,54.59999847412109,↑,1.0,NS,8/15,5,3
Liver,AIM2,PlasmaB,CR→AR,CR,AR,0.051306784,0.17179589,234.8000030517578,↑,0.7,NS,6/9,3,3
Liver,ANGPT2,Myeloid,NL→IT,NL,IT,0.0047109663,0.0,-100.0,↓,0.404657,NS,6/36,6,6
Liver,ANGPT2,Myeloid,NL→IA,NL,IA,0.0047109663,0.0,-100.0,↓,0.465209,NS,5/30,6,5
Liver,ANGPT2,Myeloid,NL→AR,NL,AR,0.0047109663,0.0,-100.0,↓,0.637352,NS,3/18,6,3
Liver,ANGPT2,Myeloid,NL→CR,NL,CR,0.0047109663,0.0029094527,-38.20000076293945,↓,0.859684,NS,3/18,6,3
Liver,ANGPT2,Myeloid,IT→IA,IT,IA,0.0,0.0,0.0,↑,1.0,NS,0/30,6,5
Liver,ANGPT2,Myeloid,IA→AR,IA,AR,0.0,0.0,0.0,↑,1.0,NS,0/15,5,3
Liver,ANGPT2,Myeloid,CR→AR,CR,AR,0.0029094527,0.0,-100.0,↓,0.504985,NS,3/9,3,3
Liver,ANGPT2,CD4_T,NL→IT,NL,IT,0.0007607651,0.0018427866,142.1999969482422,↑,0.347164,NS,20/36,6,6
Liver,ANGPT2,CD4_T,NL→IA,NL,IA,0.0007607651,0.0014169889,86.30000305175781,↑,0.485903,NS,15/30,6,5
Liver,ANGPT2,CD4_T,NL→AR,NL,AR,0.0007607651,0.00023899834,-68.5999984741211,↓,0.878088,NS,6/18,6,3
Liver,ANGPT2,CD4_T,NL→CR,NL,CR,0.0007607651,0.0,-100.0,↓,0.376759,NS,6/18,6,3
Liver,ANGPT2,CD4_T,IT→IA,IT,IA,0.0018427866,0.0014169889,-23.100000381469727,↓,0.779243,NS,15/30,6,5
Liver,ANGPT2,CD4_T,IA→AR,IA,AR,0.0014169889,0.00023899834,-83.0999984741211,↓,0.340617,NS,9/15,5,3
Liver,ANGPT2,CD4_T,CR→AR,CR,AR,0.0,0.00023899834,99999.0,↑,0.504985,NS,3/9,3,3
Liver,ANGPT2,CD8_T,NL→IT,NL,IT,0.0002919022,0.0007365953,152.3000030517578,↑,0.775029,NS,12/36,6,6
Liver,ANGPT2,CD8_T,NL→IA,NL,IA,0.0002919022,0.0014668815,402.5,↑,0.19562,NS,18/30,6,5
Liver,ANGPT2,CD8_T,NL→AR,NL,AR,0.0002919022,0.0016004132,448.2999877929688,↑,0.203092,NS,12/18,6,3
Liver,ANGPT2,CD8_T,NL→CR,NL,CR,0.0002919022,0.00067115854,129.89999389648438,↑,0.878088,NS,6/18,6,3
Liver,ANGPT2,CD8_T,IT→IA,IT,IA,0.0007365953,0.0014668815,99.0999984741211,↑,0.370287,NS,16/30,6,5
Liver,ANGPT2,CD8_T,IA→AR,IA,AR,0.0014668815,0.0016004132,9.100000381469728,↑,1.0,NS,7/15,5,3
Liver,ANGPT2,CD8_T,CR→AR,CR,AR,0.00067115854,0.0016004132,138.5,↑,0.642835,NS,5/9,3,3
Liver,ANGPT2,NK,NL→IT,NL,IT,0.0005146928,0.000674333,31.0,↑,0.797648,NS,16/36,6,6
Liver,ANGPT2,NK,NL→IA,NL,IA,0.0005146928,0.0016344782,217.6000061035156,↑,0.213259,NS,20/30,6,5
Liver,ANGPT2,NK,NL→AR,NL,AR,0.0005146928,0.0014417112,180.10000610351562,↑,0.4795,NS,10/18,6,3
Liver,ANGPT2,NK,NL→CR,NL,CR,0.0005146928,0.0004634513,-10.0,↓,0.878088,NS,6/18,6,3
Liver,ANGPT2,NK,IT→IA,IT,IA,0.000674333,0.0016344782,142.39999389648438,↑,0.166994,NS,22/30,6,5
Liver,ANGPT2,NK,IA→AR,IA,AR,0.0016344782,0.0014417112,-11.800000190734863,↓,1.0,NS,7/15,5,3
Liver,ANGPT2,NK,CR→AR,CR,AR,0.0004634513,0.0014417112,211.1000061035156,↑,0.642835,NS,5/9,3,3
Liver,ANGPT2,B,NL→IT,NL,IT,0.0009945937,0.012427275,1149.5,↑,0.892295,NS,6/30,6,5
Liver,ANGPT2,B,NL→IA,NL,IA,0.0009945937,0.0004735205,-52.400001525878906,↓,1.0,NS,5/30,6,5
Liver,ANGPT2,B,NL→AR,NL,AR,0.0009945937,0.0,-100.0,↓,0.637352,NS,3/18,6,3
Liver,ANGPT2,B,NL→CR,NL,CR,0.0009945937,0.004365304,338.8999938964844,↑,0.595883,NS,6/18,6,3
Liver,ANGPT2,B,IT→IA,IT,IA,0.012427275,0.0004735205,-96.1999969482422,↓,1.0,NS,5/25,5,5
Liver,ANGPT2,B,IA→AR,IA,AR,0.0004735205,0.0,-100.0,↓,0.605577,NS,3/15,5,3
Liver,ANGPT2,B,CR→AR,CR,AR,0.004365304,0.0,-100.0,↓,0.504985,NS,3/9,3,3
Liver,ANGPT2,PlasmaB,NL→IT,NL,IT,0.00050003966,0.0,-100.0,↓,0.465209,NS,5/30,6,5
Liver,ANGPT2,PlasmaB,NL→IA,NL,IA,0.00050003966,0.0,-100.0,↓,0.465209,NS,5/30,6,5
Liver,ANGPT2,PlasmaB,NL→AR,NL,AR,0.00050003966,0.0,-100.0,↓,0.637352,NS,3/18,6,3
Liver,ANGPT2,PlasmaB,NL→CR,NL,CR,0.00050003966,0.0,-100.0,↓,0.637352,NS,3/18,6,3
Liver,ANGPT2,PlasmaB,IT→IA,IT,IA,0.0,0.0,0.0,↑,1.0,NS,0/25,5,5
Liver,ANGPT2,PlasmaB,IA→AR,IA,AR,0.0,0.0,0.0,↑,1.0,NS,0/15,5,3
Liver,ANGPT2,PlasmaB,CR→AR,CR,AR,0.0,0.0,0.0,↑,1.0,NS,0/9,3,3
Liver,ATM,Myeloid,NL→IT,NL,IT,0.22209989,0.3193656,43.79999923706055,↑,0.025974,*,32/36,6,6
Liver,ATM,Myeloid,NL→IA,NL,IA,0.22209989,0.25378186,14.300000190734863,↑,0.536797,NS,19/30,6,5
Liver,ATM,Myeloid,NL→AR,NL,AR,0.22209989,0.23401968,5.400000095367432,↑,1.0,NS,9/18,6,3
Liver,ATM,Myeloid,NL→CR,NL,CR,0.22209989,0.3338785,50.29999923706055,↑,0.261905,NS,14/18,6,3
Liver,ATM,Myeloid,IT→IA,IT,IA,0.3193656,0.25378186,-20.5,↓,0.177489,NS,23/30,6,5
Liver,ATM,Myeloid,IA→AR,IA,AR,0.25378186,0.23401968,-7.800000190734863,↓,0.785714,NS,9/15,5,3
Liver,ATM,Myeloid,CR→AR,CR,AR,0.3338785,0.23401968,-29.899999618530277,↓,0.7,NS,6/9,3,3
Liver,ATM,CD4_T,NL→IT,NL,IT,0.31498477,0.39401683,25.100000381469727,↑,0.132035,NS,28/36,6,6
Liver,ATM,CD4_T,NL→IA,NL,IA,0.31498477,0.3815118,21.100000381469727,↑,0.177489,NS,23/30,6,5
Liver,ATM,CD4_T,NL→AR,NL,AR,0.31498477,0.40027463,27.100000381469727,↑,0.095238,†,16/18,6,3
Liver,ATM,CD4_T,NL→CR,NL,CR,0.31498477,0.4071032,29.200000762939453,↑,0.095238,†,16/18,6,3
Liver,ATM,CD4_T,IT→IA,IT,IA,0.39401683,0.3815118,-3.200000047683716,↓,0.662338,NS,18/30,6,5
Liver,ATM,CD4_T,IA→AR,IA,AR,0.3815118,0.40027463,4.900000095367432,↑,0.785714,NS,9/15,5,3
Liver,ATM,CD4_T,CR→AR,CR,AR,0.4071032,0.40027463,-1.7000000476837158,↓,1.0,NS,4/9,3,3
Liver,ATM,CD8_T,NL→IT,NL,IT,0.34689617,0.40311608,16.200000762939453,↑,0.132035,NS,28/36,6,6
Liver,ATM,CD8_T,NL→IA,NL,IA,0.34689617,0.400423,15.399999618530272,↑,0.329004,NS,21/30,6,5
Liver,ATM,CD8_T,NL→AR,NL,AR,0.34689617,0.4455068,28.399999618530277,↑,0.166667,NS,15/18,6,3
Liver,ATM,CD8_T,NL→CR,NL,CR,0.34689617,0.45891047,32.29999923706055,↑,0.095238,†,16/18,6,3
Liver,ATM,CD8_T,IT→IA,IT,IA,0.40311608,0.400423,-0.699999988079071,↓,0.930736,NS,16/30,6,5
Liver,ATM,CD8_T,IA→AR,IA,AR,0.400423,0.4455068,11.300000190734863,↑,0.571429,NS,10/15,5,3
Liver,ATM,CD8_T,CR→AR,CR,AR,0.45891047,0.4455068,-2.900000095367432,↓,1.0,NS,5/9,3,3
Liver,ATM,NK,NL→IT,NL,IT,0.39411807,0.5365345,36.09999847412109,↑,0.132035,NS,28/36,6,6
Liver,ATM,NK,NL→IA,NL,IA,0.39411807,0.4333366,10.0,↑,0.792208,NS,17/30,6,5
Liver,ATM,NK,NL→AR,NL,AR,0.39411807,0.57011515,44.70000076293945,↑,0.02381,*,18/18,6,3
Liver,ATM,NK,NL→CR,NL,CR,0.39411807,0.54412985,38.09999847412109,↑,0.166667,NS,15/18,6,3
Liver,ATM,NK,IT→IA,IT,IA,0.5365345,0.4333366,-19.200000762939453,↓,0.428571,NS,20/30,6,5
Liver,ATM,NK,IA→AR,IA,AR,0.4333366,0.57011515,31.600000381469727,↑,0.25,NS,12/15,5,3
Liver,ATM,NK,CR→AR,CR,AR,0.54412985,0.57011515,4.800000190734863,↑,0.7,NS,6/9,3,3
Liver,ATM,B,NL→IT,NL,IT,0.31534544,0.4536128,43.79999923706055,↑,0.177489,NS,23/30,6,5
Liver,ATM,B,NL→IA,NL,IA,0.31534544,0.35338002,12.100000381469728,↑,0.246753,NS,22/30,6,5
Liver,ATM,B,NL→AR,NL,AR,0.31534544,0.6217707,97.1999969482422,↑,0.166667,NS,15/18,6,3
Liver,ATM,B,NL→CR,NL,CR,0.31534544,0.49663433,57.5,↑,0.166667,NS,15/18,6,3
Liver,ATM,B,IT→IA,IT,IA,0.4536128,0.35338002,-22.100000381469727,↓,0.309524,NS,18/25,5,5
Liver,ATM,B,IA→AR,IA,AR,0.35338002,0.6217707,75.9000015258789,↑,0.035714,*,15/15,5,3
Liver,ATM,B,CR→AR,CR,AR,0.49663433,0.6217707,25.200000762939453,↑,0.1,NS,9/9,3,3
Liver,ATM,PlasmaB,NL→IT,NL,IT,0.24068879,0.22008634,-8.600000381469727,↓,0.792208,NS,17/30,6,5
Liver,ATM,PlasmaB,NL→IA,NL,IA,0.24068879,0.217238,-9.699999809265137,↓,0.536797,NS,19/30,6,5
Liver,ATM,PlasmaB,NL→AR,NL,AR,0.24068879,0.07310816,-69.5999984741211,↓,0.047619,*,17/18,6,3
Liver,ATM,PlasmaB,NL→CR,NL,CR,0.24068879,0.19384754,-19.5,↓,0.714286,NS,11/18,6,3
Liver,ATM,PlasmaB,IT→IA,IT,IA,0.22008634,0.217238,-1.2999999523162842,↓,0.84127,NS,14/25,5,5
Liver,ATM,PlasmaB,IA→AR,IA,AR,0.217238,0.07310816,-66.30000305175781,↓,0.142857,NS,13/15,5,3
Liver,ATM,PlasmaB,CR→AR,CR,AR,0.19384754,0.07310816,-62.29999923706055,↓,0.2,NS,8/9,3,3
Liver,ATP5F1A,Myeloid,NL→IT,NL,IT,0.8555239,0.97566754,14.0,↑,0.132035,NS,28/36,6,6
Liver,ATP5F1A,Myeloid,NL→IA,NL,IA,0.8555239,0.9385525,9.699999809265137,↑,0.177489,NS,23/30,6,5
Liver,ATP5F1A,Myeloid,NL→AR,NL,AR,0.8555239,1.092388,27.700000762939453,↑,0.095238,†,16/18,6,3
Liver,ATP5F1A,Myeloid,NL→CR,NL,CR,0.8555239,0.98812836,15.5,↑,0.166667,NS,15/18,6,3
Liver,ATP5F1A,Myeloid,IT→IA,IT,IA,0.97566754,0.9385525,-3.799999952316284,↓,0.536797,NS,19/30,6,5
Liver,ATP5F1A,Myeloid,IA→AR,IA,AR,0.9385525,1.092388,16.399999618530273,↑,0.142857,NS,13/15,5,3
Liver,ATP5F1A,Myeloid,CR→AR,CR,AR,0.98812836,1.092388,10.600000381469728,↑,0.7,NS,6/9,3,3
Liver,ATP5F1A,CD4_T,NL→IT,NL,IT,0.55501884,0.59387535,7.0,↑,0.484848,NS,23/36,6,6
Liver,ATP5F1A,CD4_T,NL→IA,NL,IA,0.55501884,0.67819417,22.200000762939453,↑,0.177489,NS,23/30,6,5
Liver,ATP5F1A,CD4_T,NL→AR,NL,AR,0.55501884,0.6558704,18.200000762939453,↑,0.261905,NS,14/18,6,3
Liver,ATP5F1A,CD4_T,NL→CR,NL,CR,0.55501884,0.6606318,19.0,↑,0.261905,NS,14/18,6,3
Liver,ATP5F1A,CD4_T,IT→IA,IT,IA,0.59387535,0.67819417,14.199999809265137,↑,0.536797,NS,19/30,6,5
Liver,ATP5F1A,CD4_T,IA→AR,IA,AR,0.67819417,0.6558704,-3.299999952316284,↓,0.785714,NS,9/15,5,3
Liver,ATP5F1A,CD4_T,CR→AR,CR,AR,0.6606318,0.6558704,-0.699999988079071,↓,1.0,NS,5/9,3,3
Liver,ATP5F1A,CD8_T,NL→IT,NL,IT,0.527631,0.5310901,0.699999988079071,↑,0.484848,NS,23/36,6,6
Liver,ATP5F1A,CD8_T,NL→IA,NL,IA,0.527631,0.6429309,21.899999618530277,↑,0.246753,NS,22/30,6,5
Liver,ATP5F1A,CD8_T,NL→AR,NL,AR,0.527631,0.66827923,26.700000762939453,↑,0.166667,NS,15/18,6,3
Liver,ATP5F1A,CD8_T,NL→CR,NL,CR,0.527631,0.578731,9.699999809265137,↑,0.547619,NS,12/18,6,3
Liver,ATP5F1A,CD8_T,IT→IA,IT,IA,0.5310901,0.6429309,21.100000381469727,↑,0.662338,NS,18/30,6,5
Liver,ATP5F1A,CD8_T,IA→AR,IA,AR,0.6429309,0.66827923,3.900000095367432,↑,1.0,NS,8/15,5,3
Liver,ATP5F1A,CD8_T,CR→AR,CR,AR,0.578731,0.66827923,15.5,↑,0.7,NS,6/9,3,3
Liver,ATP5F1A,NK,NL→IT,NL,IT,0.6393865,0.5863457,-8.300000190734863,↓,0.818182,NS,20/36,6,6
Liver,ATP5F1A,NK,NL→IA,NL,IA,0.6393865,0.59601027,-6.800000190734863,↓,0.428571,NS,20/30,6,5
Liver,ATP5F1A,NK,NL→AR,NL,AR,0.6393865,0.64811826,1.399999976158142,↑,0.904762,NS,10/18,6,3
Liver,ATP5F1A,NK,NL→CR,NL,CR,0.6393865,0.69525224,8.699999809265137,↑,0.380952,NS,13/18,6,3
Liver,ATP5F1A,NK,IT→IA,IT,IA,0.5863457,0.59601027,1.600000023841858,↑,0.536797,NS,11/30,6,5
Liver,ATP5F1A,NK,IA→AR,IA,AR,0.59601027,0.64811826,8.699999809265137,↑,1.0,NS,8/15,5,3
Liver,ATP5F1A,NK,CR→AR,CR,AR,0.69525224,0.64811826,-6.800000190734863,↓,1.0,NS,5/9,3,3
Liver,ATP5F1A,B,NL→IT,NL,IT,0.5037288,0.6379799,26.700000762939453,↑,0.428571,NS,20/30,6,5
Liver,ATP5F1A,B,NL→IA,NL,IA,0.5037288,0.6612801,31.299999237060547,↑,0.246753,NS,22/30,6,5
Liver,ATP5F1A,B,NL→AR,NL,AR,0.5037288,0.7653491,51.900001525878906,↑,0.261905,NS,14/18,6,3
Liver,ATP5F1A,B,NL→CR,NL,CR,0.5037288,0.7495303,48.79999923706055,↑,0.095238,†,16/18,6,3
Liver,ATP5F1A,B,IT→IA,IT,IA,0.6379799,0.6612801,3.700000047683716,↑,0.84127,NS,11/25,5,5
Liver,ATP5F1A,B,IA→AR,IA,AR,0.6612801,0.7653491,15.699999809265137,↑,1.0,NS,8/15,5,3
Liver,ATP5F1A,B,CR→AR,CR,AR,0.7495303,0.7653491,2.0999999046325684,↑,1.0,NS,4/9,3,3
Liver,ATP5F1A,PlasmaB,NL→IT,NL,IT,0.75093836,0.8685031,15.699999809265137,↑,0.428571,NS,20/30,6,5
Liver,ATP5F1A,PlasmaB,NL→IA,NL,IA,0.75093836,1.0103911,34.599998474121094,↑,0.177489,NS,23/30,6,5
Liver,ATP5F1A,PlasmaB,NL→AR,NL,AR,0.75093836,1.1971136,59.400001525878906,↑,0.02381,*,18/18,6,3
Liver,ATP5F1A,PlasmaB,NL→CR,NL,CR,0.75093836,0.9488676,26.399999618530277,↑,0.380952,NS,13/18,6,3
Liver,ATP5F1A,PlasmaB,IT→IA,IT,IA,0.8685031,1.0103911,16.299999237060547,↑,0.420635,NS,17/25,5,5
Liver,ATP5F1A,PlasmaB,IA→AR,IA,AR,1.0103911,1.1971136,18.5,↑,0.571429,NS,10/15,5,3
Liver,ATP5F1A,PlasmaB,CR→AR,CR,AR,0.9488676,1.1971136,26.200000762939453,↑,0.2,NS,8/9,3,3
Liver,ATP5F1B,Myeloid,NL→IT,NL,IT,1.2816397,1.2803249,-0.1000000014901161,↓,0.937229,NS,17/36,6,6
Liver,ATP5F1B,Myeloid,NL→IA,NL,IA,1.2816397,1.450276,13.199999809265137,↑,0.125541,NS,24/30,6,5
Liver,ATP5F1B,Myeloid,NL→AR,NL,AR,1.2816397,1.4635075,14.199999809265137,↑,0.380952,NS,13/18,6,3
Liver,ATP5F1B,Myeloid,NL→CR,NL,CR,1.2816397,1.5999609,24.799999237060547,↑,0.047619,*,17/18,6,3
Liver,ATP5F1B,Myeloid,IT→IA,IT,IA,1.2803249,1.450276,13.300000190734863,↑,0.329004,NS,21/30,6,5
Liver,ATP5F1B,Myeloid,IA→AR,IA,AR,1.450276,1.4635075,0.8999999761581421,↑,0.785714,NS,9/15,5,3
Liver,ATP5F1B,Myeloid,CR→AR,CR,AR,1.5999609,1.4635075,-8.5,↓,0.7,NS,6/9,3,3
Liver,ATP5F1B,CD4_T,NL→IT,NL,IT,1.0470468,1.1675638,11.5,↑,0.588745,NS,22/36,6,6
Liver,ATP5F1B,CD4_T,NL→IA,NL,IA,1.0470468,1.1728092,12.0,↑,0.662338,NS,18/30,6,5
Liver,ATP5F1B,CD4_T,NL→AR,NL,AR,1.0470468,1.1685556,11.600000381469728,↑,0.714286,NS,11/18,6,3
Liver,ATP5F1B,CD4_T,NL→CR,NL,CR,1.0470468,1.2480855,19.200000762939453,↑,0.261905,NS,14/18,6,3
Liver,ATP5F1B,CD4_T,IT→IA,IT,IA,1.1675638,1.1728092,0.4000000059604645,↑,0.930736,NS,16/30,6,5
Liver,ATP5F1B,CD4_T,IA→AR,IA,AR,1.1728092,1.1685556,-0.4000000059604645,↓,0.785714,NS,6/15,5,3
Liver,ATP5F1B,CD4_T,CR→AR,CR,AR,1.2480855,1.1685556,-6.400000095367432,↓,1.0,NS,5/9,3,3
Liver,ATP5F1B,CD8_T,NL→IT,NL,IT,1.0271249,1.2649237,23.200000762939453,↑,0.309524,NS,25/36,6,6
Liver,ATP5F1B,CD8_T,NL→IA,NL,IA,1.0271249,1.2348197,20.200000762939453,↑,0.246753,NS,22/30,6,5
Liver,ATP5F1B,CD8_T,NL→AR,NL,AR,1.0271249,1.2568104,22.399999618530277,↑,0.380952,NS,13/18,6,3
Liver,ATP5F1B,CD8_T,NL→CR,NL,CR,1.0271249,1.2603931,22.700000762939453,↑,0.380952,NS,13/18,6,3
Liver,ATP5F1B,CD8_T,IT→IA,IT,IA,1.2649237,1.2348197,-2.400000095367432,↓,0.930736,NS,16/30,6,5
Liver,ATP5F1B,CD8_T,IA→AR,IA,AR,1.2348197,1.2568104,1.7999999523162842,↑,1.0,NS,8/15,5,3
Liver,ATP5F1B,CD8_T,CR→AR,CR,AR,1.2603931,1.2568104,-0.3000000119209289,↓,1.0,NS,5/9,3,3
Liver,ATP5F1B,NK,NL→IT,NL,IT,1.1127983,1.2365191,11.100000381469728,↑,0.484848,NS,23/36,6,6
Liver,ATP5F1B,NK,NL→IA,NL,IA,1.1127983,1.14442,2.799999952316284,↑,0.930736,NS,16/30,6,5
Liver,ATP5F1B,NK,NL→AR,NL,AR,1.1127983,1.2166868,9.300000190734863,↑,0.714286,NS,11/18,6,3
Liver,ATP5F1B,NK,NL→CR,NL,CR,1.1127983,1.3447756,20.799999237060547,↑,0.166667,NS,15/18,6,3
Liver,ATP5F1B,NK,IT→IA,IT,IA,1.2365191,1.14442,-7.400000095367432,↓,0.930736,NS,16/30,6,5
Liver,ATP5F1B,NK,IA→AR,IA,AR,1.14442,1.2166868,6.300000190734863,↑,0.785714,NS,9/15,5,3
Liver,ATP5F1B,NK,CR→AR,CR,AR,1.3447756,1.2166868,-9.5,↓,0.7,NS,6/9,3,3
Liver,ATP5F1B,B,NL→IT,NL,IT,0.9210985,1.2062263,31.0,↑,0.329004,NS,21/30,6,5
Liver,ATP5F1B,B,NL→IA,NL,IA,0.9210985,1.1219404,21.799999237060547,↑,0.428571,NS,20/30,6,5
Liver,ATP5F1B,B,NL→AR,NL,AR,0.9210985,1.0985638,19.299999237060547,↑,0.904762,NS,10/18,6,3
Liver,ATP5F1B,B,NL→CR,NL,CR,0.9210985,1.2059005,30.899999618530277,↑,0.261905,NS,14/18,6,3
Liver,ATP5F1B,B,IT→IA,IT,IA,1.2062263,1.1219404,-7.0,↓,0.84127,NS,14/25,5,5
Liver,ATP5F1B,B,IA→AR,IA,AR,1.1219404,1.0985638,-2.0999999046325684,↓,1.0,NS,8/15,5,3
Liver,ATP5F1B,B,CR→AR,CR,AR,1.2059005,1.0985638,-8.899999618530273,↓,1.0,NS,5/9,3,3
Liver,ATP5F1B,PlasmaB,NL→IT,NL,IT,0.7701188,1.1291194,46.59999847412109,↑,0.030303,*,27/30,6,5
Liver,ATP5F1B,PlasmaB,NL→IA,NL,IA,0.7701188,1.3932623,80.9000015258789,↑,0.008658,**,29/30,6,5
Liver,ATP5F1B,PlasmaB,NL→AR,NL,AR,0.7701188,1.516724,96.9000015258789,↑,0.02381,*,18/18,6,3
Liver,ATP5F1B,PlasmaB,NL→CR,NL,CR,0.7701188,1.2777789,65.9000015258789,↑,0.02381,*,18/18,6,3
Liver,ATP5F1B,PlasmaB,IT→IA,IT,IA,1.1291194,1.3932623,23.399999618530277,↑,0.309524,NS,18/25,5,5
Liver,ATP5F1B,PlasmaB,IA→AR,IA,AR,1.3932623,1.516724,8.899999618530273,↑,0.785714,NS,9/15,5,3
Liver,ATP5F1B,PlasmaB,CR→AR,CR,AR,1.2777789,1.516724,18.700000762939453,↑,0.1,NS,9/9,3,3
Liver,BAK1,Myeloid,NL→IT,NL,IT,0.050309945,0.24124952,379.5,↑,0.002165,**,36/36,6,6
Liver,BAK1,Myeloid,NL→IA,NL,IA,0.050309945,0.14710109,192.3999938964844,↑,0.008658,**,29/30,6,5
Liver,BAK1,Myeloid,NL→AR,NL,AR,0.050309945,0.13114245,160.6999969482422,↑,0.047619,*,17/18,6,3
Liver,BAK1,Myeloid,NL→CR,NL,CR,0.050309945,0.11861455,135.8000030517578,↑,0.095238,†,16/18,6,3
Liver,BAK1,Myeloid,IT→IA,IT,IA,0.24124952,0.14710109,-39.0,↓,0.125541,NS,24/30,6,5
Liver,BAK1,Myeloid,IA→AR,IA,AR,0.14710109,0.13114245,-10.800000190734863,↓,1.0,NS,8/15,5,3
Liver,BAK1,Myeloid,CR→AR,CR,AR,0.11861455,0.13114245,10.600000381469728,↑,0.7,NS,6/9,3,3
Liver,BAK1,CD4_T,NL→IT,NL,IT,0.19386224,0.22954069,18.399999618530277,↑,0.699134,NS,21/36,6,6
Liver,BAK1,CD4_T,NL→IA,NL,IA,0.19386224,0.17431307,-10.100000381469728,↓,0.930736,NS,16/30,6,5
Liver,BAK1,CD4_T,NL→AR,NL,AR,0.19386224,0.18435748,-4.900000095367432,↓,1.0,NS,9/18,6,3
Liver,BAK1,CD4_T,NL→CR,NL,CR,0.19386224,0.18062373,-6.800000190734863,↓,0.904762,NS,10/18,6,3
Liver,BAK1,CD4_T,IT→IA,IT,IA,0.22954069,0.17431307,-24.100000381469727,↓,0.082251,†,25/30,6,5
Liver,BAK1,CD4_T,IA→AR,IA,AR,0.17431307,0.18435748,5.800000190734863,↑,1.0,NS,8/15,5,3
Liver,BAK1,CD4_T,CR→AR,CR,AR,0.18062373,0.18435748,2.0999999046325684,↑,1.0,NS,5/9,3,3
Liver,BAK1,CD8_T,NL→IT,NL,IT,0.21345098,0.23952979,12.199999809265137,↑,0.699134,NS,21/36,6,6
Liver,BAK1,CD8_T,NL→IA,NL,IA,0.21345098,0.21539596,0.8999999761581421,↑,0.930736,NS,16/30,6,5
Liver,BAK1,CD8_T,NL→AR,NL,AR,0.21345098,0.2194465,2.799999952316284,↑,0.904762,NS,10/18,6,3
Liver,BAK1,CD8_T,NL→CR,NL,CR,0.21345098,0.20811136,-2.5,↓,0.714286,NS,11/18,6,3
Liver,BAK1,CD8_T,IT→IA,IT,IA,0.23952979,0.21539596,-10.100000381469728,↓,0.662338,NS,18/30,6,5
Liver,BAK1,CD8_T,IA→AR,IA,AR,0.21539596,0.2194465,1.899999976158142,↑,1.0,NS,8/15,5,3
Liver,BAK1,CD8_T,CR→AR,CR,AR,0.20811136,0.2194465,5.400000095367432,↑,1.0,NS,5/9,3,3
Liver,BAK1,NK,NL→IT,NL,IT,0.19650953,0.24183907,23.100000381469727,↑,0.24026,NS,26/36,6,6
Liver,BAK1,NK,NL→IA,NL,IA,0.19650953,0.20044014,2.0,↑,0.930736,NS,16/30,6,5
Liver,BAK1,NK,NL→AR,NL,AR,0.19650953,0.19657771,0.0,↑,1.0,NS,9/18,6,3
Liver,BAK1,NK,NL→CR,NL,CR,0.19650953,0.22584136,14.899999618530272,↑,0.547619,NS,12/18,6,3
Liver,BAK1,NK,IT→IA,IT,IA,0.24183907,0.20044014,-17.100000381469727,↓,0.177489,NS,23/30,6,5
Liver,BAK1,NK,IA→AR,IA,AR,0.20044014,0.19657771,-1.899999976158142,↓,1.0,NS,8/15,5,3
Liver,BAK1,NK,CR→AR,CR,AR,0.22584136,0.19657771,-13.0,↓,1.0,NS,5/9,3,3
Liver,BAK1,B,NL→IT,NL,IT,0.2511495,0.25623104,2.0,↑,0.536797,NS,19/30,6,5
Liver,BAK1,B,NL→IA,NL,IA,0.2511495,0.15513249,-38.20000076293945,↓,0.428571,NS,20/30,6,5
Liver,BAK1,B,NL→AR,NL,AR,0.2511495,0.23650457,-5.800000190734863,↓,1.0,NS,9/18,6,3
Liver,BAK1,B,NL→CR,NL,CR,0.2511495,0.1258094,-49.900001525878906,↓,0.261905,NS,14/18,6,3
Liver,BAK1,B,IT→IA,IT,IA,0.25623104,0.15513249,-39.5,↓,0.031746,*,23/25,5,5
Liver,BAK1,B,IA→AR,IA,AR,0.15513249,0.23650457,52.5,↑,0.392857,NS,11/15,5,3
Liver,BAK1,B,CR→AR,CR,AR,0.1258094,0.23650457,88.0,↑,0.4,NS,7/9,3,3
Liver,BAK1,PlasmaB,NL→IT,NL,IT,0.20117605,0.31974095,58.900001525878906,↑,0.082251,†,25/30,6,5
Liver,BAK1,PlasmaB,NL→IA,NL,IA,0.20117605,0.40612173,101.9000015258789,↑,0.125541,NS,24/30,6,5
Liver,BAK1,PlasmaB,NL→AR,NL,AR,0.20117605,0.39191303,94.8000030517578,↑,0.166667,NS,15/18,6,3
Liver,BAK1,PlasmaB,NL→CR,NL,CR,0.20117605,0.28177613,40.09999847412109,↑,0.261905,NS,14/18,6,3
Liver,BAK1,PlasmaB,IT→IA,IT,IA,0.31974095,0.40612173,27.0,↑,0.420635,NS,17/25,5,5
Liver,BAK1,PlasmaB,IA→AR,IA,AR,0.40612173,0.39191303,-3.5,↓,0.785714,NS,9/15,5,3
Liver,BAK1,PlasmaB,CR→AR,CR,AR,0.28177613,0.39191303,39.09999847412109,↑,0.4,NS,7/9,3,3
Liver,BATF,Myeloid,NL→IT,NL,IT,0.16410907,0.061665103,-62.400001525878906,↓,0.025974,*,32/36,6,6
Liver,BATF,Myeloid,NL→IA,NL,IA,0.16410907,0.071204655,-56.59999847412109,↓,0.082139,†,25/30,6,5
Liver,BATF,Myeloid,NL→AR,NL,AR,0.16410907,0.033397738,-79.5999984741211,↓,0.02381,*,18/18,6,3
Liver,BATF,Myeloid,NL→CR,NL,CR,0.16410907,0.050112065,-69.5,↓,0.02381,*,18/18,6,3
Liver,BATF,Myeloid,IT→IA,IT,IA,0.061665103,0.071204655,15.5,↑,1.0,NS,14/30,6,5
Liver,BATF,Myeloid,IA→AR,IA,AR,0.071204655,0.033397738,-53.09999847412109,↓,0.759982,NS,8/15,5,3
Liver,BATF,Myeloid,CR→AR,CR,AR,0.050112065,0.033397738,-33.400001525878906,↓,0.4,NS,7/9,3,3
Liver,BATF,CD4_T,NL→IT,NL,IT,0.30720818,0.31029573,1.0,↑,0.818182,NS,20/36,6,6
Liver,BATF,CD4_T,NL→IA,NL,IA,0.30720818,0.32851255,6.900000095367432,↑,0.662338,NS,18/30,6,5
Liver,BATF,CD4_T,NL→AR,NL,AR,0.30720818,0.32609007,6.099999904632568,↑,1.0,NS,9/18,6,3
Liver,BATF,CD4_T,NL→CR,NL,CR,0.30720818,0.2516639,-18.100000381469727,↓,0.904762,NS,10/18,6,3
Liver,BATF,CD4_T,IT→IA,IT,IA,0.31029573,0.32851255,5.900000095367432,↑,1.0,NS,15/30,6,5
Liver,BATF,CD4_T,IA→AR,IA,AR,0.32851255,0.32609007,-0.699999988079071,↓,1.0,NS,7/15,5,3
Liver,BATF,CD4_T,CR→AR,CR,AR,0.2516639,0.32609007,29.600000381469727,↑,0.7,NS,6/9,3,3
Liver,BATF,CD8_T,NL→IT,NL,IT,0.22356701,0.23464324,5.0,↑,0.588745,NS,22/36,6,6
Liver,BATF,CD8_T,NL→IA,NL,IA,0.22356701,0.24192455,8.199999809265137,↑,0.930736,NS,16/30,6,5
Liver,BATF,CD8_T,NL→AR,NL,AR,0.22356701,0.2627364,17.5,↑,1.0,NS,9/18,6,3
Liver,BATF,CD8_T,NL→CR,NL,CR,0.22356701,0.23993643,7.300000190734863,↑,1.0,NS,9/18,6,3
Liver,BATF,CD8_T,IT→IA,IT,IA,0.23464324,0.24192455,3.0999999046325684,↑,0.930736,NS,16/30,6,5
Liver,BATF,CD8_T,IA→AR,IA,AR,0.24192455,0.2627364,8.600000381469727,↑,1.0,NS,8/15,5,3
Liver,BATF,CD8_T,CR→AR,CR,AR,0.23993643,0.2627364,9.5,↑,1.0,NS,5/9,3,3
Liver,BATF,NK,NL→IT,NL,IT,0.16815113,0.13122778,-22.0,↓,0.588745,NS,22/36,6,6
Liver,BATF,NK,NL→IA,NL,IA,0.16815113,0.16960604,0.8999999761581421,↑,0.662338,NS,12/30,6,5
Liver,BATF,NK,NL→AR,NL,AR,0.16815113,0.240044,42.79999923706055,↑,0.904762,NS,10/18,6,3
Liver,BATF,NK,NL→CR,NL,CR,0.16815113,0.19410849,15.399999618530272,↑,0.904762,NS,8/18,6,3
Liver,BATF,NK,IT→IA,IT,IA,0.13122778,0.16960604,29.200000762939453,↑,0.930736,NS,16/30,6,5
Liver,BATF,NK,IA→AR,IA,AR,0.16960604,0.240044,41.5,↑,0.785714,NS,9/15,5,3
Liver,BATF,NK,CR→AR,CR,AR,0.19410849,0.240044,23.700000762939453,↑,0.7,NS,6/9,3,3
Liver,BATF,B,NL→IT,NL,IT,0.09219255,0.05633645,-38.900001525878906,↓,0.360216,NS,20/30,6,5
Liver,BATF,B,NL→IA,NL,IA,0.09219255,0.060532182,-34.29999923706055,↓,0.930736,NS,16/30,6,5
Liver,BATF,B,NL→AR,NL,AR,0.09219255,0.06702206,-27.299999237060547,↓,0.904762,NS,10/18,6,3
Liver,BATF,B,NL→CR,NL,CR,0.09219255,0.03719364,-59.70000076293945,↓,0.261905,NS,14/18,6,3
Liver,BATF,B,IT→IA,IT,IA,0.05633645,0.060532182,7.400000095367432,↑,0.420635,NS,17/25,5,5
Liver,BATF,B,IA→AR,IA,AR,0.060532182,0.06702206,10.699999809265137,↑,1.0,NS,7/15,5,3
Liver,BATF,B,CR→AR,CR,AR,0.03719364,0.06702206,80.19999694824219,↑,0.2,NS,8/9,3,3
Liver,BATF,PlasmaB,NL→IT,NL,IT,0.051779646,0.004877114,-90.5999984741211,↓,0.425806,NS,15/30,6,5
Liver,BATF,PlasmaB,NL→IA,NL,IA,0.051779646,0.10546257,103.6999969482422,↑,0.632142,NS,15/30,6,5
Liver,BATF,PlasmaB,NL→AR,NL,AR,0.051779646,0.07216572,39.400001525878906,↑,0.35802,NS,13/18,6,3
Liver,BATF,PlasmaB,NL→CR,NL,CR,0.051779646,0.01936776,-62.59999847412109,↓,0.895533,NS,8/18,6,3
Liver,BATF,PlasmaB,IT→IA,IT,IA,0.004877114,0.10546257,2062.39990234375,↑,0.265205,NS,15/25,5,5
Liver,BATF,PlasmaB,IA→AR,IA,AR,0.10546257,0.07216572,-31.600000381469727,↓,0.548595,NS,5/15,5,3
Liver,BATF,PlasmaB,CR→AR,CR,AR,0.01936776,0.07216572,272.6000061035156,↑,0.1,NS,9/9,3,3
Liver,BCL2,Myeloid,NL→IT,NL,IT,0.10655433,0.117291845,10.100000381469728,↑,0.748349,NS,20/36,6,6
Liver,BCL2,Myeloid,NL→IA,NL,IA,0.10655433,0.07647071,-28.200000762939453,↓,0.714379,NS,17/30,6,5
Liver,BCL2,Myeloid,NL→AR,NL,AR,0.10655433,0.09362823,-12.100000381469728,↓,1.0,NS,9/18,6,3
Liver,BCL2,Myeloid,NL→CR,NL,CR,0.10655433,0.10311726,-3.200000047683716,↓,1.0,NS,9/18,6,3
Liver,BCL2,Myeloid,IT→IA,IT,IA,0.117291845,0.07647071,-34.79999923706055,↓,0.583025,NS,18/30,6,5
Liver,BCL2,Myeloid,IA→AR,IA,AR,0.07647071,0.09362823,22.399999618530277,↑,0.880791,NS,8/15,5,3
Liver,BCL2,Myeloid,CR→AR,CR,AR,0.10311726,0.09362823,-9.199999809265137,↓,1.0,NS,4/9,3,3
Liver,BCL2,CD4_T,NL→IT,NL,IT,0.40301785,0.31387097,-22.100000381469727,↓,0.699134,NS,21/36,6,6
Liver,BCL2,CD4_T,NL→IA,NL,IA,0.40301785,0.3352203,-16.799999237060547,↓,0.177489,NS,23/30,6,5
Liver,BCL2,CD4_T,NL→AR,NL,AR,0.40301785,0.28332567,-29.700000762939453,↓,0.047619,*,17/18,6,3
Liver,BCL2,CD4_T,NL→CR,NL,CR,0.40301785,0.34222317,-15.100000381469728,↓,0.380952,NS,13/18,6,3
Liver,BCL2,CD4_T,IT→IA,IT,IA,0.31387097,0.3352203,6.800000190734863,↑,0.930736,NS,14/30,6,5
Liver,BCL2,CD4_T,IA→AR,IA,AR,0.3352203,0.28332567,-15.5,↓,0.785714,NS,9/15,5,3
Liver,BCL2,CD4_T,CR→AR,CR,AR,0.34222317,0.28332567,-17.200000762939453,↓,0.4,NS,7/9,3,3
Liver,BCL2,CD8_T,NL→IT,NL,IT,0.3242464,0.3162063,-2.5,↓,0.818182,NS,16/36,6,6
Liver,BCL2,CD8_T,NL→IA,NL,IA,0.3242464,0.2806694,-13.399999618530272,↓,0.536797,NS,19/30,6,5
Liver,BCL2,CD8_T,NL→AR,NL,AR,0.3242464,0.18068273,-44.29999923706055,↓,0.02381,*,18/18,6,3
Liver,BCL2,CD8_T,NL→CR,NL,CR,0.3242464,0.22017455,-32.099998474121094,↓,0.095238,†,16/18,6,3
Liver,BCL2,CD8_T,IT→IA,IT,IA,0.3162063,0.2806694,-11.199999809265137,↓,0.428571,NS,20/30,6,5
Liver,BCL2,CD8_T,IA→AR,IA,AR,0.2806694,0.18068273,-35.599998474121094,↓,0.071429,†,14/15,5,3
Liver,BCL2,CD8_T,CR→AR,CR,AR,0.22017455,0.18068273,-17.899999618530273,↓,0.1,NS,9/9,3,3
Liver,BCL2,NK,NL→IT,NL,IT,0.12334525,0.15026633,21.799999237060547,↑,0.818182,NS,20/36,6,6
Liver,BCL2,NK,NL→IA,NL,IA,0.12334525,0.11026429,-10.600000381469728,↓,0.792208,NS,17/30,6,5
Liver,BCL2,NK,NL→AR,NL,AR,0.12334525,0.09454437,-23.299999237060547,↓,0.714286,NS,11/18,6,3
Liver,BCL2,NK,NL→CR,NL,CR,0.12334525,0.085888706,-30.399999618530277,↓,0.547619,NS,12/18,6,3
Liver,BCL2,NK,IT→IA,IT,IA,0.15026633,0.11026429,-26.600000381469727,↓,0.246753,NS,22/30,6,5
Liver,BCL2,NK,IA→AR,IA,AR,0.11026429,0.09454437,-14.300000190734863,↓,0.392857,NS,11/15,5,3
Liver,BCL2,NK,CR→AR,CR,AR,0.085888706,0.09454437,10.100000381469728,↑,1.0,NS,5/9,3,3
Liver,BCL2,B,NL→IT,NL,IT,0.39204982,0.45518574,16.100000381469727,↑,1.0,NS,15/30,6,5
Liver,BCL2,B,NL→IA,NL,IA,0.39204982,0.38164023,-2.700000047683716,↓,0.536797,NS,19/30,6,5
Liver,BCL2,B,NL→AR,NL,AR,0.39204982,0.42812863,9.199999809265137,↑,0.714286,NS,7/18,6,3
Liver,BCL2,B,NL→CR,NL,CR,0.39204982,0.3676227,-6.199999809265137,↓,0.547619,NS,12/18,6,3
Liver,BCL2,B,IT→IA,IT,IA,0.45518574,0.38164023,-16.200000762939453,↓,0.420635,NS,17/25,5,5
Liver,BCL2,B,IA→AR,IA,AR,0.38164023,0.42812863,12.199999809265137,↑,0.785714,NS,9/15,5,3
Liver,BCL2,B,CR→AR,CR,AR,0.3676227,0.42812863,16.5,↑,0.7,NS,6/9,3,3
Liver,BCL2,PlasmaB,NL→IT,NL,IT,0.170089,0.13168934,-22.600000381469727,↓,0.536797,NS,19/30,6,5
Liver,BCL2,PlasmaB,NL→IA,NL,IA,0.170089,0.14688584,-13.600000381469728,↓,0.536797,NS,19/30,6,5
Liver,BCL2,PlasmaB,NL→AR,NL,AR,0.170089,0.0375265,-77.9000015258789,↓,0.095238,†,16/18,6,3
Liver,BCL2,PlasmaB,NL→CR,NL,CR,0.170089,0.18822344,10.699999809265137,↑,0.904762,NS,10/18,6,3
Liver,BCL2,PlasmaB,IT→IA,IT,IA,0.13168934,0.14688584,11.5,↑,0.690476,NS,15/25,5,5
Liver,BCL2,PlasmaB,IA→AR,IA,AR,0.14688584,0.0375265,-74.5,↓,0.035714,*,15/15,5,3
Liver,BCL2,PlasmaB,CR→AR,CR,AR,0.18822344,0.0375265,-80.0999984741211,↓,0.1,NS,9/9,3,3
Liver,BCL6,Myeloid,NL→IT,NL,IT,0.14108878,0.106048144,-24.799999237060547,↓,0.588745,NS,22/36,6,6
Liver,BCL6,Myeloid,NL→IA,NL,IA,0.14108878,0.06969249,-50.59999847412109,↓,0.407016,NS,20/30,6,5
Liver,BCL6,Myeloid,NL→AR,NL,AR,0.14108878,0.1252488,-11.199999809265137,↓,1.0,NS,9/18,6,3
Liver,BCL6,Myeloid,NL→CR,NL,CR,0.14108878,0.09697323,-31.299999237060547,↓,0.261905,NS,14/18,6,3
Liver,BCL6,Myeloid,IT→IA,IT,IA,0.106048144,0.06969249,-34.29999923706055,↓,0.708597,NS,16/30,6,5
Liver,BCL6,Myeloid,IA→AR,IA,AR,0.06969249,0.1252488,79.69999694824219,↑,0.541193,NS,10/15,5,3
Liver,BCL6,Myeloid,CR→AR,CR,AR,0.09697323,0.1252488,29.200000762939453,↑,0.4,NS,7/9,3,3
Liver,BCL6,CD4_T,NL→IT,NL,IT,0.0518562,0.08274215,59.59999847412109,↑,0.064935,†,30/36,6,6
Liver,BCL6,CD4_T,NL→IA,NL,IA,0.0518562,0.07514621,44.900001525878906,↑,0.125541,NS,24/30,6,5
Liver,BCL6,CD4_T,NL→AR,NL,AR,0.0518562,0.05904611,13.899999618530272,↑,0.547619,NS,12/18,6,3
Liver,BCL6,CD4_T,NL→CR,NL,CR,0.0518562,0.072934866,40.59999847412109,↑,0.547619,NS,12/18,6,3
Liver,BCL6,CD4_T,IT→IA,IT,IA,0.08274215,0.07514621,-9.199999809265137,↓,0.792208,NS,17/30,6,5
Liver,BCL6,CD4_T,IA→AR,IA,AR,0.07514621,0.05904611,-21.399999618530277,↓,0.571429,NS,10/15,5,3
Liver,BCL6,CD4_T,CR→AR,CR,AR,0.072934866,0.05904611,-19.0,↓,0.7,NS,6/9,3,3
Liver,BCL6,CD8_T,NL→IT,NL,IT,0.0459332,0.120848864,163.10000610351562,↑,0.004329,**,35/36,6,6
Liver,BCL6,CD8_T,NL→IA,NL,IA,0.0459332,0.085351266,85.80000305175781,↑,0.177489,NS,23/30,6,5
Liver,BCL6,CD8_T,NL→AR,NL,AR,0.0459332,0.061111063,33.0,↑,0.547619,NS,12/18,6,3
Liver,BCL6,CD8_T,NL→CR,NL,CR,0.0459332,0.08320448,81.0999984741211,↑,0.380952,NS,13/18,6,3
Liver,BCL6,CD8_T,IT→IA,IT,IA,0.120848864,0.085351266,-29.399999618530277,↓,0.246753,NS,22/30,6,5
Liver,BCL6,CD8_T,IA→AR,IA,AR,0.085351266,0.061111063,-28.399999618530277,↓,1.0,NS,8/15,5,3
Liver,BCL6,CD8_T,CR→AR,CR,AR,0.08320448,0.061111063,-26.600000381469727,↓,0.7,NS,6/9,3,3
Liver,BCL6,NK,NL→IT,NL,IT,0.05920111,0.13433735,126.9000015258789,↑,0.132035,NS,28/36,6,6
Liver,BCL6,NK,NL→IA,NL,IA,0.05920111,0.17641698,198.0,↑,0.125541,NS,24/30,6,5
Liver,BCL6,NK,NL→AR,NL,AR,0.05920111,0.10418125,76.0,↑,0.547619,NS,12/18,6,3
Liver,BCL6,NK,NL→CR,NL,CR,0.05920111,0.17988646,203.8999938964844,↑,0.547619,NS,12/18,6,3
Liver,BCL6,NK,IT→IA,IT,IA,0.13433735,0.17641698,31.299999237060547,↑,0.792208,NS,17/30,6,5
Liver,BCL6,NK,IA→AR,IA,AR,0.17641698,0.10418125,-40.900001525878906,↓,0.392857,NS,11/15,5,3
Liver,BCL6,NK,CR→AR,CR,AR,0.17988646,0.10418125,-42.09999847412109,↓,0.4,NS,7/9,3,3
Liver,BCL6,B,NL→IT,NL,IT,0.10048089,0.15970342,58.900001525878906,↑,0.125541,NS,24/30,6,5
Liver,BCL6,B,NL→IA,NL,IA,0.10048089,0.1446785,44.0,↑,0.125541,NS,24/30,6,5
Liver,BCL6,B,NL→AR,NL,AR,0.10048089,0.09593645,-4.5,↓,1.0,NS,9/18,6,3
Liver,BCL6,B,NL→CR,NL,CR,0.10048089,0.12907547,28.5,↑,0.547619,NS,12/18,6,3
Liver,BCL6,B,IT→IA,IT,IA,0.15970342,0.1446785,-9.399999618530272,↓,0.690476,NS,15/25,5,5
Liver,BCL6,B,IA→AR,IA,AR,0.1446785,0.09593645,-33.70000076293945,↓,0.142857,NS,13/15,5,3
Liver,BCL6,B,CR→AR,CR,AR,0.12907547,0.09593645,-25.700000762939453,↓,0.4,NS,7/9,3,3
Liver,BCL6,PlasmaB,NL→IT,NL,IT,0.019621966,0.008499924,-56.70000076293945,↓,0.632142,NS,15/30,6,5
Liver,BCL6,PlasmaB,NL→IA,NL,IA,0.019621966,0.0211046,7.599999904632568,↑,1.0,NS,12/30,6,5
Liver,BCL6,PlasmaB,NL→AR,NL,AR,0.019621966,0.0,-100.0,↓,0.219768,NS,9/18,6,3
Liver,BCL6,PlasmaB,NL→CR,NL,CR,0.019621966,0.019922063,1.5,↑,1.0,NS,6/18,6,3
Liver,BCL6,PlasmaB,IT→IA,IT,IA,0.008499924,0.0211046,148.3000030517578,↑,0.517904,NS,14/25,5,5
Liver,BCL6,PlasmaB,IA→AR,IA,AR,0.0211046,0.0,-100.0,↓,0.171857,NS,9/15,5,3
Liver,BCL6,PlasmaB,CR→AR,CR,AR,0.019922063,0.0,-100.0,↓,0.504985,NS,3/9,3,3
Liver,BIRC5,Myeloid,NL→IT,NL,IT,0.00490065,0.030347072,519.2000122070312,↑,0.040253,*,28/36,6,6
Liver,BIRC5,Myeloid,NL→IA,NL,IA,0.00490065,0.039793115,712.0,↑,0.073153,†,22/30,6,5
Liver,BIRC5,Myeloid,NL→AR,NL,AR,0.00490065,0.0018564624,-62.09999847412109,↓,0.859684,NS,3/18,6,3
Liver,BIRC5,Myeloid,NL→CR,NL,CR,0.00490065,0.006477171,32.20000076293945,↑,0.357386,NS,10/18,6,3
Liver,BIRC5,Myeloid,IT→IA,IT,IA,0.030347072,0.039793115,31.100000381469727,↑,0.854805,NS,13/30,6,5
Liver,BIRC5,Myeloid,IA→AR,IA,AR,0.039793115,0.0018564624,-95.3000030517578,↓,0.2217,NS,11/15,5,3
Liver,BIRC5,Myeloid,CR→AR,CR,AR,0.006477171,0.0018564624,-71.30000305175781,↓,0.353679,NS,6/9,3,3
Liver,BIRC5,CD4_T,NL→IT,NL,IT,0.0105499355,0.006952277,-34.099998474121094,↓,0.375117,NS,23/36,6,6
Liver,BIRC5,CD4_T,NL→IA,NL,IA,0.0105499355,0.0048261913,-54.29999923706055,↓,0.272229,NS,21/30,6,5
Liver,BIRC5,CD4_T,NL→AR,NL,AR,0.0105499355,0.0030890664,-70.69999694824219,↓,0.299677,NS,13/18,6,3
Liver,BIRC5,CD4_T,NL→CR,NL,CR,0.0105499355,0.0020727555,-80.4000015258789,↓,0.261905,NS,14/18,6,3
Liver,BIRC5,CD4_T,IT→IA,IT,IA,0.006952277,0.0048261913,-30.600000381469727,↓,1.0,NS,14/30,6,5
Liver,BIRC5,CD4_T,IA→AR,IA,AR,0.0048261913,0.0030890664,-36.0,↓,0.880791,NS,8/15,5,3
Liver,BIRC5,CD4_T,CR→AR,CR,AR,0.0020727555,0.0030890664,49.0,↑,0.7,NS,6/9,3,3
Liver,BIRC5,CD8_T,NL→IT,NL,IT,0.0069445022,0.0037182614,-46.5,↓,0.935736,NS,18/36,6,6
Liver,BIRC5,CD8_T,NL→IA,NL,IA,0.0069445022,0.005632124,-18.899999618530277,↓,0.410248,NS,10/30,6,5
Liver,BIRC5,CD8_T,NL→AR,NL,AR,0.0069445022,0.005276413,-24.0,↓,1.0,NS,8/18,6,3
Liver,BIRC5,CD8_T,NL→CR,NL,CR,0.0069445022,0.00090719765,-86.9000015258789,↓,0.500184,NS,10/18,6,3
Liver,BIRC5,CD8_T,IT→IA,IT,IA,0.0037182614,0.005632124,51.5,↑,0.536797,NS,19/30,6,5
Liver,BIRC5,CD8_T,IA→AR,IA,AR,0.005632124,0.005276413,-6.300000190734863,↓,1.0,NS,7/15,5,3
Liver,BIRC5,CD8_T,CR→AR,CR,AR,0.00090719765,0.005276413,481.6000061035156,↑,0.353679,NS,6/9,3,3
Liver,BIRC5,NK,NL→IT,NL,IT,0.029016813,0.008746129,-69.9000015258789,↓,0.377642,NS,24/36,6,6
Liver,BIRC5,NK,NL→IA,NL,IA,0.029016813,0.005451004,-81.19999694824219,↓,0.536797,NS,19/30,6,5
Liver,BIRC5,NK,NL→AR,NL,AR,0.029016813,0.0031485436,-89.0999984741211,↓,0.380952,NS,13/18,6,3
Liver,BIRC5,NK,NL→CR,NL,CR,0.029016813,0.005340098,-81.5999984741211,↓,0.904762,NS,10/18,6,3
Liver,BIRC5,NK,IT→IA,IT,IA,0.008746129,0.005451004,-37.70000076293945,↓,0.647329,NS,18/30,6,5
Liver,BIRC5,NK,IA→AR,IA,AR,0.005451004,0.0031485436,-42.20000076293945,↓,0.571429,NS,10/15,5,3
Liver,BIRC5,NK,CR→AR,CR,AR,0.005340098,0.0031485436,-41.0,↓,0.7,NS,6/9,3,3
Liver,BIRC5,B,NL→IT,NL,IT,0.0,0.0006791946,99999.0,↑,0.36131,NS,6/30,6,5
Liver,BIRC5,B,NL→IA,NL,IA,0.0,0.0,0.0,↑,1.0,NS,0/30,6,5
Liver,BIRC5,B,NL→AR,NL,AR,0.0,0.0,0.0,↑,1.0,NS,0/18,6,3
Liver,BIRC5,B,NL→CR,NL,CR,0.0,0.0,0.0,↑,1.0,NS,0/18,6,3
Liver,BIRC5,B,IT→IA,IT,IA,0.0006791946,0.0,-100.0,↓,0.423711,NS,5/25,5,5
Liver,BIRC5,B,IA→AR,IA,AR,0.0,0.0,0.0,↑,1.0,NS,0/15,5,3
Liver,BIRC5,B,CR→AR,CR,AR,0.0,0.0,0.0,↑,1.0,NS,0/9,3,3
Liver,BIRC5,PlasmaB,NL→IT,NL,IT,0.063811846,0.0039093327,-93.9000015258789,↓,0.150962,NS,20/30,6,5
Liver,BIRC5,PlasmaB,NL→IA,NL,IA,0.063811846,0.032634754,-48.900001525878906,↓,0.632142,NS,15/30,6,5
Liver,BIRC5,PlasmaB,NL→AR,NL,AR,0.063811846,0.055513024,-13.0,↓,0.895533,NS,7/18,6,3
Liver,BIRC5,PlasmaB,NL→CR,NL,CR,0.063811846,0.0,-100.0,↓,0.119795,NS,12/18,6,3
Liver,BIRC5,PlasmaB,IT→IA,IT,IA,0.0039093327,0.032634754,734.7999877929688,↑,0.724082,NS,10/25,5,5
Liver,BIRC5,PlasmaB,IA→AR,IA,AR,0.032634754,0.055513024,70.0999984741211,↑,0.633737,NS,8/15,5,3
Liver,BIRC5,PlasmaB,CR→AR,CR,AR,0.0,0.055513024,99999.0,↑,0.196706,NS,6/9,3,3
Liver,CASP1,Myeloid,NL→IT,NL,IT,0.54315466,0.684432,26.0,↑,0.24026,NS,26/36,6,6
Liver,CASP1,Myeloid,NL→IA,NL,IA,0.54315466,0.8966597,65.0999984741211,↑,0.082251,†,25/30,6,5
Liver,CASP1,Myeloid,NL→AR,NL,AR,0.54315466,0.9504373,75.0,↑,0.166667,NS,15/18,6,3
Liver,CASP1,Myeloid,NL→CR,NL,CR,0.54315466,0.9494069,74.80000305175781,↑,0.166667,NS,15/18,6,3
Liver,CASP1,Myeloid,IT→IA,IT,IA,0.684432,0.8966597,31.0,↑,0.428571,NS,20/30,6,5
Liver,CASP1,Myeloid,IA→AR,IA,AR,0.8966597,0.9504373,6.0,↑,0.571429,NS,10/15,5,3
Liver,CASP1,Myeloid,CR→AR,CR,AR,0.9494069,0.9504373,0.1000000014901161,↑,1.0,NS,5/9,3,3
Liver,CASP1,CD4_T,NL→IT,NL,IT,0.28416777,0.31382188,10.399999618530272,↑,0.588745,NS,22/36,6,6
Liver,CASP1,CD4_T,NL→IA,NL,IA,0.28416777,0.34383416,21.0,↑,0.536797,NS,19/30,6,5
Liver,CASP1,CD4_T,NL→AR,NL,AR,0.28416777,0.42693853,50.20000076293945,↑,0.166667,NS,15/18,6,3
Liver,CASP1,CD4_T,NL→CR,NL,CR,0.28416777,0.39810047,40.09999847412109,↑,0.714286,NS,11/18,6,3
Liver,CASP1,CD4_T,IT→IA,IT,IA,0.31382188,0.34383416,9.600000381469728,↑,0.930736,NS,16/30,6,5
Liver,CASP1,CD4_T,IA→AR,IA,AR,0.34383416,0.42693853,24.200000762939453,↑,0.571429,NS,10/15,5,3
Liver,CASP1,CD4_T,CR→AR,CR,AR,0.39810047,0.42693853,7.199999809265137,↑,1.0,NS,5/9,3,3
Liver,CASP1,CD8_T,NL→IT,NL,IT,0.26496038,0.29098418,9.800000190734863,↑,0.748349,NS,20/36,6,6
Liver,CASP1,CD8_T,NL→IA,NL,IA,0.26496038,0.32408673,22.299999237060547,↑,0.536797,NS,19/30,6,5
Liver,CASP1,CD8_T,NL→AR,NL,AR,0.26496038,0.35528114,34.099998474121094,↑,0.714286,NS,11/18,6,3
Liver,CASP1,CD8_T,NL→CR,NL,CR,0.26496038,0.3868226,46.0,↑,0.547619,NS,12/18,6,3
Liver,CASP1,CD8_T,IT→IA,IT,IA,0.29098418,0.32408673,11.399999618530272,↑,1.0,NS,15/30,6,5
Liver,CASP1,CD8_T,IA→AR,IA,AR,0.32408673,0.35528114,9.600000381469728,↑,0.785714,NS,9/15,5,3
Liver,CASP1,CD8_T,CR→AR,CR,AR,0.3868226,0.35528114,-8.199999809265137,↓,1.0,NS,5/9,3,3
Liver,CASP1,NK,NL→IT,NL,IT,0.2795851,0.24606209,-12.0,↓,0.937229,NS,19/36,6,6
Liver,CASP1,NK,NL→IA,NL,IA,0.2795851,0.32667696,16.799999237060547,↑,0.930736,NS,16/30,6,5
Liver,CASP1,NK,NL→AR,NL,AR,0.2795851,0.33653197,20.399999618530277,↑,0.380952,NS,13/18,6,3
Liver,CASP1,NK,NL→CR,NL,CR,0.2795851,0.31201386,11.600000381469728,↑,0.714286,NS,11/18,6,3
Liver,CASP1,NK,IT→IA,IT,IA,0.24606209,0.32667696,32.79999923706055,↑,0.930736,NS,16/30,6,5
Liver,CASP1,NK,IA→AR,IA,AR,0.32667696,0.33653197,3.0,↑,0.785714,NS,9/15,5,3
Liver,CASP1,NK,CR→AR,CR,AR,0.31201386,0.33653197,7.900000095367432,↑,1.0,NS,5/9,3,3
Liver,CASP1,B,NL→IT,NL,IT,0.09923187,0.104769334,5.599999904632568,↑,1.0,NS,15/30,6,5
Liver,CASP1,B,NL→IA,NL,IA,0.09923187,0.13328347,34.29999923706055,↑,0.428571,NS,20/30,6,5
Liver,CASP1,B,NL→AR,NL,AR,0.09923187,0.11660665,17.5,↑,0.714286,NS,11/18,6,3
Liver,CASP1,B,NL→CR,NL,CR,0.09923187,0.16823141,69.5,↑,0.166667,NS,15/18,6,3
Liver,CASP1,B,IT→IA,IT,IA,0.104769334,0.13328347,27.200000762939453,↑,0.690476,NS,15/25,5,5
Liver,CASP1,B,IA→AR,IA,AR,0.13328347,0.11660665,-12.5,↓,0.785714,NS,9/15,5,3
Liver,CASP1,B,CR→AR,CR,AR,0.16823141,0.11660665,-30.700000762939453,↓,0.4,NS,7/9,3,3
Liver,CASP1,PlasmaB,NL→IT,NL,IT,0.021651546,0.017589012,-18.799999237060547,↓,1.0,NS,13/30,6,5
Liver,CASP1,PlasmaB,NL→IA,NL,IA,0.021651546,0.040512245,87.0999984741211,↑,0.773938,NS,14/30,6,5
Liver,CASP1,PlasmaB,NL→AR,NL,AR,0.021651546,0.074818574,245.6000061035156,↑,0.237302,NS,14/18,6,3
Liver,CASP1,PlasmaB,NL→CR,NL,CR,0.021651546,0.043381643,100.4000015258789,↑,0.237302,NS,14/18,6,3
Liver,CASP1,PlasmaB,IT→IA,IT,IA,0.017589012,0.040512245,130.3000030517578,↑,0.832519,NS,13/25,5,5
Liver,CASP1,PlasmaB,IA→AR,IA,AR,0.040512245,0.074818574,84.69999694824219,↑,0.368227,NS,11/15,5,3
Liver,CASP1,PlasmaB,CR→AR,CR,AR,0.043381643,0.074818574,72.5,↑,1.0,NS,5/9,3,3
Liver,CASP3,Myeloid,NL→IT,NL,IT,0.10419948,0.22127269,112.4000015258789,↑,0.025974,*,32/36,6,6
Liver,CASP3,Myeloid,NL→IA,NL,IA,0.10419948,0.14704356,41.09999847412109,↑,0.792208,NS,17/30,6,5
Liver,CASP3,Myeloid,NL→AR,NL,AR,0.10419948,0.11407143,9.5,↑,0.904762,NS,10/18,6,3
Liver,CASP3,Myeloid,NL→CR,NL,CR,0.10419948,0.14569657,39.79999923706055,↑,0.547619,NS,12/18,6,3
Liver,CASP3,Myeloid,IT→IA,IT,IA,0.22127269,0.14704356,-33.5,↓,0.329004,NS,21/30,6,5
Liver,CASP3,Myeloid,IA→AR,IA,AR,0.14704356,0.11407143,-22.399999618530277,↓,0.880791,NS,8/15,5,3
Liver,CASP3,Myeloid,CR→AR,CR,AR,0.14569657,0.11407143,-21.700000762939453,↓,0.7,NS,6/9,3,3
Liver,CASP3,CD4_T,NL→IT,NL,IT,0.23911653,0.29613134,23.799999237060547,↑,0.309524,NS,25/36,6,6
Liver,CASP3,CD4_T,NL→IA,NL,IA,0.23911653,0.23659995,-1.100000023841858,↓,0.792208,NS,13/30,6,5
Liver,CASP3,CD4_T,NL→AR,NL,AR,0.23911653,0.27270564,14.0,↑,0.904762,NS,10/18,6,3
Liver,CASP3,CD4_T,NL→CR,NL,CR,0.23911653,0.21233487,-11.199999809265137,↓,0.904762,NS,10/18,6,3
Liver,CASP3,CD4_T,IT→IA,IT,IA,0.29613134,0.23659995,-20.100000381469727,↓,0.329004,NS,21/30,6,5
Liver,CASP3,CD4_T,IA→AR,IA,AR,0.23659995,0.27270564,15.300000190734863,↑,0.571429,NS,10/15,5,3
Liver,CASP3,CD4_T,CR→AR,CR,AR,0.21233487,0.27270564,28.399999618530277,↑,0.4,NS,7/9,3,3
Liver,CASP3,CD8_T,NL→IT,NL,IT,0.31891784,0.31295547,-1.899999976158142,↓,1.0,NS,18/36,6,6
Liver,CASP3,CD8_T,NL→IA,NL,IA,0.31891784,0.33801508,6.0,↑,0.536797,NS,19/30,6,5
Liver,CASP3,CD8_T,NL→AR,NL,AR,0.31891784,0.37081277,16.299999237060547,↑,0.714286,NS,11/18,6,3
Liver,CASP3,CD8_T,NL→CR,NL,CR,0.31891784,0.26320037,-17.5,↓,1.0,NS,9/18,6,3
Liver,CASP3,CD8_T,IT→IA,IT,IA,0.31295547,0.33801508,8.0,↑,0.662338,NS,18/30,6,5
Liver,CASP3,CD8_T,IA→AR,IA,AR,0.33801508,0.37081277,9.699999809265137,↑,0.785714,NS,9/15,5,3
Liver,CASP3,CD8_T,CR→AR,CR,AR,0.26320037,0.37081277,40.900001525878906,↑,0.4,NS,7/9,3,3
Liver,CASP3,NK,NL→IT,NL,IT,0.40372586,0.4562939,13.0,↑,0.699134,NS,21/36,6,6
Liver,CASP3,NK,NL→IA,NL,IA,0.40372586,0.42719144,5.800000190734863,↑,0.662338,NS,18/30,6,5
Liver,CASP3,NK,NL→AR,NL,AR,0.40372586,0.46218824,14.5,↑,0.547619,NS,12/18,6,3
Liver,CASP3,NK,NL→CR,NL,CR,0.40372586,0.47337544,17.299999237060547,↑,0.547619,NS,12/18,6,3
Liver,CASP3,NK,IT→IA,IT,IA,0.4562939,0.42719144,-6.400000095367432,↓,0.930736,NS,16/30,6,5
Liver,CASP3,NK,IA→AR,IA,AR,0.42719144,0.46218824,8.199999809265137,↑,0.571429,NS,10/15,5,3
Liver,CASP3,NK,CR→AR,CR,AR,0.47337544,0.46218824,-2.400000095367432,↓,1.0,NS,4/9,3,3
Liver,CASP3,B,NL→IT,NL,IT,0.15713777,0.1706486,8.600000381469727,↑,0.930736,NS,16/30,6,5
Liver,CASP3,B,NL→IA,NL,IA,0.15713777,0.17014413,8.300000190734863,↑,0.662338,NS,18/30,6,5
Liver,CASP3,B,NL→AR,NL,AR,0.15713777,0.12390653,-21.100000381469727,↓,0.547619,NS,12/18,6,3
Liver,CASP3,B,NL→CR,NL,CR,0.15713777,0.16086005,2.400000095367432,↑,0.904762,NS,10/18,6,3
Liver,CASP3,B,IT→IA,IT,IA,0.1706486,0.17014413,-0.3000000119209289,↓,0.690476,NS,10/25,5,5
Liver,CASP3,B,IA→AR,IA,AR,0.17014413,0.12390653,-27.200000762939453,↓,0.571429,NS,10/15,5,3
Liver,CASP3,B,CR→AR,CR,AR,0.16086005,0.12390653,-23.0,↓,0.7,NS,6/9,3,3
Liver,CASP3,PlasmaB,NL→IT,NL,IT,0.4055109,0.29510108,-27.200000762939453,↓,0.329004,NS,21/30,6,5
Liver,CASP3,PlasmaB,NL→IA,NL,IA,0.4055109,0.26954272,-33.5,↓,0.246753,NS,22/30,6,5
Liver,CASP3,PlasmaB,NL→AR,NL,AR,0.4055109,0.24412787,-39.79999923706055,↓,0.166667,NS,15/18,6,3
Liver,CASP3,PlasmaB,NL→CR,NL,CR,0.4055109,0.23868783,-41.09999847412109,↓,0.380952,NS,13/18,6,3
Liver,CASP3,PlasmaB,IT→IA,IT,IA,0.29510108,0.26954272,-8.699999809265137,↓,0.547619,NS,16/25,5,5
Liver,CASP3,PlasmaB,IA→AR,IA,AR,0.26954272,0.24412787,-9.399999618530272,↓,1.0,NS,8/15,5,3
Liver,CASP3,PlasmaB,CR→AR,CR,AR,0.23868783,0.24412787,2.299999952316284,↑,1.0,NS,5/9,3,3
Liver,CASP8,Myeloid,NL→IT,NL,IT,0.123888545,0.22041537,77.9000015258789,↑,0.041126,*,31/36,6,6
Liver,CASP8,Myeloid,NL→IA,NL,IA,0.123888545,0.11411269,-7.900000095367432,↓,0.930736,NS,16/30,6,5
Liver,CASP8,Myeloid,NL→AR,NL,AR,0.123888545,0.12704886,2.5999999046325684,↑,1.0,NS,9/18,6,3
Liver,CASP8,Myeloid,NL→CR,NL,CR,0.123888545,0.1969852,59.0,↑,0.166667,NS,15/18,6,3
Liver,CASP8,Myeloid,IT→IA,IT,IA,0.22041537,0.11411269,-48.20000076293945,↓,0.125541,NS,24/30,6,5
Liver,CASP8,Myeloid,IA→AR,IA,AR,0.11411269,0.12704886,11.300000190734863,↑,1.0,NS,7/15,5,3
Liver,CASP8,Myeloid,CR→AR,CR,AR,0.1969852,0.12704886,-35.5,↓,0.4,NS,7/9,3,3
Liver,CASP8,CD4_T,NL→IT,NL,IT,0.23893033,0.25959572,8.600000381469727,↑,0.818182,NS,20/36,6,6
Liver,CASP8,CD4_T,NL→IA,NL,IA,0.23893033,0.24343352,1.899999976158142,↑,0.792208,NS,13/30,6,5
Liver,CASP8,CD4_T,NL→AR,NL,AR,0.23893033,0.29825762,24.799999237060547,↑,0.261905,NS,14/18,6,3
Liver,CASP8,CD4_T,NL→CR,NL,CR,0.23893033,0.3338913,39.70000076293945,↑,0.095238,†,16/18,6,3
Liver,CASP8,CD4_T,IT→IA,IT,IA,0.25959572,0.24343352,-6.199999809265137,↓,0.536797,NS,19/30,6,5
Liver,CASP8,CD4_T,IA→AR,IA,AR,0.24343352,0.29825762,22.5,↑,0.392857,NS,11/15,5,3
Liver,CASP8,CD4_T,CR→AR,CR,AR,0.3338913,0.29825762,-10.699999809265137,↓,0.7,NS,6/9,3,3
Liver,CASP8,CD8_T,NL→IT,NL,IT,0.24007018,0.22979921,-4.300000190734863,↓,0.588745,NS,14/36,6,6
Liver,CASP8,CD8_T,NL→IA,NL,IA,0.24007018,0.2452642,2.200000047683716,↑,0.930736,NS,16/30,6,5
Liver,CASP8,CD8_T,NL→AR,NL,AR,0.24007018,0.2719641,13.300000190734863,↑,0.547619,NS,12/18,6,3
Liver,CASP8,CD8_T,NL→CR,NL,CR,0.24007018,0.31839362,32.599998474121094,↑,0.095238,†,16/18,6,3
Liver,CASP8,CD8_T,IT→IA,IT,IA,0.22979921,0.2452642,6.699999809265137,↑,0.536797,NS,11/30,6,5
Liver,CASP8,CD8_T,IA→AR,IA,AR,0.2452642,0.2719641,10.899999618530272,↑,0.392857,NS,11/15,5,3
Liver,CASP8,CD8_T,CR→AR,CR,AR,0.31839362,0.2719641,-14.600000381469728,↓,0.4,NS,7/9,3,3
Liver,CASP8,NK,NL→IT,NL,IT,0.27787992,0.28066644,1.0,↑,0.937229,NS,17/36,6,6
Liver,CASP8,NK,NL→IA,NL,IA,0.27787992,0.26555067,-4.400000095367432,↓,1.0,NS,15/30,6,5
Liver,CASP8,NK,NL→AR,NL,AR,0.27787992,0.2896749,4.199999809265137,↑,0.904762,NS,8/18,6,3
Liver,CASP8,NK,NL→CR,NL,CR,0.27787992,0.32378685,16.5,↑,0.714286,NS,11/18,6,3
Liver,CASP8,NK,IT→IA,IT,IA,0.28066644,0.26555067,-5.400000095367432,↓,0.792208,NS,17/30,6,5
Liver,CASP8,NK,IA→AR,IA,AR,0.26555067,0.2896749,9.100000381469728,↑,0.571429,NS,10/15,5,3
Liver,CASP8,NK,CR→AR,CR,AR,0.32378685,0.2896749,-10.5,↓,0.7,NS,6/9,3,3
Liver,CASP8,B,NL→IT,NL,IT,0.12508671,0.17644688,41.09999847412109,↑,0.428571,NS,20/30,6,5
Liver,CASP8,B,NL→IA,NL,IA,0.12508671,0.15063468,20.399999618530277,↑,0.662338,NS,18/30,6,5
Liver,CASP8,B,NL→AR,NL,AR,0.12508671,0.25978288,107.6999969482422,↑,0.095238,†,16/18,6,3
Liver,CASP8,B,NL→CR,NL,CR,0.12508671,0.20339061,62.59999847412109,↑,0.380952,NS,13/18,6,3
Liver,CASP8,B,IT→IA,IT,IA,0.17644688,0.15063468,-14.600000381469728,↓,0.690476,NS,15/25,5,5
Liver,CASP8,B,IA→AR,IA,AR,0.15063468,0.25978288,72.5,↑,0.142857,NS,13/15,5,3
Liver,CASP8,B,CR→AR,CR,AR,0.20339061,0.25978288,27.700000762939453,↑,0.4,NS,7/9,3,3
Liver,CASP8,PlasmaB,NL→IT,NL,IT,0.08401882,0.2687725,219.8999938964844,↑,0.022174,*,28/30,6,5
Liver,CASP8,PlasmaB,NL→IA,NL,IA,0.08401882,0.25900745,208.3000030517578,↑,0.022174,*,28/30,6,5
Liver,CASP8,PlasmaB,NL→AR,NL,AR,0.08401882,0.118216574,40.70000076293945,↑,0.697334,NS,11/18,6,3
Liver,CASP8,PlasmaB,NL→CR,NL,CR,0.08401882,0.2172128,158.5,↑,0.243305,NS,14/18,6,3
Liver,CASP8,PlasmaB,IT→IA,IT,IA,0.2687725,0.25900745,-3.5999999046325684,↓,1.0,NS,13/25,5,5
Liver,CASP8,PlasmaB,IA→AR,IA,AR,0.25900745,0.118216574,-54.400001525878906,↓,0.142857,NS,13/15,5,3
Liver,CASP8,PlasmaB,CR→AR,CR,AR,0.2172128,0.118216574,-45.59999847412109,↓,0.7,NS,6/9,3,3
Liver,CCND1,Myeloid,NL→IT,NL,IT,0.07779202,0.08683861,11.600000381469728,↑,0.748349,NS,20/36,6,6
Liver,CCND1,Myeloid,NL→IA,NL,IA,0.07779202,0.118968025,52.900001525878906,↑,0.854805,NS,16/30,6,5
Liver,CCND1,Myeloid,NL→AR,NL,AR,0.07779202,0.04376999,-43.70000076293945,↓,0.436661,NS,12/18,6,3
Liver,CCND1,Myeloid,NL→CR,NL,CR,0.07779202,0.062935695,-19.100000381469727,↓,0.904762,NS,10/18,6,3
Liver,CCND1,Myeloid,IT→IA,IT,IA,0.08683861,0.118968025,37.0,↑,0.583025,NS,18/30,6,5
Liver,CCND1,Myeloid,IA→AR,IA,AR,0.118968025,0.04376999,-63.20000076293945,↓,0.453356,NS,10/15,5,3
Liver,CCND1,Myeloid,CR→AR,CR,AR,0.062935695,0.04376999,-30.5,↓,0.7,NS,6/9,3,3
Liver,CCND1,CD4_T,NL→IT,NL,IT,0.014283295,0.042106923,194.8000030517578,↑,0.077648,†,29/36,6,6
Liver,CCND1,CD4_T,NL→IA,NL,IA,0.014283295,0.034151956,139.10000610351562,↑,0.125541,NS,24/30,6,5
Liver,CCND1,CD4_T,NL→AR,NL,AR,0.014283295,0.03424723,139.8000030517578,↑,0.166667,NS,15/18,6,3
Liver,CCND1,CD4_T,NL→CR,NL,CR,0.014283295,0.026296148,84.0999984741211,↑,0.095238,†,16/18,6,3
Liver,CCND1,CD4_T,IT→IA,IT,IA,0.042106923,0.034151956,-18.899999618530277,↓,0.930736,NS,16/30,6,5
Liver,CCND1,CD4_T,IA→AR,IA,AR,0.034151956,0.03424723,0.3000000119209289,↑,1.0,NS,8/15,5,3
Liver,CCND1,CD4_T,CR→AR,CR,AR,0.026296148,0.03424723,30.200000762939453,↑,0.7,NS,6/9,3,3
Liver,CCND1,CD8_T,NL→IT,NL,IT,0.0211201,0.045585454,115.8000030517578,↑,0.064935,†,30/36,6,6
Liver,CCND1,CD8_T,NL→IA,NL,IA,0.0211201,0.02982386,41.20000076293945,↑,0.662338,NS,18/30,6,5
Liver,CCND1,CD8_T,NL→AR,NL,AR,0.0211201,0.019582978,-7.300000190734863,↓,0.714286,NS,11/18,6,3
Liver,CCND1,CD8_T,NL→CR,NL,CR,0.0211201,0.037439805,77.30000305175781,↑,0.02381,*,18/18,6,3
Liver,CCND1,CD8_T,IT→IA,IT,IA,0.045585454,0.02982386,-34.599998474121094,↓,0.329004,NS,21/30,6,5
Liver,CCND1,CD8_T,IA→AR,IA,AR,0.02982386,0.019582978,-34.29999923706055,↓,0.571429,NS,10/15,5,3
Liver,CCND1,CD8_T,CR→AR,CR,AR,0.037439805,0.019582978,-47.70000076293945,↓,0.1,NS,9/9,3,3
Liver,CCND1,NK,NL→IT,NL,IT,0.010049381,0.03500907,248.3999938964844,↑,0.093074,†,29/36,6,6
Liver,CCND1,NK,NL→IA,NL,IA,0.010049381,0.03900485,288.1000061035156,↑,0.030303,*,27/30,6,5
Liver,CCND1,NK,NL→AR,NL,AR,0.010049381,0.02221374,121.0,↑,0.095238,†,16/18,6,3
Liver,CCND1,NK,NL→CR,NL,CR,0.010049381,0.03869969,285.1000061035156,↑,0.02381,*,18/18,6,3
Liver,CCND1,NK,IT→IA,IT,IA,0.03500907,0.03900485,11.399999618530272,↑,0.662338,NS,18/30,6,5
Liver,CCND1,NK,IA→AR,IA,AR,0.03900485,0.02221374,-43.0,↓,0.571429,NS,10/15,5,3
Liver,CCND1,NK,CR→AR,CR,AR,0.03869969,0.02221374,-42.59999847412109,↓,0.2,NS,8/9,3,3
Liver,CCND1,B,NL→IT,NL,IT,0.011057447,0.036985774,234.5,↑,0.292263,NS,18/30,6,5
Liver,CCND1,B,NL→IA,NL,IA,0.011057447,0.038888115,251.6999969482422,↑,0.061664,†,24/30,6,5
Liver,CCND1,B,NL→AR,NL,AR,0.011057447,0.08136348,635.7999877929688,↑,0.025601,*,18/18,6,3
Liver,CCND1,B,NL→CR,NL,CR,0.011057447,0.015904779,43.79999923706055,↑,0.693641,NS,11/18,6,3
Liver,CCND1,B,IT→IA,IT,IA,0.036985774,0.038888115,5.099999904632568,↑,0.832519,NS,10/25,5,5
Liver,CCND1,B,IA→AR,IA,AR,0.038888115,0.08136348,109.1999969482422,↑,0.142857,NS,13/15,5,3
Liver,CCND1,B,CR→AR,CR,AR,0.015904779,0.08136348,411.6000061035156,↑,0.1,NS,9/9,3,3
Liver,CCND1,PlasmaB,NL→IT,NL,IT,0.0,0.0039998544,99999.0,↑,0.36131,NS,6/30,6,5
Liver,CCND1,PlasmaB,NL→IA,NL,IA,0.0,0.0,0.0,↑,1.0,NS,0/30,6,5
Liver,CCND1,PlasmaB,NL→AR,NL,AR,0.0,0.0,0.0,↑,1.0,NS,0/18,6,3
Liver,CCND1,PlasmaB,NL→CR,NL,CR,0.0,0.015623202,99999.0,↑,0.238593,NS,6/18,6,3
Liver,CCND1,PlasmaB,IT→IA,IT,IA,0.0039998544,0.0,-100.0,↓,0.423711,NS,5/25,5,5
Liver,CCND1,PlasmaB,IA→AR,IA,AR,0.0,0.0,0.0,↑,1.0,NS,0/15,5,3
Liver,CCND1,PlasmaB,CR→AR,CR,AR,0.015623202,0.0,-100.0,↓,0.504985,NS,3/9,3,3
Liver,CCR7,Myeloid,NL→IT,NL,IT,0.057620183,0.32301167,460.6000061035156,↑,0.012907,*,34/36,6,6
Liver,CCR7,Myeloid,NL→IA,NL,IA,0.057620183,0.076361254,32.5,↑,0.779243,NS,15/30,6,5
Liver,CCR7,Myeloid,NL→AR,NL,AR,0.057620183,0.06784534,17.700000762939453,↑,1.0,NS,8/18,6,3
Liver,CCR7,Myeloid,NL→CR,NL,CR,0.057620183,0.16384314,184.3999938964844,↑,0.35802,NS,12/18,6,3
Liver,CCR7,Myeloid,IT→IA,IT,IA,0.32301167,0.076361254,-76.4000015258789,↓,0.035344,*,27/30,6,5
Liver,CCR7,Myeloid,IA→AR,IA,AR,0.076361254,0.06784534,-11.199999809265137,↓,0.541193,NS,9/15,5,3
Liver,CCR7,Myeloid,CR→AR,CR,AR,0.16384314,0.06784534,-58.59999847412109,↓,0.506555,NS,6/9,3,3
Liver,CCR7,CD4_T,NL→IT,NL,IT,0.38880292,0.47524774,22.200000762939453,↑,0.818182,NS,20/36,6,6
Liver,CCR7,CD4_T,NL→IA,NL,IA,0.38880292,0.64005613,64.5999984741211,↑,0.246753,NS,22/30,6,5
Liver,CCR7,CD4_T,NL→AR,NL,AR,0.38880292,0.30755037,-20.899999618530277,↓,1.0,NS,9/18,6,3
Liver,CCR7,CD4_T,NL→CR,NL,CR,0.38880292,0.49325082,26.899999618530277,↑,0.714286,NS,11/18,6,3
Liver,CCR7,CD4_T,IT→IA,IT,IA,0.47524774,0.64005613,34.70000076293945,↑,0.662338,NS,18/30,6,5
Liver,CCR7,CD4_T,IA→AR,IA,AR,0.64005613,0.30755037,-51.900001525878906,↓,0.071429,†,14/15,5,3
Liver,CCR7,CD4_T,CR→AR,CR,AR,0.49325082,0.30755037,-37.59999847412109,↓,0.7,NS,6/9,3,3
Liver,CCR7,CD8_T,NL→IT,NL,IT,0.1622304,0.28164196,73.5999984741211,↑,0.393939,NS,24/36,6,6
Liver,CCR7,CD8_T,NL→IA,NL,IA,0.1622304,0.3318988,104.5999984741211,↑,0.428571,NS,20/30,6,5
Liver,CCR7,CD8_T,NL→AR,NL,AR,0.1622304,0.09126865,-43.70000076293945,↓,0.095238,†,16/18,6,3
Liver,CCR7,CD8_T,NL→CR,NL,CR,0.1622304,0.1259352,-22.399999618530277,↓,0.714286,NS,11/18,6,3
Liver,CCR7,CD8_T,IT→IA,IT,IA,0.28164196,0.3318988,17.799999237060547,↑,0.930736,NS,16/30,6,5
Liver,CCR7,CD8_T,IA→AR,IA,AR,0.3318988,0.09126865,-72.5,↓,0.142857,NS,13/15,5,3
Liver,CCR7,CD8_T,CR→AR,CR,AR,0.1259352,0.09126865,-27.5,↓,1.0,NS,5/9,3,3
Liver,CCR7,NK,NL→IT,NL,IT,0.019448658,0.03747891,92.6999969482422,↑,0.699134,NS,21/36,6,6
Liver,CCR7,NK,NL→IA,NL,IA,0.019448658,0.05677861,191.8999938964844,↑,0.030303,*,27/30,6,5
Liver,CCR7,NK,NL→AR,NL,AR,0.019448658,0.025512561,31.200000762939453,↑,0.380952,NS,13/18,6,3
Liver,CCR7,NK,NL→CR,NL,CR,0.019448658,0.015790522,-18.799999237060547,↓,0.714286,NS,11/18,6,3
Liver,CCR7,NK,IT→IA,IT,IA,0.03747891,0.05677861,51.5,↑,0.125541,NS,24/30,6,5
Liver,CCR7,NK,IA→AR,IA,AR,0.05677861,0.025512561,-55.09999847412109,↓,0.392857,NS,11/15,5,3
Liver,CCR7,NK,CR→AR,CR,AR,0.015790522,0.025512561,61.59999847412109,↑,0.4,NS,7/9,3,3
Liver,CCR7,B,NL→IT,NL,IT,0.9770777,1.0447524,6.900000095367432,↑,0.930736,NS,16/30,6,5
Liver,CCR7,B,NL→IA,NL,IA,0.9770777,0.9168199,-6.199999809265137,↓,0.930736,NS,16/30,6,5
Liver,CCR7,B,NL→AR,NL,AR,0.9770777,0.74069947,-24.200000762939453,↓,0.547619,NS,12/18,6,3
Liver,CCR7,B,NL→CR,NL,CR,0.9770777,1.001423,2.5,↑,1.0,NS,9/18,6,3
Liver,CCR7,B,IT→IA,IT,IA,1.0447524,0.9168199,-12.199999809265137,↓,0.547619,NS,16/25,5,5
Liver,CCR7,B,IA→AR,IA,AR,0.9168199,0.74069947,-19.200000762939453,↓,0.785714,NS,9/15,5,3
Liver,CCR7,B,CR→AR,CR,AR,1.001423,0.74069947,-26.0,↓,0.4,NS,7/9,3,3
Liver,CCR7,PlasmaB,NL→IT,NL,IT,0.054646347,0.12402745,127.0,↑,0.234267,NS,22/30,6,5
Liver,CCR7,PlasmaB,NL→IA,NL,IA,0.054646347,0.15013108,174.6999969482422,↑,0.310863,NS,20/30,6,5
Liver,CCR7,PlasmaB,NL→AR,NL,AR,0.054646347,0.1968592,260.20001220703125,↑,0.051822,†,17/18,6,3
Liver,CCR7,PlasmaB,NL→CR,NL,CR,0.054646347,0.14458005,164.60000610351562,↑,0.511482,NS,11/18,6,3
Liver,CCR7,PlasmaB,IT→IA,IT,IA,0.12402745,0.15013108,21.0,↑,1.0,NS,13/25,5,5
Liver,CCR7,PlasmaB,IA→AR,IA,AR,0.15013108,0.1968592,31.100000381469727,↑,0.571429,NS,10/15,5,3
Liver,CCR7,PlasmaB,CR→AR,CR,AR,0.14458005,0.1968592,36.20000076293945,↑,0.7,NS,6/9,3,3
Liver,CD160,Myeloid,NL→IT,NL,IT,0.009584289,0.017516665,82.80000305175781,↑,0.788821,NS,14/36,6,6
Liver,CD160,Myeloid,NL→IA,NL,IA,0.009584289,0.0024284995,-74.69999694824219,↓,0.56156,NS,10/30,6,5
Liver,CD160,Myeloid,NL→AR,NL,AR,0.009584289,0.0,-100.0,↓,0.376759,NS,6/18,6,3
Liver,CD160,Myeloid,NL→CR,NL,CR,0.009584289,0.0011263475,-88.19999694824219,↓,0.878088,NS,6/18,6,3
Liver,CD160,Myeloid,IT→IA,IT,IA,0.017516665,0.0024284995,-86.0999984741211,↓,0.341314,NS,14/30,6,5
Liver,CD160,Myeloid,IA→AR,IA,AR,0.0024284995,0.0,-100.0,↓,0.605577,NS,3/15,5,3
Liver,CD160,Myeloid,CR→AR,CR,AR,0.0011263475,0.0,-100.0,↓,0.504985,NS,3/9,3,3
Liver,CD160,CD4_T,NL→IT,NL,IT,0.2117453,0.2222066,4.900000095367432,↑,0.818182,NS,20/36,6,6
Liver,CD160,CD4_T,NL→IA,NL,IA,0.2117453,0.1570659,-25.799999237060547,↓,0.536797,NS,19/30,6,5
Liver,CD160,CD4_T,NL→AR,NL,AR,0.2117453,0.24130677,14.0,↑,0.714286,NS,11/18,6,3
Liver,CD160,CD4_T,NL→CR,NL,CR,0.2117453,0.31223702,47.5,↑,0.547619,NS,12/18,6,3
Liver,CD160,CD4_T,IT→IA,IT,IA,0.2222066,0.1570659,-29.299999237060547,↓,0.792208,NS,17/30,6,5
Liver,CD160,CD4_T,IA→AR,IA,AR,0.1570659,0.24130677,53.59999847412109,↑,0.571429,NS,10/15,5,3
Liver,CD160,CD4_T,CR→AR,CR,AR,0.31223702,0.24130677,-22.700000762939453,↓,0.4,NS,7/9,3,3
Liver,CD160,CD8_T,NL→IT,NL,IT,0.3533872,0.3881367,9.800000190734863,↑,0.588745,NS,22/36,6,6
Liver,CD160,CD8_T,NL→IA,NL,IA,0.3533872,0.30099463,-14.800000190734863,↓,0.536797,NS,19/30,6,5
Liver,CD160,CD8_T,NL→AR,NL,AR,0.3533872,0.4040052,14.300000190734863,↑,0.904762,NS,10/18,6,3
Liver,CD160,CD8_T,NL→CR,NL,CR,0.3533872,0.5019229,42.0,↑,0.261905,NS,14/18,6,3
Liver,CD160,CD8_T,IT→IA,IT,IA,0.3881367,0.30099463,-22.5,↓,0.662338,NS,18/30,6,5
Liver,CD160,CD8_T,IA→AR,IA,AR,0.30099463,0.4040052,34.20000076293945,↑,0.571429,NS,10/15,5,3
Liver,CD160,CD8_T,CR→AR,CR,AR,0.5019229,0.4040052,-19.5,↓,0.7,NS,6/9,3,3
Liver,CD160,NK,NL→IT,NL,IT,0.46584496,0.74685335,60.29999923706055,↑,0.179654,NS,27/36,6,6
Liver,CD160,NK,NL→IA,NL,IA,0.46584496,0.6960994,49.400001525878906,↑,0.246753,NS,22/30,6,5
Liver,CD160,NK,NL→AR,NL,AR,0.46584496,0.8560813,83.80000305175781,↑,0.047619,*,17/18,6,3
Liver,CD160,NK,NL→CR,NL,CR,0.46584496,1.2247611,162.89999389648438,↑,0.02381,*,18/18,6,3
Liver,CD160,NK,IT→IA,IT,IA,0.74685335,0.6960994,-6.800000190734863,↓,1.0,NS,15/30,6,5
Liver,CD160,NK,IA→AR,IA,AR,0.6960994,0.8560813,23.0,↑,0.571429,NS,10/15,5,3
Liver,CD160,NK,CR→AR,CR,AR,1.2247611,0.8560813,-30.100000381469727,↓,0.2,NS,8/9,3,3
Liver,CD160,B,NL→IT,NL,IT,0.005235793,0.018351171,250.5,↑,0.352972,NS,12/30,6,5
Liver,CD160,B,NL→IA,NL,IA,0.005235793,0.023501048,348.8999938964844,↑,0.11121,NS,21/30,6,5
Liver,CD160,B,NL→AR,NL,AR,0.005235793,0.0,-100.0,↓,0.637352,NS,3/18,6,3
Liver,CD160,B,NL→CR,NL,CR,0.005235793,0.004595485,-12.199999809265137,↓,0.357386,NS,3/18,6,3
Liver,CD160,B,IT→IA,IT,IA,0.018351171,0.023501048,28.100000381469727,↑,0.590014,NS,14/25,5,5
Liver,CD160,B,IA→AR,IA,AR,0.023501048,0.0,-100.0,↓,0.080625,†,12/15,5,3
Liver,CD160,B,CR→AR,CR,AR,0.004595485,0.0,-100.0,↓,0.196706,NS,6/9,3,3
Liver,CD160,PlasmaB,NL→IT,NL,IT,0.017011644,0.0,-100.0,↓,0.222994,NS,10/30,6,5
Liver,CD160,PlasmaB,NL→IA,NL,IA,0.017011644,0.04935781,190.1000061035156,↑,0.907569,NS,6/30,6,5
Liver,CD160,PlasmaB,NL→AR,NL,AR,0.017011644,0.0060911397,-64.19999694824219,↓,1.0,NS,5/18,6,3
Liver,CD160,PlasmaB,NL→CR,NL,CR,0.017011644,0.0050021685,-70.5999984741211,↓,1.0,NS,5/18,6,3
Liver,CD160,PlasmaB,IT→IA,IT,IA,0.0,0.04935781,99999.0,↑,0.423711,NS,5/25,5,5
Liver,CD160,PlasmaB,IA→AR,IA,AR,0.04935781,0.0060911397,-87.69999694824219,↓,1.0,NS,3/15,5,3
Liver,CD160,PlasmaB,CR→AR,CR,AR,0.0050021685,0.0060911397,21.799999237060547,↑,1.0,NS,3/9,3,3
Liver,CD27,Myeloid,NL→IT,NL,IT,0.0,0.0011473484,99999.0,↑,0.175734,NS,12/36,6,6
Liver,CD27,Myeloid,NL→IA,NL,IA,0.0,0.0012165451,99999.0,↑,0.36131,NS,6/30,6,5
Liver,CD27,Myeloid,NL→AR,NL,AR,0.0,0.005804403,99999.0,↑,0.238593,NS,6/18,6,3
Liver,CD27,Myeloid,NL→CR,NL,CR,0.0,0.0028665967,99999.0,↑,0.238593,NS,6/18,6,3
Liver,CD27,Myeloid,IT→IA,IT,IA,0.0011473484,0.0012165451,6.0,↑,0.907569,NS,6/30,6,5
Liver,CD27,Myeloid,IA→AR,IA,AR,0.0012165451,0.005804403,377.1000061035156,↑,0.69627,NS,5/15,5,3
Liver,CD27,Myeloid,CR→AR,CR,AR,0.0028665967,0.005804403,102.5,↑,1.0,NS,3/9,3,3
Liver,CD27,CD4_T,NL→IT,NL,IT,0.22119577,0.42804644,93.5,↑,0.002165,**,36/36,6,6
Liver,CD27,CD4_T,NL→IA,NL,IA,0.22119577,0.6572362,197.1000061035156,↑,0.004329,**,30/30,6,5
Liver,CD27,CD4_T,NL→AR,NL,AR,0.22119577,0.66468245,200.5,↑,0.047619,*,17/18,6,3
Liver,CD27,CD4_T,NL→CR,NL,CR,0.22119577,0.39020893,76.4000015258789,↑,0.714286,NS,11/18,6,3
Liver,CD27,CD4_T,IT→IA,IT,IA,0.42804644,0.6572362,53.5,↑,0.030303,*,27/30,6,5
Liver,CD27,CD4_T,IA→AR,IA,AR,0.6572362,0.66468245,1.100000023841858,↑,0.785714,NS,9/15,5,3
Liver,CD27,CD4_T,CR→AR,CR,AR,0.39020893,0.66468245,70.30000305175781,↑,0.2,NS,8/9,3,3
Liver,CD27,CD8_T,NL→IT,NL,IT,0.23906638,0.41819528,74.9000015258789,↑,0.064935,†,30/36,6,6
Liver,CD27,CD8_T,NL→IA,NL,IA,0.23906638,0.78292906,227.5,↑,0.004329,**,30/30,6,5
Liver,CD27,CD8_T,NL→AR,NL,AR,0.23906638,0.847928,254.6999969482422,↑,0.02381,*,18/18,6,3
Liver,CD27,CD8_T,NL→CR,NL,CR,0.23906638,0.44278657,85.19999694824219,↑,0.547619,NS,12/18,6,3
Liver,CD27,CD8_T,IT→IA,IT,IA,0.41819528,0.78292906,87.19999694824219,↑,0.008658,**,29/30,6,5
Liver,CD27,CD8_T,IA→AR,IA,AR,0.78292906,0.847928,8.300000190734863,↑,0.785714,NS,9/15,5,3
Liver,CD27,CD8_T,CR→AR,CR,AR,0.44278657,0.847928,91.5,↑,0.2,NS,8/9,3,3
Liver,CD27,NK,NL→IT,NL,IT,0.062746696,0.083307646,32.79999923706055,↑,0.484848,NS,23/36,6,6
Liver,CD27,NK,NL→IA,NL,IA,0.062746696,0.1637717,161.0,↑,0.017316,*,28/30,6,5
Liver,CD27,NK,NL→AR,NL,AR,0.062746696,0.19496393,210.6999969482422,↑,0.047619,*,17/18,6,3
Liver,CD27,NK,NL→CR,NL,CR,0.062746696,0.10174677,62.20000076293945,↑,0.714286,NS,11/18,6,3
Liver,CD27,NK,IT→IA,IT,IA,0.083307646,0.1637717,96.5999984741211,↑,0.051948,†,26/30,6,5
Liver,CD27,NK,IA→AR,IA,AR,0.1637717,0.19496393,19.0,↑,0.785714,NS,9/15,5,3
Liver,CD27,NK,CR→AR,CR,AR,0.10174677,0.19496393,91.5999984741211,↑,0.4,NS,7/9,3,3
Liver,CD27,B,NL→IT,NL,IT,0.11804199,0.2651559,124.5999984741211,↑,0.017316,*,28/30,6,5
Liver,CD27,B,NL→IA,NL,IA,0.11804199,0.25286663,114.1999969482422,↑,0.030303,*,27/30,6,5
Liver,CD27,B,NL→AR,NL,AR,0.11804199,0.31086946,163.39999389648438,↑,0.095238,†,16/18,6,3
Liver,CD27,B,NL→CR,NL,CR,0.11804199,0.17294942,46.5,↑,0.714286,NS,11/18,6,3
Liver,CD27,B,IT→IA,IT,IA,0.2651559,0.25286663,-4.599999904632568,↓,0.690476,NS,15/25,5,5
Liver,CD27,B,IA→AR,IA,AR,0.25286663,0.31086946,22.899999618530277,↑,0.785714,NS,9/15,5,3
Liver,CD27,B,CR→AR,CR,AR,0.17294942,0.31086946,79.69999694824219,↑,0.4,NS,7/9,3,3
Liver,CD27,PlasmaB,NL→IT,NL,IT,0.65123,0.46602887,-28.399999618530277,↓,0.329004,NS,21/30,6,5
Liver,CD27,PlasmaB,NL→IA,NL,IA,0.65123,0.5266601,-19.100000381469727,↓,0.662338,NS,18/30,6,5
Liver,CD27,PlasmaB,NL→AR,NL,AR,0.65123,0.31827492,-51.09999847412109,↓,0.095238,†,16/18,6,3
Liver,CD27,PlasmaB,NL→CR,NL,CR,0.65123,0.541424,-16.899999618530273,↓,0.166667,NS,15/18,6,3
Liver,CD27,PlasmaB,IT→IA,IT,IA,0.46602887,0.5266601,13.0,↑,0.84127,NS,14/25,5,5
Liver,CD27,PlasmaB,IA→AR,IA,AR,0.5266601,0.31827492,-39.59999847412109,↓,0.392857,NS,11/15,5,3
Liver,CD27,PlasmaB,CR→AR,CR,AR,0.541424,0.31827492,-41.20000076293945,↓,0.4,NS,7/9,3,3
Liver,CD274,Myeloid,NL→IT,NL,IT,0.0044511976,0.017489837,292.8999938964844,↑,0.180503,NS,21/36,6,6
Liver,CD274,Myeloid,NL→IA,NL,IA,0.0044511976,0.0048574796,9.100000381469728,↑,1.0,NS,5/30,6,5
Liver,CD274,Myeloid,NL→AR,NL,AR,0.0044511976,0.0012679339,-71.5,↓,0.859684,NS,3/18,6,3
Liver,CD274,Myeloid,NL→CR,NL,CR,0.0044511976,0.0,-100.0,↓,0.637352,NS,3/18,6,3
Liver,CD274,Myeloid,IT→IA,IT,IA,0.017489837,0.0048574796,-72.19999694824219,↓,0.273502,NS,17/30,6,5
Liver,CD274,Myeloid,IA→AR,IA,AR,0.0048574796,0.0012679339,-73.9000015258789,↓,1.0,NS,3/15,5,3
Liver,CD274,Myeloid,CR→AR,CR,AR,0.0,0.0012679339,99999.0,↑,0.504985,NS,3/9,3,3
Liver,CD274,CD4_T,NL→IT,NL,IT,0.01362101,0.0147055425,8.0,↑,1.0,NS,18/36,6,6
Liver,CD274,CD4_T,NL→IA,NL,IA,0.01362101,0.013385525,-1.7000000476837158,↓,0.792208,NS,17/30,6,5
Liver,CD274,CD4_T,NL→AR,NL,AR,0.01362101,0.006801661,-50.09999847412109,↓,0.166667,NS,15/18,6,3
Liver,CD274,CD4_T,NL→CR,NL,CR,0.01362101,0.01676356,23.100000381469727,↑,1.0,NS,9/18,6,3
Liver,CD274,CD4_T,IT→IA,IT,IA,0.0147055425,0.013385525,-9.0,↓,0.930736,NS,16/30,6,5
Liver,CD274,CD4_T,IA→AR,IA,AR,0.013385525,0.006801661,-49.20000076293945,↓,0.142857,NS,13/15,5,3
Liver,CD274,CD4_T,CR→AR,CR,AR,0.01676356,0.006801661,-59.400001525878906,↓,0.2,NS,8/9,3,3
Liver,CD274,CD8_T,NL→IT,NL,IT,0.014197335,0.009727548,-31.5,↓,0.422527,NS,23/36,6,6
Liver,CD274,CD8_T,NL→IA,NL,IA,0.014197335,0.0086256955,-39.20000076293945,↓,0.200217,NS,22/30,6,5
Liver,CD274,CD8_T,NL→AR,NL,AR,0.014197335,0.00967423,-31.899999618530277,↓,0.166667,NS,15/18,6,3
Liver,CD274,CD8_T,NL→CR,NL,CR,0.014197335,0.01799169,26.700000762939453,↑,0.714286,NS,11/18,6,3
Liver,CD274,CD8_T,IT→IA,IT,IA,0.009727548,0.0086256955,-11.300000190734863,↓,0.714379,NS,17/30,6,5
Liver,CD274,CD8_T,IA→AR,IA,AR,0.0086256955,0.00967423,12.199999809265137,↑,0.785714,NS,6/15,5,3
Liver,CD274,CD8_T,CR→AR,CR,AR,0.01799169,0.00967423,-46.20000076293945,↓,0.1,NS,9/9,3,3
Liver,CD274,NK,NL→IT,NL,IT,0.00884637,0.00918409,3.799999952316284,↑,0.748349,NS,15/36,6,6
Liver,CD274,NK,NL→IA,NL,IA,0.00884637,0.009682904,9.5,↑,0.930736,NS,16/30,6,5
Liver,CD274,NK,NL→AR,NL,AR,0.00884637,0.008064183,-8.800000190734863,↓,0.547619,NS,12/18,6,3
Liver,CD274,NK,NL→CR,NL,CR,0.00884637,0.0092291515,4.300000190734863,↑,1.0,NS,9/18,6,3
Liver,CD274,NK,IT→IA,IT,IA,0.00918409,0.009682904,5.400000095367432,↑,0.930736,NS,16/30,6,5
Liver,CD274,NK,IA→AR,IA,AR,0.009682904,0.008064183,-16.700000762939453,↓,0.571429,NS,10/15,5,3
Liver,CD274,NK,CR→AR,CR,AR,0.0092291515,0.008064183,-12.600000381469728,↓,1.0,NS,4/9,3,3
Liver,CD274,B,NL→IT,NL,IT,0.015529479,0.025854474,66.5,↑,0.407016,NS,19/30,6,5
Liver,CD274,B,NL→IA,NL,IA,0.015529479,0.005579362,-64.0999984741211,↓,0.640374,NS,16/30,6,5
Liver,CD274,B,NL→AR,NL,AR,0.015529479,0.01904418,22.600000381469727,↑,0.68583,NS,5/18,6,3
Liver,CD274,B,NL→CR,NL,CR,0.015529479,0.010812748,-30.399999618530277,↓,0.895533,NS,7/18,6,3
Liver,CD274,B,IT→IA,IT,IA,0.025854474,0.005579362,-78.4000015258789,↓,0.090688,†,20/25,5,5
Liver,CD274,B,IA→AR,IA,AR,0.005579362,0.01904418,241.3000030517578,↑,1.0,NS,5/15,5,3
Liver,CD274,B,CR→AR,CR,AR,0.010812748,0.01904418,76.0999984741211,↑,1.0,NS,3/9,3,3
Liver,CD274,PlasmaB,NL→IT,NL,IT,0.0018952099,0.0064051575,238.0,↑,0.486034,NS,11/30,6,5
Liver,CD274,PlasmaB,NL→IA,NL,IA,0.0018952099,0.019807853,945.2000122070312,↑,0.352972,NS,12/30,6,5
Liver,CD274,PlasmaB,NL→AR,NL,AR,0.0018952099,0.08911222,4602.0,↑,0.595883,NS,6/18,6,3
Liver,CD274,PlasmaB,NL→CR,NL,CR,0.0018952099,0.0,-100.0,↓,0.637352,NS,3/18,6,3
Liver,CD274,PlasmaB,IT→IA,IT,IA,0.0064051575,0.019807853,209.1999969482422,↑,0.724082,NS,10/25,5,5
Liver,CD274,PlasmaB,IA→AR,IA,AR,0.019807853,0.08911222,349.8999938964844,↑,1.0,NS,5/15,5,3
Liver,CD274,PlasmaB,CR→AR,CR,AR,0.0,0.08911222,99999.0,↑,0.504985,NS,3/9,3,3
Liver,CD44,Myeloid,NL→IT,NL,IT,1.3565259,1.3780465,1.600000023841858,↑,0.818182,NS,20/36,6,6
Liver,CD44,Myeloid,NL→IA,NL,IA,1.3565259,1.3694707,1.0,↑,1.0,NS,15/30,6,5
Liver,CD44,Myeloid,NL→AR,NL,AR,1.3565259,1.3005061,-4.099999904632568,↓,0.904762,NS,8/18,6,3
Liver,CD44,Myeloid,NL→CR,NL,CR,1.3565259,1.5430613,13.800000190734863,↑,0.380952,NS,13/18,6,3
Liver,CD44,Myeloid,IT→IA,IT,IA,1.3780465,1.3694707,-0.6000000238418579,↓,0.662338,NS,18/30,6,5
Liver,CD44,Myeloid,IA→AR,IA,AR,1.3694707,1.3005061,-5.0,↓,0.785714,NS,6/15,5,3
Liver,CD44,Myeloid,CR→AR,CR,AR,1.5430613,1.3005061,-15.699999809265137,↓,1.0,NS,5/9,3,3
Liver,CD44,CD4_T,NL→IT,NL,IT,1.1980565,1.413345,18.0,↑,0.179654,NS,27/36,6,6
Liver,CD44,CD4_T,NL→IA,NL,IA,1.1980565,1.3448219,12.300000190734863,↑,0.536797,NS,19/30,6,5
Liver,CD44,CD4_T,NL→AR,NL,AR,1.1980565,1.2943987,8.0,↑,0.714286,NS,11/18,6,3
Liver,CD44,CD4_T,NL→CR,NL,CR,1.1980565,1.3137432,9.699999809265137,↑,0.714286,NS,11/18,6,3
Liver,CD44,CD4_T,IT→IA,IT,IA,1.413345,1.3448219,-4.800000190734863,↓,0.792208,NS,17/30,6,5
Liver,CD44,CD4_T,IA→AR,IA,AR,1.3448219,1.2943987,-3.700000047683716,↓,1.0,NS,8/15,5,3
Liver,CD44,CD4_T,CR→AR,CR,AR,1.3137432,1.2943987,-1.5,↓,0.7,NS,6/9,3,3
Liver,CD44,CD8_T,NL→IT,NL,IT,1.0967659,1.2902693,17.600000381469727,↑,0.309524,NS,25/36,6,6
Liver,CD44,CD8_T,NL→IA,NL,IA,1.0967659,1.2126118,10.600000381469728,↑,0.536797,NS,19/30,6,5
Liver,CD44,CD8_T,NL→AR,NL,AR,1.0967659,1.1086459,1.100000023841858,↑,0.904762,NS,10/18,6,3
Liver,CD44,CD8_T,NL→CR,NL,CR,1.0967659,1.2182106,11.100000381469728,↑,0.714286,NS,11/18,6,3
Liver,CD44,CD8_T,IT→IA,IT,IA,1.2902693,1.2126118,-6.0,↓,0.662338,NS,18/30,6,5
Liver,CD44,CD8_T,IA→AR,IA,AR,1.2126118,1.1086459,-8.600000381469727,↓,0.785714,NS,9/15,5,3
Liver,CD44,CD8_T,CR→AR,CR,AR,1.2182106,1.1086459,-9.0,↓,1.0,NS,5/9,3,3
Liver,CD44,NK,NL→IT,NL,IT,0.7376723,0.8188054,11.0,↑,0.588745,NS,22/36,6,6
Liver,CD44,NK,NL→IA,NL,IA,0.7376723,0.7850686,6.400000095367432,↑,0.930736,NS,16/30,6,5
Liver,CD44,NK,NL→AR,NL,AR,0.7376723,0.7971535,8.100000381469727,↑,0.714286,NS,11/18,6,3
Liver,CD44,NK,NL→CR,NL,CR,0.7376723,0.78431726,6.300000190734863,↑,0.904762,NS,10/18,6,3
Liver,CD44,NK,IT→IA,IT,IA,0.8188054,0.7850686,-4.099999904632568,↓,0.930736,NS,16/30,6,5
Liver,CD44,NK,IA→AR,IA,AR,0.7850686,0.7971535,1.5,↑,0.785714,NS,9/15,5,3
Liver,CD44,NK,CR→AR,CR,AR,0.78431726,0.7971535,1.600000023841858,↑,1.0,NS,5/9,3,3
Liver,CD44,B,NL→IT,NL,IT,0.86136216,0.9336284,8.399999618530273,↑,0.792208,NS,17/30,6,5
Liver,CD44,B,NL→IA,NL,IA,0.86136216,0.7797267,-9.5,↓,1.0,NS,15/30,6,5
Liver,CD44,B,NL→AR,NL,AR,0.86136216,0.84662586,-1.7000000476837158,↓,0.904762,NS,10/18,6,3
Liver,CD44,B,NL→CR,NL,CR,0.86136216,0.8135027,-5.599999904632568,↓,0.714286,NS,11/18,6,3
Liver,CD44,B,IT→IA,IT,IA,0.9336284,0.7797267,-16.5,↓,0.547619,NS,16/25,5,5
Liver,CD44,B,IA→AR,IA,AR,0.7797267,0.84662586,8.600000381469727,↑,1.0,NS,8/15,5,3
Liver,CD44,B,CR→AR,CR,AR,0.8135027,0.84662586,4.099999904632568,↑,1.0,NS,5/9,3,3
Liver,CD44,PlasmaB,NL→IT,NL,IT,0.5847407,0.48508105,-17.0,↓,0.536797,NS,19/30,6,5
Liver,CD44,PlasmaB,NL→IA,NL,IA,0.5847407,0.7064091,20.799999237060547,↑,0.792208,NS,17/30,6,5
Liver,CD44,PlasmaB,NL→AR,NL,AR,0.5847407,0.49274638,-15.699999809265137,↓,0.904762,NS,10/18,6,3
Liver,CD44,PlasmaB,NL→CR,NL,CR,0.5847407,0.6164332,5.400000095367432,↑,0.904762,NS,8/18,6,3
Liver,CD44,PlasmaB,IT→IA,IT,IA,0.48508105,0.7064091,45.59999847412109,↑,0.055556,†,22/25,5,5
Liver,CD44,PlasmaB,IA→AR,IA,AR,0.7064091,0.49274638,-30.200000762939453,↓,0.142857,NS,13/15,5,3
Liver,CD44,PlasmaB,CR→AR,CR,AR,0.6164332,0.49274638,-20.100000381469727,↓,0.7,NS,6/9,3,3
Liver,CD69,Myeloid,NL→IT,NL,IT,0.055324793,0.13459533,143.3000030517578,↑,0.172733,NS,27/36,6,6
Liver,CD69,Myeloid,NL→IA,NL,IA,0.055324793,0.2686686,385.6000061035156,↑,0.119846,NS,24/30,6,5
Liver,CD69,Myeloid,NL→AR,NL,AR,0.055324793,0.13333867,141.0,↑,0.511482,NS,11/18,6,3
Liver,CD69,Myeloid,NL→CR,NL,CR,0.055324793,0.10628739,92.0999984741211,↑,0.36415,NS,13/18,6,3
Liver,CD69,Myeloid,IT→IA,IT,IA,0.13459533,0.2686686,99.5999984741211,↑,0.662338,NS,18/30,6,5
Liver,CD69,Myeloid,IA→AR,IA,AR,0.2686686,0.13333867,-50.400001525878906,↓,0.571429,NS,10/15,5,3
Liver,CD69,Myeloid,CR→AR,CR,AR,0.10628739,0.13333867,25.5,↑,1.0,NS,5/9,3,3
Liver,CD69,CD4_T,NL→IT,NL,IT,2.001427,1.6245338,-18.799999237060547,↓,0.041126,*,31/36,6,6
Liver,CD69,CD4_T,NL→IA,NL,IA,2.001427,1.3224998,-33.900001525878906,↓,0.017316,*,28/30,6,5
Liver,CD69,CD4_T,NL→AR,NL,AR,2.001427,1.4908012,-25.5,↓,0.095238,†,16/18,6,3
Liver,CD69,CD4_T,NL→CR,NL,CR,2.001427,1.403459,-29.899999618530277,↓,0.166667,NS,15/18,6,3
Liver,CD69,CD4_T,IT→IA,IT,IA,1.6245338,1.3224998,-18.600000381469727,↓,0.125541,NS,24/30,6,5
Liver,CD69,CD4_T,IA→AR,IA,AR,1.3224998,1.4908012,12.699999809265137,↑,0.392857,NS,11/15,5,3
Liver,CD69,CD4_T,CR→AR,CR,AR,1.403459,1.4908012,6.199999809265137,↑,1.0,NS,5/9,3,3
Liver,CD69,CD8_T,NL→IT,NL,IT,2.0432699,1.7498137,-14.399999618530272,↓,0.093074,†,29/36,6,6
Liver,CD69,CD8_T,NL→IA,NL,IA,2.0432699,1.473162,-27.899999618530277,↓,0.030303,*,27/30,6,5
Liver,CD69,CD8_T,NL→AR,NL,AR,2.0432699,1.7011591,-16.700000762939453,↓,0.380952,NS,13/18,6,3
Liver,CD69,CD8_T,NL→CR,NL,CR,2.0432699,1.616396,-20.899999618530277,↓,0.261905,NS,14/18,6,3
Liver,CD69,CD8_T,IT→IA,IT,IA,1.7498137,1.473162,-15.800000190734863,↓,0.329004,NS,21/30,6,5
Liver,CD69,CD8_T,IA→AR,IA,AR,1.473162,1.7011591,15.5,↑,0.392857,NS,11/15,5,3
Liver,CD69,CD8_T,CR→AR,CR,AR,1.616396,1.7011591,5.199999809265137,↑,1.0,NS,5/9,3,3
Liver,CD69,NK,NL→IT,NL,IT,1.7156264,1.5035772,-12.399999618530272,↓,0.24026,NS,26/36,6,6
Liver,CD69,NK,NL→IA,NL,IA,1.7156264,1.344415,-21.600000381469727,↓,0.246753,NS,22/30,6,5
Liver,CD69,NK,NL→AR,NL,AR,1.7156264,1.4803184,-13.699999809265137,↓,0.547619,NS,12/18,6,3
Liver,CD69,NK,NL→CR,NL,CR,1.7156264,1.5366637,-10.399999618530272,↓,0.714286,NS,11/18,6,3
Liver,CD69,NK,IT→IA,IT,IA,1.5035772,1.344415,-10.600000381469728,↓,1.0,NS,15/30,6,5
Liver,CD69,NK,IA→AR,IA,AR,1.344415,1.4803184,10.100000381469728,↑,0.785714,NS,9/15,5,3
Liver,CD69,NK,CR→AR,CR,AR,1.5366637,1.4803184,-3.700000047683716,↓,1.0,NS,5/9,3,3
Liver,CD69,B,NL→IT,NL,IT,1.7937008,1.3015139,-27.399999618530277,↓,0.017316,*,28/30,6,5
Liver,CD69,B,NL→IA,NL,IA,1.7937008,1.3051149,-27.200000762939453,↓,0.051948,†,26/30,6,5
Liver,CD69,B,NL→AR,NL,AR,1.7937008,1.230179,-31.399999618530277,↓,0.261905,NS,14/18,6,3
Liver,CD69,B,NL→CR,NL,CR,1.7937008,1.1845615,-34.0,↓,0.047619,*,17/18,6,3
Liver,CD69,B,IT→IA,IT,IA,1.3015139,1.3051149,0.3000000119209289,↑,0.84127,NS,14/25,5,5
Liver,CD69,B,IA→AR,IA,AR,1.3051149,1.230179,-5.699999809265137,↓,1.0,NS,8/15,5,3
Liver,CD69,B,CR→AR,CR,AR,1.1845615,1.230179,3.900000095367432,↑,1.0,NS,5/9,3,3
Liver,CD69,PlasmaB,NL→IT,NL,IT,0.23069191,0.17830679,-22.700000762939453,↓,0.428571,NS,10/30,6,5
Liver,CD69,PlasmaB,NL→IA,NL,IA,0.23069191,0.34869224,51.20000076293945,↑,0.246753,NS,22/30,6,5
Liver,CD69,PlasmaB,NL→AR,NL,AR,0.23069191,0.16732542,-27.5,↓,0.904762,NS,10/18,6,3
Liver,CD69,PlasmaB,NL→CR,NL,CR,0.23069191,0.061854523,-73.19999694824219,↓,0.299677,NS,13/18,6,3
Liver,CD69,PlasmaB,IT→IA,IT,IA,0.17830679,0.34869224,95.5999984741211,↑,0.309524,NS,18/25,5,5
Liver,CD69,PlasmaB,IA→AR,IA,AR,0.34869224,0.16732542,-52.0,↓,0.25,NS,12/15,5,3
Liver,CD69,PlasmaB,CR→AR,CR,AR,0.061854523,0.16732542,170.5,↑,0.7,NS,6/9,3,3
Liver,CDH1,Myeloid,NL→IT,NL,IT,0.012673877,0.014973774,18.100000381469727,↑,0.280475,NS,23/36,6,6
Liver,CDH1,Myeloid,NL→IA,NL,IA,0.012673877,0.0011465454,-91.0,↓,0.56156,NS,10/30,6,5
Liver,CDH1,Myeloid,NL→AR,NL,AR,0.012673877,0.0,-100.0,↓,0.376759,NS,6/18,6,3
Liver,CDH1,Myeloid,NL→CR,NL,CR,0.012673877,0.019129591,50.900001525878906,↑,0.4795,NS,10/18,6,3
Liver,CDH1,Myeloid,IT→IA,IT,IA,0.014973774,0.0011465454,-92.3000030517578,↓,0.044368,*,24/30,6,5
Liver,CDH1,Myeloid,IA→AR,IA,AR,0.0011465454,0.0,-100.0,↓,0.605577,NS,3/15,5,3
Liver,CDH1,Myeloid,CR→AR,CR,AR,0.019129591,0.0,-100.0,↓,0.196706,NS,6/9,3,3
Liver,CDH1,CD4_T,NL→IT,NL,IT,0.0,0.0007649322,99999.0,↑,0.175734,NS,12/36,6,6
Liver,CDH1,CD4_T,NL→IA,NL,IA,0.0,0.001468411,99999.0,↑,0.048406,*,18/30,6,5
Liver,CDH1,CD4_T,NL→AR,NL,AR,0.0,0.0016371949,99999.0,↑,0.05183,†,12/18,6,3
Liver,CDH1,CD4_T,NL→CR,NL,CR,0.0,0.0,0.0,↑,1.0,NS,0/18,6,3
Liver,CDH1,CD4_T,IT→IA,IT,IA,0.0007649322,0.001468411,92.0,↑,0.485903,NS,15/30,6,5
Liver,CDH1,CD4_T,IA→AR,IA,AR,0.001468411,0.0016371949,11.5,↑,1.0,NS,7/15,5,3
Liver,CDH1,CD4_T,CR→AR,CR,AR,0.0,0.0016371949,99999.0,↑,0.196706,NS,6/9,3,3
Liver,CDH1,CD8_T,NL→IT,NL,IT,0.000109208944,0.0,-100.0,↓,0.404657,NS,6/36,6,6
Liver,CDH1,CD8_T,NL→IA,NL,IA,0.000109208944,0.00068663096,528.7000122070312,↑,0.11121,NS,21/30,6,5
Liver,CDH1,CD8_T,NL→AR,NL,AR,0.000109208944,0.0001148475,5.199999809265137,↑,0.859684,NS,5/18,6,3
Liver,CDH1,CD8_T,NL→CR,NL,CR,0.000109208944,0.0,-100.0,↓,0.637352,NS,3/18,6,3
Liver,CDH1,CD8_T,IT→IA,IT,IA,0.0,0.00068663096,99999.0,↑,0.015024,*,24/30,6,5
Liver,CDH1,CD8_T,IA→AR,IA,AR,0.00068663096,0.0001148475,-83.30000305175781,↓,0.12663,NS,12/15,5,3
Liver,CDH1,CD8_T,CR→AR,CR,AR,0.0,0.0001148475,99999.0,↑,0.504985,NS,3/9,3,3
Liver,CDH1,NK,NL→IT,NL,IT,0.0,0.0,0.0,↑,1.0,NS,0/36,6,6
Liver,CDH1,NK,NL→IA,NL,IA,0.0,0.0,0.0,↑,1.0,NS,0/30,6,5
Liver,CDH1,NK,NL→AR,NL,AR,0.0,0.0,0.0,↑,1.0,NS,0/18,6,3
Liver,CDH1,NK,NL→CR,NL,CR,0.0,0.0,0.0,↑,1.0,NS,0/18,6,3
Liver,CDH1,NK,IT→IA,IT,IA,0.0,0.0,0.0,↑,1.0,NS,0/30,6,5
Liver,CDH1,NK,IA→AR,IA,AR,0.0,0.0,0.0,↑,1.0,NS,0/15,5,3
Liver,CDH1,NK,CR→AR,CR,AR,0.0,0.0,0.0,↑,1.0,NS,0/9,3,3
Liver,CDH1,B,NL→IT,NL,IT,0.0,0.0,0.0,↑,1.0,NS,0/30,6,5
Liver,CDH1,B,NL→IA,NL,IA,0.0,0.0,0.0,↑,1.0,NS,0/30,6,5
Liver,CDH1,B,NL→AR,NL,AR,0.0,0.0,0.0,↑,1.0,NS,0/18,6,3
Liver,CDH1,B,NL→CR,NL,CR,0.0,0.0,0.0,↑,1.0,NS,0/18,6,3
Liver,CDH1,B,IT→IA,IT,IA,0.0,0.0,0.0,↑,1.0,NS,0/25,5,5
Liver,CDH1,B,IA→AR,IA,AR,0.0,0.0,0.0,↑,1.0,NS,0/15,5,3
Liver,CDH1,B,CR→AR,CR,AR,0.0,0.0,0.0,↑,1.0,NS,0/9,3,3
Liver,CDH1,PlasmaB,NL→IT,NL,IT,0.012277006,0.07866962,540.7999877929688,↑,0.19562,NS,18/30,6,5
Liver,CDH1,PlasmaB,NL→IA,NL,IA,0.012277006,0.037903167,208.6999969482422,↑,0.370287,NS,16/30,6,5
Liver,CDH1,PlasmaB,NL→AR,NL,AR,0.012277006,0.030014759,144.5,↑,0.878088,NS,6/18,6,3
Liver,CDH1,PlasmaB,NL→CR,NL,CR,0.012277006,0.05556044,352.6000061035156,↑,0.4795,NS,10/18,6,3
Liver,CDH1,PlasmaB,IT→IA,IT,IA,0.07866962,0.037903167,-51.79999923706055,↓,0.66643,NS,13/25,5,5
Liver,CDH1,PlasmaB,IA→AR,IA,AR,0.037903167,0.030014759,-20.799999237060547,↓,0.750751,NS,7/15,5,3
Liver,CDH1,PlasmaB,CR→AR,CR,AR,0.05556044,0.030014759,-46.0,↓,0.642835,NS,5/9,3,3
Liver,CDK1,Myeloid,NL→IT,NL,IT,0.021924572,0.031493556,43.59999847412109,↑,0.468042,NS,22/36,6,6
Liver,CDK1,Myeloid,NL→IA,NL,IA,0.021924572,0.043156087,96.8000030517578,↑,0.782252,NS,16/30,6,5
Liver,CDK1,Myeloid,NL→AR,NL,AR,0.021924572,0.0043800334,-80.0,↓,0.224916,NS,12/18,6,3
Liver,CDK1,Myeloid,NL→CR,NL,CR,0.021924572,0.004194712,-80.9000015258789,↓,0.224916,NS,12/18,6,3
Liver,CDK1,Myeloid,IT→IA,IT,IA,0.031493556,0.043156087,37.0,↑,1.0,NS,15/30,6,5
Liver,CDK1,Myeloid,IA→AR,IA,AR,0.043156087,0.0043800334,-89.9000015258789,↓,0.359397,NS,10/15,5,3
Liver,CDK1,Myeloid,CR→AR,CR,AR,0.004194712,0.0043800334,4.400000095367432,↑,1.0,NS,3/9,3,3
Liver,CDK1,CD4_T,NL→IT,NL,IT,0.018292276,0.013024327,-28.799999237060547,↓,0.630356,NS,21/36,6,6
Liver,CDK1,CD4_T,NL→IA,NL,IA,0.018292276,0.0148748625,-18.700000762939453,↓,0.662338,NS,18/30,6,5
Liver,CDK1,CD4_T,NL→AR,NL,AR,0.018292276,0.017122924,-6.400000095367432,↓,0.714286,NS,11/18,6,3
Liver,CDK1,CD4_T,NL→CR,NL,CR,0.018292276,0.014723827,-19.5,↓,1.0,NS,9/18,6,3
Liver,CDK1,CD4_T,IT→IA,IT,IA,0.013024327,0.0148748625,14.199999809265137,↑,0.930736,NS,16/30,6,5
Liver,CDK1,CD4_T,IA→AR,IA,AR,0.0148748625,0.017122924,15.100000381469728,↑,0.785714,NS,9/15,5,3
Liver,CDK1,CD4_T,CR→AR,CR,AR,0.014723827,0.017122924,16.299999237060547,↑,0.7,NS,3/9,3,3
Liver,CDK1,CD8_T,NL→IT,NL,IT,0.020490805,0.012068279,-41.09999847412109,↓,0.179654,NS,27/36,6,6
Liver,CDK1,CD8_T,NL→IA,NL,IA,0.020490805,0.012236784,-40.29999923706055,↓,0.177489,NS,23/30,6,5
Liver,CDK1,CD8_T,NL→AR,NL,AR,0.020490805,0.020635948,0.699999988079071,↑,1.0,NS,9/18,6,3
Liver,CDK1,CD8_T,NL→CR,NL,CR,0.020490805,0.012994696,-36.59999847412109,↓,0.547619,NS,12/18,6,3
Liver,CDK1,CD8_T,IT→IA,IT,IA,0.012068279,0.012236784,1.399999976158142,↑,0.536797,NS,19/30,6,5
Liver,CDK1,CD8_T,IA→AR,IA,AR,0.012236784,0.020635948,68.5999984741211,↑,0.25,NS,12/15,5,3
Liver,CDK1,CD8_T,CR→AR,CR,AR,0.012994696,0.020635948,58.79999923706055,↑,0.4,NS,7/9,3,3
Liver,CDK1,NK,NL→IT,NL,IT,0.040343273,0.013509809,-66.5,↓,0.377642,NS,24/36,6,6
Liver,CDK1,NK,NL→IA,NL,IA,0.040343273,0.012097341,-70.0,↓,0.177489,NS,23/30,6,5
Liver,CDK1,NK,NL→AR,NL,AR,0.040343273,0.007785268,-80.69999694824219,↓,0.261905,NS,14/18,6,3
Liver,CDK1,NK,NL→CR,NL,CR,0.040343273,0.013457981,-66.5999984741211,↓,0.547619,NS,12/18,6,3
Liver,CDK1,NK,IT→IA,IT,IA,0.013509809,0.012097341,-10.5,↓,0.927099,NS,16/30,6,5
Liver,CDK1,NK,IA→AR,IA,AR,0.012097341,0.007785268,-35.599998474121094,↓,1.0,NS,8/15,5,3
Liver,CDK1,NK,CR→AR,CR,AR,0.013457981,0.007785268,-42.20000076293945,↓,0.4,NS,7/9,3,3
Liver,CDK1,B,NL→IT,NL,IT,0.009602032,0.0029172762,-69.5999984741211,↓,1.0,NS,5/30,6,5
Liver,CDK1,B,NL→IA,NL,IA,0.009602032,0.0018994592,-80.19999694824219,↓,0.642347,NS,5/30,6,5
Liver,CDK1,B,NL→AR,NL,AR,0.009602032,0.0,-100.0,↓,0.637352,NS,3/18,6,3
Liver,CDK1,B,NL→CR,NL,CR,0.009602032,0.0068118055,-29.100000381469727,↓,0.357386,NS,3/18,6,3
Liver,CDK1,B,IT→IA,IT,IA,0.0029172762,0.0018994592,-34.900001525878906,↓,0.79717,NS,5/25,5,5
Liver,CDK1,B,IA→AR,IA,AR,0.0018994592,0.0,-100.0,↓,0.329114,NS,6/15,5,3
Liver,CDK1,B,CR→AR,CR,AR,0.0068118055,0.0,-100.0,↓,0.196706,NS,6/9,3,3
Liver,CDK1,PlasmaB,NL→IT,NL,IT,0.05940984,0.02538523,-57.29999923706055,↓,0.231045,NS,21/30,6,5
Liver,CDK1,PlasmaB,NL→IA,NL,IA,0.05940984,0.03303498,-44.400001525878906,↓,0.518992,NS,18/30,6,5
Liver,CDK1,PlasmaB,NL→AR,NL,AR,0.05940984,0.012142572,-79.5999984741211,↓,0.237302,NS,13/18,6,3
Liver,CDK1,PlasmaB,NL→CR,NL,CR,0.05940984,0.0,-100.0,↓,0.059058,†,15/18,6,3
Liver,CDK1,PlasmaB,IT→IA,IT,IA,0.02538523,0.03303498,30.100000381469727,↑,1.0,NS,11/25,5,5
Liver,CDK1,PlasmaB,IA→AR,IA,AR,0.03303498,0.012142572,-63.20000076293945,↓,0.525234,NS,8/15,5,3
Liver,CDK1,PlasmaB,CR→AR,CR,AR,0.0,0.012142572,99999.0,↑,0.504985,NS,3/9,3,3
Liver,CDK2,Myeloid,NL→IT,NL,IT,0.025325656,0.060145095,137.5,↑,0.142368,NS,26/36,6,6
Liver,CDK2,Myeloid,NL→IA,NL,IA,0.025325656,0.046008047,81.69999694824219,↑,1.0,NS,12/30,6,5
Liver,CDK2,Myeloid,NL→AR,NL,AR,0.025325656,0.0084263915,-66.69999694824219,↓,0.671373,NS,8/18,6,3
Liver,CDK2,Myeloid,NL→CR,NL,CR,0.025325656,0.017135387,-32.29999923706055,↓,0.895533,NS,8/18,6,3
Liver,CDK2,Myeloid,IT→IA,IT,IA,0.060145095,0.046008047,-23.5,↓,0.310863,NS,20/30,6,5
Liver,CDK2,Myeloid,IA→AR,IA,AR,0.046008047,0.0084263915,-81.69999694824219,↓,0.750751,NS,7/15,5,3
Liver,CDK2,Myeloid,CR→AR,CR,AR,0.017135387,0.0084263915,-50.79999923706055,↓,0.375825,NS,7/9,3,3
Liver,CDK2,CD4_T,NL→IT,NL,IT,0.028110325,0.026257968,-6.599999904632568,↓,0.872559,NS,19/36,6,6
Liver,CDK2,CD4_T,NL→IA,NL,IA,0.028110325,0.030866574,9.800000190734863,↑,1.0,NS,15/30,6,5
Liver,CDK2,CD4_T,NL→AR,NL,AR,0.028110325,0.030836612,9.699999809265137,↑,0.904762,NS,8/18,6,3
Liver,CDK2,CD4_T,NL→CR,NL,CR,0.028110325,0.039950017,42.09999847412109,↑,0.261905,NS,14/18,6,3
Liver,CDK2,CD4_T,IT→IA,IT,IA,0.026257968,0.030866574,17.600000381469727,↑,0.930736,NS,16/30,6,5
Liver,CDK2,CD4_T,IA→AR,IA,AR,0.030866574,0.030836612,-0.1000000014901161,↓,0.571429,NS,5/15,5,3
Liver,CDK2,CD4_T,CR→AR,CR,AR,0.039950017,0.030836612,-22.799999237060547,↓,0.4,NS,7/9,3,3
Liver,CDK2,CD8_T,NL→IT,NL,IT,0.031287357,0.028454242,-9.100000381469728,↓,0.748349,NS,20/36,6,6
Liver,CDK2,CD8_T,NL→IA,NL,IA,0.031287357,0.03129331,0.0,↑,0.662338,NS,12/30,6,5
Liver,CDK2,CD8_T,NL→AR,NL,AR,0.031287357,0.03417697,9.199999809265137,↑,1.0,NS,9/18,6,3
Liver,CDK2,CD8_T,NL→CR,NL,CR,0.031287357,0.035727687,14.199999809265137,↑,1.0,NS,9/18,6,3
Liver,CDK2,CD8_T,IT→IA,IT,IA,0.028454242,0.03129331,10.0,↑,0.930736,NS,14/30,6,5
Liver,CDK2,CD8_T,IA→AR,IA,AR,0.03129331,0.03417697,9.199999809265137,↑,0.785714,NS,9/15,5,3
Liver,CDK2,CD8_T,CR→AR,CR,AR,0.035727687,0.03417697,-4.300000190734863,↓,1.0,NS,5/9,3,3
Liver,CDK2,NK,NL→IT,NL,IT,0.05393407,0.040515095,-24.899999618530277,↓,0.484848,NS,23/36,6,6
Liver,CDK2,NK,NL→IA,NL,IA,0.05393407,0.03473683,-35.599998474121094,↓,0.125541,NS,24/30,6,5
Liver,CDK2,NK,NL→AR,NL,AR,0.05393407,0.041132364,-23.700000762939453,↓,0.714286,NS,11/18,6,3
Liver,CDK2,NK,NL→CR,NL,CR,0.05393407,0.04017366,-25.5,↓,0.380952,NS,13/18,6,3
Liver,CDK2,NK,IT→IA,IT,IA,0.040515095,0.03473683,-14.300000190734863,↓,0.329004,NS,21/30,6,5
Liver,CDK2,NK,IA→AR,IA,AR,0.03473683,0.041132364,18.399999618530277,↑,0.392857,NS,11/15,5,3
Liver,CDK2,NK,CR→AR,CR,AR,0.04017366,0.041132364,2.400000095367432,↑,1.0,NS,5/9,3,3
Liver,CDK2,B,NL→IT,NL,IT,0.024991773,0.05535381,121.5,↑,0.782252,NS,16/30,6,5
Liver,CDK2,B,NL→IA,NL,IA,0.024991773,0.055128597,120.5999984741211,↑,0.054681,†,26/30,6,5
Liver,CDK2,B,NL→AR,NL,AR,0.024991773,0.04987079,99.5,↑,0.511482,NS,11/18,6,3
Liver,CDK2,B,NL→CR,NL,CR,0.024991773,0.0519665,107.9000015258789,↑,0.243305,NS,14/18,6,3
Liver,CDK2,B,IT→IA,IT,IA,0.05535381,0.055128597,-0.4000000059604645,↓,0.309524,NS,7/25,5,5
Liver,CDK2,B,IA→AR,IA,AR,0.055128597,0.04987079,-9.5,↓,0.785714,NS,9/15,5,3
Liver,CDK2,B,CR→AR,CR,AR,0.0519665,0.04987079,-4.0,↓,1.0,NS,5/9,3,3
Liver,CDK2,PlasmaB,NL→IT,NL,IT,0.05311251,0.03624322,-31.799999237060547,↓,0.645055,NS,17/30,6,5
Liver,CDK2,PlasmaB,NL→IA,NL,IA,0.05311251,0.10909309,105.4000015258789,↑,0.177489,NS,23/30,6,5
Liver,CDK2,PlasmaB,NL→AR,NL,AR,0.05311251,0.029873094,-43.79999923706055,↓,0.795418,NS,10/18,6,3
Liver,CDK2,PlasmaB,NL→CR,NL,CR,0.05311251,0.009622329,-81.9000015258789,↓,0.148635,NS,14/18,6,3
Liver,CDK2,PlasmaB,IT→IA,IT,IA,0.03624322,0.10909309,201.0,↑,0.093693,†,21/25,5,5
Liver,CDK2,PlasmaB,IA→AR,IA,AR,0.10909309,0.029873094,-72.5999984741211,↓,0.142857,NS,13/15,5,3
Liver,CDK2,PlasmaB,CR→AR,CR,AR,0.009622329,0.029873094,210.5,↑,0.353679,NS,6/9,3,3
Liver,CDK4,Myeloid,NL→IT,NL,IT,0.10103983,0.20640944,104.3000030517578,↑,0.064935,†,30/36,6,6
Liver,CDK4,Myeloid,NL→IA,NL,IA,0.10103983,0.19802245,96.0,↑,0.082251,†,25/30,6,5
Liver,CDK4,Myeloid,NL→AR,NL,AR,0.10103983,0.12859432,27.299999237060547,↑,0.380952,NS,13/18,6,3
Liver,CDK4,Myeloid,NL→CR,NL,CR,0.10103983,0.22664471,124.3000030517578,↑,0.02381,*,18/18,6,3
Liver,CDK4,Myeloid,IT→IA,IT,IA,0.20640944,0.19802245,-4.099999904632568,↓,0.428571,NS,20/30,6,5
Liver,CDK4,Myeloid,IA→AR,IA,AR,0.19802245,0.12859432,-35.099998474121094,↓,0.392857,NS,11/15,5,3
Liver,CDK4,Myeloid,CR→AR,CR,AR,0.22664471,0.12859432,-43.29999923706055,↓,0.1,NS,9/9,3,3
Liver,CDK4,CD4_T,NL→IT,NL,IT,0.15234189,0.1414244,-7.199999809265137,↓,0.309524,NS,25/36,6,6
Liver,CDK4,CD4_T,NL→IA,NL,IA,0.15234189,0.14640296,-3.900000095367432,↓,0.662338,NS,18/30,6,5
Liver,CDK4,CD4_T,NL→AR,NL,AR,0.15234189,0.15506144,1.7999999523162842,↑,0.904762,NS,10/18,6,3
Liver,CDK4,CD4_T,NL→CR,NL,CR,0.15234189,0.16735725,9.899999618530272,↑,0.904762,NS,8/18,6,3
Liver,CDK4,CD4_T,IT→IA,IT,IA,0.1414244,0.14640296,3.5,↑,1.0,NS,15/30,6,5
Liver,CDK4,CD4_T,IA→AR,IA,AR,0.14640296,0.15506144,5.900000095367432,↑,1.0,NS,8/15,5,3
Liver,CDK4,CD4_T,CR→AR,CR,AR,0.16735725,0.15506144,-7.300000190734863,↓,1.0,NS,4/9,3,3
Liver,CDK4,CD8_T,NL→IT,NL,IT,0.13587953,0.132402,-2.5999999046325684,↓,0.937229,NS,17/36,6,6
Liver,CDK4,CD8_T,NL→IA,NL,IA,0.13587953,0.16206965,19.299999237060547,↑,0.792208,NS,17/30,6,5
Liver,CDK4,CD8_T,NL→AR,NL,AR,0.13587953,0.15852907,16.700000762939453,↑,0.380952,NS,13/18,6,3
Liver,CDK4,CD8_T,NL→CR,NL,CR,0.13587953,0.1397494,2.799999952316284,↑,1.0,NS,9/18,6,3
Liver,CDK4,CD8_T,IT→IA,IT,IA,0.132402,0.16206965,22.399999618530277,↑,0.792208,NS,17/30,6,5
Liver,CDK4,CD8_T,IA→AR,IA,AR,0.16206965,0.15852907,-2.200000047683716,↓,1.0,NS,7/15,5,3
Liver,CDK4,CD8_T,CR→AR,CR,AR,0.1397494,0.15852907,13.399999618530272,↑,1.0,NS,5/9,3,3
Liver,CDK4,NK,NL→IT,NL,IT,0.17393523,0.15346265,-11.800000190734863,↓,0.818182,NS,20/36,6,6
Liver,CDK4,NK,NL→IA,NL,IA,0.17393523,0.15898181,-8.600000381469727,↓,0.536797,NS,19/30,6,5
Liver,CDK4,NK,NL→AR,NL,AR,0.17393523,0.19171761,10.199999809265137,↑,0.547619,NS,12/18,6,3
Liver,CDK4,NK,NL→CR,NL,CR,0.17393523,0.18293893,5.199999809265137,↑,0.904762,NS,10/18,6,3
Liver,CDK4,NK,IT→IA,IT,IA,0.15346265,0.15898181,3.5999999046325684,↑,0.792208,NS,13/30,6,5
Liver,CDK4,NK,IA→AR,IA,AR,0.15898181,0.19171761,20.600000381469727,↑,0.571429,NS,10/15,5,3
Liver,CDK4,NK,CR→AR,CR,AR,0.18293893,0.19171761,4.800000190734863,↑,1.0,NS,5/9,3,3
Liver,CDK4,B,NL→IT,NL,IT,0.11182165,0.15322453,37.0,↑,0.360216,NS,20/30,6,5
Liver,CDK4,B,NL→IA,NL,IA,0.11182165,0.18623075,66.5,↑,0.177489,NS,23/30,6,5
Liver,CDK4,B,NL→AR,NL,AR,0.11182165,0.20066376,79.4000015258789,↑,0.547619,NS,12/18,6,3
Liver,CDK4,B,NL→CR,NL,CR,0.11182165,0.2136672,91.0999984741211,↑,0.166667,NS,15/18,6,3
Liver,CDK4,B,IT→IA,IT,IA,0.15322453,0.18623075,21.5,↑,0.690476,NS,15/25,5,5
Liver,CDK4,B,IA→AR,IA,AR,0.18623075,0.20066376,7.800000190734863,↑,1.0,NS,7/15,5,3
Liver,CDK4,B,CR→AR,CR,AR,0.2136672,0.20066376,-6.099999904632568,↓,0.7,NS,6/9,3,3
Liver,CDK4,PlasmaB,NL→IT,NL,IT,0.18015437,0.15977256,-11.300000190734863,↓,0.662338,NS,12/30,6,5
Liver,CDK4,PlasmaB,NL→IA,NL,IA,0.18015437,0.23162644,28.600000381469727,↑,0.329004,NS,21/30,6,5
Liver,CDK4,PlasmaB,NL→AR,NL,AR,0.18015437,0.19473784,8.100000381469727,↑,0.547619,NS,12/18,6,3
Liver,CDK4,PlasmaB,NL→CR,NL,CR,0.18015437,0.16590713,-7.900000095367432,↓,0.714286,NS,7/18,6,3
Liver,CDK4,PlasmaB,IT→IA,IT,IA,0.15977256,0.23162644,45.0,↑,0.309524,NS,18/25,5,5
Liver,CDK4,PlasmaB,IA→AR,IA,AR,0.23162644,0.19473784,-15.899999618530272,↓,1.0,NS,8/15,5,3
Liver,CDK4,PlasmaB,CR→AR,CR,AR,0.16590713,0.19473784,17.399999618530273,↑,1.0,NS,5/9,3,3
Liver,CDKN1A,Myeloid,NL→IT,NL,IT,1.4400473,1.5185027,5.400000095367432,↑,0.588745,NS,22/36,6,6
Liver,CDKN1A,Myeloid,NL→IA,NL,IA,1.4400473,1.2238104,-15.0,↓,0.662338,NS,18/30,6,5
Liver,CDKN1A,Myeloid,NL→AR,NL,AR,1.4400473,1.266375,-12.100000381469728,↓,0.904762,NS,10/18,6,3
Liver,CDKN1A,Myeloid,NL→CR,NL,CR,1.4400473,1.2524866,-13.0,↓,0.714286,NS,7/18,6,3
Liver,CDKN1A,Myeloid,IT→IA,IT,IA,1.5185027,1.2238104,-19.399999618530277,↓,0.428571,NS,20/30,6,5
Liver,CDKN1A,Myeloid,IA→AR,IA,AR,1.2238104,1.266375,3.5,↑,1.0,NS,8/15,5,3
Liver,CDKN1A,Myeloid,CR→AR,CR,AR,1.2524866,1.266375,1.100000023841858,↑,1.0,NS,5/9,3,3
Liver,CDKN1A,CD4_T,NL→IT,NL,IT,0.87232107,0.7760444,-11.0,↓,0.699134,NS,21/36,6,6
Liver,CDKN1A,CD4_T,NL→IA,NL,IA,0.87232107,0.6489347,-25.600000381469727,↓,0.428571,NS,20/30,6,5
Liver,CDKN1A,CD4_T,NL→AR,NL,AR,0.87232107,0.51387936,-41.09999847412109,↓,0.261905,NS,14/18,6,3
Liver,CDKN1A,CD4_T,NL→CR,NL,CR,0.87232107,0.59647757,-31.600000381469727,↓,0.547619,NS,12/18,6,3
Liver,CDKN1A,CD4_T,IT→IA,IT,IA,0.7760444,0.6489347,-16.399999618530273,↓,0.930736,NS,16/30,6,5
Liver,CDKN1A,CD4_T,IA→AR,IA,AR,0.6489347,0.51387936,-20.799999237060547,↓,0.785714,NS,9/15,5,3
Liver,CDKN1A,CD4_T,CR→AR,CR,AR,0.59647757,0.51387936,-13.800000190734863,↓,0.7,NS,6/9,3,3
Liver,CDKN1A,CD8_T,NL→IT,NL,IT,0.7606447,0.7181926,-5.599999904632568,↓,0.699134,NS,21/36,6,6
Liver,CDKN1A,CD8_T,NL→IA,NL,IA,0.7606447,0.47610873,-37.400001525878906,↓,0.177489,NS,23/30,6,5
Liver,CDKN1A,CD8_T,NL→AR,NL,AR,0.7606447,0.35694638,-53.09999847412109,↓,0.047619,*,17/18,6,3
Liver,CDKN1A,CD8_T,NL→CR,NL,CR,0.7606447,0.4456272,-41.400001525878906,↓,0.166667,NS,15/18,6,3
Liver,CDKN1A,CD8_T,IT→IA,IT,IA,0.7181926,0.47610873,-33.70000076293945,↓,0.329004,NS,21/30,6,5
Liver,CDKN1A,CD8_T,IA→AR,IA,AR,0.47610873,0.35694638,-25.0,↓,0.785714,NS,9/15,5,3
Liver,CDKN1A,CD8_T,CR→AR,CR,AR,0.4456272,0.35694638,-19.899999618530277,↓,0.7,NS,6/9,3,3
Liver,CDKN1A,NK,NL→IT,NL,IT,0.41633976,0.49747017,19.5,↑,0.393939,NS,24/36,6,6
Liver,CDKN1A,NK,NL→IA,NL,IA,0.41633976,0.4252922,2.200000047683716,↑,0.792208,NS,17/30,6,5
Liver,CDKN1A,NK,NL→AR,NL,AR,0.41633976,0.32206756,-22.600000381469727,↓,0.547619,NS,12/18,6,3
Liver,CDKN1A,NK,NL→CR,NL,CR,0.41633976,0.36867034,-11.399999618530272,↓,1.0,NS,9/18,6,3
Liver,CDKN1A,NK,IT→IA,IT,IA,0.49747017,0.4252922,-14.5,↓,0.792208,NS,17/30,6,5
Liver,CDKN1A,NK,IA→AR,IA,AR,0.4252922,0.32206756,-24.299999237060547,↓,0.571429,NS,10/15,5,3
Liver,CDKN1A,NK,CR→AR,CR,AR,0.36867034,0.32206756,-12.600000381469728,↓,0.7,NS,6/9,3,3
Liver,CDKN1A,B,NL→IT,NL,IT,1.0465654,1.160423,10.899999618530272,↑,0.792208,NS,17/30,6,5
Liver,CDKN1A,B,NL→IA,NL,IA,1.0465654,0.9273478,-11.399999618530272,↓,0.792208,NS,17/30,6,5
Liver,CDKN1A,B,NL→AR,NL,AR,1.0465654,0.7018575,-32.900001525878906,↓,0.166667,NS,15/18,6,3
Liver,CDKN1A,B,NL→CR,NL,CR,1.0465654,0.71091175,-32.099998474121094,↓,0.380952,NS,13/18,6,3
Liver,CDKN1A,B,IT→IA,IT,IA,1.160423,0.9273478,-20.100000381469727,↓,0.547619,NS,16/25,5,5
Liver,CDKN1A,B,IA→AR,IA,AR,0.9273478,0.7018575,-24.299999237060547,↓,0.571429,NS,10/15,5,3
Liver,CDKN1A,B,CR→AR,CR,AR,0.71091175,0.7018575,-1.2999999523162842,↓,0.7,NS,6/9,3,3
Liver,CDKN1A,PlasmaB,NL→IT,NL,IT,0.9455891,1.4930073,57.900001525878906,↑,0.017316,*,28/30,6,5
Liver,CDKN1A,PlasmaB,NL→IA,NL,IA,0.9455891,1.2792244,35.29999923706055,↑,0.246753,NS,22/30,6,5
Liver,CDKN1A,PlasmaB,NL→AR,NL,AR,0.9455891,0.78145784,-17.399999618530273,↓,0.380952,NS,13/18,6,3
Liver,CDKN1A,PlasmaB,NL→CR,NL,CR,0.9455891,1.0560201,11.699999809265137,↑,0.904762,NS,10/18,6,3
Liver,CDKN1A,PlasmaB,IT→IA,IT,IA,1.4930073,1.2792244,-14.300000190734863,↓,0.84127,NS,14/25,5,5
Liver,CDKN1A,PlasmaB,IA→AR,IA,AR,1.2792244,0.78145784,-38.900001525878906,↓,0.25,NS,12/15,5,3
Liver,CDKN1A,PlasmaB,CR→AR,CR,AR,1.0560201,0.78145784,-26.0,↓,0.7,NS,6/9,3,3
Liver,CDKN2A,Myeloid,NL→IT,NL,IT,0.0,0.002347342,99999.0,↑,0.175734,NS,12/36,6,6
Liver,CDKN2A,Myeloid,NL→IA,NL,IA,0.0,0.0016107382,99999.0,↑,0.13638,NS,12/30,6,5
Liver,CDKN2A,Myeloid,NL→AR,NL,AR,0.0,0.0076374863,99999.0,↑,0.238593,NS,6/18,6,3
Liver,CDKN2A,Myeloid,NL→CR,NL,CR,0.0,0.008345203,99999.0,↑,0.238593,NS,6/18,6,3
Liver,CDKN2A,Myeloid,IT→IA,IT,IA,0.002347342,0.0016107382,-31.399999618530277,↓,1.0,NS,9/30,6,5
Liver,CDKN2A,Myeloid,IA→AR,IA,AR,0.0016107382,0.0076374863,374.2000122070313,↑,1.0,NS,5/15,5,3
Liver,CDKN2A,Myeloid,CR→AR,CR,AR,0.008345203,0.0076374863,-8.5,↓,1.0,NS,3/9,3,3
Liver,CDKN2A,CD4_T,NL→IT,NL,IT,0.08223025,0.085330665,3.799999952316284,↑,0.484848,NS,23/36,6,6
Liver,CDKN2A,CD4_T,NL→IA,NL,IA,0.08223025,0.07244082,-11.899999618530272,↓,0.930736,NS,14/30,6,5
Liver,CDKN2A,CD4_T,NL→AR,NL,AR,0.08223025,0.073788665,-10.300000190734863,↓,0.904762,NS,8/18,6,3
Liver,CDKN2A,CD4_T,NL→CR,NL,CR,0.08223025,0.08339008,1.399999976158142,↑,0.714286,NS,11/18,6,3
Liver,CDKN2A,CD4_T,IT→IA,IT,IA,0.085330665,0.07244082,-15.100000381469728,↓,0.792208,NS,17/30,6,5
Liver,CDKN2A,CD4_T,IA→AR,IA,AR,0.07244082,0.073788665,1.899999976158142,↑,1.0,NS,8/15,5,3
Liver,CDKN2A,CD4_T,CR→AR,CR,AR,0.08339008,0.073788665,-11.5,↓,0.7,NS,6/9,3,3
Liver,CDKN2A,CD8_T,NL→IT,NL,IT,0.115844674,0.13784859,19.0,↑,0.309524,NS,25/36,6,6
Liver,CDKN2A,CD8_T,NL→IA,NL,IA,0.115844674,0.14336331,23.799999237060547,↑,0.428571,NS,20/30,6,5
Liver,CDKN2A,CD8_T,NL→AR,NL,AR,0.115844674,0.15580995,34.5,↑,0.380952,NS,13/18,6,3
Liver,CDKN2A,CD8_T,NL→CR,NL,CR,0.115844674,0.10506028,-9.300000190734863,↓,1.0,NS,9/18,6,3
Liver,CDKN2A,CD8_T,IT→IA,IT,IA,0.13784859,0.14336331,4.0,↑,0.428571,NS,20/30,6,5
Liver,CDKN2A,CD8_T,IA→AR,IA,AR,0.14336331,0.15580995,8.699999809265137,↑,0.785714,NS,9/15,5,3
Liver,CDKN2A,CD8_T,CR→AR,CR,AR,0.10506028,0.15580995,48.29999923706055,↑,0.4,NS,7/9,3,3
Liver,CDKN2A,NK,NL→IT,NL,IT,0.11090409,0.05535054,-50.09999847412109,↓,0.179654,NS,27/36,6,6
Liver,CDKN2A,NK,NL→IA,NL,IA,0.11090409,0.04956705,-55.29999923706055,↓,0.030303,*,27/30,6,5
Liver,CDKN2A,NK,NL→AR,NL,AR,0.11090409,0.053459335,-51.79999923706055,↓,0.166667,NS,15/18,6,3
Liver,CDKN2A,NK,NL→CR,NL,CR,0.11090409,0.053529482,-51.70000076293945,↓,0.166667,NS,15/18,6,3
Liver,CDKN2A,NK,IT→IA,IT,IA,0.05535054,0.04956705,-10.399999618530272,↓,0.930736,NS,14/30,6,5
Liver,CDKN2A,NK,IA→AR,IA,AR,0.04956705,0.053459335,7.900000095367432,↑,1.0,NS,8/15,5,3
Liver,CDKN2A,NK,CR→AR,CR,AR,0.053529482,0.053459335,-0.1000000014901161,↓,0.7,NS,3/9,3,3
Liver,CDKN2A,B,NL→IT,NL,IT,0.022874536,0.04216124,84.30000305175781,↑,0.645055,NS,17/30,6,5
Liver,CDKN2A,B,NL→IA,NL,IA,0.022874536,0.032834124,43.5,↑,0.410248,NS,20/30,6,5
Liver,CDKN2A,B,NL→AR,NL,AR,0.022874536,0.022605939,-1.2000000476837158,↓,0.892738,NS,8/18,6,3
Liver,CDKN2A,B,NL→CR,NL,CR,0.022874536,0.033639137,47.09999847412109,↑,0.697334,NS,11/18,6,3
Liver,CDKN2A,B,IT→IA,IT,IA,0.04216124,0.032834124,-22.100000381469727,↓,0.84127,NS,11/25,5,5
Liver,CDKN2A,B,IA→AR,IA,AR,0.032834124,0.022605939,-31.200000762939453,↓,0.548595,NS,10/15,5,3
Liver,CDKN2A,B,CR→AR,CR,AR,0.033639137,0.022605939,-32.79999923706055,↓,0.657905,NS,6/9,3,3
Liver,CDKN2A,PlasmaB,NL→IT,NL,IT,0.17668849,0.066974975,-62.09999847412109,↓,0.017316,*,28/30,6,5
Liver,CDKN2A,PlasmaB,NL→IA,NL,IA,0.17668849,0.10869465,-38.5,↓,0.177489,NS,23/30,6,5
Liver,CDKN2A,PlasmaB,NL→AR,NL,AR,0.17668849,0.025475616,-85.5999984741211,↓,0.02381,*,18/18,6,3
Liver,CDKN2A,PlasmaB,NL→CR,NL,CR,0.17668849,0.066724055,-62.20000076293945,↓,0.047619,*,17/18,6,3
Liver,CDKN2A,PlasmaB,IT→IA,IT,IA,0.066974975,0.10869465,62.29999923706055,↑,0.547619,NS,16/25,5,5
Liver,CDKN2A,PlasmaB,IA→AR,IA,AR,0.10869465,0.025475616,-76.5999984741211,↓,0.071429,†,14/15,5,3
Liver,CDKN2A,PlasmaB,CR→AR,CR,AR,0.066724055,0.025475616,-61.79999923706055,↓,0.4,NS,7/9,3,3
Liver,COL1A1,Myeloid,NL→IT,NL,IT,0.002499519,0.00089005654,-64.4000015258789,↓,1.0,NS,6/36,6,6
Liver,COL1A1,Myeloid,NL→IA,NL,IA,0.002499519,0.0,-100.0,↓,0.465209,NS,5/30,6,5
Liver,COL1A1,Myeloid,NL→AR,NL,AR,0.002499519,0.0021980314,-12.100000381469728,↓,0.859684,NS,3/18,6,3
Liver,COL1A1,Myeloid,NL→CR,NL,CR,0.002499519,0.0,-100.0,↓,0.637352,NS,3/18,6,3
Liver,COL1A1,Myeloid,IT→IA,IT,IA,0.00089005654,0.0,-100.0,↓,0.465209,NS,5/30,6,5
Liver,COL1A1,Myeloid,IA→AR,IA,AR,0.0,0.0021980314,99999.0,↑,0.3017,NS,5/15,5,3
Liver,COL1A1,Myeloid,CR→AR,CR,AR,0.0,0.0021980314,99999.0,↑,0.504985,NS,3/9,3,3
Liver,COL1A1,CD4_T,NL→IT,NL,IT,0.009073836,0.0150799705,66.19999694824219,↑,0.199397,NS,26/36,6,6
Liver,COL1A1,CD4_T,NL→IA,NL,IA,0.009073836,0.009441298,4.0,↑,1.0,NS,15/30,6,5
Liver,COL1A1,CD4_T,NL→AR,NL,AR,0.009073836,0.006726362,-25.899999618530277,↓,0.714286,NS,11/18,6,3
Liver,COL1A1,CD4_T,NL→CR,NL,CR,0.009073836,0.0071907747,-20.799999237060547,↓,1.0,NS,9/18,6,3
Liver,COL1A1,CD4_T,IT→IA,IT,IA,0.0150799705,0.009441298,-37.400001525878906,↓,0.272229,NS,21/30,6,5
Liver,COL1A1,CD4_T,IA→AR,IA,AR,0.009441298,0.006726362,-28.799999237060547,↓,0.571429,NS,10/15,5,3
Liver,COL1A1,CD4_T,CR→AR,CR,AR,0.0071907747,0.006726362,-6.5,↓,1.0,NS,4/9,3,3
Liver,COL1A1,CD8_T,NL→IT,NL,IT,0.011390547,0.011307242,-0.699999988079071,↓,1.0,NS,17/36,6,6
Liver,COL1A1,CD8_T,NL→IA,NL,IA,0.011390547,0.0093643535,-17.799999237060547,↓,0.854805,NS,16/30,6,5
Liver,COL1A1,CD8_T,NL→AR,NL,AR,0.011390547,0.0031599782,-72.30000305175781,↓,0.166667,NS,15/18,6,3
Liver,COL1A1,CD8_T,NL→CR,NL,CR,0.011390547,0.0072215237,-36.59999847412109,↓,0.714286,NS,11/18,6,3
Liver,COL1A1,CD8_T,IT→IA,IT,IA,0.011307242,0.0093643535,-17.200000762939453,↓,0.583025,NS,18/30,6,5
Liver,COL1A1,CD8_T,IA→AR,IA,AR,0.0093643535,0.0031599782,-66.30000305175781,↓,0.392857,NS,11/15,5,3
Liver,COL1A1,CD8_T,CR→AR,CR,AR,0.0072215237,0.0031599782,-56.20000076293945,↓,0.7,NS,6/9,3,3
Liver,COL1A1,NK,NL→IT,NL,IT,0.0066506006,0.0024063524,-63.79999923706055,↓,0.015152,*,33/36,6,6
Liver,COL1A1,NK,NL→IA,NL,IA,0.0066506006,0.0057570497,-13.399999618530272,↓,0.536797,NS,19/30,6,5
Liver,COL1A1,NK,NL→AR,NL,AR,0.0066506006,0.00076310727,-88.5,↓,0.051822,†,17/18,6,3
Liver,COL1A1,NK,NL→CR,NL,CR,0.0066506006,0.003769033,-43.29999923706055,↓,0.380952,NS,13/18,6,3
Liver,COL1A1,NK,IT→IA,IT,IA,0.0024063524,0.0057570497,139.1999969482422,↑,0.360216,NS,20/30,6,5
Liver,COL1A1,NK,IA→AR,IA,AR,0.0057570497,0.00076310727,-86.69999694824219,↓,0.2217,NS,11/15,5,3
Liver,COL1A1,NK,CR→AR,CR,AR,0.003769033,0.00076310727,-79.80000305175781,↓,0.353679,NS,6/9,3,3
Liver,COL1A1,B,NL→IT,NL,IT,0.0071702735,0.01321196,84.30000305175781,↑,0.388861,NS,17/30,6,5
Liver,COL1A1,B,NL→IA,NL,IA,0.0071702735,0.012974563,80.9000015258789,↑,0.632142,NS,15/30,6,5
Liver,COL1A1,B,NL→AR,NL,AR,0.0071702735,0.0,-100.0,↓,0.219768,NS,9/18,6,3
Liver,COL1A1,B,NL→CR,NL,CR,0.0071702735,0.005884266,-17.899999618530273,↓,1.0,NS,7/18,6,3
Liver,COL1A1,B,IT→IA,IT,IA,0.01321196,0.012974563,-1.7999999523162842,↓,1.0,NS,11/25,5,5
Liver,COL1A1,B,IA→AR,IA,AR,0.012974563,0.0,-100.0,↓,0.171857,NS,9/15,5,3
Liver,COL1A1,B,CR→AR,CR,AR,0.005884266,0.0,-100.0,↓,0.196706,NS,6/9,3,3
Liver,COL1A1,PlasmaB,NL→IT,NL,IT,0.001585221,0.0031361184,97.8000030517578,↑,0.907569,NS,6/30,6,5
Liver,COL1A1,PlasmaB,NL→IA,NL,IA,0.001585221,0.0,-100.0,↓,0.222994,NS,10/30,6,5
Liver,COL1A1,PlasmaB,NL→AR,NL,AR,0.001585221,0.0041123643,159.39999389648438,↑,0.878088,NS,6/18,6,3
Liver,COL1A1,PlasmaB,NL→CR,NL,CR,0.001585221,0.0,-100.0,↓,0.376759,NS,6/18,6,3
Liver,COL1A1,PlasmaB,IT→IA,IT,IA,0.0031361184,0.0,-100.0,↓,0.423711,NS,5/25,5,5
Liver,COL1A1,PlasmaB,IA→AR,IA,AR,0.0,0.0041123643,99999.0,↑,0.3017,NS,5/15,5,3
Liver,COL1A1,PlasmaB,CR→AR,CR,AR,0.0,0.0041123643,99999.0,↑,0.504985,NS,3/9,3,3
Liver,COL3A1,Myeloid,NL→IT,NL,IT,0.0,0.00089005654,99999.0,↑,0.404657,NS,6/36,6,6
Liver,COL3A1,Myeloid,NL→IA,NL,IA,0.0,0.0,0.0,↑,1.0,NS,0/30,6,5
Liver,COL3A1,Myeloid,NL→AR,NL,AR,0.0,0.0,0.0,↑,1.0,NS,0/18,6,3
Liver,COL3A1,Myeloid,NL→CR,NL,CR,0.0,0.0,0.0,↑,1.0,NS,0/18,6,3
Liver,COL3A1,Myeloid,IT→IA,IT,IA,0.00089005654,0.0,-100.0,↓,0.465209,NS,5/30,6,5
Liver,COL3A1,Myeloid,IA→AR,IA,AR,0.0,0.0,0.0,↑,1.0,NS,0/15,5,3
Liver,COL3A1,Myeloid,CR→AR,CR,AR,0.0,0.0,0.0,↑,1.0,NS,0/9,3,3
Liver,COL3A1,CD4_T,NL→IT,NL,IT,0.0,0.0,0.0,↑,1.0,NS,0/36,6,6
Liver,COL3A1,CD4_T,NL→IA,NL,IA,0.0,0.0,0.0,↑,1.0,NS,0/30,6,5
Liver,COL3A1,CD4_T,NL→AR,NL,AR,0.0,0.0,0.0,↑,1.0,NS,0/18,6,3
Liver,COL3A1,CD4_T,NL→CR,NL,CR,0.0,0.0,0.0,↑,1.0,NS,0/18,6,3
Liver,COL3A1,CD4_T,IT→IA,IT,IA,0.0,0.0,0.0,↑,1.0,NS,0/30,6,5
Liver,COL3A1,CD4_T,IA→AR,IA,AR,0.0,0.0,0.0,↑,1.0,NS,0/15,5,3
Liver,COL3A1,CD4_T,CR→AR,CR,AR,0.0,0.0,0.0,↑,1.0,NS,0/9,3,3
Liver,COL3A1,CD8_T,NL→IT,NL,IT,0.0,0.0,0.0,↑,1.0,NS,0/36,6,6
Liver,COL3A1,CD8_T,NL→IA,NL,IA,0.0,0.0,0.0,↑,1.0,NS,0/30,6,5
Liver,COL3A1,CD8_T,NL→AR,NL,AR,0.0,0.00031813272,99999.0,↑,0.05183,†,12/18,6,3
Liver,COL3A1,CD8_T,NL→CR,NL,CR,0.0,0.0,0.0,↑,1.0,NS,0/18,6,3
Liver,COL3A1,CD8_T,IT→IA,IT,IA,0.0,0.0,0.0,↑,1.0,NS,0/30,6,5
Liver,COL3A1,CD8_T,IA→AR,IA,AR,0.0,0.00031813272,99999.0,↑,0.078983,†,10/15,5,3
Liver,COL3A1,CD8_T,CR→AR,CR,AR,0.0,0.00031813272,99999.0,↑,0.196706,NS,6/9,3,3
Liver,COL3A1,NK,NL→IT,NL,IT,0.0,0.0,0.0,↑,1.0,NS,0/36,6,6
Liver,COL3A1,NK,NL→IA,NL,IA,0.0,0.0,0.0,↑,1.0,NS,0/30,6,5
Liver,COL3A1,NK,NL→AR,NL,AR,0.0,0.0,0.0,↑,1.0,NS,0/18,6,3
Liver,COL3A1,NK,NL→CR,NL,CR,0.0,0.0,0.0,↑,1.0,NS,0/18,6,3
Liver,COL3A1,NK,IT→IA,IT,IA,0.0,0.0,0.0,↑,1.0,NS,0/30,6,5
Liver,COL3A1,NK,IA→AR,IA,AR,0.0,0.0,0.0,↑,1.0,NS,0/15,5,3
Liver,COL3A1,NK,CR→AR,CR,AR,0.0,0.0,0.0,↑,1.0,NS,0/9,3,3
Liver,COL3A1,B,NL→IT,NL,IT,0.0,0.0,0.0,↑,1.0,NS,0/30,6,5
Liver,COL3A1,B,NL→IA,NL,IA,0.0,0.0,0.0,↑,1.0,NS,0/30,6,5
Liver,COL3A1,B,NL→AR,NL,AR,0.0,0.0,0.0,↑,1.0,NS,0/18,6,3
Liver,COL3A1,B,NL→CR,NL,CR,0.0,0.0,0.0,↑,1.0,NS,0/18,6,3
Liver,COL3A1,B,IT→IA,IT,IA,0.0,0.0,0.0,↑,1.0,NS,0/25,5,5
Liver,COL3A1,B,IA→AR,IA,AR,0.0,0.0,0.0,↑,1.0,NS,0/15,5,3
Liver,COL3A1,B,CR→AR,CR,AR,0.0,0.0,0.0,↑,1.0,NS,0/9,3,3
Liver,COL3A1,PlasmaB,NL→IT,NL,IT,0.0,0.0,0.0,↑,1.0,NS,0/30,6,5
Liver,COL3A1,PlasmaB,NL→IA,NL,IA,0.0,0.0,0.0,↑,1.0,NS,0/30,6,5
Liver,COL3A1,PlasmaB,NL→AR,NL,AR,0.0,0.0,0.0,↑,1.0,NS,0/18,6,3
Liver,COL3A1,PlasmaB,NL→CR,NL,CR,0.0,0.0,0.0,↑,1.0,NS,0/18,6,3
Liver,COL3A1,PlasmaB,IT→IA,IT,IA,0.0,0.0,0.0,↑,1.0,NS,0/25,5,5
Liver,COL3A1,PlasmaB,IA→AR,IA,AR,0.0,0.0,0.0,↑,1.0,NS,0/15,5,3
Liver,COL3A1,PlasmaB,CR→AR,CR,AR,0.0,0.0,0.0,↑,1.0,NS,0/9,3,3
Liver,COX4I1,Myeloid,NL→IT,NL,IT,2.4770641,2.2678554,-8.399999618530273,↓,0.484848,NS,23/36,6,6
Liver,COX4I1,Myeloid,NL→IA,NL,IA,2.4770641,2.4425244,-1.399999976158142,↓,0.662338,NS,18/30,6,5
Liver,COX4I1,Myeloid,NL→AR,NL,AR,2.4770641,2.6130376,5.5,↑,0.547619,NS,12/18,6,3
Liver,COX4I1,Myeloid,NL→CR,NL,CR,2.4770641,2.4202979,-2.299999952316284,↓,0.547619,NS,12/18,6,3
Liver,COX4I1,Myeloid,IT→IA,IT,IA,2.2678554,2.4425244,7.699999809265137,↑,0.792208,NS,17/30,6,5
Liver,COX4I1,Myeloid,IA→AR,IA,AR,2.4425244,2.6130376,7.0,↑,0.785714,NS,9/15,5,3
Liver,COX4I1,Myeloid,CR→AR,CR,AR,2.4202979,2.6130376,8.0,↑,0.7,NS,6/9,3,3
Liver,COX4I1,CD4_T,NL→IT,NL,IT,2.2200425,2.276743,2.5999999046325684,↑,0.699134,NS,21/36,6,6
Liver,COX4I1,CD4_T,NL→IA,NL,IA,2.2200425,2.286843,3.0,↑,0.930736,NS,16/30,6,5
Liver,COX4I1,CD4_T,NL→AR,NL,AR,2.2200425,2.2896793,3.0999999046325684,↑,0.547619,NS,12/18,6,3
Liver,COX4I1,CD4_T,NL→CR,NL,CR,2.2200425,2.3031626,3.700000047683716,↑,0.714286,NS,11/18,6,3
Liver,COX4I1,CD4_T,IT→IA,IT,IA,2.276743,2.286843,0.4000000059604645,↑,0.930736,NS,14/30,6,5
Liver,COX4I1,CD4_T,IA→AR,IA,AR,2.286843,2.2896793,0.1000000014901161,↑,0.785714,NS,9/15,5,3
Liver,COX4I1,CD4_T,CR→AR,CR,AR,2.3031626,2.2896793,-0.6000000238418579,↓,1.0,NS,5/9,3,3
Liver,COX4I1,CD8_T,NL→IT,NL,IT,2.1511357,2.0781846,-3.400000095367432,↓,1.0,NS,18/36,6,6
Liver,COX4I1,CD8_T,NL→IA,NL,IA,2.1511357,2.1977558,2.200000047683716,↑,0.536797,NS,11/30,6,5
Liver,COX4I1,CD8_T,NL→AR,NL,AR,2.1511357,2.1703036,0.8999999761581421,↑,1.0,NS,9/18,6,3
Liver,COX4I1,CD8_T,NL→CR,NL,CR,2.1511357,2.1698077,0.8999999761581421,↑,0.904762,NS,10/18,6,3
Liver,COX4I1,CD8_T,IT→IA,IT,IA,2.0781846,2.1977558,5.800000190734863,↑,1.0,NS,15/30,6,5
Liver,COX4I1,CD8_T,IA→AR,IA,AR,2.1977558,2.1703036,-1.2000000476837158,↓,0.571429,NS,5/15,5,3
Liver,COX4I1,CD8_T,CR→AR,CR,AR,2.1698077,2.1703036,0.0,↑,0.7,NS,3/9,3,3
Liver,COX4I1,NK,NL→IT,NL,IT,2.0966218,2.0626128,-1.600000023841858,↓,0.818182,NS,20/36,6,6
Liver,COX4I1,NK,NL→IA,NL,IA,2.0966218,2.00672,-4.300000190734863,↓,0.536797,NS,19/30,6,5
Liver,COX4I1,NK,NL→AR,NL,AR,2.0966218,2.1161919,0.8999999761581421,↑,0.714286,NS,11/18,6,3
Liver,COX4I1,NK,NL→CR,NL,CR,2.0966218,2.05944,-1.7999999523162842,↓,0.547619,NS,12/18,6,3
Liver,COX4I1,NK,IT→IA,IT,IA,2.0626128,2.00672,-2.700000047683716,↓,0.662338,NS,18/30,6,5
Liver,COX4I1,NK,IA→AR,IA,AR,2.00672,2.1161919,5.5,↑,0.785714,NS,9/15,5,3
Liver,COX4I1,NK,CR→AR,CR,AR,2.05944,2.1161919,2.799999952316284,↑,0.7,NS,6/9,3,3
Liver,COX4I1,B,NL→IT,NL,IT,2.4676297,2.2918425,-7.099999904632568,↓,0.536797,NS,19/30,6,5
Liver,COX4I1,B,NL→IA,NL,IA,2.4676297,2.4294598,-1.5,↓,0.930736,NS,16/30,6,5
Liver,COX4I1,B,NL→AR,NL,AR,2.4676297,2.5931954,5.099999904632568,↑,0.547619,NS,12/18,6,3
Liver,COX4I1,B,NL→CR,NL,CR,2.4676297,2.497714,1.2000000476837158,↑,0.904762,NS,10/18,6,3
Liver,COX4I1,B,IT→IA,IT,IA,2.2918425,2.4294598,6.0,↑,1.0,NS,13/25,5,5
Liver,COX4I1,B,IA→AR,IA,AR,2.4294598,2.5931954,6.699999809265137,↑,0.785714,NS,9/15,5,3
Liver,COX4I1,B,CR→AR,CR,AR,2.497714,2.5931954,3.799999952316284,↑,0.2,NS,8/9,3,3
Liver,COX4I1,PlasmaB,NL→IT,NL,IT,1.4669346,1.8526608,26.299999237060547,↑,0.082251,†,25/30,6,5
Liver,COX4I1,PlasmaB,NL→IA,NL,IA,1.4669346,2.191241,49.400001525878906,↑,0.008658,**,29/30,6,5
Liver,COX4I1,PlasmaB,NL→AR,NL,AR,1.4669346,2.297514,56.59999847412109,↑,0.02381,*,18/18,6,3
Liver,COX4I1,PlasmaB,NL→CR,NL,CR,1.4669346,1.8837686,28.399999618530277,↑,0.047619,*,17/18,6,3
Liver,COX4I1,PlasmaB,IT→IA,IT,IA,1.8526608,2.191241,18.299999237060547,↑,0.095238,†,21/25,5,5
Liver,COX4I1,PlasmaB,IA→AR,IA,AR,2.191241,2.297514,4.800000190734863,↑,1.0,NS,8/15,5,3
Liver,COX4I1,PlasmaB,CR→AR,CR,AR,1.8837686,2.297514,22.0,↑,0.2,NS,8/9,3,3
Liver,CPT1A,Myeloid,NL→IT,NL,IT,0.13350278,0.15104802,13.100000381469728,↑,0.588745,NS,22/36,6,6
Liver,CPT1A,Myeloid,NL→IA,NL,IA,0.13350278,0.14594209,9.300000190734863,↑,0.930736,NS,16/30,6,5
Liver,CPT1A,Myeloid,NL→AR,NL,AR,0.13350278,0.14929856,11.800000190734863,↑,0.904762,NS,10/18,6,3
Liver,CPT1A,Myeloid,NL→CR,NL,CR,0.13350278,0.19737692,47.79999923706055,↑,0.261905,NS,14/18,6,3
Liver,CPT1A,Myeloid,IT→IA,IT,IA,0.15104802,0.14594209,-3.400000095367432,↓,0.854805,NS,13/30,6,5
Liver,CPT1A,Myeloid,IA→AR,IA,AR,0.14594209,0.14929856,2.299999952316284,↑,1.0,NS,7/15,5,3
Liver,CPT1A,Myeloid,CR→AR,CR,AR,0.19737692,0.14929856,-24.399999618530277,↓,1.0,NS,5/9,3,3
Liver,CPT1A,CD4_T,NL→IT,NL,IT,0.104174614,0.09965704,-4.300000190734863,↓,0.937229,NS,19/36,6,6
Liver,CPT1A,CD4_T,NL→IA,NL,IA,0.104174614,0.1447512,39.0,↑,0.792208,NS,17/30,6,5
Liver,CPT1A,CD4_T,NL→AR,NL,AR,0.104174614,0.1222576,17.399999618530273,↑,0.547619,NS,12/18,6,3
Liver,CPT1A,CD4_T,NL→CR,NL,CR,0.104174614,0.10100361,-3.0,↓,0.904762,NS,10/18,6,3
Liver,CPT1A,CD4_T,IT→IA,IT,IA,0.09965704,0.1447512,45.20000076293945,↑,0.428571,NS,20/30,6,5
Liver,CPT1A,CD4_T,IA→AR,IA,AR,0.1447512,0.1222576,-15.5,↓,1.0,NS,7/15,5,3
Liver,CPT1A,CD4_T,CR→AR,CR,AR,0.10100361,0.1222576,21.0,↑,0.7,NS,6/9,3,3
Liver,CPT1A,CD8_T,NL→IT,NL,IT,0.1326436,0.13415073,1.100000023841858,↑,0.699134,NS,15/36,6,6
Liver,CPT1A,CD8_T,NL→IA,NL,IA,0.1326436,0.19201753,44.79999923706055,↑,0.428571,NS,20/30,6,5
Liver,CPT1A,CD8_T,NL→AR,NL,AR,0.1326436,0.16059893,21.100000381469727,↑,0.547619,NS,12/18,6,3
Liver,CPT1A,CD8_T,NL→CR,NL,CR,0.1326436,0.14568652,9.800000190734863,↑,0.714286,NS,11/18,6,3
Liver,CPT1A,CD8_T,IT→IA,IT,IA,0.13415073,0.19201753,43.09999847412109,↑,0.536797,NS,19/30,6,5
Liver,CPT1A,CD8_T,IA→AR,IA,AR,0.19201753,0.16059893,-16.399999618530273,↓,0.785714,NS,9/15,5,3
Liver,CPT1A,CD8_T,CR→AR,CR,AR,0.14568652,0.16059893,10.199999809265137,↑,0.7,NS,6/9,3,3
Liver,CPT1A,NK,NL→IT,NL,IT,0.16426058,0.16945879,3.200000047683716,↑,0.699134,NS,21/36,6,6
Liver,CPT1A,NK,NL→IA,NL,IA,0.16426058,0.21596554,31.5,↑,0.792208,NS,17/30,6,5
Liver,CPT1A,NK,NL→AR,NL,AR,0.16426058,0.16853647,2.5999999046325684,↑,0.904762,NS,10/18,6,3
Liver,CPT1A,NK,NL→CR,NL,CR,0.16426058,0.14545113,-11.5,↓,1.0,NS,9/18,6,3
Liver,CPT1A,NK,IT→IA,IT,IA,0.16945879,0.21596554,27.399999618530277,↑,0.930736,NS,16/30,6,5
Liver,CPT1A,NK,IA→AR,IA,AR,0.21596554,0.16853647,-22.0,↓,1.0,NS,7/15,5,3
Liver,CPT1A,NK,CR→AR,CR,AR,0.14545113,0.16853647,15.899999618530272,↑,0.7,NS,6/9,3,3
Liver,CPT1A,B,NL→IT,NL,IT,0.03165094,0.037587028,18.799999237060547,↑,0.310863,NS,20/30,6,5
Liver,CPT1A,B,NL→IA,NL,IA,0.03165094,0.08376685,164.6999969482422,↑,0.054681,†,26/30,6,5
Liver,CPT1A,B,NL→AR,NL,AR,0.03165094,0.059840586,89.0999984741211,↑,0.36415,NS,13/18,6,3
Liver,CPT1A,B,NL→CR,NL,CR,0.03165094,0.028027074,-11.399999618530272,↓,0.516853,NS,6/18,6,3
Liver,CPT1A,B,IT→IA,IT,IA,0.037587028,0.08376685,122.9000015258789,↑,0.150794,NS,20/25,5,5
Liver,CPT1A,B,IA→AR,IA,AR,0.08376685,0.059840586,-28.600000381469727,↓,1.0,NS,8/15,5,3
Liver,CPT1A,B,CR→AR,CR,AR,0.028027074,0.059840586,113.5,↑,0.4,NS,7/9,3,3
Liver,CPT1A,PlasmaB,NL→IT,NL,IT,0.06977154,0.15730926,125.5,↑,0.119846,NS,24/30,6,5
Liver,CPT1A,PlasmaB,NL→IA,NL,IA,0.06977154,0.22311857,219.8000030517578,↑,0.166994,NS,22/30,6,5
Liver,CPT1A,PlasmaB,NL→AR,NL,AR,0.06977154,0.23092102,231.0,↑,0.051822,†,17/18,6,3
Liver,CPT1A,PlasmaB,NL→CR,NL,CR,0.06977154,0.17657296,153.10000610351562,↑,0.091925,†,16/18,6,3
Liver,CPT1A,PlasmaB,IT→IA,IT,IA,0.15730926,0.22311857,41.79999923706055,↑,0.547619,NS,16/25,5,5
Liver,CPT1A,PlasmaB,IA→AR,IA,AR,0.22311857,0.23092102,3.5,↑,1.0,NS,8/15,5,3
Liver,CPT1A,PlasmaB,CR→AR,CR,AR,0.17657296,0.23092102,30.799999237060547,↑,0.4,NS,7/9,3,3
Liver,CTLA4,Myeloid,NL→IT,NL,IT,0.004892666,0.039808303,713.5999755859375,↑,0.11471,NS,26/36,6,6
Liver,CTLA4,Myeloid,NL→IA,NL,IA,0.004892666,0.0042355144,-13.399999618530272,↓,0.907569,NS,8/30,6,5
Liver,CTLA4,Myeloid,NL→AR,NL,AR,0.004892666,0.033961866,594.0999755859375,↑,0.203092,NS,12/18,6,3
Liver,CTLA4,Myeloid,NL→CR,NL,CR,0.004892666,0.0062353313,27.399999618530277,↑,0.887537,NS,8/18,6,3
Liver,CTLA4,Myeloid,IT→IA,IT,IA,0.039808303,0.0042355144,-89.4000015258789,↓,0.068894,†,23/30,6,5
Liver,CTLA4,Myeloid,IA→AR,IA,AR,0.0042355144,0.033961866,701.7999877929688,↑,0.171857,NS,10/15,5,3
Liver,CTLA4,Myeloid,CR→AR,CR,AR,0.0062353313,0.033961866,444.7000122070313,↑,0.506555,NS,6/9,3,3
Liver,CTLA4,CD4_T,NL→IT,NL,IT,0.104760885,0.28403524,171.10000610351562,↑,0.004329,**,35/36,6,6
Liver,CTLA4,CD4_T,NL→IA,NL,IA,0.104760885,0.27564973,163.10000610351562,↑,0.030303,*,27/30,6,5
Liver,CTLA4,CD4_T,NL→AR,NL,AR,0.104760885,0.24493365,133.8000030517578,↑,0.095238,†,16/18,6,3
Liver,CTLA4,CD4_T,NL→CR,NL,CR,0.104760885,0.11920372,13.800000190734863,↑,1.0,NS,9/18,6,3
Liver,CTLA4,CD4_T,IT→IA,IT,IA,0.28403524,0.27564973,-3.0,↓,0.930736,NS,16/30,6,5
Liver,CTLA4,CD4_T,IA→AR,IA,AR,0.27564973,0.24493365,-11.100000381469728,↓,0.785714,NS,9/15,5,3
Liver,CTLA4,CD4_T,CR→AR,CR,AR,0.11920372,0.24493365,105.5,↑,0.4,NS,7/9,3,3
Liver,CTLA4,CD8_T,NL→IT,NL,IT,0.038592245,0.13803601,257.70001220703125,↑,0.064935,†,30/36,6,6
Liver,CTLA4,CD8_T,NL→IA,NL,IA,0.038592245,0.26390964,583.7999877929688,↑,0.017316,*,28/30,6,5
Liver,CTLA4,CD8_T,NL→AR,NL,AR,0.038592245,0.22023284,470.7000122070313,↑,0.02381,*,18/18,6,3
Liver,CTLA4,CD8_T,NL→CR,NL,CR,0.038592245,0.031605933,-18.100000381469727,↓,0.904762,NS,10/18,6,3
Liver,CTLA4,CD8_T,IT→IA,IT,IA,0.13803601,0.26390964,91.1999969482422,↑,0.246753,NS,22/30,6,5
Liver,CTLA4,CD8_T,IA→AR,IA,AR,0.26390964,0.22023284,-16.5,↓,1.0,NS,8/15,5,3
Liver,CTLA4,CD8_T,CR→AR,CR,AR,0.031605933,0.22023284,596.7999877929688,↑,0.1,NS,9/9,3,3
Liver,CTLA4,NK,NL→IT,NL,IT,0.008058407,0.022431197,178.39999389648438,↑,0.294552,NS,24/36,6,6
Liver,CTLA4,NK,NL→IA,NL,IA,0.008058407,0.039623704,391.7000122070313,↑,0.035344,*,27/30,6,5
Liver,CTLA4,NK,NL→AR,NL,AR,0.008058407,0.02246481,178.8000030517578,↑,0.091925,†,16/18,6,3
Liver,CTLA4,NK,NL→CR,NL,CR,0.008058407,0.01126644,39.79999923706055,↑,0.693641,NS,10/18,6,3
Liver,CTLA4,NK,IT→IA,IT,IA,0.022431197,0.039623704,76.5999984741211,↑,0.329004,NS,21/30,6,5
Liver,CTLA4,NK,IA→AR,IA,AR,0.039623704,0.02246481,-43.29999923706055,↓,0.785714,NS,9/15,5,3
Liver,CTLA4,NK,CR→AR,CR,AR,0.01126644,0.02246481,99.4000015258789,↑,0.4,NS,7/9,3,3
Liver,CTLA4,B,NL→IT,NL,IT,0.0,0.0,0.0,↑,1.0,NS,0/30,6,5
Liver,CTLA4,B,NL→IA,NL,IA,0.0,0.02658254,99999.0,↑,0.048406,*,18/30,6,5
Liver,CTLA4,B,NL→AR,NL,AR,0.0,0.0,0.0,↑,1.0,NS,0/18,6,3
Liver,CTLA4,B,NL→CR,NL,CR,0.0,0.0,0.0,↑,1.0,NS,0/18,6,3
Liver,CTLA4,B,IT→IA,IT,IA,0.0,0.02658254,99999.0,↑,0.072006,†,15/25,5,5
Liver,CTLA4,B,IA→AR,IA,AR,0.02658254,0.0,-100.0,↓,0.171857,NS,9/15,5,3
Liver,CTLA4,B,CR→AR,CR,AR,0.0,0.0,0.0,↑,1.0,NS,0/9,3,3
Liver,CTLA4,PlasmaB,NL→IT,NL,IT,0.0015355186,0.0,-100.0,↓,0.222994,NS,10/30,6,5
Liver,CTLA4,PlasmaB,NL→IA,NL,IA,0.0015355186,0.07511665,4791.89990234375,↑,0.597048,NS,12/30,6,5
Liver,CTLA4,PlasmaB,NL→AR,NL,AR,0.0015355186,0.011157866,626.7000122070312,↑,0.878088,NS,6/18,6,3
Liver,CTLA4,PlasmaB,NL→CR,NL,CR,0.0015355186,0.020967206,1265.5,↑,0.878088,NS,6/18,6,3
Liver,CTLA4,PlasmaB,IT→IA,IT,IA,0.0,0.07511665,99999.0,↑,0.179712,NS,10/25,5,5
Liver,CTLA4,PlasmaB,IA→AR,IA,AR,0.07511665,0.011157866,-85.0999984741211,↓,0.732678,NS,6/15,5,3
Liver,CTLA4,PlasmaB,CR→AR,CR,AR,0.020967206,0.011157866,-46.79999923706055,↓,1.0,NS,3/9,3,3
Liver,CXCL13,Myeloid,NL→IT,NL,IT,0.0,0.00090313045,99999.0,↑,0.404657,NS,6/36,6,6
Liver,CXCL13,Myeloid,NL→IA,NL,IA,0.0,0.0,0.0,↑,1.0,NS,0/30,6,5
Liver,CXCL13,Myeloid,NL→AR,NL,AR,0.0,0.0,0.0,↑,1.0,NS,0/18,6,3
Liver,CXCL13,Myeloid,NL→CR,NL,CR,0.0,0.0,0.0,↑,1.0,NS,0/18,6,3
Liver,CXCL13,Myeloid,IT→IA,IT,IA,0.00090313045,0.0,-100.0,↓,0.465209,NS,5/30,6,5
Liver,CXCL13,Myeloid,IA→AR,IA,AR,0.0,0.0,0.0,↑,1.0,NS,0/15,5,3
Liver,CXCL13,Myeloid,CR→AR,CR,AR,0.0,0.0,0.0,↑,1.0,NS,0/9,3,3
Liver,CXCL13,CD4_T,NL→IT,NL,IT,0.0,0.015953396,99999.0,↑,0.009622,**,30/36,6,6
Liver,CXCL13,CD4_T,NL→IA,NL,IA,0.0,0.03733606,99999.0,↑,0.015024,*,24/30,6,5
Liver,CXCL13,CD4_T,NL→AR,NL,AR,0.0,0.040838715,99999.0,↑,0.009116,**,18/18,6,3
Liver,CXCL13,CD4_T,NL→CR,NL,CR,0.0,0.006215414,99999.0,↑,0.009116,**,18/18,6,3
Liver,CXCL13,CD4_T,IT→IA,IT,IA,0.015953396,0.03733606,134.0,↑,0.272229,NS,21/30,6,5
Liver,CXCL13,CD4_T,IA→AR,IA,AR,0.03733606,0.040838715,9.399999618530272,↑,0.785714,NS,9/15,5,3
Liver,CXCL13,CD4_T,CR→AR,CR,AR,0.006215414,0.040838715,557.0999755859375,↑,0.1,NS,9/9,3,3
Liver,CXCL13,CD8_T,NL→IT,NL,IT,0.000563663,0.04230233,7404.89990234375,↑,0.024992,*,30/36,6,6
Liver,CXCL13,CD8_T,NL→IA,NL,IA,0.000563663,0.07291578,12836.099609375,↑,0.006736,**,30/30,6,5
Liver,CXCL13,CD8_T,NL→AR,NL,AR,0.000563663,0.01697244,2911.10009765625,↑,0.02189,*,18/18,6,3
Liver,CXCL13,CD8_T,NL→CR,NL,CR,0.000563663,0.008894046,1477.9000244140625,↑,0.02189,*,18/18,6,3
Liver,CXCL13,CD8_T,IT→IA,IT,IA,0.04230233,0.07291578,72.4000015258789,↑,0.662338,NS,18/30,6,5
Liver,CXCL13,CD8_T,IA→AR,IA,AR,0.07291578,0.01697244,-76.69999694824219,↓,0.392857,NS,11/15,5,3
Liver,CXCL13,CD8_T,CR→AR,CR,AR,0.008894046,0.01697244,90.8000030517578,↑,0.4,NS,7/9,3,3
Liver,CXCL13,NK,NL→IT,NL,IT,0.0,0.0002475029,99999.0,↑,0.404657,NS,6/36,6,6
Liver,CXCL13,NK,NL→IA,NL,IA,0.0,0.004393288,99999.0,↑,0.048406,*,18/30,6,5
Liver,CXCL13,NK,NL→AR,NL,AR,0.0,0.001183495,99999.0,↑,0.238593,NS,6/18,6,3
Liver,CXCL13,NK,NL→CR,NL,CR,0.0,0.0,0.0,↑,1.0,NS,0/18,6,3
Liver,CXCL13,NK,IT→IA,IT,IA,0.0002475029,0.004393288,1675.0,↑,0.11275,NS,18/30,6,5
Liver,CXCL13,NK,IA→AR,IA,AR,0.004393288,0.001183495,-73.0999984741211,↓,0.525234,NS,8/15,5,3
Liver,CXCL13,NK,CR→AR,CR,AR,0.0,0.001183495,99999.0,↑,0.504985,NS,3/9,3,3
Liver,CXCL13,B,NL→IT,NL,IT,0.0,0.0,0.0,↑,1.0,NS,0/30,6,5
Liver,CXCL13,B,NL→IA,NL,IA,0.0,0.0038117885,99999.0,↑,0.36131,NS,6/30,6,5
Liver,CXCL13,B,NL→AR,NL,AR,0.0,0.0,0.0,↑,1.0,NS,0/18,6,3
Liver,CXCL13,B,NL→CR,NL,CR,0.0,0.0,0.0,↑,1.0,NS,0/18,6,3
Liver,CXCL13,B,IT→IA,IT,IA,0.0,0.0038117885,99999.0,↑,0.423711,NS,5/25,5,5
Liver,CXCL13,B,IA→AR,IA,AR,0.0038117885,0.0,-100.0,↓,0.605577,NS,3/15,5,3
Liver,CXCL13,B,CR→AR,CR,AR,0.0,0.0,0.0,↑,1.0,NS,0/9,3,3
Liver,CXCL13,PlasmaB,NL→IT,NL,IT,0.0,0.0,0.0,↑,1.0,NS,0/30,6,5
Liver,CXCL13,PlasmaB,NL→IA,NL,IA,0.0,0.0,0.0,↑,1.0,NS,0/30,6,5
Liver,CXCL13,PlasmaB,NL→AR,NL,AR,0.0,0.0,0.0,↑,1.0,NS,0/18,6,3
Liver,CXCL13,PlasmaB,NL→CR,NL,CR,0.0,0.0,0.0,↑,1.0,NS,0/18,6,3
Liver,CXCL13,PlasmaB,IT→IA,IT,IA,0.0,0.0,0.0,↑,1.0,NS,0/25,5,5
Liver,CXCL13,PlasmaB,IA→AR,IA,AR,0.0,0.0,0.0,↑,1.0,NS,0/15,5,3
Liver,CXCL13,PlasmaB,CR→AR,CR,AR,0.0,0.0,0.0,↑,1.0,NS,0/9,3,3
Liver,CXCR6,Myeloid,NL→IT,NL,IT,0.0027236415,0.0042666798,56.70000076293945,↑,0.445976,NS,15/36,6,6
Liver,CXCR6,Myeloid,NL→IA,NL,IA,0.0027236415,0.026950195,889.5,↑,0.486034,NS,11/30,6,5
Liver,CXCR6,Myeloid,NL→AR,NL,AR,0.0027236415,0.0015071118,-44.70000076293945,↓,0.859684,NS,3/18,6,3
Liver,CXCR6,Myeloid,NL→CR,NL,CR,0.0027236415,0.0,-100.0,↓,0.637352,NS,3/18,6,3
Liver,CXCR6,Myeloid,IT→IA,IT,IA,0.0042666798,0.026950195,531.5999755859375,↑,0.842187,NS,9/30,6,5
Liver,CXCR6,Myeloid,IA→AR,IA,AR,0.026950195,0.0015071118,-94.4000015258789,↓,1.0,NS,5/15,5,3
Liver,CXCR6,Myeloid,CR→AR,CR,AR,0.0,0.0015071118,99999.0,↑,0.504985,NS,3/9,3,3
Liver,CXCR6,CD4_T,NL→IT,NL,IT,0.7084315,0.4949402,-30.100000381469727,↓,0.393939,NS,24/36,6,6
Liver,CXCR6,CD4_T,NL→IA,NL,IA,0.7084315,0.35107416,-50.400001525878906,↓,0.030303,*,27/30,6,5
Liver,CXCR6,CD4_T,NL→AR,NL,AR,0.7084315,0.6278073,-11.399999618530272,↓,0.904762,NS,10/18,6,3
Liver,CXCR6,CD4_T,NL→CR,NL,CR,0.7084315,0.4814702,-32.0,↓,0.261905,NS,14/18,6,3
Liver,CXCR6,CD4_T,IT→IA,IT,IA,0.4949402,0.35107416,-29.100000381469727,↓,0.246753,NS,22/30,6,5
Liver,CXCR6,CD4_T,IA→AR,IA,AR,0.35107416,0.6278073,78.80000305175781,↑,0.071429,†,14/15,5,3
Liver,CXCR6,CD4_T,CR→AR,CR,AR,0.4814702,0.6278073,30.399999618530277,↑,0.2,NS,8/9,3,3
Liver,CXCR6,CD8_T,NL→IT,NL,IT,0.82722217,0.7142358,-13.699999809265137,↓,0.588745,NS,22/36,6,6
Liver,CXCR6,CD8_T,NL→IA,NL,IA,0.82722217,0.6511095,-21.299999237060547,↓,0.662338,NS,18/30,6,5
Liver,CXCR6,CD8_T,NL→AR,NL,AR,0.82722217,0.82901484,0.2000000029802322,↑,0.904762,NS,8/18,6,3
Liver,CXCR6,CD8_T,NL→CR,NL,CR,0.82722217,0.6881382,-16.799999237060547,↓,0.547619,NS,12/18,6,3
Liver,CXCR6,CD8_T,IT→IA,IT,IA,0.7142358,0.6511095,-8.800000190734863,↓,0.662338,NS,18/30,6,5
Liver,CXCR6,CD8_T,IA→AR,IA,AR,0.6511095,0.82901484,27.299999237060547,↑,1.0,NS,7/15,5,3
Liver,CXCR6,CD8_T,CR→AR,CR,AR,0.6881382,0.82901484,20.5,↑,1.0,NS,5/9,3,3
Liver,CXCR6,NK,NL→IT,NL,IT,0.31619588,0.39532074,25.0,↑,0.937229,NS,19/36,6,6
Liver,CXCR6,NK,NL→IA,NL,IA,0.31619588,0.39403853,24.600000381469727,↑,0.428571,NS,20/30,6,5
Liver,CXCR6,NK,NL→AR,NL,AR,0.31619588,0.3832309,21.200000762939453,↑,0.261905,NS,14/18,6,3
Liver,CXCR6,NK,NL→CR,NL,CR,0.31619588,0.532769,68.5,↑,0.047619,*,17/18,6,3
Liver,CXCR6,NK,IT→IA,IT,IA,0.39532074,0.39403853,-0.3000000119209289,↓,1.0,NS,15/30,6,5
Liver,CXCR6,NK,IA→AR,IA,AR,0.39403853,0.3832309,-2.700000047683716,↓,0.785714,NS,9/15,5,3
Liver,CXCR6,NK,CR→AR,CR,AR,0.532769,0.3832309,-28.100000381469727,↓,0.2,NS,8/9,3,3
Liver,CXCR6,B,NL→IT,NL,IT,0.0015157616,0.0044191093,191.5,↑,0.352972,NS,12/30,6,5
Liver,CXCR6,B,NL→IA,NL,IA,0.0015157616,0.0096715065,538.0999755859375,↑,0.169289,NS,17/30,6,5
Liver,CXCR6,B,NL→AR,NL,AR,0.0015157616,0.0072888043,380.8999938964844,↑,0.595883,NS,6/18,6,3
Liver,CXCR6,B,NL→CR,NL,CR,0.0015157616,0.0,-100.0,↓,0.637352,NS,3/18,6,3
Liver,CXCR6,B,IT→IA,IT,IA,0.0044191093,0.0096715065,118.9000015258789,↑,0.655836,NS,12/25,5,5
Liver,CXCR6,B,IA→AR,IA,AR,0.0096715065,0.0072888043,-24.600000381469727,↓,0.750751,NS,7/15,5,3
Liver,CXCR6,B,CR→AR,CR,AR,0.0,0.0072888043,99999.0,↑,0.504985,NS,3/9,3,3
Liver,CXCR6,PlasmaB,NL→IT,NL,IT,0.02665277,0.0060512805,-77.30000305175781,↓,0.341314,NS,14/30,6,5
Liver,CXCR6,PlasmaB,NL→IA,NL,IA,0.02665277,0.07775561,191.6999969482422,↑,0.842187,NS,12/30,6,5
Liver,CXCR6,PlasmaB,NL→AR,NL,AR,0.02665277,0.0,-100.0,↓,0.219768,NS,9/18,6,3
Liver,CXCR6,PlasmaB,NL→CR,NL,CR,0.02665277,0.021287372,-20.100000381469727,↓,1.0,NS,7/18,6,3
Liver,CXCR6,PlasmaB,IT→IA,IT,IA,0.0060512805,0.07775561,1184.9000244140625,↑,0.440686,NS,10/25,5,5
Liver,CXCR6,PlasmaB,IA→AR,IA,AR,0.07775561,0.0,-100.0,↓,0.329114,NS,6/15,5,3
Liver,CXCR6,PlasmaB,CR→AR,CR,AR,0.021287372,0.0,-100.0,↓,0.196706,NS,6/9,3,3
Liver,DNMT1,Myeloid,NL→IT,NL,IT,0.1585823,0.3571641,125.1999969482422,↑,0.002165,**,36/36,6,6
Liver,DNMT1,Myeloid,NL→IA,NL,IA,0.1585823,0.23736706,49.70000076293945,↑,0.329004,NS,21/30,6,5
Liver,DNMT1,Myeloid,NL→AR,NL,AR,0.1585823,0.27841213,75.5999984741211,↑,0.095238,†,16/18,6,3
Liver,DNMT1,Myeloid,NL→CR,NL,CR,0.1585823,0.2624758,65.5,↑,0.166667,NS,15/18,6,3
Liver,DNMT1,Myeloid,IT→IA,IT,IA,0.3571641,0.23736706,-33.5,↓,0.246753,NS,22/30,6,5
Liver,DNMT1,Myeloid,IA→AR,IA,AR,0.23736706,0.27841213,17.299999237060547,↑,1.0,NS,7/15,5,3
Liver,DNMT1,Myeloid,CR→AR,CR,AR,0.2624758,0.27841213,6.099999904632568,↑,0.4,NS,7/9,3,3
Liver,DNMT1,CD4_T,NL→IT,NL,IT,0.26885027,0.33445492,24.399999618530277,↑,0.132035,NS,28/36,6,6
Liver,DNMT1,CD4_T,NL→IA,NL,IA,0.26885027,0.3034412,12.899999618530272,↑,0.428571,NS,20/30,6,5
Liver,DNMT1,CD4_T,NL→AR,NL,AR,0.26885027,0.3614092,34.400001525878906,↑,0.166667,NS,15/18,6,3
Liver,DNMT1,CD4_T,NL→CR,NL,CR,0.26885027,0.30697945,14.199999809265137,↑,0.547619,NS,12/18,6,3
Liver,DNMT1,CD4_T,IT→IA,IT,IA,0.33445492,0.3034412,-9.300000190734863,↓,0.536797,NS,19/30,6,5
Liver,DNMT1,CD4_T,IA→AR,IA,AR,0.3034412,0.3614092,19.100000381469727,↑,0.392857,NS,11/15,5,3
Liver,DNMT1,CD4_T,CR→AR,CR,AR,0.30697945,0.3614092,17.700000762939453,↑,0.4,NS,7/9,3,3
Liver,DNMT1,CD8_T,NL→IT,NL,IT,0.25741896,0.30609876,18.899999618530277,↑,0.484848,NS,23/36,6,6
Liver,DNMT1,CD8_T,NL→IA,NL,IA,0.25741896,0.29690194,15.300000190734863,↑,0.329004,NS,21/30,6,5
Liver,DNMT1,CD8_T,NL→AR,NL,AR,0.25741896,0.35424957,37.59999847412109,↑,0.261905,NS,14/18,6,3
Liver,DNMT1,CD8_T,NL→CR,NL,CR,0.25741896,0.32760265,27.299999237060547,↑,0.380952,NS,13/18,6,3
Liver,DNMT1,CD8_T,IT→IA,IT,IA,0.30609876,0.29690194,-3.0,↓,0.329004,NS,21/30,6,5
Liver,DNMT1,CD8_T,IA→AR,IA,AR,0.29690194,0.35424957,19.299999237060547,↑,0.25,NS,12/15,5,3
Liver,DNMT1,CD8_T,CR→AR,CR,AR,0.32760265,0.35424957,8.100000381469727,↑,1.0,NS,5/9,3,3
Liver,DNMT1,NK,NL→IT,NL,IT,0.32894316,0.4340904,32.0,↑,0.24026,NS,26/36,6,6
Liver,DNMT1,NK,NL→IA,NL,IA,0.32894316,0.33738142,2.5999999046325684,↑,0.792208,NS,17/30,6,5
Liver,DNMT1,NK,NL→AR,NL,AR,0.32894316,0.40017614,21.700000762939453,↑,0.380952,NS,13/18,6,3
Liver,DNMT1,NK,NL→CR,NL,CR,0.32894316,0.40685463,23.700000762939453,↑,0.380952,NS,13/18,6,3
Liver,DNMT1,NK,IT→IA,IT,IA,0.4340904,0.33738142,-22.299999237060547,↓,0.246753,NS,22/30,6,5
Liver,DNMT1,NK,IA→AR,IA,AR,0.33738142,0.40017614,18.600000381469727,↑,0.392857,NS,11/15,5,3
Liver,DNMT1,NK,CR→AR,CR,AR,0.40685463,0.40017614,-1.600000023841858,↓,1.0,NS,5/9,3,3
Liver,DNMT1,B,NL→IT,NL,IT,0.098190844,0.13569078,38.20000076293945,↑,0.407016,NS,19/30,6,5
Liver,DNMT1,B,NL→IA,NL,IA,0.098190844,0.15376237,56.59999847412109,↑,0.410248,NS,20/30,6,5
Liver,DNMT1,B,NL→AR,NL,AR,0.098190844,0.17081212,74.0,↑,0.243305,NS,14/18,6,3
Liver,DNMT1,B,NL→CR,NL,CR,0.098190844,0.11910093,21.299999237060547,↑,1.0,NS,9/18,6,3
Liver,DNMT1,B,IT→IA,IT,IA,0.13569078,0.15376237,13.300000190734863,↑,0.84127,NS,14/25,5,5
Liver,DNMT1,B,IA→AR,IA,AR,0.15376237,0.17081212,11.100000381469728,↑,0.785714,NS,9/15,5,3
Liver,DNMT1,B,CR→AR,CR,AR,0.11910093,0.17081212,43.400001525878906,↑,0.4,NS,7/9,3,3
Liver,DNMT1,PlasmaB,NL→IT,NL,IT,0.09394324,0.24564216,161.5,↑,0.082251,†,25/30,6,5
Liver,DNMT1,PlasmaB,NL→IA,NL,IA,0.09394324,0.31655154,237.0,↑,0.008658,**,29/30,6,5
Liver,DNMT1,PlasmaB,NL→AR,NL,AR,0.09394324,0.1180011,25.600000381469727,↑,0.547619,NS,12/18,6,3
Liver,DNMT1,PlasmaB,NL→CR,NL,CR,0.09394324,0.22857028,143.3000030517578,↑,0.047619,*,17/18,6,3
Liver,DNMT1,PlasmaB,IT→IA,IT,IA,0.24564216,0.31655154,28.899999618530277,↑,0.547619,NS,16/25,5,5
Liver,DNMT1,PlasmaB,IA→AR,IA,AR,0.31655154,0.1180011,-62.70000076293945,↓,0.035714,*,15/15,5,3
Liver,DNMT1,PlasmaB,CR→AR,CR,AR,0.22857028,0.1180011,-48.400001525878906,↓,0.1,NS,9/9,3,3
Liver,DNMT3A,Myeloid,NL→IT,NL,IT,0.005829836,0.032779433,462.2999877929688,↑,0.104415,NS,24/36,6,6
Liver,DNMT3A,Myeloid,NL→IA,NL,IA,0.005829836,0.026143426,348.3999938964844,↑,0.19562,NS,18/30,6,5
Liver,DNMT3A,Myeloid,NL→AR,NL,AR,0.005829836,0.014819905,154.1999969482422,↑,0.878088,NS,6/18,6,3
Liver,DNMT3A,Myeloid,NL→CR,NL,CR,0.005829836,0.029865565,412.2999877929688,↑,0.02189,*,18/18,6,3
Liver,DNMT3A,Myeloid,IT→IA,IT,IA,0.032779433,0.026143426,-20.200000762939453,↓,0.513081,NS,17/30,6,5
Liver,DNMT3A,Myeloid,IA→AR,IA,AR,0.026143426,0.014819905,-43.29999923706055,↓,0.750751,NS,7/15,5,3
Liver,DNMT3A,Myeloid,CR→AR,CR,AR,0.029865565,0.014819905,-50.400001525878906,↓,0.657905,NS,6/9,3,3
Liver,DNMT3A,CD4_T,NL→IT,NL,IT,0.06032011,0.056304168,-6.699999809265137,↓,0.937229,NS,19/36,6,6
Liver,DNMT3A,CD4_T,NL→IA,NL,IA,0.06032011,0.05248002,-13.0,↓,0.662338,NS,18/30,6,5
Liver,DNMT3A,CD4_T,NL→AR,NL,AR,0.06032011,0.07328371,21.5,↑,0.380952,NS,13/18,6,3
Liver,DNMT3A,CD4_T,NL→CR,NL,CR,0.06032011,0.07167665,18.799999237060547,↑,0.714286,NS,11/18,6,3
Liver,DNMT3A,CD4_T,IT→IA,IT,IA,0.056304168,0.05248002,-6.800000190734863,↓,0.536797,NS,19/30,6,5
Liver,DNMT3A,CD4_T,IA→AR,IA,AR,0.05248002,0.07328371,39.59999847412109,↑,0.142857,NS,13/15,5,3
Liver,DNMT3A,CD4_T,CR→AR,CR,AR,0.07167665,0.07328371,2.200000047683716,↑,0.7,NS,6/9,3,3
Liver,DNMT3A,CD8_T,NL→IT,NL,IT,0.06870103,0.072822444,6.0,↑,0.818182,NS,20/36,6,6
Liver,DNMT3A,CD8_T,NL→IA,NL,IA,0.06870103,0.090232335,31.299999237060547,↑,0.246753,NS,22/30,6,5
Liver,DNMT3A,CD8_T,NL→AR,NL,AR,0.06870103,0.08041716,17.100000381469727,↑,0.547619,NS,12/18,6,3
Liver,DNMT3A,CD8_T,NL→CR,NL,CR,0.06870103,0.06864352,-0.1000000014901161,↓,1.0,NS,9/18,6,3
Liver,DNMT3A,CD8_T,IT→IA,IT,IA,0.072822444,0.090232335,23.899999618530277,↑,0.177489,NS,23/30,6,5
Liver,DNMT3A,CD8_T,IA→AR,IA,AR,0.090232335,0.08041716,-10.899999618530272,↓,0.392857,NS,11/15,5,3
Liver,DNMT3A,CD8_T,CR→AR,CR,AR,0.06864352,0.08041716,17.200000762939453,↑,0.7,NS,6/9,3,3
Liver,DNMT3A,NK,NL→IT,NL,IT,0.074208595,0.120678045,62.59999847412109,↑,0.393939,NS,24/36,6,6
Liver,DNMT3A,NK,NL→IA,NL,IA,0.074208595,0.08694838,17.200000762939453,↑,0.662338,NS,18/30,6,5
Liver,DNMT3A,NK,NL→AR,NL,AR,0.074208595,0.087415345,17.799999237060547,↑,0.547619,NS,12/18,6,3
Liver,DNMT3A,NK,NL→CR,NL,CR,0.074208595,0.12883583,73.5999984741211,↑,0.047619,*,17/18,6,3
Liver,DNMT3A,NK,IT→IA,IT,IA,0.120678045,0.08694838,-28.0,↓,0.662338,NS,18/30,6,5
Liver,DNMT3A,NK,IA→AR,IA,AR,0.08694838,0.087415345,0.5,↑,1.0,NS,7/15,5,3
Liver,DNMT3A,NK,CR→AR,CR,AR,0.12883583,0.087415345,-32.099998474121094,↓,0.2,NS,8/9,3,3
Liver,DNMT3A,B,NL→IT,NL,IT,0.06752273,0.08884695,31.600000381469727,↑,0.536797,NS,19/30,6,5
Liver,DNMT3A,B,NL→IA,NL,IA,0.06752273,0.026418898,-60.900001525878906,↓,0.464192,NS,19/30,6,5
Liver,DNMT3A,B,NL→AR,NL,AR,0.06752273,0.041144308,-39.09999847412109,↓,0.904762,NS,10/18,6,3
Liver,DNMT3A,B,NL→CR,NL,CR,0.06752273,0.051477164,-23.799999237060547,↓,1.0,NS,9/18,6,3
Liver,DNMT3A,B,IT→IA,IT,IA,0.08884695,0.026418898,-70.30000305175781,↓,0.150794,NS,20/25,5,5
Liver,DNMT3A,B,IA→AR,IA,AR,0.026418898,0.041144308,55.70000076293945,↑,0.571429,NS,10/15,5,3
Liver,DNMT3A,B,CR→AR,CR,AR,0.051477164,0.041144308,-20.100000381469727,↓,0.7,NS,6/9,3,3
Liver,DNMT3A,PlasmaB,NL→IT,NL,IT,0.011194917,0.09501603,748.7000122070312,↑,0.011644,*,29/30,6,5
Liver,DNMT3A,PlasmaB,NL→IA,NL,IA,0.011194917,0.046689034,317.1000061035156,↑,0.103604,NS,22/30,6,5
Liver,DNMT3A,PlasmaB,NL→AR,NL,AR,0.011194917,0.11735674,948.2999877929688,↑,0.043114,*,17/18,6,3
Liver,DNMT3A,PlasmaB,NL→CR,NL,CR,0.011194917,0.047928,328.1000061035156,↑,0.043114,*,17/18,6,3
Liver,DNMT3A,PlasmaB,IT→IA,IT,IA,0.09501603,0.046689034,-50.900001525878906,↓,0.222222,NS,19/25,5,5
Liver,DNMT3A,PlasmaB,IA→AR,IA,AR,0.046689034,0.11735674,151.39999389648438,↑,0.25,NS,12/15,5,3
Liver,DNMT3A,PlasmaB,CR→AR,CR,AR,0.047928,0.11735674,144.89999389648438,↑,0.4,NS,7/9,3,3
Liver,DNMT3B,Myeloid,NL→IT,NL,IT,0.0,0.00019652887,99999.0,↑,0.404657,NS,6/36,6,6
Liver,DNMT3B,Myeloid,NL→IA,NL,IA,0.0,0.00026496628,99999.0,↑,0.36131,NS,6/30,6,5
Liver,DNMT3B,Myeloid,NL→AR,NL,AR,0.0,0.0,0.0,↑,1.0,NS,0/18,6,3
Liver,DNMT3B,Myeloid,NL→CR,NL,CR,0.0,0.0,0.0,↑,1.0,NS,0/18,6,3
Liver,DNMT3B,Myeloid,IT→IA,IT,IA,0.00019652887,0.00026496628,34.79999923706055,↑,0.892295,NS,6/30,6,5
Liver,DNMT3B,Myeloid,IA→AR,IA,AR,0.00026496628,0.0,-100.0,↓,0.605577,NS,3/15,5,3
Liver,DNMT3B,Myeloid,CR→AR,CR,AR,0.0,0.0,0.0,↑,1.0,NS,0/9,3,3
Liver,DNMT3B,CD4_T,NL→IT,NL,IT,0.001294603,0.00017363223,-86.5999984741211,↓,0.46195,NS,12/36,6,6
Liver,DNMT3B,CD4_T,NL→IA,NL,IA,0.001294603,0.00077534106,-40.09999847412109,↓,0.915796,NS,10/30,6,5
Liver,DNMT3B,CD4_T,NL→AR,NL,AR,0.001294603,0.00028713167,-77.80000305175781,↓,0.878088,NS,6/18,6,3
Liver,DNMT3B,CD4_T,NL→CR,NL,CR,0.001294603,0.0,-100.0,↓,0.376759,NS,6/18,6,3
Liver,DNMT3B,CD4_T,IT→IA,IT,IA,0.00017363223,0.00077534106,346.5,↑,0.352972,NS,12/30,6,5
Liver,DNMT3B,CD4_T,IA→AR,IA,AR,0.00077534106,0.00028713167,-63.0,↓,0.732678,NS,6/15,5,3
Liver,DNMT3B,CD4_T,CR→AR,CR,AR,0.0,0.00028713167,99999.0,↑,0.504985,NS,3/9,3,3
Liver,DNMT3B,CD8_T,NL→IT,NL,IT,0.00094834465,0.0009794837,3.299999952316284,↑,1.0,NS,14/36,6,6
Liver,DNMT3B,CD8_T,NL→IA,NL,IA,0.00094834465,0.000912594,-3.799999952316284,↓,1.0,NS,12/30,6,5
Liver,DNMT3B,CD8_T,NL→AR,NL,AR,0.00094834465,0.0009712523,2.400000095367432,↑,1.0,NS,8/18,6,3
Liver,DNMT3B,CD8_T,NL→CR,NL,CR,0.00094834465,0.00059424835,-37.29999923706055,↓,0.671373,NS,8/18,6,3
Liver,DNMT3B,CD8_T,IT→IA,IT,IA,0.0009794837,0.000912594,-6.800000190734863,↓,1.0,NS,12/30,6,5
Liver,DNMT3B,CD8_T,IA→AR,IA,AR,0.000912594,0.0009712523,6.400000095367432,↑,1.0,NS,7/15,5,3
Liver,DNMT3B,CD8_T,CR→AR,CR,AR,0.00059424835,0.0009712523,63.400001525878906,↑,1.0,NS,4/9,3,3
Liver,DNMT3B,NK,NL→IT,NL,IT,0.003280498,0.0005313327,-83.80000305175781,↓,0.012436,*,34/36,6,6
Liver,DNMT3B,NK,NL→IA,NL,IA,0.003280498,0.00097220315,-70.4000015258789,↓,0.035344,*,27/30,6,5
Liver,DNMT3B,NK,NL→AR,NL,AR,0.003280498,0.0013197466,-59.79999923706055,↓,0.261905,NS,14/18,6,3
Liver,DNMT3B,NK,NL→CR,NL,CR,0.003280498,0.0005591577,-83.0,↓,0.091925,†,16/18,6,3
Liver,DNMT3B,NK,IT→IA,IT,IA,0.0005313327,0.00097220315,83.0,↑,0.773938,NS,14/30,6,5
Liver,DNMT3B,NK,IA→AR,IA,AR,0.00097220315,0.0013197466,35.70000076293945,↑,0.759982,NS,8/15,5,3
Liver,DNMT3B,NK,CR→AR,CR,AR,0.0005591577,0.0013197466,136.0,↑,0.642835,NS,5/9,3,3
Liver,DNMT3B,B,NL→IT,NL,IT,0.0,0.0,0.0,↑,1.0,NS,0/30,6,5
Liver,DNMT3B,B,NL→IA,NL,IA,0.0,0.0,0.0,↑,1.0,NS,0/30,6,5
Liver,DNMT3B,B,NL→AR,NL,AR,0.0,0.0,0.0,↑,1.0,NS,0/18,6,3
Liver,DNMT3B,B,NL→CR,NL,CR,0.0,0.0022774017,99999.0,↑,0.238593,NS,6/18,6,3
Liver,DNMT3B,B,IT→IA,IT,IA,0.0,0.0,0.0,↑,1.0,NS,0/25,5,5
Liver,DNMT3B,B,IA→AR,IA,AR,0.0,0.0,0.0,↑,1.0,NS,0/15,5,3
Liver,DNMT3B,B,CR→AR,CR,AR,0.0022774017,0.0,-100.0,↓,0.504985,NS,3/9,3,3
Liver,DNMT3B,PlasmaB,NL→IT,NL,IT,0.0018596692,0.0,-100.0,↓,0.222994,NS,10/30,6,5
Liver,DNMT3B,PlasmaB,NL→IA,NL,IA,0.0018596692,0.0013813385,-25.700000762939453,↓,0.727603,NS,9/30,6,5
Liver,DNMT3B,PlasmaB,NL→AR,NL,AR,0.0018596692,0.0,-100.0,↓,0.376759,NS,6/18,6,3
Liver,DNMT3B,PlasmaB,NL→CR,NL,CR,0.0018596692,0.003837162,106.3000030517578,↑,0.878088,NS,6/18,6,3
Liver,DNMT3B,PlasmaB,IT→IA,IT,IA,0.0,0.0013813385,99999.0,↑,0.423711,NS,5/25,5,5
Liver,DNMT3B,PlasmaB,IA→AR,IA,AR,0.0013813385,0.0,-100.0,↓,0.605577,NS,3/15,5,3
Liver,DNMT3B,PlasmaB,CR→AR,CR,AR,0.003837162,0.0,-100.0,↓,0.504985,NS,3/9,3,3
Liver,EIF4EBP1,Myeloid,NL→IT,NL,IT,0.43396917,0.32211313,-25.799999237060547,↓,0.484848,NS,23/36,6,6
Liver,EIF4EBP1,Myeloid,NL→IA,NL,IA,0.43396917,0.33531687,-22.700000762939453,↓,0.662338,NS,18/30,6,5
Liver,EIF4EBP1,Myeloid,NL→AR,NL,AR,0.43396917,0.40586963,-6.5,↓,1.0,NS,9/18,6,3
Liver,EIF4EBP1,Myeloid,NL→CR,NL,CR,0.43396917,0.4649326,7.099999904632568,↑,0.904762,NS,10/18,6,3
Liver,EIF4EBP1,Myeloid,IT→IA,IT,IA,0.32211313,0.33531687,4.099999904632568,↑,0.714379,NS,17/30,6,5
Liver,EIF4EBP1,Myeloid,IA→AR,IA,AR,0.33531687,0.40586963,21.0,↑,1.0,NS,8/15,5,3
Liver,EIF4EBP1,Myeloid,CR→AR,CR,AR,0.4649326,0.40586963,-12.699999809265137,↓,0.4,NS,7/9,3,3
Liver,EIF4EBP1,CD4_T,NL→IT,NL,IT,0.09859064,0.05023527,-49.0,↓,0.015152,*,33/36,6,6
Liver,EIF4EBP1,CD4_T,NL→IA,NL,IA,0.09859064,0.07151378,-27.5,↓,0.177489,NS,23/30,6,5
Liver,EIF4EBP1,CD4_T,NL→AR,NL,AR,0.09859064,0.08152784,-17.299999237060547,↓,0.547619,NS,12/18,6,3
Liver,EIF4EBP1,CD4_T,NL→CR,NL,CR,0.09859064,0.05401292,-45.20000076293945,↓,0.095238,†,16/18,6,3
Liver,EIF4EBP1,CD4_T,IT→IA,IT,IA,0.05023527,0.07151378,42.400001525878906,↑,0.246753,NS,22/30,6,5
Liver,EIF4EBP1,CD4_T,IA→AR,IA,AR,0.07151378,0.08152784,14.0,↑,0.392857,NS,11/15,5,3
Liver,EIF4EBP1,CD4_T,CR→AR,CR,AR,0.05401292,0.08152784,50.900001525878906,↑,0.2,NS,8/9,3,3
Liver,EIF4EBP1,CD8_T,NL→IT,NL,IT,0.094762884,0.13528933,42.79999923706055,↑,0.484848,NS,23/36,6,6
Liver,EIF4EBP1,CD8_T,NL→IA,NL,IA,0.094762884,0.107166335,13.100000381469728,↑,0.930736,NS,16/30,6,5
Liver,EIF4EBP1,CD8_T,NL→AR,NL,AR,0.094762884,0.08945355,-5.599999904632568,↓,1.0,NS,9/18,6,3
Liver,EIF4EBP1,CD8_T,NL→CR,NL,CR,0.094762884,0.07034818,-25.799999237060547,↓,0.166667,NS,15/18,6,3
Liver,EIF4EBP1,CD8_T,IT→IA,IT,IA,0.13528933,0.107166335,-20.799999237060547,↓,0.930736,NS,16/30,6,5
Liver,EIF4EBP1,CD8_T,IA→AR,IA,AR,0.107166335,0.08945355,-16.5,↓,0.785714,NS,9/15,5,3
Liver,EIF4EBP1,CD8_T,CR→AR,CR,AR,0.07034818,0.08945355,27.200000762939453,↑,0.1,NS,9/9,3,3
Liver,EIF4EBP1,NK,NL→IT,NL,IT,0.13119063,0.06157023,-53.09999847412109,↓,0.008658,**,34/36,6,6
Liver,EIF4EBP1,NK,NL→IA,NL,IA,0.13119063,0.10175421,-22.399999618530277,↓,0.246753,NS,22/30,6,5
Liver,EIF4EBP1,NK,NL→AR,NL,AR,0.13119063,0.091111995,-30.5,↓,0.166667,NS,15/18,6,3
Liver,EIF4EBP1,NK,NL→CR,NL,CR,0.13119063,0.072336465,-44.900001525878906,↓,0.047619,*,17/18,6,3
Liver,EIF4EBP1,NK,IT→IA,IT,IA,0.06157023,0.10175421,65.30000305175781,↑,0.246753,NS,22/30,6,5
Liver,EIF4EBP1,NK,IA→AR,IA,AR,0.10175421,0.091111995,-10.5,↓,1.0,NS,7/15,5,3
Liver,EIF4EBP1,NK,CR→AR,CR,AR,0.072336465,0.091111995,26.0,↑,0.4,NS,7/9,3,3
Liver,EIF4EBP1,B,NL→IT,NL,IT,0.10918754,0.095087364,-12.899999618530272,↓,0.662338,NS,18/30,6,5
Liver,EIF4EBP1,B,NL→IA,NL,IA,0.10918754,0.1006129,-7.900000095367432,↓,0.536797,NS,19/30,6,5
Liver,EIF4EBP1,B,NL→AR,NL,AR,0.10918754,0.154229,41.29999923706055,↑,0.547619,NS,12/18,6,3
Liver,EIF4EBP1,B,NL→CR,NL,CR,0.10918754,0.17292285,58.400001525878906,↑,0.547619,NS,12/18,6,3
Liver,EIF4EBP1,B,IT→IA,IT,IA,0.095087364,0.1006129,5.800000190734863,↑,0.84127,NS,14/25,5,5
Liver,EIF4EBP1,B,IA→AR,IA,AR,0.1006129,0.154229,53.29999923706055,↑,0.25,NS,12/15,5,3
Liver,EIF4EBP1,B,CR→AR,CR,AR,0.17292285,0.154229,-10.800000190734863,↓,1.0,NS,4/9,3,3
Liver,EIF4EBP1,PlasmaB,NL→IT,NL,IT,0.07210208,0.13269778,84.0,↑,0.329004,NS,21/30,6,5
Liver,EIF4EBP1,PlasmaB,NL→IA,NL,IA,0.07210208,0.16888972,134.1999969482422,↑,0.143215,NS,23/30,6,5
Liver,EIF4EBP1,PlasmaB,NL→AR,NL,AR,0.07210208,0.3092263,328.8999938964844,↑,0.436661,NS,12/18,6,3
Liver,EIF4EBP1,PlasmaB,NL→CR,NL,CR,0.07210208,0.30088925,317.29998779296875,↑,0.02381,*,18/18,6,3
Liver,EIF4EBP1,PlasmaB,IT→IA,IT,IA,0.13269778,0.16888972,27.299999237060547,↑,0.547619,NS,16/25,5,5
Liver,EIF4EBP1,PlasmaB,IA→AR,IA,AR,0.16888972,0.3092263,83.0999984741211,↑,0.652783,NS,9/15,5,3
Liver,EIF4EBP1,PlasmaB,CR→AR,CR,AR,0.30088925,0.3092263,2.799999952316284,↑,1.0,NS,5/9,3,3
Liver,ENTPD1,Myeloid,NL→IT,NL,IT,0.21045585,0.29407594,39.70000076293945,↑,0.064935,†,30/36,6,6
Liver,ENTPD1,Myeloid,NL→IA,NL,IA,0.21045585,0.2114553,0.5,↑,1.0,NS,15/30,6,5
Liver,ENTPD1,Myeloid,NL→AR,NL,AR,0.21045585,0.36632982,74.0999984741211,↑,0.047619,*,17/18,6,3
Liver,ENTPD1,Myeloid,NL→CR,NL,CR,0.21045585,0.34902206,65.80000305175781,↑,0.047619,*,17/18,6,3
Liver,ENTPD1,Myeloid,IT→IA,IT,IA,0.29407594,0.2114553,-28.100000381469727,↓,0.246753,NS,22/30,6,5
Liver,ENTPD1,Myeloid,IA→AR,IA,AR,0.2114553,0.36632982,73.19999694824219,↑,0.071429,†,14/15,5,3
Liver,ENTPD1,Myeloid,CR→AR,CR,AR,0.34902206,0.36632982,5.0,↑,1.0,NS,5/9,3,3
Liver,ENTPD1,CD4_T,NL→IT,NL,IT,0.0055502043,0.0491998,786.5,↑,0.090412,†,28/36,6,6
Liver,ENTPD1,CD4_T,NL→IA,NL,IA,0.0055502043,0.06992538,1159.9000244140625,↑,0.022174,*,28/30,6,5
Liver,ENTPD1,CD4_T,NL→AR,NL,AR,0.0055502043,0.029261285,427.2000122070313,↑,0.511482,NS,11/18,6,3
Liver,ENTPD1,CD4_T,NL→CR,NL,CR,0.0055502043,0.011768054,112.0,↑,0.243305,NS,14/18,6,3
Liver,ENTPD1,CD4_T,IT→IA,IT,IA,0.0491998,0.06992538,42.09999847412109,↑,0.662338,NS,18/30,6,5
Liver,ENTPD1,CD4_T,IA→AR,IA,AR,0.06992538,0.029261285,-58.20000076293945,↓,0.392857,NS,11/15,5,3
Liver,ENTPD1,CD4_T,CR→AR,CR,AR,0.011768054,0.029261285,148.6999969482422,↑,1.0,NS,4/9,3,3
Liver,ENTPD1,CD8_T,NL→IT,NL,IT,0.0024316963,0.041318752,1599.199951171875,↑,0.11471,NS,26/36,6,6
Liver,ENTPD1,CD8_T,NL→IA,NL,IA,0.0024316963,0.107524455,4321.7998046875,↑,0.006736,**,30/30,6,5
Liver,ENTPD1,CD8_T,NL→AR,NL,AR,0.0024316963,0.08939608,3576.300048828125,↑,0.079616,†,16/18,6,3
Liver,ENTPD1,CD8_T,NL→CR,NL,CR,0.0024316963,0.006614439,172.0,↑,0.138011,NS,15/18,6,3
Liver,ENTPD1,CD8_T,IT→IA,IT,IA,0.041318752,0.107524455,160.1999969482422,↑,0.125541,NS,24/30,6,5
Liver,ENTPD1,CD8_T,IA→AR,IA,AR,0.107524455,0.08939608,-16.899999618530273,↓,0.571429,NS,10/15,5,3
Liver,ENTPD1,CD8_T,CR→AR,CR,AR,0.006614439,0.08939608,1251.5,↑,0.7,NS,6/9,3,3
Liver,ENTPD1,NK,NL→IT,NL,IT,0.057625163,0.10158006,76.30000305175781,↑,0.484848,NS,23/36,6,6
Liver,ENTPD1,NK,NL→IA,NL,IA,0.057625163,0.11249926,95.1999969482422,↑,0.536797,NS,19/30,6,5
Liver,ENTPD1,NK,NL→AR,NL,AR,0.057625163,0.05864315,1.7999999523162842,↑,0.714286,NS,11/18,6,3
Liver,ENTPD1,NK,NL→CR,NL,CR,0.057625163,0.09649236,67.4000015258789,↑,0.547619,NS,12/18,6,3
Liver,ENTPD1,NK,IT→IA,IT,IA,0.10158006,0.11249926,10.699999809265137,↑,1.0,NS,15/30,6,5
Liver,ENTPD1,NK,IA→AR,IA,AR,0.11249926,0.05864315,-47.900001525878906,↓,0.571429,NS,10/15,5,3
Liver,ENTPD1,NK,CR→AR,CR,AR,0.09649236,0.05864315,-39.20000076293945,↓,1.0,NS,5/9,3,3
Liver,ENTPD1,B,NL→IT,NL,IT,0.066944174,0.15210193,127.1999969482422,↑,0.166994,NS,22/30,6,5
Liver,ENTPD1,B,NL→IA,NL,IA,0.066944174,0.14991775,123.9000015258789,↑,0.16993,NS,23/30,6,5
Liver,ENTPD1,B,NL→AR,NL,AR,0.066944174,0.13795449,106.0999984741211,↑,0.36415,NS,13/18,6,3
Liver,ENTPD1,B,NL→CR,NL,CR,0.066944174,0.124950774,86.5999984741211,↑,0.243305,NS,14/18,6,3
Liver,ENTPD1,B,IT→IA,IT,IA,0.15210193,0.14991775,-1.399999976158142,↓,1.0,NS,12/25,5,5
Liver,ENTPD1,B,IA→AR,IA,AR,0.14991775,0.13795449,-8.0,↓,1.0,NS,8/15,5,3
Liver,ENTPD1,B,CR→AR,CR,AR,0.124950774,0.13795449,10.399999618530272,↑,1.0,NS,4/9,3,3
Liver,ENTPD1,PlasmaB,NL→IT,NL,IT,0.22548155,0.07996593,-64.5,↓,0.329004,NS,21/30,6,5
Liver,ENTPD1,PlasmaB,NL→IA,NL,IA,0.22548155,0.20473024,-9.199999809265137,↓,0.792208,NS,17/30,6,5
Liver,ENTPD1,PlasmaB,NL→AR,NL,AR,0.22548155,0.17160976,-23.899999618530277,↓,0.904762,NS,10/18,6,3
Liver,ENTPD1,PlasmaB,NL→CR,NL,CR,0.22548155,0.09191415,-59.20000076293945,↓,0.166667,NS,15/18,6,3
Liver,ENTPD1,PlasmaB,IT→IA,IT,IA,0.07996593,0.20473024,156.0,↑,0.420635,NS,17/25,5,5
Liver,ENTPD1,PlasmaB,IA→AR,IA,AR,0.20473024,0.17160976,-16.200000762939453,↓,1.0,NS,8/15,5,3
Liver,ENTPD1,PlasmaB,CR→AR,CR,AR,0.09191415,0.17160976,86.69999694824219,↑,0.7,NS,6/9,3,3
Liver,EOMES,Myeloid,NL→IT,NL,IT,0.0,0.002037143,99999.0,↑,0.175734,NS,12/36,6,6
Liver,EOMES,Myeloid,NL→IA,NL,IA,0.0,0.01961029,99999.0,↑,0.13638,NS,12/30,6,5
Liver,EOMES,Myeloid,NL→AR,NL,AR,0.0,0.0013850075,99999.0,↑,0.238593,NS,6/18,6,3
Liver,EOMES,Myeloid,NL→CR,NL,CR,0.0,0.0043307687,99999.0,↑,0.238593,NS,6/18,6,3
Liver,EOMES,Myeloid,IT→IA,IT,IA,0.002037143,0.01961029,862.5999755859375,↑,0.751099,NS,11/30,6,5
Liver,EOMES,Myeloid,IA→AR,IA,AR,0.01961029,0.0013850075,-92.9000015258789,↓,0.732678,NS,6/15,5,3
Liver,EOMES,Myeloid,CR→AR,CR,AR,0.0043307687,0.0013850075,-68.0,↓,1.0,NS,3/9,3,3
Liver,EOMES,CD4_T,NL→IT,NL,IT,0.14757337,0.15429313,4.599999904632568,↑,0.937229,NS,19/36,6,6
Liver,EOMES,CD4_T,NL→IA,NL,IA,0.14757337,0.13164468,-10.800000190734863,↓,0.536797,NS,19/30,6,5
Liver,EOMES,CD4_T,NL→AR,NL,AR,0.14757337,0.1814133,22.899999618530277,↑,0.904762,NS,10/18,6,3
Liver,EOMES,CD4_T,NL→CR,NL,CR,0.14757337,0.26896665,82.30000305175781,↑,0.166667,NS,15/18,6,3
Liver,EOMES,CD4_T,IT→IA,IT,IA,0.15429313,0.13164468,-14.699999809265137,↓,0.329004,NS,21/30,6,5
Liver,EOMES,CD4_T,IA→AR,IA,AR,0.13164468,0.1814133,37.79999923706055,↑,0.392857,NS,11/15,5,3
Liver,EOMES,CD4_T,CR→AR,CR,AR,0.26896665,0.1814133,-32.599998474121094,↓,0.7,NS,6/9,3,3
Liver,EOMES,CD8_T,NL→IT,NL,IT,0.24435718,0.2880371,17.899999618530273,↑,0.588745,NS,22/36,6,6
Liver,EOMES,CD8_T,NL→IA,NL,IA,0.24435718,0.29906553,22.399999618530277,↑,0.246753,NS,22/30,6,5
Liver,EOMES,CD8_T,NL→AR,NL,AR,0.24435718,0.34143364,39.70000076293945,↑,0.904762,NS,10/18,6,3
Liver,EOMES,CD8_T,NL→CR,NL,CR,0.24435718,0.49760127,103.5999984741211,↑,0.095238,†,16/18,6,3
Liver,EOMES,CD8_T,IT→IA,IT,IA,0.2880371,0.29906553,3.799999952316284,↑,0.792208,NS,13/30,6,5
Liver,EOMES,CD8_T,IA→AR,IA,AR,0.29906553,0.34143364,14.199999809265137,↑,1.0,NS,7/15,5,3
Liver,EOMES,CD8_T,CR→AR,CR,AR,0.49760127,0.34143364,-31.399999618530277,↓,0.4,NS,7/9,3,3
Liver,EOMES,NK,NL→IT,NL,IT,0.36769828,0.2933996,-20.200000762939453,↓,0.699134,NS,21/36,6,6
Liver,EOMES,NK,NL→IA,NL,IA,0.36769828,0.30888015,-16.0,↓,0.536797,NS,19/30,6,5
Liver,EOMES,NK,NL→AR,NL,AR,0.36769828,0.36421266,-0.8999999761581421,↓,0.714286,NS,11/18,6,3
Liver,EOMES,NK,NL→CR,NL,CR,0.36769828,0.50192463,36.5,↑,0.261905,NS,14/18,6,3
Liver,EOMES,NK,IT→IA,IT,IA,0.2933996,0.30888015,5.300000190734863,↑,0.930736,NS,16/30,6,5
Liver,EOMES,NK,IA→AR,IA,AR,0.30888015,0.36421266,17.899999618530273,↑,1.0,NS,8/15,5,3
Liver,EOMES,NK,CR→AR,CR,AR,0.50192463,0.36421266,-27.399999618530277,↓,0.4,NS,7/9,3,3
Liver,EOMES,B,NL→IT,NL,IT,0.006758874,0.0011212493,-83.4000015258789,↓,0.727603,NS,9/30,6,5
Liver,EOMES,B,NL→IA,NL,IA,0.006758874,0.0024556324,-63.70000076293945,↓,0.915796,NS,8/30,6,5
Liver,EOMES,B,NL→AR,NL,AR,0.006758874,0.0,-100.0,↓,0.376759,NS,6/18,6,3
Liver,EOMES,B,NL→CR,NL,CR,0.006758874,0.010570355,56.400001525878906,↑,0.4795,NS,10/18,6,3
Liver,EOMES,B,IT→IA,IT,IA,0.0011212493,0.0024556324,119.0,↑,0.607236,NS,9/25,5,5
Liver,EOMES,B,IA→AR,IA,AR,0.0024556324,0.0,-100.0,↓,0.329114,NS,6/15,5,3
Liver,EOMES,B,CR→AR,CR,AR,0.010570355,0.0,-100.0,↓,0.196706,NS,6/9,3,3
Liver,EOMES,PlasmaB,NL→IT,NL,IT,0.0071803327,0.0064441888,-10.300000190734863,↓,0.727603,NS,9/30,6,5
Liver,EOMES,PlasmaB,NL→IA,NL,IA,0.0071803327,0.016682493,132.3000030517578,↑,0.907569,NS,6/30,6,5
Liver,EOMES,PlasmaB,NL→AR,NL,AR,0.0071803327,0.0,-100.0,↓,0.376759,NS,6/18,6,3
Liver,EOMES,PlasmaB,NL→CR,NL,CR,0.0071803327,0.005276606,-26.5,↓,1.0,NS,5/18,6,3
Liver,EOMES,PlasmaB,IT→IA,IT,IA,0.0064441888,0.016682493,158.89999389648438,↑,1.0,NS,5/25,5,5
Liver,EOMES,PlasmaB,IA→AR,IA,AR,0.016682493,0.0,-100.0,↓,0.605577,NS,3/15,5,3
Liver,EOMES,PlasmaB,CR→AR,CR,AR,0.005276606,0.0,-100.0,↓,0.504985,NS,3/9,3,3
Liver,EPAS1,Myeloid,NL→IT,NL,IT,0.02713347,0.06640253,144.6999969482422,↑,0.375117,NS,23/36,6,6
Liver,EPAS1,Myeloid,NL→IA,NL,IA,0.02713347,0.08171512,201.1999969482422,↑,0.143215,NS,23/30,6,5
Liver,EPAS1,Myeloid,NL→AR,NL,AR,0.02713347,0.017832931,-34.29999923706055,↓,0.511482,NS,11/18,6,3
Liver,EPAS1,Myeloid,NL→CR,NL,CR,0.02713347,0.069127865,154.8000030517578,↑,0.436661,NS,12/18,6,3
Liver,EPAS1,Myeloid,IT→IA,IT,IA,0.06640253,0.08171512,23.100000381469727,↑,0.645055,NS,17/30,6,5
Liver,EPAS1,Myeloid,IA→AR,IA,AR,0.08171512,0.017832931,-78.19999694824219,↓,0.12663,NS,12/15,5,3
Liver,EPAS1,Myeloid,CR→AR,CR,AR,0.069127865,0.017832931,-74.19999694824219,↓,0.353679,NS,6/9,3,3
Liver,EPAS1,CD4_T,NL→IT,NL,IT,0.074228995,0.06517429,-12.199999809265137,↓,0.748349,NS,20/36,6,6
Liver,EPAS1,CD4_T,NL→IA,NL,IA,0.074228995,0.05195676,-30.0,↓,0.714379,NS,17/30,6,5
Liver,EPAS1,CD4_T,NL→AR,NL,AR,0.074228995,0.045596585,-38.59999847412109,↓,0.380952,NS,13/18,6,3
Liver,EPAS1,CD4_T,NL→CR,NL,CR,0.074228995,0.054624695,-26.399999618530277,↓,0.714286,NS,11/18,6,3
Liver,EPAS1,CD4_T,IT→IA,IT,IA,0.06517429,0.05195676,-20.299999237060547,↓,0.272229,NS,21/30,6,5
Liver,EPAS1,CD4_T,IA→AR,IA,AR,0.05195676,0.045596585,-12.199999809265137,↓,1.0,NS,8/15,5,3
Liver,EPAS1,CD4_T,CR→AR,CR,AR,0.054624695,0.045596585,-16.5,↓,1.0,NS,5/9,3,3
Liver,EPAS1,CD8_T,NL→IT,NL,IT,0.09917703,0.06579688,-33.70000076293945,↓,0.588745,NS,22/36,6,6
Liver,EPAS1,CD8_T,NL→IA,NL,IA,0.09917703,0.045954335,-53.70000076293945,↓,0.246753,NS,22/30,6,5
Liver,EPAS1,CD8_T,NL→AR,NL,AR,0.09917703,0.033854116,-65.9000015258789,↓,0.261905,NS,14/18,6,3
Liver,EPAS1,CD8_T,NL→CR,NL,CR,0.09917703,0.04411033,-55.5,↓,0.261905,NS,14/18,6,3
Liver,EPAS1,CD8_T,IT→IA,IT,IA,0.06579688,0.045954335,-30.200000762939453,↓,0.360216,NS,20/30,6,5
Liver,EPAS1,CD8_T,IA→AR,IA,AR,0.045954335,0.033854116,-26.299999237060547,↓,0.392857,NS,11/15,5,3
Liver,EPAS1,CD8_T,CR→AR,CR,AR,0.04411033,0.033854116,-23.299999237060547,↓,0.7,NS,6/9,3,3
Liver,EPAS1,NK,NL→IT,NL,IT,0.09211869,0.060507264,-34.29999923706055,↓,0.484848,NS,23/36,6,6
Liver,EPAS1,NK,NL→IA,NL,IA,0.09211869,0.0842217,-8.600000381469727,↓,0.662338,NS,12/30,6,5
Liver,EPAS1,NK,NL→AR,NL,AR,0.09211869,0.029016713,-68.5,↓,0.047619,*,17/18,6,3
Liver,EPAS1,NK,NL→CR,NL,CR,0.09211869,0.049799263,-45.900001525878906,↓,0.261905,NS,14/18,6,3
Liver,EPAS1,NK,IT→IA,IT,IA,0.060507264,0.0842217,39.20000076293945,↑,0.428571,NS,20/30,6,5
Liver,EPAS1,NK,IA→AR,IA,AR,0.0842217,0.029016713,-65.5,↓,0.25,NS,12/15,5,3
Liver,EPAS1,NK,CR→AR,CR,AR,0.049799263,0.029016713,-41.70000076293945,↓,0.7,NS,6/9,3,3
Liver,EPAS1,B,NL→IT,NL,IT,0.006320922,0.0029438415,-53.400001525878906,↓,0.642347,NS,5/30,6,5
Liver,EPAS1,B,NL→IA,NL,IA,0.006320922,0.003799656,-39.900001525878906,↓,0.642347,NS,5/30,6,5
Liver,EPAS1,B,NL→AR,NL,AR,0.006320922,0.0,-100.0,↓,0.637352,NS,3/18,6,3
Liver,EPAS1,B,NL→CR,NL,CR,0.006320922,0.0,-100.0,↓,0.637352,NS,3/18,6,3
Liver,EPAS1,B,IT→IA,IT,IA,0.0029438415,0.003799656,29.100000381469727,↑,1.0,NS,8/25,5,5
Liver,EPAS1,B,IA→AR,IA,AR,0.003799656,0.0,-100.0,↓,0.329114,NS,6/15,5,3
Liver,EPAS1,B,CR→AR,CR,AR,0.0,0.0,0.0,↑,1.0,NS,0/9,3,3
Liver,EPAS1,PlasmaB,NL→IT,NL,IT,0.017410915,0.0016010627,-90.8000030517578,↓,0.727603,NS,9/30,6,5
Liver,EPAS1,PlasmaB,NL→IA,NL,IA,0.017410915,0.0,-100.0,↓,0.222994,NS,10/30,6,5
Liver,EPAS1,PlasmaB,NL→AR,NL,AR,0.017410915,0.0,-100.0,↓,0.376759,NS,6/18,6,3
Liver,EPAS1,PlasmaB,NL→CR,NL,CR,0.017410915,0.015252181,-12.399999618530272,↓,1.0,NS,5/18,6,3
Liver,EPAS1,PlasmaB,IT→IA,IT,IA,0.0016010627,0.0,-100.0,↓,0.423711,NS,5/25,5,5
Liver,EPAS1,PlasmaB,IA→AR,IA,AR,0.0,0.0,0.0,↑,1.0,NS,0/15,5,3
Liver,EPAS1,PlasmaB,CR→AR,CR,AR,0.015252181,0.0,-100.0,↓,0.504985,NS,3/9,3,3
Liver,ESRRA,Myeloid,NL→IT,NL,IT,0.10318723,0.08660128,-16.100000381469727,↓,0.422527,NS,23/36,6,6
Liver,ESRRA,Myeloid,NL→IA,NL,IA,0.10318723,0.14243023,38.0,↑,0.930736,NS,14/30,6,5
Liver,ESRRA,Myeloid,NL→AR,NL,AR,0.10318723,0.10680678,3.5,↑,0.795418,NS,7/18,6,3
Liver,ESRRA,Myeloid,NL→CR,NL,CR,0.10318723,0.09698742,-6.0,↓,0.547619,NS,12/18,6,3
Liver,ESRRA,Myeloid,IT→IA,IT,IA,0.08660128,0.14243023,64.5,↑,0.329004,NS,21/30,6,5
Liver,ESRRA,Myeloid,IA→AR,IA,AR,0.14243023,0.10680678,-25.0,↓,0.392857,NS,11/15,5,3
Liver,ESRRA,Myeloid,CR→AR,CR,AR,0.09698742,0.10680678,10.100000381469728,↑,0.7,NS,3/9,3,3
Liver,ESRRA,CD4_T,NL→IT,NL,IT,0.030421942,0.02145011,-29.5,↓,0.748349,NS,20/36,6,6
Liver,ESRRA,CD4_T,NL→IA,NL,IA,0.030421942,0.03248657,6.800000190734863,↑,0.536797,NS,19/30,6,5
Liver,ESRRA,CD4_T,NL→AR,NL,AR,0.030421942,0.025750525,-15.399999618530272,↓,1.0,NS,9/18,6,3
Liver,ESRRA,CD4_T,NL→CR,NL,CR,0.030421942,0.029550003,-2.900000095367432,↓,0.904762,NS,8/18,6,3
Liver,ESRRA,CD4_T,IT→IA,IT,IA,0.02145011,0.03248657,51.5,↑,0.082251,†,25/30,6,5
Liver,ESRRA,CD4_T,IA→AR,IA,AR,0.03248657,0.025750525,-20.700000762939453,↓,0.392857,NS,11/15,5,3
Liver,ESRRA,CD4_T,CR→AR,CR,AR,0.029550003,0.025750525,-12.899999618530272,↓,0.7,NS,6/9,3,3
Liver,ESRRA,CD8_T,NL→IT,NL,IT,0.04045343,0.03059744,-24.399999618530277,↓,0.588745,NS,22/36,6,6
Liver,ESRRA,CD8_T,NL→IA,NL,IA,0.04045343,0.03246735,-19.700000762939453,↓,0.536797,NS,19/30,6,5
Liver,ESRRA,CD8_T,NL→AR,NL,AR,0.04045343,0.035400037,-12.5,↓,0.380952,NS,13/18,6,3
Liver,ESRRA,CD8_T,NL→CR,NL,CR,0.04045343,0.028630054,-29.200000762939453,↓,0.261905,NS,14/18,6,3
Liver,ESRRA,CD8_T,IT→IA,IT,IA,0.03059744,0.03246735,6.099999904632568,↑,1.0,NS,15/30,6,5
Liver,ESRRA,CD8_T,IA→AR,IA,AR,0.03246735,0.035400037,9.0,↑,0.785714,NS,9/15,5,3
Liver,ESRRA,CD8_T,CR→AR,CR,AR,0.028630054,0.035400037,23.600000381469727,↑,1.0,NS,5/9,3,3
Liver,ESRRA,NK,NL→IT,NL,IT,0.036170404,0.07145531,97.5999984741211,↑,0.309524,NS,25/36,6,6
Liver,ESRRA,NK,NL→IA,NL,IA,0.036170404,0.04556108,26.0,↑,0.246753,NS,22/30,6,5
Liver,ESRRA,NK,NL→AR,NL,AR,0.036170404,0.044426486,22.799999237060547,↑,0.547619,NS,12/18,6,3
Liver,ESRRA,NK,NL→CR,NL,CR,0.036170404,0.02403911,-33.5,↓,0.166667,NS,15/18,6,3
Liver,ESRRA,NK,IT→IA,IT,IA,0.07145531,0.04556108,-36.20000076293945,↓,0.662338,NS,12/30,6,5
Liver,ESRRA,NK,IA→AR,IA,AR,0.04556108,0.044426486,-2.5,↓,0.571429,NS,5/15,5,3
Liver,ESRRA,NK,CR→AR,CR,AR,0.02403911,0.044426486,84.80000305175781,↑,0.7,NS,6/9,3,3
Liver,ESRRA,B,NL→IT,NL,IT,0.027610734,0.022107655,-19.899999618530277,↓,1.0,NS,13/30,6,5
Liver,ESRRA,B,NL→IA,NL,IA,0.027610734,0.03354907,21.5,↑,0.645055,NS,17/30,6,5
Liver,ESRRA,B,NL→AR,NL,AR,0.027610734,0.052636307,90.5999984741211,↑,0.36415,NS,13/18,6,3
Liver,ESRRA,B,NL→CR,NL,CR,0.027610734,0.032046232,16.100000381469727,↑,0.516853,NS,12/18,6,3
Liver,ESRRA,B,IT→IA,IT,IA,0.022107655,0.03354907,51.79999923706055,↑,0.525809,NS,15/25,5,5
Liver,ESRRA,B,IA→AR,IA,AR,0.03354907,0.052636307,56.900001525878906,↑,0.571429,NS,10/15,5,3
Liver,ESRRA,B,CR→AR,CR,AR,0.032046232,0.052636307,64.30000305175781,↑,0.7,NS,6/9,3,3
Liver,ESRRA,PlasmaB,NL→IT,NL,IT,0.0077226833,0.022878418,196.1999969482422,↑,0.370287,NS,16/30,6,5
Liver,ESRRA,PlasmaB,NL→IA,NL,IA,0.0077226833,0.04000199,418.0,↑,0.370287,NS,16/30,6,5
Liver,ESRRA,PlasmaB,NL→AR,NL,AR,0.0077226833,0.07279734,842.5999755859375,↑,0.203092,NS,12/18,6,3
Liver,ESRRA,PlasmaB,NL→CR,NL,CR,0.0077226833,0.049969453,547.0,↑,0.203092,NS,12/18,6,3
Liver,ESRRA,PlasmaB,IT→IA,IT,IA,0.022878418,0.04000199,74.80000305175781,↑,0.829357,NS,12/25,5,5
Liver,ESRRA,PlasmaB,IA→AR,IA,AR,0.04000199,0.07279734,82.0,↑,0.759982,NS,8/15,5,3
Liver,ESRRA,PlasmaB,CR→AR,CR,AR,0.049969453,0.07279734,45.70000076293945,↑,0.824778,NS,5/9,3,3
Liver,EZH2,Myeloid,NL→IT,NL,IT,0.020474443,0.06986127,241.1999969482422,↑,0.072967,†,28/36,6,6
Liver,EZH2,Myeloid,NL→IA,NL,IA,0.020474443,0.05775825,182.1000061035156,↑,0.262193,NS,20/30,6,5
Liver,EZH2,Myeloid,NL→AR,NL,AR,0.020474443,0.029038733,41.79999923706055,↑,0.589639,NS,10/18,6,3
Liver,EZH2,Myeloid,NL→CR,NL,CR,0.020474443,0.034233246,67.19999694824219,↑,0.35802,NS,13/18,6,3
Liver,EZH2,Myeloid,IT→IA,IT,IA,0.06986127,0.05775825,-17.299999237060547,↓,0.854805,NS,16/30,6,5
Liver,EZH2,Myeloid,IA→AR,IA,AR,0.05775825,0.029038733,-49.70000076293945,↓,0.652783,NS,9/15,5,3
Liver,EZH2,Myeloid,CR→AR,CR,AR,0.034233246,0.029038733,-15.199999809265137,↓,1.0,NS,5/9,3,3
Liver,EZH2,CD4_T,NL→IT,NL,IT,0.064758874,0.06670598,3.0,↑,0.937229,NS,19/36,6,6
Liver,EZH2,CD4_T,NL→IA,NL,IA,0.064758874,0.04899064,-24.299999237060547,↓,0.329004,NS,21/30,6,5
Liver,EZH2,CD4_T,NL→AR,NL,AR,0.064758874,0.057035025,-11.899999618530272,↓,0.904762,NS,10/18,6,3
Liver,EZH2,CD4_T,NL→CR,NL,CR,0.064758874,0.06151713,-5.0,↓,0.904762,NS,10/18,6,3
Liver,EZH2,CD4_T,IT→IA,IT,IA,0.06670598,0.04899064,-26.600000381469727,↓,0.082251,†,25/30,6,5
Liver,EZH2,CD4_T,IA→AR,IA,AR,0.04899064,0.057035025,16.399999618530273,↑,0.571429,NS,10/15,5,3
Liver,EZH2,CD4_T,CR→AR,CR,AR,0.06151713,0.057035025,-7.300000190734863,↓,1.0,NS,5/9,3,3
Liver,EZH2,CD8_T,NL→IT,NL,IT,0.06635558,0.07729855,16.5,↑,0.588745,NS,22/36,6,6
Liver,EZH2,CD8_T,NL→IA,NL,IA,0.06635558,0.0758068,14.199999809265137,↑,0.428571,NS,20/30,6,5
Liver,EZH2,CD8_T,NL→AR,NL,AR,0.06635558,0.07998806,20.5,↑,1.0,NS,9/18,6,3
Liver,EZH2,CD8_T,NL→CR,NL,CR,0.06635558,0.07027089,5.900000095367432,↑,1.0,NS,9/18,6,3
Liver,EZH2,CD8_T,IT→IA,IT,IA,0.07729855,0.0758068,-1.899999976158142,↓,0.930736,NS,16/30,6,5
Liver,EZH2,CD8_T,IA→AR,IA,AR,0.0758068,0.07998806,5.5,↑,1.0,NS,8/15,5,3
Liver,EZH2,CD8_T,CR→AR,CR,AR,0.07027089,0.07998806,13.800000190734863,↑,1.0,NS,5/9,3,3
Liver,EZH2,NK,NL→IT,NL,IT,0.09889445,0.09555625,-3.400000095367432,↓,0.937229,NS,19/36,6,6
Liver,EZH2,NK,NL→IA,NL,IA,0.09889445,0.07309751,-26.100000381469727,↓,0.329004,NS,21/30,6,5
Liver,EZH2,NK,NL→AR,NL,AR,0.09889445,0.08665189,-12.399999618530272,↓,0.714286,NS,11/18,6,3
Liver,EZH2,NK,NL→CR,NL,CR,0.09889445,0.103975154,5.099999904632568,↑,0.714286,NS,11/18,6,3
Liver,EZH2,NK,IT→IA,IT,IA,0.09555625,0.07309751,-23.5,↓,0.329004,NS,21/30,6,5
Liver,EZH2,NK,IA→AR,IA,AR,0.07309751,0.08665189,18.5,↑,1.0,NS,8/15,5,3
Liver,EZH2,NK,CR→AR,CR,AR,0.103975154,0.08665189,-16.700000762939453,↓,0.7,NS,6/9,3,3
Liver,EZH2,B,NL→IT,NL,IT,0.048129383,0.026501771,-44.900001525878906,↓,0.923725,NS,11/30,6,5
Liver,EZH2,B,NL→IA,NL,IA,0.048129383,0.02327846,-51.59999847412109,↓,0.851762,NS,12/30,6,5
Liver,EZH2,B,NL→AR,NL,AR,0.048129383,0.01311398,-72.80000305175781,↓,0.671373,NS,8/18,6,3
Liver,EZH2,B,NL→CR,NL,CR,0.048129383,0.033826478,-29.700000762939453,↓,0.35802,NS,5/18,6,3
Liver,EZH2,B,IT→IA,IT,IA,0.026501771,0.02327846,-12.199999809265137,↓,1.0,NS,12/25,5,5
Liver,EZH2,B,IA→AR,IA,AR,0.02327846,0.01311398,-43.70000076293945,↓,0.541193,NS,9/15,5,3
Liver,EZH2,B,CR→AR,CR,AR,0.033826478,0.01311398,-61.20000076293945,↓,0.375825,NS,7/9,3,3
Liver,EZH2,PlasmaB,NL→IT,NL,IT,0.036176242,0.03634353,0.5,↑,0.851762,NS,15/30,6,5
Liver,EZH2,PlasmaB,NL→IA,NL,IA,0.036176242,0.074940965,107.1999969482422,↑,0.262193,NS,20/30,6,5
Liver,EZH2,PlasmaB,NL→AR,NL,AR,0.036176242,0.07115541,96.6999969482422,↑,0.589639,NS,10/18,6,3
Liver,EZH2,PlasmaB,NL→CR,NL,CR,0.036176242,0.014242635,-60.59999847412109,↓,0.671373,NS,8/18,6,3
Liver,EZH2,PlasmaB,IT→IA,IT,IA,0.03634353,0.074940965,106.1999969482422,↑,0.173217,NS,19/25,5,5
Liver,EZH2,PlasmaB,IA→AR,IA,AR,0.074940965,0.07115541,-5.099999904632568,↓,0.880791,NS,8/15,5,3
Liver,EZH2,PlasmaB,CR→AR,CR,AR,0.014242635,0.07115541,399.6000061035156,↑,0.642835,NS,5/9,3,3
Liver,FAS,Myeloid,NL→IT,NL,IT,0.081788965,0.107165985,31.0,↑,0.588745,NS,22/36,6,6
Liver,FAS,Myeloid,NL→IA,NL,IA,0.081788965,0.0912753,11.600000381469728,↑,0.428571,NS,20/30,6,5
Liver,FAS,Myeloid,NL→AR,NL,AR,0.081788965,0.09595413,17.299999237060547,↑,0.904762,NS,10/18,6,3
Liver,FAS,Myeloid,NL→CR,NL,CR,0.081788965,0.1039742,27.100000381469727,↑,0.714286,NS,11/18,6,3
Liver,FAS,Myeloid,IT→IA,IT,IA,0.107165985,0.0912753,-14.800000190734863,↓,0.714379,NS,17/30,6,5
Liver,FAS,Myeloid,IA→AR,IA,AR,0.0912753,0.09595413,5.099999904632568,↑,1.0,NS,7/15,5,3
Liver,FAS,Myeloid,CR→AR,CR,AR,0.1039742,0.09595413,-7.699999809265137,↓,1.0,NS,5/9,3,3
Liver,FAS,CD4_T,NL→IT,NL,IT,0.32498696,0.28122655,-13.5,↓,0.818182,NS,20/36,6,6
Liver,FAS,CD4_T,NL→IA,NL,IA,0.32498696,0.32961774,1.399999976158142,↑,0.792208,NS,17/30,6,5
Liver,FAS,CD4_T,NL→AR,NL,AR,0.32498696,0.268892,-17.299999237060547,↓,0.714286,NS,11/18,6,3
Liver,FAS,CD4_T,NL→CR,NL,CR,0.32498696,0.3464135,6.599999904632568,↑,0.904762,NS,10/18,6,3
Liver,FAS,CD4_T,IT→IA,IT,IA,0.28122655,0.32961774,17.200000762939453,↑,1.0,NS,15/30,6,5
Liver,FAS,CD4_T,IA→AR,IA,AR,0.32961774,0.268892,-18.399999618530277,↓,1.0,NS,8/15,5,3
Liver,FAS,CD4_T,CR→AR,CR,AR,0.3464135,0.268892,-22.399999618530277,↓,0.7,NS,6/9,3,3
Liver,FAS,CD8_T,NL→IT,NL,IT,0.32218704,0.27156958,-15.699999809265137,↓,0.179654,NS,27/36,6,6
Liver,FAS,CD8_T,NL→IA,NL,IA,0.32218704,0.24887033,-22.799999237060547,↓,0.428571,NS,20/30,6,5
Liver,FAS,CD8_T,NL→AR,NL,AR,0.32218704,0.20103802,-37.59999847412109,↓,0.095238,†,16/18,6,3
Liver,FAS,CD8_T,NL→CR,NL,CR,0.32218704,0.28608975,-11.199999809265137,↓,0.904762,NS,10/18,6,3
Liver,FAS,CD8_T,IT→IA,IT,IA,0.27156958,0.24887033,-8.399999618530273,↓,0.930736,NS,16/30,6,5
Liver,FAS,CD8_T,IA→AR,IA,AR,0.24887033,0.20103802,-19.200000762939453,↓,0.571429,NS,10/15,5,3
Liver,FAS,CD8_T,CR→AR,CR,AR,0.28608975,0.20103802,-29.700000762939453,↓,0.4,NS,7/9,3,3
Liver,FAS,NK,NL→IT,NL,IT,0.15521689,0.11930438,-23.100000381469727,↓,0.484848,NS,23/36,6,6
Liver,FAS,NK,NL→IA,NL,IA,0.15521689,0.1391769,-10.300000190734863,↓,0.930736,NS,16/30,6,5
Liver,FAS,NK,NL→AR,NL,AR,0.15521689,0.13797294,-11.100000381469728,↓,0.904762,NS,10/18,6,3
Liver,FAS,NK,NL→CR,NL,CR,0.15521689,0.17288364,11.399999618530272,↑,0.547619,NS,12/18,6,3
Liver,FAS,NK,IT→IA,IT,IA,0.11930438,0.1391769,16.700000762939453,↑,0.792208,NS,17/30,6,5
Liver,FAS,NK,IA→AR,IA,AR,0.1391769,0.13797294,-0.8999999761581421,↓,0.785714,NS,6/15,5,3
Liver,FAS,NK,CR→AR,CR,AR,0.17288364,0.13797294,-20.200000762939453,↓,0.7,NS,6/9,3,3
Liver,FAS,B,NL→IT,NL,IT,0.054679245,0.086473,58.09999847412109,↑,0.662338,NS,18/30,6,5
Liver,FAS,B,NL→IA,NL,IA,0.054679245,0.06994997,27.899999618530277,↑,0.792208,NS,17/30,6,5
Liver,FAS,B,NL→AR,NL,AR,0.054679245,0.053647686,-1.899999976158142,↓,0.904762,NS,8/18,6,3
Liver,FAS,B,NL→CR,NL,CR,0.054679245,0.07202448,31.700000762939453,↑,0.714286,NS,11/18,6,3
Liver,FAS,B,IT→IA,IT,IA,0.086473,0.06994997,-19.100000381469727,↓,1.0,NS,13/25,5,5
Liver,FAS,B,IA→AR,IA,AR,0.06994997,0.053647686,-23.299999237060547,↓,0.571429,NS,10/15,5,3
Liver,FAS,B,CR→AR,CR,AR,0.07202448,0.053647686,-25.5,↓,1.0,NS,5/9,3,3
Liver,FAS,PlasmaB,NL→IT,NL,IT,0.09080771,0.06769924,-25.399999618530277,↓,0.927099,NS,14/30,6,5
Liver,FAS,PlasmaB,NL→IA,NL,IA,0.09080771,0.038903203,-57.20000076293945,↓,0.640374,NS,16/30,6,5
Liver,FAS,PlasmaB,NL→AR,NL,AR,0.09080771,0.03129635,-65.5,↓,0.693641,NS,10/18,6,3
Liver,FAS,PlasmaB,NL→CR,NL,CR,0.09080771,0.07918492,-12.800000190734863,↓,0.896851,NS,8/18,6,3
Liver,FAS,PlasmaB,IT→IA,IT,IA,0.06769924,0.038903203,-42.5,↓,0.294802,NS,18/25,5,5
Liver,FAS,PlasmaB,IA→AR,IA,AR,0.038903203,0.03129635,-19.600000381469727,↓,1.0,NS,6/15,5,3
Liver,FAS,PlasmaB,CR→AR,CR,AR,0.07918492,0.03129635,-60.5,↓,0.4,NS,7/9,3,3
Liver,FASLG,Myeloid,NL→IT,NL,IT,0.0035845193,0.011660538,225.3000030517578,↑,0.180503,NS,21/36,6,6
Liver,FASLG,Myeloid,NL→IA,NL,IA,0.0035845193,0.03733606,941.5999755859376,↑,0.169289,NS,17/30,6,5
Liver,FASLG,Myeloid,NL→AR,NL,AR,0.0035845193,0.0013323389,-62.79999923706055,↓,0.859684,NS,3/18,6,3
Liver,FASLG,Myeloid,NL→CR,NL,CR,0.0035845193,0.0018668411,-47.900001525878906,↓,0.859684,NS,3/18,6,3
Liver,FASLG,Myeloid,IT→IA,IT,IA,0.011660538,0.03733606,220.1999969482422,↑,0.640374,NS,16/30,6,5
Liver,FASLG,Myeloid,IA→AR,IA,AR,0.03733606,0.0013323389,-96.4000015258789,↓,0.340617,NS,9/15,5,3
Liver,FASLG,Myeloid,CR→AR,CR,AR,0.0018668411,0.0013323389,-28.600000381469727,↓,1.0,NS,3/9,3,3
Liver,FASLG,CD4_T,NL→IT,NL,IT,0.23618202,0.2202499,-6.699999809265137,↓,0.937229,NS,19/36,6,6
Liver,FASLG,CD4_T,NL→IA,NL,IA,0.23618202,0.13931139,-41.0,↓,0.329004,NS,21/30,6,5
Liver,FASLG,CD4_T,NL→AR,NL,AR,0.23618202,0.12711388,-46.20000076293945,↓,0.166667,NS,15/18,6,3
Liver,FASLG,CD4_T,NL→CR,NL,CR,0.23618202,0.18475157,-21.799999237060547,↓,0.904762,NS,10/18,6,3
Liver,FASLG,CD4_T,IT→IA,IT,IA,0.2202499,0.13931139,-36.70000076293945,↓,0.329004,NS,21/30,6,5
Liver,FASLG,CD4_T,IA→AR,IA,AR,0.13931139,0.12711388,-8.800000190734863,↓,0.785714,NS,9/15,5,3
Liver,FASLG,CD4_T,CR→AR,CR,AR,0.18475157,0.12711388,-31.200000762939453,↓,0.7,NS,6/9,3,3
Liver,FASLG,CD8_T,NL→IT,NL,IT,0.3798538,0.3982853,4.900000095367432,↑,1.0,NS,18/36,6,6
Liver,FASLG,CD8_T,NL→IA,NL,IA,0.3798538,0.3936737,3.5999999046325684,↑,1.0,NS,15/30,6,5
Liver,FASLG,CD8_T,NL→AR,NL,AR,0.3798538,0.33603764,-11.5,↓,0.547619,NS,12/18,6,3
Liver,FASLG,CD8_T,NL→CR,NL,CR,0.3798538,0.39012015,2.700000047683716,↑,1.0,NS,9/18,6,3
Liver,FASLG,CD8_T,IT→IA,IT,IA,0.3982853,0.3936737,-1.2000000476837158,↓,0.662338,NS,12/30,6,5
Liver,FASLG,CD8_T,IA→AR,IA,AR,0.3936737,0.33603764,-14.600000381469728,↓,0.25,NS,12/15,5,3
Liver,FASLG,CD8_T,CR→AR,CR,AR,0.39012015,0.33603764,-13.899999618530272,↓,0.7,NS,6/9,3,3
Liver,FASLG,NK,NL→IT,NL,IT,0.51746655,0.65007514,25.600000381469727,↑,0.588745,NS,22/36,6,6
Liver,FASLG,NK,NL→IA,NL,IA,0.51746655,0.59908223,15.800000190734863,↑,0.662338,NS,18/30,6,5
Liver,FASLG,NK,NL→AR,NL,AR,0.51746655,0.4018568,-22.299999237060547,↓,0.547619,NS,12/18,6,3
Liver,FASLG,NK,NL→CR,NL,CR,0.51746655,0.67702454,30.799999237060547,↑,0.380952,NS,13/18,6,3
Liver,FASLG,NK,IT→IA,IT,IA,0.65007514,0.59908223,-7.800000190734863,↓,0.792208,NS,17/30,6,5
Liver,FASLG,NK,IA→AR,IA,AR,0.59908223,0.4018568,-32.900001525878906,↓,0.25,NS,12/15,5,3
Liver,FASLG,NK,CR→AR,CR,AR,0.67702454,0.4018568,-40.59999847412109,↓,0.7,NS,6/9,3,3
Liver,FASLG,B,NL→IT,NL,IT,0.001534752,0.006654855,333.6000061035156,↑,0.352972,NS,12/30,6,5
Liver,FASLG,B,NL→IA,NL,IA,0.001534752,0.009199363,499.3999938964844,↑,0.073153,†,22/30,6,5
Liver,FASLG,B,NL→AR,NL,AR,0.001534752,0.0,-100.0,↓,0.637352,NS,3/18,6,3
Liver,FASLG,B,NL→CR,NL,CR,0.001534752,0.0021562653,40.5,↑,0.859684,NS,5/18,6,3
Liver,FASLG,B,IT→IA,IT,IA,0.006654855,0.009199363,38.20000076293945,↑,0.450644,NS,15/25,5,5
Liver,FASLG,B,IA→AR,IA,AR,0.009199363,0.0,-100.0,↓,0.080625,†,12/15,5,3
Liver,FASLG,B,CR→AR,CR,AR,0.0021562653,0.0,-100.0,↓,0.504985,NS,3/9,3,3
Liver,FASLG,PlasmaB,NL→IT,NL,IT,0.0024300271,0.016873602,594.4000244140625,↑,0.892295,NS,6/30,6,5
Liver,FASLG,PlasmaB,NL→IA,NL,IA,0.0024300271,0.07186631,2857.39990234375,↑,0.352972,NS,12/30,6,5
Liver,FASLG,PlasmaB,NL→AR,NL,AR,0.0024300271,0.0,-100.0,↓,0.637352,NS,3/18,6,3
Liver,FASLG,PlasmaB,NL→CR,NL,CR,0.0024300271,0.011506922,373.5,↑,0.595883,NS,6/18,6,3
Liver,FASLG,PlasmaB,IT→IA,IT,IA,0.016873602,0.07186631,325.8999938964844,↑,0.440686,NS,10/25,5,5
Liver,FASLG,PlasmaB,IA→AR,IA,AR,0.07186631,0.0,-100.0,↓,0.329114,NS,6/15,5,3
Liver,FASLG,PlasmaB,CR→AR,CR,AR,0.011506922,0.0,-100.0,↓,0.504985,NS,3/9,3,3
Liver,FCER1G,Myeloid,NL→IT,NL,IT,2.8867028,2.5148833,-12.899999618530272,↓,0.179654,NS,27/36,6,6
Liver,FCER1G,Myeloid,NL→IA,NL,IA,2.8867028,2.6943529,-6.699999809265137,↓,0.930736,NS,16/30,6,5
Liver,FCER1G,Myeloid,NL→AR,NL,AR,2.8867028,2.9700615,2.900000095367432,↑,0.904762,NS,10/18,6,3
Liver,FCER1G,Myeloid,NL→CR,NL,CR,2.8867028,2.9774582,3.0999999046325684,↑,0.714286,NS,11/18,6,3
Liver,FCER1G,Myeloid,IT→IA,IT,IA,2.5148833,2.6943529,7.099999904632568,↑,0.536797,NS,19/30,6,5
Liver,FCER1G,Myeloid,IA→AR,IA,AR,2.6943529,2.9700615,10.199999809265137,↑,1.0,NS,8/15,5,3
Liver,FCER1G,Myeloid,CR→AR,CR,AR,2.9774582,2.9700615,-0.2000000029802322,↓,1.0,NS,5/9,3,3
Liver,FCER1G,CD4_T,NL→IT,NL,IT,0.053477388,0.099963315,86.9000015258789,↑,0.393939,NS,24/36,6,6
Liver,FCER1G,CD4_T,NL→IA,NL,IA,0.053477388,0.04243623,-20.600000381469727,↓,0.930736,NS,16/30,6,5
Liver,FCER1G,CD4_T,NL→AR,NL,AR,0.053477388,0.020918747,-60.900001525878906,↓,0.261905,NS,14/18,6,3
Liver,FCER1G,CD4_T,NL→CR,NL,CR,0.053477388,0.040721055,-23.899999618530277,↓,0.714286,NS,7/18,6,3
Liver,FCER1G,CD4_T,IT→IA,IT,IA,0.099963315,0.04243623,-57.5,↓,0.428571,NS,20/30,6,5
Liver,FCER1G,CD4_T,IA→AR,IA,AR,0.04243623,0.020918747,-50.70000076293945,↓,0.785714,NS,9/15,5,3
Liver,FCER1G,CD4_T,CR→AR,CR,AR,0.040721055,0.020918747,-48.59999847412109,↓,0.1,NS,9/9,3,3
Liver,FCER1G,CD8_T,NL→IT,NL,IT,0.036749434,0.1138555,209.8000030517578,↑,0.179654,NS,27/36,6,6
Liver,FCER1G,CD8_T,NL→IA,NL,IA,0.036749434,0.069439135,89.0,↑,0.792208,NS,17/30,6,5
Liver,FCER1G,CD8_T,NL→AR,NL,AR,0.036749434,0.017385187,-52.70000076293945,↓,0.547619,NS,12/18,6,3
Liver,FCER1G,CD8_T,NL→CR,NL,CR,0.036749434,0.030525425,-16.899999618530273,↓,0.714286,NS,7/18,6,3
Liver,FCER1G,CD8_T,IT→IA,IT,IA,0.1138555,0.069439135,-39.0,↓,0.662338,NS,18/30,6,5
Liver,FCER1G,CD8_T,IA→AR,IA,AR,0.069439135,0.017385187,-75.0,↓,0.071429,†,14/15,5,3
Liver,FCER1G,CD8_T,CR→AR,CR,AR,0.030525425,0.017385187,-43.0,↓,0.1,NS,9/9,3,3
Liver,FCER1G,NK,NL→IT,NL,IT,1.3606542,1.6275562,19.600000381469727,↑,0.179654,NS,27/36,6,6
Liver,FCER1G,NK,NL→IA,NL,IA,1.3606542,1.4313719,5.199999809265137,↑,0.662338,NS,18/30,6,5
Liver,FCER1G,NK,NL→AR,NL,AR,1.3606542,1.3848954,1.7999999523162842,↑,0.714286,NS,11/18,6,3
Liver,FCER1G,NK,NL→CR,NL,CR,1.3606542,1.9700502,44.79999923706055,↑,0.095238,†,16/18,6,3
Liver,FCER1G,NK,IT→IA,IT,IA,1.6275562,1.4313719,-12.100000381469728,↓,0.428571,NS,20/30,6,5
Liver,FCER1G,NK,IA→AR,IA,AR,1.4313719,1.3848954,-3.200000047683716,↓,1.0,NS,7/15,5,3
Liver,FCER1G,NK,CR→AR,CR,AR,1.9700502,1.3848954,-29.700000762939453,↓,0.1,NS,9/9,3,3
Liver,FCER1G,B,NL→IT,NL,IT,0.009520036,0.023737164,149.3000030517578,↑,0.485903,NS,15/30,6,5
Liver,FCER1G,B,NL→IA,NL,IA,0.009520036,0.030834775,223.8999938964844,↑,0.075853,†,25/30,6,5
Liver,FCER1G,B,NL→AR,NL,AR,0.009520036,0.0,-100.0,↓,0.376759,NS,6/18,6,3
Liver,FCER1G,B,NL→CR,NL,CR,0.009520036,0.021517077,126.0,↑,0.224916,NS,14/18,6,3
Liver,FCER1G,B,IT→IA,IT,IA,0.023737164,0.030834775,29.899999618530277,↑,0.401965,NS,17/25,5,5
Liver,FCER1G,B,IA→AR,IA,AR,0.030834775,0.0,-100.0,↓,0.032473,*,15/15,5,3
Liver,FCER1G,B,CR→AR,CR,AR,0.021517077,0.0,-100.0,↓,0.063603,†,9/9,3,3
Liver,FCER1G,PlasmaB,NL→IT,NL,IT,0.44646418,1.4258586,219.3999938964844,↑,0.017316,*,28/30,6,5
Liver,FCER1G,PlasmaB,NL→IA,NL,IA,0.44646418,1.3984762,213.1999969482422,↑,0.051948,†,26/30,6,5
Liver,FCER1G,PlasmaB,NL→AR,NL,AR,0.44646418,1.6720897,274.5,↑,0.02381,*,18/18,6,3
Liver,FCER1G,PlasmaB,NL→CR,NL,CR,0.44646418,1.6006969,258.5,↑,0.02381,*,18/18,6,3
Liver,FCER1G,PlasmaB,IT→IA,IT,IA,1.4258586,1.3984762,-1.899999976158142,↓,0.84127,NS,11/25,5,5
Liver,FCER1G,PlasmaB,IA→AR,IA,AR,1.3984762,1.6720897,19.600000381469727,↑,0.785714,NS,9/15,5,3
Liver,FCER1G,PlasmaB,CR→AR,CR,AR,1.6006969,1.6720897,4.5,↑,1.0,NS,4/9,3,3
Liver,FCGR3A,Myeloid,NL→IT,NL,IT,0.4646678,0.576052,24.0,↑,0.588745,NS,22/36,6,6
Liver,FCGR3A,Myeloid,NL→IA,NL,IA,0.4646678,0.89816076,93.3000030517578,↑,0.017316,*,28/30,6,5
Liver,FCGR3A,Myeloid,NL→AR,NL,AR,0.4646678,0.5565276,19.799999237060547,↑,0.904762,NS,10/18,6,3
Liver,FCGR3A,Myeloid,NL→CR,NL,CR,0.4646678,0.75901204,63.29999923706055,↑,0.095238,†,16/18,6,3
Liver,FCGR3A,Myeloid,IT→IA,IT,IA,0.576052,0.89816076,55.900001525878906,↑,0.051948,†,26/30,6,5
Liver,FCGR3A,Myeloid,IA→AR,IA,AR,0.89816076,0.5565276,-38.0,↓,0.25,NS,12/15,5,3
Liver,FCGR3A,Myeloid,CR→AR,CR,AR,0.75901204,0.5565276,-26.700000762939453,↓,0.7,NS,6/9,3,3
Liver,FCGR3A,CD4_T,NL→IT,NL,IT,0.06919041,0.04699448,-32.099998474121094,↓,0.818182,NS,20/36,6,6
Liver,FCGR3A,CD4_T,NL→IA,NL,IA,0.06919041,0.07181427,3.799999952316284,↑,1.0,NS,15/30,6,5
Liver,FCGR3A,CD4_T,NL→AR,NL,AR,0.06919041,0.067353435,-2.700000047683716,↓,1.0,NS,9/18,6,3
Liver,FCGR3A,CD4_T,NL→CR,NL,CR,0.06919041,0.10905627,57.59999847412109,↑,0.714286,NS,11/18,6,3
Liver,FCGR3A,CD4_T,IT→IA,IT,IA,0.04699448,0.07181427,52.79999923706055,↑,0.536797,NS,19/30,6,5
Liver,FCGR3A,CD4_T,IA→AR,IA,AR,0.07181427,0.067353435,-6.199999809265137,↓,1.0,NS,8/15,5,3
Liver,FCGR3A,CD4_T,CR→AR,CR,AR,0.10905627,0.067353435,-38.20000076293945,↓,1.0,NS,5/9,3,3
Liver,FCGR3A,CD8_T,NL→IT,NL,IT,0.1117448,0.1011224,-9.5,↓,0.937229,NS,17/36,6,6
Liver,FCGR3A,CD8_T,NL→IA,NL,IA,0.1117448,0.09178688,-17.899999618530273,↓,0.930736,NS,14/30,6,5
Liver,FCGR3A,CD8_T,NL→AR,NL,AR,0.1117448,0.35514772,217.8000030517578,↑,0.047619,*,17/18,6,3
Liver,FCGR3A,CD8_T,NL→CR,NL,CR,0.1117448,0.14975579,34.0,↑,0.380952,NS,13/18,6,3
Liver,FCGR3A,CD8_T,IT→IA,IT,IA,0.1011224,0.09178688,-9.199999809265137,↓,0.428571,NS,20/30,6,5
Liver,FCGR3A,CD8_T,IA→AR,IA,AR,0.09178688,0.35514772,286.8999938964844,↑,0.035714,*,15/15,5,3
Liver,FCGR3A,CD8_T,CR→AR,CR,AR,0.14975579,0.35514772,137.1999969482422,↑,0.2,NS,8/9,3,3
Liver,FCGR3A,NK,NL→IT,NL,IT,1.0299531,0.95566565,-7.199999809265137,↓,1.0,NS,18/36,6,6
Liver,FCGR3A,NK,NL→IA,NL,IA,1.0299531,1.0141754,-1.5,↓,0.930736,NS,16/30,6,5
Liver,FCGR3A,NK,NL→AR,NL,AR,1.0299531,1.0623655,3.0999999046325684,↑,0.714286,NS,11/18,6,3
Liver,FCGR3A,NK,NL→CR,NL,CR,1.0299531,0.8856223,-14.0,↓,0.714286,NS,11/18,6,3
Liver,FCGR3A,NK,IT→IA,IT,IA,0.95566565,1.0141754,6.099999904632568,↑,1.0,NS,15/30,6,5
Liver,FCGR3A,NK,IA→AR,IA,AR,1.0141754,1.0623655,4.800000190734863,↑,0.785714,NS,6/15,5,3
Liver,FCGR3A,NK,CR→AR,CR,AR,0.8856223,1.0623655,20.0,↑,0.4,NS,7/9,3,3
Liver,FCGR3A,B,NL→IT,NL,IT,0.004029468,0.0023876135,-40.70000076293945,↓,0.727603,NS,9/30,6,5
Liver,FCGR3A,B,NL→IA,NL,IA,0.004029468,0.01145452,184.3000030517578,↑,0.370287,NS,16/30,6,5
Liver,FCGR3A,B,NL→AR,NL,AR,0.004029468,0.005595496,38.900001525878906,↑,0.878088,NS,6/18,6,3
Liver,FCGR3A,B,NL→CR,NL,CR,0.004029468,0.010739219,166.5,↑,0.138011,NS,15/18,6,3
Liver,FCGR3A,B,IT→IA,IT,IA,0.0023876135,0.01145452,379.7000122070313,↑,0.239317,NS,14/25,5,5
Liver,FCGR3A,B,IA→AR,IA,AR,0.01145452,0.005595496,-51.20000076293945,↓,0.525234,NS,8/15,5,3
Liver,FCGR3A,B,CR→AR,CR,AR,0.010739219,0.005595496,-47.900001525878906,↓,0.657905,NS,6/9,3,3
Liver,FCGR3A,PlasmaB,NL→IT,NL,IT,0.08423832,0.0,-100.0,↓,0.222994,NS,10/30,6,5
Liver,FCGR3A,PlasmaB,NL→IA,NL,IA,0.08423832,0.03657705,-56.59999847412109,↓,0.915796,NS,8/30,6,5
Liver,FCGR3A,PlasmaB,NL→AR,NL,AR,0.08423832,0.007305879,-91.3000030517578,↓,1.0,NS,5/18,6,3
Liver,FCGR3A,PlasmaB,NL→CR,NL,CR,0.08423832,0.0,-100.0,↓,0.376759,NS,6/18,6,3
Liver,FCGR3A,PlasmaB,IT→IA,IT,IA,0.0,0.03657705,99999.0,↑,0.179712,NS,10/25,5,5
Liver,FCGR3A,PlasmaB,IA→AR,IA,AR,0.03657705,0.007305879,-80.0,↓,1.0,NS,5/15,5,3
Liver,FCGR3A,PlasmaB,CR→AR,CR,AR,0.0,0.007305879,99999.0,↑,0.504985,NS,3/9,3,3
Liver,FLT1,Myeloid,NL→IT,NL,IT,0.11970854,0.100813426,-15.800000190734863,↓,1.0,NS,17/36,6,6
Liver,FLT1,Myeloid,NL→IA,NL,IA,0.11970854,0.038271584,-68.0,↓,0.200217,NS,22/30,6,5
Liver,FLT1,Myeloid,NL→AR,NL,AR,0.11970854,0.08916372,-25.5,↓,0.795418,NS,10/18,6,3
Liver,FLT1,Myeloid,NL→CR,NL,CR,0.11970854,0.058545887,-51.09999847412109,↓,0.380952,NS,13/18,6,3
Liver,FLT1,Myeloid,IT→IA,IT,IA,0.100813426,0.038271584,-62.0,↓,0.407016,NS,19/30,6,5
Liver,FLT1,Myeloid,IA→AR,IA,AR,0.038271584,0.08916372,133.0,↑,0.453356,NS,10/15,5,3
Liver,FLT1,Myeloid,CR→AR,CR,AR,0.058545887,0.08916372,52.29999923706055,↑,1.0,NS,5/9,3,3
Liver,FLT1,CD4_T,NL→IT,NL,IT,0.0057768575,0.0074574524,29.100000381469727,↑,0.872559,NS,19/36,6,6
Liver,FLT1,CD4_T,NL→IA,NL,IA,0.0057768575,0.009634447,66.80000305175781,↑,0.464192,NS,19/30,6,5
Liver,FLT1,CD4_T,NL→AR,NL,AR,0.0057768575,0.007794577,34.900001525878906,↑,1.0,NS,8/18,6,3
Liver,FLT1,CD4_T,NL→CR,NL,CR,0.0057768575,0.0028128924,-51.29999923706055,↓,0.436661,NS,12/18,6,3
Liver,FLT1,CD4_T,IT→IA,IT,IA,0.0074574524,0.009634447,29.200000762939453,↑,0.714379,NS,17/30,6,5
Liver,FLT1,CD4_T,IA→AR,IA,AR,0.009634447,0.007794577,-19.100000381469727,↓,0.880791,NS,8/15,5,3
Liver,FLT1,CD4_T,CR→AR,CR,AR,0.0028128924,0.007794577,177.10000610351562,↑,1.0,NS,4/9,3,3
Liver,FLT1,CD8_T,NL→IT,NL,IT,0.0021801197,0.0010700227,-50.900001525878906,↓,0.347164,NS,20/36,6,6
Liver,FLT1,CD8_T,NL→IA,NL,IA,0.0021801197,0.0044958917,106.1999969482422,↑,0.310863,NS,20/30,6,5
Liver,FLT1,CD8_T,NL→AR,NL,AR,0.0021801197,0.008445059,287.3999938964844,↑,0.243305,NS,14/18,6,3
Liver,FLT1,CD8_T,NL→CR,NL,CR,0.0021801197,0.0015280558,-29.899999618530277,↓,0.895533,NS,9/18,6,3
Liver,FLT1,CD8_T,IT→IA,IT,IA,0.0010700227,0.0044958917,320.20001220703125,↑,0.150962,NS,21/30,6,5
Liver,FLT1,CD8_T,IA→AR,IA,AR,0.0044958917,0.008445059,87.80000305175781,↑,0.571429,NS,10/15,5,3
Liver,FLT1,CD8_T,CR→AR,CR,AR,0.0015280558,0.008445059,452.7000122070313,↑,0.1,NS,9/9,3,3
Liver,FLT1,NK,NL→IT,NL,IT,0.0009859777,0.0018314488,85.69999694824219,↑,0.375117,NS,23/36,6,6
Liver,FLT1,NK,NL→IA,NL,IA,0.0009859777,0.0024916728,152.6999969482422,↑,0.464192,NS,19/30,6,5
Liver,FLT1,NK,NL→AR,NL,AR,0.0009859777,0.0012613425,27.899999618530277,↑,0.795418,NS,10/18,6,3
Liver,FLT1,NK,NL→CR,NL,CR,0.0009859777,0.0,-100.0,↓,0.059058,†,15/18,6,3
Liver,FLT1,NK,IT→IA,IT,IA,0.0018314488,0.0024916728,36.0,↑,0.645055,NS,17/30,6,5
Liver,FLT1,NK,IA→AR,IA,AR,0.0024916728,0.0012613425,-49.400001525878906,↓,0.453356,NS,10/15,5,3
Liver,FLT1,NK,CR→AR,CR,AR,0.0,0.0012613425,99999.0,↑,0.196706,NS,6/9,3,3
Liver,FLT1,B,NL→IT,NL,IT,0.015827753,0.054128814,242.0,↑,0.310863,NS,20/30,6,5
Liver,FLT1,B,NL→IA,NL,IA,0.015827753,0.013555096,-14.399999618530272,↓,1.0,NS,15/30,6,5
Liver,FLT1,B,NL→AR,NL,AR,0.015827753,0.009391202,-40.70000076293945,↓,0.68583,NS,9/18,6,3
Liver,FLT1,B,NL→CR,NL,CR,0.015827753,0.017520098,10.699999809265137,↑,1.0,NS,8/18,6,3
Liver,FLT1,B,IT→IA,IT,IA,0.054128814,0.013555096,-75.0,↓,0.420635,NS,17/25,5,5
Liver,FLT1,B,IA→AR,IA,AR,0.013555096,0.009391202,-30.700000762939453,↓,0.548595,NS,10/15,5,3
Liver,FLT1,B,CR→AR,CR,AR,0.017520098,0.009391202,-46.400001525878906,↓,0.642835,NS,5/9,3,3
Liver,FLT1,PlasmaB,NL→IT,NL,IT,0.0,0.022195222,99999.0,↑,0.36131,NS,6/30,6,5
Liver,FLT1,PlasmaB,NL→IA,NL,IA,0.0,0.0,0.0,↑,1.0,NS,0/30,6,5
Liver,FLT1,PlasmaB,NL→AR,NL,AR,0.0,0.0,0.0,↑,1.0,NS,0/18,6,3
Liver,FLT1,PlasmaB,NL→CR,NL,CR,0.0,0.0,0.0,↑,1.0,NS,0/18,6,3
Liver,FLT1,PlasmaB,IT→IA,IT,IA,0.022195222,0.0,-100.0,↓,0.423711,NS,5/25,5,5
Liver,FLT1,PlasmaB,IA→AR,IA,AR,0.0,0.0,0.0,↑,1.0,NS,0/15,5,3
Liver,FLT1,PlasmaB,CR→AR,CR,AR,0.0,0.0,0.0,↑,1.0,NS,0/9,3,3
Liver,FN1,Myeloid,NL→IT,NL,IT,0.03091056,0.009830837,-68.19999694824219,↓,0.608102,NS,17/36,6,6
Liver,FN1,Myeloid,NL→IA,NL,IA,0.03091056,0.0014059658,-95.5,↓,0.425806,NS,15/30,6,5
Liver,FN1,Myeloid,NL→AR,NL,AR,0.03091056,0.0,-100.0,↓,0.219768,NS,9/18,6,3
Liver,FN1,Myeloid,NL→CR,NL,CR,0.03091056,0.0,-100.0,↓,0.219768,NS,9/18,6,3
Liver,FN1,Myeloid,IT→IA,IT,IA,0.009830837,0.0014059658,-85.69999694824219,↓,0.425806,NS,15/30,6,5
Liver,FN1,Myeloid,IA→AR,IA,AR,0.0014059658,0.0,-100.0,↓,0.329114,NS,6/15,5,3
Liver,FN1,Myeloid,CR→AR,CR,AR,0.0,0.0,0.0,↑,1.0,NS,0/9,3,3
Liver,FN1,CD4_T,NL→IT,NL,IT,0.0,0.00027217038,99999.0,↑,0.404657,NS,6/36,6,6
Liver,FN1,CD4_T,NL→IA,NL,IA,0.0,0.0014403539,99999.0,↑,0.048406,*,18/30,6,5
Liver,FN1,CD4_T,NL→AR,NL,AR,0.0,0.00037140222,99999.0,↑,0.238593,NS,6/18,6,3
Liver,FN1,CD4_T,NL→CR,NL,CR,0.0,0.00039254958,99999.0,↑,0.238593,NS,6/18,6,3
Liver,FN1,CD4_T,IT→IA,IT,IA,0.00027217038,0.0014403539,429.2000122070313,↑,0.169289,NS,17/30,6,5
Liver,FN1,CD4_T,IA→AR,IA,AR,0.0014403539,0.00037140222,-74.19999694824219,↓,0.525234,NS,8/15,5,3
Liver,FN1,CD4_T,CR→AR,CR,AR,0.00039254958,0.00037140222,-5.400000095367432,↓,1.0,NS,3/9,3,3
Liver,FN1,CD8_T,NL→IT,NL,IT,0.00037113522,0.00029071388,-21.700000762939453,↓,0.752554,NS,10/36,6,6
Liver,FN1,CD8_T,NL→IA,NL,IA,0.00037113522,0.00086111587,132.0,↑,0.485903,NS,15/30,6,5
Liver,FN1,CD8_T,NL→AR,NL,AR,0.00037113522,0.00018233339,-50.900001525878906,↓,0.878088,NS,6/18,6,3
Liver,FN1,CD8_T,NL→CR,NL,CR,0.00037113522,0.00053817517,45.0,↑,0.878088,NS,6/18,6,3
Liver,FN1,CD8_T,IT→IA,IT,IA,0.00029071388,0.00086111587,196.1999969482422,↑,0.244817,NS,16/30,6,5
Liver,FN1,CD8_T,IA→AR,IA,AR,0.00086111587,0.00018233339,-78.80000305175781,↓,0.525234,NS,8/15,5,3
Liver,FN1,CD8_T,CR→AR,CR,AR,0.00053817517,0.00018233339,-66.0999984741211,↓,1.0,NS,3/9,3,3
Liver,FN1,NK,NL→IT,NL,IT,0.0009903797,0.000104660554,-89.4000015258789,↓,0.182287,NS,18/36,6,6
Liver,FN1,NK,NL→IA,NL,IA,0.0009903797,0.00027050215,-72.69999694824219,↓,0.341314,NS,14/30,6,5
Liver,FN1,NK,NL→AR,NL,AR,0.0009903797,0.0,-100.0,↓,0.219768,NS,9/18,6,3
Liver,FN1,NK,NL→CR,NL,CR,0.0009903797,0.0,-100.0,↓,0.219768,NS,9/18,6,3
Liver,FN1,NK,IT→IA,IT,IA,0.000104660554,0.00027050215,158.5,↑,0.892295,NS,6/30,6,5
Liver,FN1,NK,IA→AR,IA,AR,0.00027050215,0.0,-100.0,↓,0.605577,NS,3/15,5,3
Liver,FN1,NK,CR→AR,CR,AR,0.0,0.0,0.0,↑,1.0,NS,0/9,3,3
Liver,FN1,B,NL→IT,NL,IT,0.0,0.0,0.0,↑,1.0,NS,0/30,6,5
Liver,FN1,B,NL→IA,NL,IA,0.0,0.0,0.0,↑,1.0,NS,0/30,6,5
Liver,FN1,B,NL→AR,NL,AR,0.0,0.0,0.0,↑,1.0,NS,0/18,6,3
Liver,FN1,B,NL→CR,NL,CR,0.0,0.0,0.0,↑,1.0,NS,0/18,6,3
Liver,FN1,B,IT→IA,IT,IA,0.0,0.0,0.0,↑,1.0,NS,0/25,5,5
Liver,FN1,B,IA→AR,IA,AR,0.0,0.0,0.0,↑,1.0,NS,0/15,5,3
Liver,FN1,B,CR→AR,CR,AR,0.0,0.0,0.0,↑,1.0,NS,0/9,3,3
Liver,FN1,PlasmaB,NL→IT,NL,IT,0.0,0.0,0.0,↑,1.0,NS,0/30,6,5
Liver,FN1,PlasmaB,NL→IA,NL,IA,0.0,0.0,0.0,↑,1.0,NS,0/30,6,5
Liver,FN1,PlasmaB,NL→AR,NL,AR,0.0,0.0,0.0,↑,1.0,NS,0/18,6,3
Liver,FN1,PlasmaB,NL→CR,NL,CR,0.0,0.0,0.0,↑,1.0,NS,0/18,6,3
Liver,FN1,PlasmaB,IT→IA,IT,IA,0.0,0.0,0.0,↑,1.0,NS,0/25,5,5
Liver,FN1,PlasmaB,IA→AR,IA,AR,0.0,0.0,0.0,↑,1.0,NS,0/15,5,3
Liver,FN1,PlasmaB,CR→AR,CR,AR,0.0,0.0,0.0,↑,1.0,NS,0/9,3,3
Liver,FOXP3,Myeloid,NL→IT,NL,IT,0.0,0.00013930506,99999.0,↑,0.404657,NS,6/36,6,6
Liver,FOXP3,Myeloid,NL→IA,NL,IA,0.0,0.0,0.0,↑,1.0,NS,0/30,6,5
Liver,FOXP3,Myeloid,NL→AR,NL,AR,0.0,0.0,0.0,↑,1.0,NS,0/18,6,3
Liver,FOXP3,Myeloid,NL→CR,NL,CR,0.0,0.0,0.0,↑,1.0,NS,0/18,6,3
Liver,FOXP3,Myeloid,IT→IA,IT,IA,0.00013930506,0.0,-100.0,↓,0.465209,NS,5/30,6,5
Liver,FOXP3,Myeloid,IA→AR,IA,AR,0.0,0.0,0.0,↑,1.0,NS,0/15,5,3
Liver,FOXP3,Myeloid,CR→AR,CR,AR,0.0,0.0,0.0,↑,1.0,NS,0/9,3,3
Liver,FOXP3,CD4_T,NL→IT,NL,IT,0.038702093,0.0981709,153.6999969482422,↑,0.093074,†,29/36,6,6
Liver,FOXP3,CD4_T,NL→IA,NL,IA,0.038702093,0.13739148,255.0,↑,0.004329,**,30/30,6,5
Liver,FOXP3,CD4_T,NL→AR,NL,AR,0.038702093,0.058196336,50.400001525878906,↑,0.547619,NS,12/18,6,3
Liver,FOXP3,CD4_T,NL→CR,NL,CR,0.038702093,0.03809971,-1.600000023841858,↓,0.904762,NS,10/18,6,3
Liver,FOXP3,CD4_T,IT→IA,IT,IA,0.0981709,0.13739148,40.0,↑,0.662338,NS,18/30,6,5
Liver,FOXP3,CD4_T,IA→AR,IA,AR,0.13739148,0.058196336,-57.59999847412109,↓,0.035714,*,15/15,5,3
Liver,FOXP3,CD4_T,CR→AR,CR,AR,0.03809971,0.058196336,52.70000076293945,↑,0.4,NS,7/9,3,3
Liver,FOXP3,CD8_T,NL→IT,NL,IT,0.0046046325,0.06204387,1247.4000244140625,↑,0.044951,*,31/36,6,6
Liver,FOXP3,CD8_T,NL→IA,NL,IA,0.0046046325,0.011850866,157.39999389648438,↑,0.407016,NS,19/30,6,5
Liver,FOXP3,CD8_T,NL→AR,NL,AR,0.0046046325,0.00470492,2.200000047683716,↑,0.896851,NS,8/18,6,3
Liver,FOXP3,CD8_T,NL→CR,NL,CR,0.0046046325,0.0059417044,29.0,↑,0.697334,NS,11/18,6,3
Liver,FOXP3,CD8_T,IT→IA,IT,IA,0.06204387,0.011850866,-80.9000015258789,↓,0.329004,NS,21/30,6,5
Liver,FOXP3,CD8_T,IA→AR,IA,AR,0.011850866,0.00470492,-60.29999923706055,↓,0.571429,NS,10/15,5,3
Liver,FOXP3,CD8_T,CR→AR,CR,AR,0.0059417044,0.00470492,-20.799999237060547,↓,0.7,NS,6/9,3,3
Liver,FOXP3,NK,NL→IT,NL,IT,0.00042890245,0.0026853662,526.0999755859375,↑,0.104415,NS,24/36,6,6
Liver,FOXP3,NK,NL→IA,NL,IA,0.00042890245,0.0051767947,1107.0,↑,0.044368,*,24/30,6,5
Liver,FOXP3,NK,NL→AR,NL,AR,0.00042890245,0.0011687408,172.5,↑,0.878088,NS,6/18,6,3
Liver,FOXP3,NK,NL→CR,NL,CR,0.00042890245,0.0010509196,145.0,↑,0.878088,NS,6/18,6,3
Liver,FOXP3,NK,IT→IA,IT,IA,0.0026853662,0.0051767947,92.8000030517578,↑,0.518992,NS,18/30,6,5
Liver,FOXP3,NK,IA→AR,IA,AR,0.0051767947,0.0011687408,-77.4000015258789,↓,0.359397,NS,10/15,5,3
Liver,FOXP3,NK,CR→AR,CR,AR,0.0010509196,0.0011687408,11.199999809265137,↑,1.0,NS,3/9,3,3
Liver,FOXP3,B,NL→IT,NL,IT,0.0,0.0,0.0,↑,1.0,NS,0/30,6,5
Liver,FOXP3,B,NL→IA,NL,IA,0.0,0.002965297,99999.0,↑,0.36131,NS,6/30,6,5
Liver,FOXP3,B,NL→AR,NL,AR,0.0,0.0,0.0,↑,1.0,NS,0/18,6,3
Liver,FOXP3,B,NL→CR,NL,CR,0.0,0.0032783274,99999.0,↑,0.238593,NS,6/18,6,3
Liver,FOXP3,B,IT→IA,IT,IA,0.0,0.002965297,99999.0,↑,0.423711,NS,5/25,5,5
Liver,FOXP3,B,IA→AR,IA,AR,0.002965297,0.0,-100.0,↓,0.605577,NS,3/15,5,3
Liver,FOXP3,B,CR→AR,CR,AR,0.0032783274,0.0,-100.0,↓,0.504985,NS,3/9,3,3
Liver,FOXP3,PlasmaB,NL→IT,NL,IT,0.0009852116,0.0,-100.0,↓,0.465209,NS,5/30,6,5
Liver,FOXP3,PlasmaB,NL→IA,NL,IA,0.0009852116,0.122308254,12314.400390625,↑,0.892295,NS,6/30,6,5
Liver,FOXP3,PlasmaB,NL→AR,NL,AR,0.0009852116,0.0,-100.0,↓,0.637352,NS,3/18,6,3
Liver,FOXP3,PlasmaB,NL→CR,NL,CR,0.0009852116,0.0,-100.0,↓,0.637352,NS,3/18,6,3
Liver,FOXP3,PlasmaB,IT→IA,IT,IA,0.0,0.122308254,99999.0,↑,0.423711,NS,5/25,5,5
Liver,FOXP3,PlasmaB,IA→AR,IA,AR,0.122308254,0.0,-100.0,↓,0.605577,NS,3/15,5,3
Liver,FOXP3,PlasmaB,CR→AR,CR,AR,0.0,0.0,0.0,↑,1.0,NS,0/9,3,3
Liver,GATA3,Myeloid,NL→IT,NL,IT,0.004864775,0.014179069,191.5,↑,0.180503,NS,21/36,6,6
Liver,GATA3,Myeloid,NL→IA,NL,IA,0.004864775,0.10465904,2051.39990234375,↑,0.352972,NS,12/30,6,5
Liver,GATA3,Myeloid,NL→AR,NL,AR,0.004864775,0.0,-100.0,↓,0.637352,NS,3/18,6,3
Liver,GATA3,Myeloid,NL→CR,NL,CR,0.004864775,0.0,-100.0,↓,0.637352,NS,3/18,6,3
Liver,GATA3,Myeloid,IT→IA,IT,IA,0.014179069,0.10465904,638.0999755859375,↑,1.0,NS,12/30,6,5
Liver,GATA3,Myeloid,IA→AR,IA,AR,0.10465904,0.0,-100.0,↓,0.329114,NS,6/15,5,3
Liver,GATA3,Myeloid,CR→AR,CR,AR,0.0,0.0,0.0,↑,1.0,NS,0/9,3,3
Liver,GATA3,CD4_T,NL→IT,NL,IT,0.43536928,0.44077098,1.2000000476837158,↑,0.937229,NS,17/36,6,6
Liver,GATA3,CD4_T,NL→IA,NL,IA,0.43536928,0.45924845,5.5,↑,0.792208,NS,17/30,6,5
Liver,GATA3,CD4_T,NL→AR,NL,AR,0.43536928,0.3444387,-20.899999618530277,↓,0.380952,NS,13/18,6,3
Liver,GATA3,CD4_T,NL→CR,NL,CR,0.43536928,0.42955124,-1.2999999523162842,↓,0.904762,NS,10/18,6,3
Liver,GATA3,CD4_T,IT→IA,IT,IA,0.44077098,0.45924845,4.199999809265137,↑,1.0,NS,15/30,6,5
Liver,GATA3,CD4_T,IA→AR,IA,AR,0.45924845,0.3444387,-25.0,↓,0.071429,†,14/15,5,3
Liver,GATA3,CD4_T,CR→AR,CR,AR,0.42955124,0.3444387,-19.799999237060547,↓,0.7,NS,6/9,3,3
Liver,GATA3,CD8_T,NL→IT,NL,IT,0.3599596,0.43290547,20.299999237060547,↑,0.24026,NS,26/36,6,6
Liver,GATA3,CD8_T,NL→IA,NL,IA,0.3599596,0.4209279,16.899999618530273,↑,0.536797,NS,19/30,6,5
Liver,GATA3,CD8_T,NL→AR,NL,AR,0.3599596,0.3333336,-7.400000095367432,↓,1.0,NS,9/18,6,3
Liver,GATA3,CD8_T,NL→CR,NL,CR,0.3599596,0.35432637,-1.600000023841858,↓,0.904762,NS,10/18,6,3
Liver,GATA3,CD8_T,IT→IA,IT,IA,0.43290547,0.4209279,-2.799999952316284,↓,1.0,NS,15/30,6,5
Liver,GATA3,CD8_T,IA→AR,IA,AR,0.4209279,0.3333336,-20.799999237060547,↓,0.142857,NS,13/15,5,3
Liver,GATA3,CD8_T,CR→AR,CR,AR,0.35432637,0.3333336,-5.900000095367432,↓,0.7,NS,6/9,3,3
Liver,GATA3,NK,NL→IT,NL,IT,0.44191575,0.46469298,5.199999809265137,↑,0.937229,NS,19/36,6,6
Liver,GATA3,NK,NL→IA,NL,IA,0.44191575,0.41589087,-5.900000095367432,↓,0.930736,NS,14/30,6,5
Liver,GATA3,NK,NL→AR,NL,AR,0.44191575,0.32950225,-25.399999618530277,↓,0.380952,NS,13/18,6,3
Liver,GATA3,NK,NL→CR,NL,CR,0.44191575,0.47698617,7.900000095367432,↑,0.714286,NS,11/18,6,3
Liver,GATA3,NK,IT→IA,IT,IA,0.46469298,0.41589087,-10.5,↓,0.792208,NS,17/30,6,5
Liver,GATA3,NK,IA→AR,IA,AR,0.41589087,0.32950225,-20.799999237060547,↓,0.25,NS,12/15,5,3
Liver,GATA3,NK,CR→AR,CR,AR,0.47698617,0.32950225,-30.899999618530277,↓,0.7,NS,6/9,3,3
Liver,GATA3,B,NL→IT,NL,IT,0.004386332,0.002174649,-50.400001525878906,↓,0.56156,NS,10/30,6,5
Liver,GATA3,B,NL→IA,NL,IA,0.004386332,0.0153229665,249.3000030517578,↑,0.103604,NS,22/30,6,5
Liver,GATA3,B,NL→AR,NL,AR,0.004386332,0.0,-100.0,↓,0.376759,NS,6/18,6,3
Liver,GATA3,B,NL→CR,NL,CR,0.004386332,0.005294261,20.700000762939453,↑,0.887537,NS,8/18,6,3
Liver,GATA3,B,IT→IA,IT,IA,0.002174649,0.0153229665,604.5999755859375,↑,0.074639,†,19/25,5,5
Liver,GATA3,B,IA→AR,IA,AR,0.0153229665,0.0,-100.0,↓,0.080625,†,12/15,5,3
Liver,GATA3,B,CR→AR,CR,AR,0.005294261,0.0,-100.0,↓,0.196706,NS,6/9,3,3
Liver,GATA3,PlasmaB,NL→IT,NL,IT,0.04904133,0.013590574,-72.30000305175781,↓,0.273502,NS,17/30,6,5
Liver,GATA3,PlasmaB,NL→IA,NL,IA,0.04904133,0.12147386,147.6999969482422,↑,0.925558,NS,14/30,6,5
Liver,GATA3,PlasmaB,NL→AR,NL,AR,0.04904133,0.0,-100.0,↓,0.119795,NS,12/18,6,3
Liver,GATA3,PlasmaB,NL→CR,NL,CR,0.04904133,0.005276606,-89.19999694824219,↓,0.345231,NS,11/18,6,3
Liver,GATA3,PlasmaB,IT→IA,IT,IA,0.013590574,0.12147386,793.7999877929688,↑,0.239317,NS,14/25,5,5
Liver,GATA3,PlasmaB,IA→AR,IA,AR,0.12147386,0.0,-100.0,↓,0.171857,NS,9/15,5,3
Liver,GATA3,PlasmaB,CR→AR,CR,AR,0.005276606,0.0,-100.0,↓,0.504985,NS,3/9,3,3
Liver,GLB1,Myeloid,NL→IT,NL,IT,0.18909307,0.28473857,50.59999847412109,↑,0.132035,NS,28/36,6,6
Liver,GLB1,Myeloid,NL→IA,NL,IA,0.18909307,0.21580389,14.100000381469728,↑,0.536797,NS,19/30,6,5
Liver,GLB1,Myeloid,NL→AR,NL,AR,0.18909307,0.25448045,34.599998474121094,↑,0.547619,NS,12/18,6,3
Liver,GLB1,Myeloid,NL→CR,NL,CR,0.18909307,0.31413355,66.0999984741211,↑,0.047619,*,17/18,6,3
Liver,GLB1,Myeloid,IT→IA,IT,IA,0.28473857,0.21580389,-24.200000762939453,↓,0.464192,NS,19/30,6,5
Liver,GLB1,Myeloid,IA→AR,IA,AR,0.21580389,0.25448045,17.899999618530273,↑,0.652783,NS,9/15,5,3
Liver,GLB1,Myeloid,CR→AR,CR,AR,0.31413355,0.25448045,-19.0,↓,1.0,NS,4/9,3,3
Liver,GLB1,CD4_T,NL→IT,NL,IT,0.114682585,0.11755389,2.5,↑,0.484848,NS,23/36,6,6
Liver,GLB1,CD4_T,NL→IA,NL,IA,0.114682585,0.13178845,14.899999618530272,↑,0.792208,NS,17/30,6,5
Liver,GLB1,CD4_T,NL→AR,NL,AR,0.114682585,0.13918984,21.399999618530277,↑,0.547619,NS,12/18,6,3
Liver,GLB1,CD4_T,NL→CR,NL,CR,0.114682585,0.15611082,36.09999847412109,↑,0.047619,*,17/18,6,3
Liver,GLB1,CD4_T,IT→IA,IT,IA,0.11755389,0.13178845,12.100000381469728,↑,0.930736,NS,14/30,6,5
Liver,GLB1,CD4_T,IA→AR,IA,AR,0.13178845,0.13918984,5.599999904632568,↑,1.0,NS,8/15,5,3
Liver,GLB1,CD4_T,CR→AR,CR,AR,0.15611082,0.13918984,-10.800000190734863,↓,0.7,NS,6/9,3,3
Liver,GLB1,CD8_T,NL→IT,NL,IT,0.08777983,0.11169108,27.200000762939453,↑,0.24026,NS,26/36,6,6
Liver,GLB1,CD8_T,NL→IA,NL,IA,0.08777983,0.103556395,18.0,↑,0.428571,NS,20/30,6,5
Liver,GLB1,CD8_T,NL→AR,NL,AR,0.08777983,0.108196676,23.299999237060547,↑,0.261905,NS,14/18,6,3
Liver,GLB1,CD8_T,NL→CR,NL,CR,0.08777983,0.12665145,44.29999923706055,↑,0.166667,NS,15/18,6,3
Liver,GLB1,CD8_T,IT→IA,IT,IA,0.11169108,0.103556395,-7.300000190734863,↓,0.662338,NS,18/30,6,5
Liver,GLB1,CD8_T,IA→AR,IA,AR,0.103556395,0.108196676,4.5,↑,1.0,NS,8/15,5,3
Liver,GLB1,CD8_T,CR→AR,CR,AR,0.12665145,0.108196676,-14.600000381469728,↓,0.7,NS,6/9,3,3
Liver,GLB1,NK,NL→IT,NL,IT,0.09284482,0.1472442,58.59999847412109,↑,0.064935,†,30/36,6,6
Liver,GLB1,NK,NL→IA,NL,IA,0.09284482,0.1269455,36.70000076293945,↑,0.125541,NS,24/30,6,5
Liver,GLB1,NK,NL→AR,NL,AR,0.09284482,0.120777644,30.100000381469727,↑,0.095238,†,16/18,6,3
Liver,GLB1,NK,NL→CR,NL,CR,0.09284482,0.13420993,44.59999847412109,↑,0.095238,†,16/18,6,3
Liver,GLB1,NK,IT→IA,IT,IA,0.1472442,0.1269455,-13.800000190734863,↓,0.662338,NS,18/30,6,5
Liver,GLB1,NK,IA→AR,IA,AR,0.1269455,0.120777644,-4.900000095367432,↓,0.785714,NS,9/15,5,3
Liver,GLB1,NK,CR→AR,CR,AR,0.13420993,0.120777644,-10.0,↓,0.4,NS,7/9,3,3
Liver,GLB1,B,NL→IT,NL,IT,0.12108949,0.12797935,5.699999809265137,↑,0.930736,NS,14/30,6,5
Liver,GLB1,B,NL→IA,NL,IA,0.12108949,0.11430643,-5.599999904632568,↓,0.536797,NS,19/30,6,5
Liver,GLB1,B,NL→AR,NL,AR,0.12108949,0.1431035,18.200000762939453,↑,1.0,NS,9/18,6,3
Liver,GLB1,B,NL→CR,NL,CR,0.12108949,0.15034273,24.200000762939453,↑,0.714286,NS,11/18,6,3
Liver,GLB1,B,IT→IA,IT,IA,0.12797935,0.11430643,-10.699999809265137,↓,0.547619,NS,16/25,5,5
Liver,GLB1,B,IA→AR,IA,AR,0.11430643,0.1431035,25.200000762939453,↑,0.785714,NS,9/15,5,3
Liver,GLB1,B,CR→AR,CR,AR,0.15034273,0.1431035,-4.800000190734863,↓,0.7,NS,6/9,3,3
Liver,GLB1,PlasmaB,NL→IT,NL,IT,0.039760157,0.13250323,233.3000030517578,↑,0.022174,*,28/30,6,5
Liver,GLB1,PlasmaB,NL→IA,NL,IA,0.039760157,0.17256595,334.0,↑,0.117306,NS,23/30,6,5
Liver,GLB1,PlasmaB,NL→AR,NL,AR,0.039760157,0.13296257,234.3999938964844,↑,0.892738,NS,6/18,6,3
Liver,GLB1,PlasmaB,NL→CR,NL,CR,0.039760157,0.13728458,245.3000030517578,↑,0.051822,†,17/18,6,3
Liver,GLB1,PlasmaB,IT→IA,IT,IA,0.13250323,0.17256595,30.200000762939453,↑,1.0,NS,12/25,5,5
Liver,GLB1,PlasmaB,IA→AR,IA,AR,0.17256595,0.13296257,-22.899999618530277,↓,0.759982,NS,8/15,5,3
Liver,GLB1,PlasmaB,CR→AR,CR,AR,0.13728458,0.13296257,-3.0999999046325684,↓,0.657905,NS,6/9,3,3
Liver,GNLY,Myeloid,NL→IT,NL,IT,0.026475303,0.01429351,-46.0,↓,0.797648,NS,12/36,6,6
Liver,GNLY,Myeloid,NL→IA,NL,IA,0.026475303,0.026141172,-1.2999999523162842,↓,0.632142,NS,10/30,6,5
Liver,GNLY,Myeloid,NL→AR,NL,AR,0.026475303,0.014146964,-46.59999847412109,↓,0.887537,NS,6/18,6,3
Liver,GNLY,Myeloid,NL→CR,NL,CR,0.026475303,0.015658548,-40.900001525878906,↓,0.500184,NS,6/18,6,3
Liver,GNLY,Myeloid,IT→IA,IT,IA,0.01429351,0.026141172,82.9000015258789,↑,0.310863,NS,20/30,6,5
Liver,GNLY,Myeloid,IA→AR,IA,AR,0.026141172,0.014146964,-45.900001525878906,↓,0.453356,NS,10/15,5,3
Liver,GNLY,Myeloid,CR→AR,CR,AR,0.015658548,0.014146964,-9.699999809265137,↓,1.0,NS,5/9,3,3
Liver,GNLY,CD4_T,NL→IT,NL,IT,0.110324614,0.20971143,90.0999984741211,↑,0.132035,NS,28/36,6,6
Liver,GNLY,CD4_T,NL→IA,NL,IA,0.110324614,0.12097271,9.699999809265137,↑,1.0,NS,15/30,6,5
Liver,GNLY,CD4_T,NL→AR,NL,AR,0.110324614,0.17987166,63.0,↑,0.380952,NS,13/18,6,3
Liver,GNLY,CD4_T,NL→CR,NL,CR,0.110324614,0.12114173,9.800000190734863,↑,0.904762,NS,8/18,6,3
Liver,GNLY,CD4_T,IT→IA,IT,IA,0.20971143,0.12097271,-42.29999923706055,↓,0.329004,NS,21/30,6,5
Liver,GNLY,CD4_T,IA→AR,IA,AR,0.12097271,0.17987166,48.70000076293945,↑,0.392857,NS,11/15,5,3
Liver,GNLY,CD4_T,CR→AR,CR,AR,0.12114173,0.17987166,48.5,↑,0.4,NS,7/9,3,3
Liver,GNLY,CD8_T,NL→IT,NL,IT,0.1749674,0.32907477,88.0999984741211,↑,0.937229,NS,19/36,6,6
Liver,GNLY,CD8_T,NL→IA,NL,IA,0.1749674,0.17814665,1.7999999523162842,↑,0.930736,NS,16/30,6,5
Liver,GNLY,CD8_T,NL→AR,NL,AR,0.1749674,0.40009788,128.6999969482422,↑,0.02381,*,18/18,6,3
Liver,GNLY,CD8_T,NL→CR,NL,CR,0.1749674,0.115083516,-34.20000076293945,↓,0.261905,NS,14/18,6,3
Liver,GNLY,CD8_T,IT→IA,IT,IA,0.32907477,0.17814665,-45.900001525878906,↓,0.536797,NS,19/30,6,5
Liver,GNLY,CD8_T,IA→AR,IA,AR,0.17814665,0.40009788,124.5999984741211,↑,0.071429,†,14/15,5,3
Liver,GNLY,CD8_T,CR→AR,CR,AR,0.115083516,0.40009788,247.6999969482422,↑,0.1,NS,9/9,3,3
Liver,GNLY,NK,NL→IT,NL,IT,2.1211429,2.378215,12.100000381469728,↑,0.699134,NS,21/36,6,6
Liver,GNLY,NK,NL→IA,NL,IA,2.1211429,2.281837,7.599999904632568,↑,0.930736,NS,16/30,6,5
Liver,GNLY,NK,NL→AR,NL,AR,2.1211429,2.8755054,35.599998474121094,↑,0.261905,NS,14/18,6,3
Liver,GNLY,NK,NL→CR,NL,CR,2.1211429,1.5406622,-27.399999618530277,↓,0.380952,NS,13/18,6,3
Liver,GNLY,NK,IT→IA,IT,IA,2.378215,2.281837,-4.099999904632568,↓,0.930736,NS,16/30,6,5
Liver,GNLY,NK,IA→AR,IA,AR,2.281837,2.8755054,26.0,↑,0.571429,NS,10/15,5,3
Liver,GNLY,NK,CR→AR,CR,AR,1.5406622,2.8755054,86.5999984741211,↑,0.1,NS,9/9,3,3
Liver,GNLY,B,NL→IT,NL,IT,0.007911198,0.010356555,30.899999618530277,↑,0.915796,NS,10/30,6,5
Liver,GNLY,B,NL→IA,NL,IA,0.007911198,0.016394606,107.1999969482422,↑,0.292263,NS,19/30,6,5
Liver,GNLY,B,NL→AR,NL,AR,0.007911198,0.035717748,351.5,↑,0.878088,NS,6/18,6,3
Liver,GNLY,B,NL→CR,NL,CR,0.007911198,0.008750676,10.600000381469728,↑,0.671373,NS,9/18,6,3
Liver,GNLY,B,IT→IA,IT,IA,0.010356555,0.016394606,58.29999923706055,↑,0.450644,NS,15/25,5,5
Liver,GNLY,B,IA→AR,IA,AR,0.016394606,0.035717748,117.9000015258789,↑,0.759982,NS,5/15,5,3
Liver,GNLY,B,CR→AR,CR,AR,0.008750676,0.035717748,308.20001220703125,↑,1.0,NS,3/9,3,3
Liver,GNLY,PlasmaB,NL→IT,NL,IT,0.0018291398,0.0,-100.0,↓,0.222994,NS,10/30,6,5
Liver,GNLY,PlasmaB,NL→IA,NL,IA,0.0018291398,0.005890528,222.0,↑,0.907569,NS,6/30,6,5
Liver,GNLY,PlasmaB,NL→AR,NL,AR,0.0018291398,0.20846982,11297.2001953125,↑,0.02189,*,18/18,6,3
Liver,GNLY,PlasmaB,NL→CR,NL,CR,0.0018291398,0.046873465,2462.60009765625,↑,0.02189,*,18/18,6,3
Liver,GNLY,PlasmaB,IT→IA,IT,IA,0.0,0.005890528,99999.0,↑,0.423711,NS,5/25,5,5
Liver,GNLY,PlasmaB,IA→AR,IA,AR,0.005890528,0.20846982,3439.10009765625,↑,0.026179,*,15/15,5,3
Liver,GNLY,PlasmaB,CR→AR,CR,AR,0.046873465,0.20846982,344.79998779296875,↑,0.4,NS,7/9,3,3
Liver,GZMA,Myeloid,NL→IT,NL,IT,0.033918545,0.044309646,30.600000381469727,↑,0.686838,NS,20/36,6,6
Liver,GZMA,Myeloid,NL→IA,NL,IA,0.033918545,0.044862546,32.29999923706055,↑,1.0,NS,13/30,6,5
Liver,GZMA,Myeloid,NL→AR,NL,AR,0.033918545,0.014575865,-57.0,↓,0.895533,NS,9/18,6,3
Liver,GZMA,Myeloid,NL→CR,NL,CR,0.033918545,0.014367278,-57.59999847412109,↓,0.693641,NS,10/18,6,3
Liver,GZMA,Myeloid,IT→IA,IT,IA,0.044309646,0.044862546,1.2000000476837158,↑,0.645055,NS,11/30,6,5
Liver,GZMA,Myeloid,IA→AR,IA,AR,0.044862546,0.014575865,-67.5,↓,1.0,NS,7/15,5,3
Liver,GZMA,Myeloid,CR→AR,CR,AR,0.014367278,0.014575865,1.5,↑,1.0,NS,4/9,3,3
Liver,GZMA,CD4_T,NL→IT,NL,IT,1.5617234,1.7074718,9.300000190734863,↑,0.393939,NS,24/36,6,6
Liver,GZMA,CD4_T,NL→IA,NL,IA,1.5617234,1.2676989,-18.799999237060547,↓,0.536797,NS,19/30,6,5
Liver,GZMA,CD4_T,NL→AR,NL,AR,1.5617234,1.9170227,22.799999237060547,↑,0.166667,NS,15/18,6,3
Liver,GZMA,CD4_T,NL→CR,NL,CR,1.5617234,1.8033762,15.5,↑,0.547619,NS,12/18,6,3
Liver,GZMA,CD4_T,IT→IA,IT,IA,1.7074718,1.2676989,-25.799999237060547,↓,0.082251,†,25/30,6,5
Liver,GZMA,CD4_T,IA→AR,IA,AR,1.2676989,1.9170227,51.20000076293945,↑,0.035714,*,15/15,5,3
Liver,GZMA,CD4_T,CR→AR,CR,AR,1.8033762,1.9170227,6.300000190734863,↑,0.7,NS,6/9,3,3
Liver,GZMA,CD8_T,NL→IT,NL,IT,1.9403887,2.1801996,12.399999618530272,↑,0.309524,NS,25/36,6,6
Liver,GZMA,CD8_T,NL→IA,NL,IA,1.9403887,1.9167315,-1.2000000476837158,↓,0.930736,NS,14/30,6,5
Liver,GZMA,CD8_T,NL→AR,NL,AR,1.9403887,2.7731733,42.900001525878906,↑,0.047619,*,17/18,6,3
Liver,GZMA,CD8_T,NL→CR,NL,CR,1.9403887,2.5743864,32.70000076293945,↑,0.095238,†,16/18,6,3
Liver,GZMA,CD8_T,IT→IA,IT,IA,2.1801996,1.9167315,-12.100000381469728,↓,0.930736,NS,16/30,6,5
Liver,GZMA,CD8_T,IA→AR,IA,AR,1.9167315,2.7731733,44.70000076293945,↑,0.035714,*,15/15,5,3
Liver,GZMA,CD8_T,CR→AR,CR,AR,2.5743864,2.7731733,7.699999809265137,↑,0.4,NS,7/9,3,3
Liver,GZMA,NK,NL→IT,NL,IT,2.3730264,2.4493399,3.200000047683716,↑,0.937229,NS,19/36,6,6
Liver,GZMA,NK,NL→IA,NL,IA,2.3730264,2.4129558,1.7000000476837158,↑,0.662338,NS,18/30,6,5
Liver,GZMA,NK,NL→AR,NL,AR,2.3730264,2.7018087,13.899999618530272,↑,0.380952,NS,13/18,6,3
Liver,GZMA,NK,NL→CR,NL,CR,2.3730264,2.7150784,14.399999618530272,↑,0.380952,NS,13/18,6,3
Liver,GZMA,NK,IT→IA,IT,IA,2.4493399,2.4129558,-1.5,↓,1.0,NS,15/30,6,5
Liver,GZMA,NK,IA→AR,IA,AR,2.4129558,2.7018087,12.0,↑,0.142857,NS,13/15,5,3
Liver,GZMA,NK,CR→AR,CR,AR,2.7150784,2.7018087,-0.5,↓,1.0,NS,4/9,3,3
Liver,GZMA,B,NL→IT,NL,IT,0.057243276,0.019900091,-65.19999694824219,↓,0.640374,NS,16/30,6,5
Liver,GZMA,B,NL→IA,NL,IA,0.057243276,0.071548305,25.0,↑,0.3142,NS,21/30,6,5
Liver,GZMA,B,NL→AR,NL,AR,0.057243276,0.077170976,34.79999923706055,↑,0.36415,NS,13/18,6,3
Liver,GZMA,B,NL→CR,NL,CR,0.057243276,0.014737722,-74.30000305175781,↓,0.516853,NS,12/18,6,3
Liver,GZMA,B,IT→IA,IT,IA,0.019900091,0.071548305,259.5,↑,0.059327,†,22/25,5,5
Liver,GZMA,B,IA→AR,IA,AR,0.071548305,0.077170976,7.900000095367432,↑,0.785714,NS,6/15,5,3
Liver,GZMA,B,CR→AR,CR,AR,0.014737722,0.077170976,423.6000061035156,↑,0.1,NS,9/9,3,3
Liver,GZMA,PlasmaB,NL→IT,NL,IT,0.07269783,0.011028684,-84.80000305175781,↓,0.425806,NS,15/30,6,5
Liver,GZMA,PlasmaB,NL→IA,NL,IA,0.07269783,0.21312793,193.1999969482422,↑,0.262193,NS,20/30,6,5
Liver,GZMA,PlasmaB,NL→AR,NL,AR,0.07269783,0.090734206,24.799999237060547,↑,0.887537,NS,5/18,6,3
Liver,GZMA,PlasmaB,NL→CR,NL,CR,0.07269783,0.04468639,-38.5,↓,0.787406,NS,9/18,6,3
Liver,GZMA,PlasmaB,IT→IA,IT,IA,0.011028684,0.21312793,1832.5,↑,0.105998,NS,19/25,5,5
Liver,GZMA,PlasmaB,IA→AR,IA,AR,0.21312793,0.090734206,-57.400001525878906,↓,0.359397,NS,10/15,5,3
Liver,GZMA,PlasmaB,CR→AR,CR,AR,0.04468639,0.090734206,103.0,↑,1.0,NS,3/9,3,3
Liver,GZMB,Myeloid,NL→IT,NL,IT,0.015166506,0.015183021,0.1000000014901161,↑,0.445976,NS,15/36,6,6
Liver,GZMB,Myeloid,NL→IA,NL,IA,0.015166506,0.046639677,207.5,↑,0.073153,†,22/30,6,5
Liver,GZMB,Myeloid,NL→AR,NL,AR,0.015166506,0.09120498,501.3999938964844,↑,0.219768,NS,11/18,6,3
Liver,GZMB,Myeloid,NL→CR,NL,CR,0.015166506,0.028199658,85.9000015258789,↑,0.357386,NS,10/18,6,3
Liver,GZMB,Myeloid,IT→IA,IT,IA,0.015183021,0.046639677,207.1999969482422,↑,0.350122,NS,19/30,6,5
Liver,GZMB,Myeloid,IA→AR,IA,AR,0.046639677,0.09120498,95.5999984741211,↑,0.880791,NS,8/15,5,3
Liver,GZMB,Myeloid,CR→AR,CR,AR,0.028199658,0.09120498,223.3999938964844,↑,0.824778,NS,5/9,3,3
Liver,GZMB,CD4_T,NL→IT,NL,IT,0.28608385,0.31618413,10.5,↑,0.699134,NS,21/36,6,6
Liver,GZMB,CD4_T,NL→IA,NL,IA,0.28608385,0.17485608,-38.900001525878906,↓,0.428571,NS,20/30,6,5
Liver,GZMB,CD4_T,NL→AR,NL,AR,0.28608385,0.16103409,-43.70000076293945,↓,0.380952,NS,13/18,6,3
Liver,GZMB,CD4_T,NL→CR,NL,CR,0.28608385,0.2489996,-13.0,↓,0.904762,NS,10/18,6,3
Liver,GZMB,CD4_T,IT→IA,IT,IA,0.31618413,0.17485608,-44.70000076293945,↓,0.125541,NS,24/30,6,5
Liver,GZMB,CD4_T,IA→AR,IA,AR,0.17485608,0.16103409,-7.900000095367432,↓,1.0,NS,7/15,5,3
Liver,GZMB,CD4_T,CR→AR,CR,AR,0.2489996,0.16103409,-35.29999923706055,↓,0.7,NS,6/9,3,3
Liver,GZMB,CD8_T,NL→IT,NL,IT,0.47742668,0.49949348,4.599999904632568,↑,0.699134,NS,21/36,6,6
Liver,GZMB,CD8_T,NL→IA,NL,IA,0.47742668,0.28311035,-40.70000076293945,↓,0.125541,NS,24/30,6,5
Liver,GZMB,CD8_T,NL→AR,NL,AR,0.47742668,0.6564942,37.5,↑,0.261905,NS,14/18,6,3
Liver,GZMB,CD8_T,NL→CR,NL,CR,0.47742668,0.6295956,31.899999618530277,↑,0.904762,NS,10/18,6,3
Liver,GZMB,CD8_T,IT→IA,IT,IA,0.49949348,0.28311035,-43.29999923706055,↓,0.051948,†,26/30,6,5
Liver,GZMB,CD8_T,IA→AR,IA,AR,0.28311035,0.6564942,131.89999389648438,↑,0.035714,*,15/15,5,3
Liver,GZMB,CD8_T,CR→AR,CR,AR,0.6295956,0.6564942,4.300000190734863,↑,1.0,NS,4/9,3,3
Liver,GZMB,NK,NL→IT,NL,IT,2.1158583,2.1450415,1.399999976158142,↑,0.937229,NS,19/36,6,6
Liver,GZMB,NK,NL→IA,NL,IA,2.1158583,1.8927025,-10.5,↓,0.792208,NS,17/30,6,5
Liver,GZMB,NK,NL→AR,NL,AR,2.1158583,2.0461705,-3.299999952316284,↓,0.904762,NS,10/18,6,3
Liver,GZMB,NK,NL→CR,NL,CR,2.1158583,1.8128343,-14.300000190734863,↓,0.547619,NS,12/18,6,3
Liver,GZMB,NK,IT→IA,IT,IA,2.1450415,1.8927025,-11.800000190734863,↓,0.428571,NS,20/30,6,5
Liver,GZMB,NK,IA→AR,IA,AR,1.8927025,2.0461705,8.100000381469727,↑,0.571429,NS,10/15,5,3
Liver,GZMB,NK,CR→AR,CR,AR,1.8128343,2.0461705,12.899999618530272,↑,0.7,NS,6/9,3,3
Liver,GZMB,B,NL→IT,NL,IT,0.0100037865,0.04172166,317.1000061035156,↑,0.244817,NS,16/30,6,5
Liver,GZMB,B,NL→IA,NL,IA,0.0100037865,0.023556909,135.5,↑,0.068894,†,25/30,6,5
Liver,GZMB,B,NL→AR,NL,AR,0.0100037865,0.019334061,93.3000030517578,↑,0.357386,NS,10/18,6,3
Liver,GZMB,B,NL→CR,NL,CR,0.0100037865,0.017331421,73.19999694824219,↑,0.357386,NS,10/18,6,3
Liver,GZMB,B,IT→IA,IT,IA,0.04172166,0.023556909,-43.5,↓,0.529619,NS,9/25,5,5
Liver,GZMB,B,IA→AR,IA,AR,0.023556909,0.019334061,-17.899999618530273,↓,1.0,NS,8/15,5,3
Liver,GZMB,B,CR→AR,CR,AR,0.017331421,0.019334061,11.600000381469728,↑,1.0,NS,4/9,3,3
Liver,GZMB,PlasmaB,NL→IT,NL,IT,0.47052717,1.8713877,297.70001220703125,↑,0.008658,**,29/30,6,5
Liver,GZMB,PlasmaB,NL→IA,NL,IA,0.47052717,1.5634063,232.3000030517578,↑,0.051948,†,26/30,6,5
Liver,GZMB,PlasmaB,NL→AR,NL,AR,0.47052717,1.718236,265.20001220703125,↑,0.047619,*,17/18,6,3
Liver,GZMB,PlasmaB,NL→CR,NL,CR,0.47052717,1.8835057,300.29998779296875,↑,0.02381,*,18/18,6,3
Liver,GZMB,PlasmaB,IT→IA,IT,IA,1.8713877,1.5634063,-16.5,↓,0.547619,NS,16/25,5,5
Liver,GZMB,PlasmaB,IA→AR,IA,AR,1.5634063,1.718236,9.899999618530272,↑,0.785714,NS,9/15,5,3
Liver,GZMB,PlasmaB,CR→AR,CR,AR,1.8835057,1.718236,-8.800000190734863,↓,0.7,NS,6/9,3,3
Liver,GZMK,Myeloid,NL→IT,NL,IT,0.027467033,0.09568032,248.3000030517578,↑,0.294552,NS,25/36,6,6
Liver,GZMK,Myeloid,NL→IA,NL,IA,0.027467033,0.0015561607,-94.3000030517578,↓,0.244817,NS,15/30,6,5
Liver,GZMK,Myeloid,NL→AR,NL,AR,0.027467033,0.035414446,28.899999618530277,↑,0.787406,NS,9/18,6,3
Liver,GZMK,Myeloid,NL→CR,NL,CR,0.027467033,0.030702896,11.800000190734863,↑,1.0,NS,9/18,6,3
Liver,GZMK,Myeloid,IT→IA,IT,IA,0.09568032,0.0015561607,-98.4000015258789,↓,0.011644,*,29/30,6,5
Liver,GZMK,Myeloid,IA→AR,IA,AR,0.0015561607,0.035414446,2175.800048828125,↑,0.305507,NS,9/15,5,3
Liver,GZMK,Myeloid,CR→AR,CR,AR,0.030702896,0.035414446,15.300000190734863,↑,0.7,NS,3/9,3,3
Liver,GZMK,CD4_T,NL→IT,NL,IT,1.2102526,1.4926934,23.299999237060547,↑,0.093074,†,29/36,6,6
Liver,GZMK,CD4_T,NL→IA,NL,IA,1.2102526,1.2096018,-0.1000000014901161,↓,0.792208,NS,13/30,6,5
Liver,GZMK,CD4_T,NL→AR,NL,AR,1.2102526,1.7264862,42.70000076293945,↑,0.02381,*,18/18,6,3
Liver,GZMK,CD4_T,NL→CR,NL,CR,1.2102526,1.7286216,42.79999923706055,↑,0.095238,†,16/18,6,3
Liver,GZMK,CD4_T,IT→IA,IT,IA,1.4926934,1.2096018,-19.0,↓,0.177489,NS,23/30,6,5
Liver,GZMK,CD4_T,IA→AR,IA,AR,1.2096018,1.7264862,42.70000076293945,↑,0.071429,†,14/15,5,3
Liver,GZMK,CD4_T,CR→AR,CR,AR,1.7286216,1.7264862,-0.1000000014901161,↓,0.7,NS,3/9,3,3
Liver,GZMK,CD8_T,NL→IT,NL,IT,1.6394405,2.1094205,28.700000762939453,↑,0.064935,†,30/36,6,6
Liver,GZMK,CD8_T,NL→IA,NL,IA,1.6394405,1.6305765,-0.5,↓,1.0,NS,15/30,6,5
Liver,GZMK,CD8_T,NL→AR,NL,AR,1.6394405,2.2124727,35.0,↑,0.02381,*,18/18,6,3
Liver,GZMK,CD8_T,NL→CR,NL,CR,1.6394405,2.3505564,43.400001525878906,↑,0.02381,*,18/18,6,3
Liver,GZMK,CD8_T,IT→IA,IT,IA,2.1094205,1.6305765,-22.700000762939453,↓,0.030303,*,27/30,6,5
Liver,GZMK,CD8_T,IA→AR,IA,AR,1.6305765,2.2124727,35.70000076293945,↑,0.035714,*,15/15,5,3
Liver,GZMK,CD8_T,CR→AR,CR,AR,2.3505564,2.2124727,-5.900000095367432,↓,0.7,NS,6/9,3,3
Liver,GZMK,NK,NL→IT,NL,IT,0.8826542,0.9566002,8.399999618530273,↑,0.818182,NS,20/36,6,6
Liver,GZMK,NK,NL→IA,NL,IA,0.8826542,1.0238698,16.0,↑,0.428571,NS,20/30,6,5
Liver,GZMK,NK,NL→AR,NL,AR,0.8826542,1.3145757,48.900001525878906,↑,0.02381,*,18/18,6,3
Liver,GZMK,NK,NL→CR,NL,CR,0.8826542,1.5662073,77.4000015258789,↑,0.02381,*,18/18,6,3
Liver,GZMK,NK,IT→IA,IT,IA,0.9566002,1.0238698,7.0,↑,1.0,NS,15/30,6,5
Liver,GZMK,NK,IA→AR,IA,AR,1.0238698,1.3145757,28.399999618530277,↑,0.392857,NS,11/15,5,3
Liver,GZMK,NK,CR→AR,CR,AR,1.5662073,1.3145757,-16.100000381469727,↓,0.4,NS,7/9,3,3
Liver,GZMK,B,NL→IT,NL,IT,0.025276342,0.018586915,-26.5,↓,0.842187,NS,12/30,6,5
Liver,GZMK,B,NL→IA,NL,IA,0.025276342,0.05049917,99.8000030517578,↑,0.350122,NS,19/30,6,5
Liver,GZMK,B,NL→AR,NL,AR,0.025276342,0.009185492,-63.70000076293945,↓,0.671373,NS,8/18,6,3
Liver,GZMK,B,NL→CR,NL,CR,0.025276342,0.019516082,-22.799999237060547,↓,0.895533,NS,8/18,6,3
Liver,GZMK,B,IT→IA,IT,IA,0.018586915,0.05049917,171.6999969482422,↑,0.161238,NS,18/25,5,5
Liver,GZMK,B,IA→AR,IA,AR,0.05049917,0.009185492,-81.80000305175781,↓,0.12663,NS,12/15,5,3
Liver,GZMK,B,CR→AR,CR,AR,0.019516082,0.009185492,-52.900001525878906,↓,0.375825,NS,7/9,3,3
Liver,GZMK,PlasmaB,NL→IT,NL,IT,0.12005278,0.026771557,-77.69999694824219,↓,0.388861,NS,17/30,6,5
Liver,GZMK,PlasmaB,NL→IA,NL,IA,0.12005278,0.081490934,-32.099998474121094,↓,0.632142,NS,15/30,6,5
Liver,GZMK,PlasmaB,NL→AR,NL,AR,0.12005278,0.090734206,-24.399999618530277,↓,0.68583,NS,9/18,6,3
Liver,GZMK,PlasmaB,NL→CR,NL,CR,0.12005278,0.030368559,-74.69999694824219,↓,0.500184,NS,10/18,6,3
Liver,GZMK,PlasmaB,IT→IA,IT,IA,0.026771557,0.081490934,204.3999938964844,↑,0.724082,NS,10/25,5,5
Liver,GZMK,PlasmaB,IA→AR,IA,AR,0.081490934,0.090734206,11.300000190734863,↑,1.0,NS,5/15,5,3
Liver,GZMK,PlasmaB,CR→AR,CR,AR,0.030368559,0.090734206,198.8000030517578,↑,1.0,NS,3/9,3,3
Liver,HAVCR2,Myeloid,NL→IT,NL,IT,0.30739897,0.39979836,30.100000381469727,↑,0.132035,NS,28/36,6,6
Liver,HAVCR2,Myeloid,NL→IA,NL,IA,0.30739897,0.35078743,14.100000381469728,↑,0.246753,NS,22/30,6,5
Liver,HAVCR2,Myeloid,NL→AR,NL,AR,0.30739897,0.43818364,42.5,↑,0.095238,†,16/18,6,3
Liver,HAVCR2,Myeloid,NL→CR,NL,CR,0.30739897,0.33235174,8.100000381469727,↑,0.714286,NS,11/18,6,3
Liver,HAVCR2,Myeloid,IT→IA,IT,IA,0.39979836,0.35078743,-12.300000190734863,↓,0.662338,NS,18/30,6,5
Liver,HAVCR2,Myeloid,IA→AR,IA,AR,0.35078743,0.43818364,24.899999618530277,↑,0.571429,NS,10/15,5,3
Liver,HAVCR2,Myeloid,CR→AR,CR,AR,0.33235174,0.43818364,31.799999237060547,↑,0.2,NS,8/9,3,3
Liver,HAVCR2,CD4_T,NL→IT,NL,IT,0.048515435,0.032572795,-32.900001525878906,↓,0.699134,NS,21/36,6,6
Liver,HAVCR2,CD4_T,NL→IA,NL,IA,0.048515435,0.05425629,11.800000190734863,↑,0.329004,NS,21/30,6,5
Liver,HAVCR2,CD4_T,NL→AR,NL,AR,0.048515435,0.07233144,49.09999847412109,↑,0.547619,NS,12/18,6,3
Liver,HAVCR2,CD4_T,NL→CR,NL,CR,0.048515435,0.023569152,-51.400001525878906,↓,0.714286,NS,11/18,6,3
Liver,HAVCR2,CD4_T,IT→IA,IT,IA,0.032572795,0.05425629,66.5999984741211,↑,0.428571,NS,20/30,6,5
Liver,HAVCR2,CD4_T,IA→AR,IA,AR,0.05425629,0.07233144,33.29999923706055,↑,1.0,NS,7/15,5,3
Liver,HAVCR2,CD4_T,CR→AR,CR,AR,0.023569152,0.07233144,206.8999938964844,↑,0.4,NS,7/9,3,3
Liver,HAVCR2,CD8_T,NL→IT,NL,IT,0.04393952,0.07459068,69.80000305175781,↑,0.309524,NS,25/36,6,6
Liver,HAVCR2,CD8_T,NL→IA,NL,IA,0.04393952,0.13933526,217.1000061035156,↑,0.051948,†,26/30,6,5
Liver,HAVCR2,CD8_T,NL→AR,NL,AR,0.04393952,0.23391916,432.3999938964844,↑,0.047619,*,17/18,6,3
Liver,HAVCR2,CD8_T,NL→CR,NL,CR,0.04393952,0.021673918,-50.70000076293945,↓,0.714286,NS,11/18,6,3
Liver,HAVCR2,CD8_T,IT→IA,IT,IA,0.07459068,0.13933526,86.80000305175781,↑,0.246753,NS,22/30,6,5
Liver,HAVCR2,CD8_T,IA→AR,IA,AR,0.13933526,0.23391916,67.9000015258789,↑,0.785714,NS,9/15,5,3
Liver,HAVCR2,CD8_T,CR→AR,CR,AR,0.021673918,0.23391916,979.2999877929688,↑,0.1,NS,9/9,3,3
Liver,HAVCR2,NK,NL→IT,NL,IT,0.32262906,0.40215695,24.600000381469727,↑,0.393939,NS,24/36,6,6
Liver,HAVCR2,NK,NL→IA,NL,IA,0.32262906,0.30534914,-5.400000095367432,↓,0.930736,NS,16/30,6,5
Liver,HAVCR2,NK,NL→AR,NL,AR,0.32262906,0.27607498,-14.399999618530272,↓,0.714286,NS,11/18,6,3
Liver,HAVCR2,NK,NL→CR,NL,CR,0.32262906,0.3577031,10.899999618530272,↑,0.904762,NS,10/18,6,3
Liver,HAVCR2,NK,IT→IA,IT,IA,0.40215695,0.30534914,-24.100000381469727,↓,0.329004,NS,21/30,6,5
Liver,HAVCR2,NK,IA→AR,IA,AR,0.30534914,0.27607498,-9.600000381469728,↓,0.785714,NS,9/15,5,3
Liver,HAVCR2,NK,CR→AR,CR,AR,0.3577031,0.27607498,-22.799999237060547,↓,0.7,NS,6/9,3,3
Liver,HAVCR2,B,NL→IT,NL,IT,0.0063661835,0.009321314,46.400001525878906,↑,0.773938,NS,14/30,6,5
Liver,HAVCR2,B,NL→IA,NL,IA,0.0063661835,0.0047743623,-25.0,↓,0.842187,NS,12/30,6,5
Liver,HAVCR2,B,NL→AR,NL,AR,0.0063661835,0.0,-100.0,↓,0.219768,NS,9/18,6,3
Liver,HAVCR2,B,NL→CR,NL,CR,0.0063661835,0.0,-100.0,↓,0.219768,NS,9/18,6,3
Liver,HAVCR2,B,IT→IA,IT,IA,0.009321314,0.0047743623,-48.79999923706055,↓,0.372748,NS,14/25,5,5
Liver,HAVCR2,B,IA→AR,IA,AR,0.0047743623,0.0,-100.0,↓,0.329114,NS,6/15,5,3
Liver,HAVCR2,B,CR→AR,CR,AR,0.0,0.0,0.0,↑,1.0,NS,0/9,3,3
Liver,HAVCR2,PlasmaB,NL→IT,NL,IT,0.0024691774,0.021952994,789.0999755859375,↑,0.11275,NS,18/30,6,5
Liver,HAVCR2,PlasmaB,NL→IA,NL,IA,0.0024691774,0.02904046,1076.0999755859375,↑,0.352972,NS,12/30,6,5
Liver,HAVCR2,PlasmaB,NL→AR,NL,AR,0.0024691774,0.0,-100.0,↓,0.637352,NS,3/18,6,3
Liver,HAVCR2,PlasmaB,NL→CR,NL,CR,0.0024691774,0.010128891,310.20001220703125,↑,0.595883,NS,6/18,6,3
Liver,HAVCR2,PlasmaB,IT→IA,IT,IA,0.021952994,0.02904046,32.29999923706055,↑,0.823664,NS,8/25,5,5
Liver,HAVCR2,PlasmaB,IA→AR,IA,AR,0.02904046,0.0,-100.0,↓,0.329114,NS,6/15,5,3
Liver,HAVCR2,PlasmaB,CR→AR,CR,AR,0.010128891,0.0,-100.0,↓,0.504985,NS,3/9,3,3
Liver,HDAC1,Myeloid,NL→IT,NL,IT,0.22011797,0.22356473,1.600000023841858,↑,0.937229,NS,19/36,6,6
Liver,HDAC1,Myeloid,NL→IA,NL,IA,0.22011797,0.22176687,0.699999988079071,↑,0.792208,NS,17/30,6,5
Liver,HDAC1,Myeloid,NL→AR,NL,AR,0.22011797,0.37662554,71.0999984741211,↑,0.166667,NS,15/18,6,3
Liver,HDAC1,Myeloid,NL→CR,NL,CR,0.22011797,0.36205316,64.5,↑,0.261905,NS,14/18,6,3
Liver,HDAC1,Myeloid,IT→IA,IT,IA,0.22356473,0.22176687,-0.800000011920929,↓,0.792208,NS,17/30,6,5
Liver,HDAC1,Myeloid,IA→AR,IA,AR,0.22176687,0.37662554,69.80000305175781,↑,0.035714,*,15/15,5,3
Liver,HDAC1,Myeloid,CR→AR,CR,AR,0.36205316,0.37662554,4.0,↑,1.0,NS,5/9,3,3
Liver,HDAC1,CD4_T,NL→IT,NL,IT,0.28465524,0.38038847,33.599998474121094,↑,0.24026,NS,26/36,6,6
Liver,HDAC1,CD4_T,NL→IA,NL,IA,0.28465524,0.4062224,42.70000076293945,↑,0.082251,†,25/30,6,5
Liver,HDAC1,CD4_T,NL→AR,NL,AR,0.28465524,0.4281555,50.400001525878906,↑,0.166667,NS,15/18,6,3
Liver,HDAC1,CD4_T,NL→CR,NL,CR,0.28465524,0.3955228,38.900001525878906,↑,0.166667,NS,15/18,6,3
Liver,HDAC1,CD4_T,IT→IA,IT,IA,0.38038847,0.4062224,6.800000190734863,↑,1.0,NS,15/30,6,5
Liver,HDAC1,CD4_T,IA→AR,IA,AR,0.4062224,0.4281555,5.400000095367432,↑,1.0,NS,8/15,5,3
Liver,HDAC1,CD4_T,CR→AR,CR,AR,0.3955228,0.4281555,8.300000190734863,↑,1.0,NS,5/9,3,3
Liver,HDAC1,CD8_T,NL→IT,NL,IT,0.3211877,0.39324847,22.399999618530277,↑,0.484848,NS,23/36,6,6
Liver,HDAC1,CD8_T,NL→IA,NL,IA,0.3211877,0.47741312,48.59999847412109,↑,0.082251,†,25/30,6,5
Liver,HDAC1,CD8_T,NL→AR,NL,AR,0.3211877,0.49913764,55.400001525878906,↑,0.095238,†,16/18,6,3
Liver,HDAC1,CD8_T,NL→CR,NL,CR,0.3211877,0.46552518,44.900001525878906,↑,0.166667,NS,15/18,6,3
Liver,HDAC1,CD8_T,IT→IA,IT,IA,0.39324847,0.47741312,21.399999618530277,↑,0.662338,NS,18/30,6,5
Liver,HDAC1,CD8_T,IA→AR,IA,AR,0.47741312,0.49913764,4.599999904632568,↑,0.785714,NS,9/15,5,3
Liver,HDAC1,CD8_T,CR→AR,CR,AR,0.46552518,0.49913764,7.199999809265137,↑,1.0,NS,5/9,3,3
Liver,HDAC1,NK,NL→IT,NL,IT,0.3588237,0.4053984,13.0,↑,0.484848,NS,23/36,6,6
Liver,HDAC1,NK,NL→IA,NL,IA,0.3588237,0.4573117,27.399999618530277,↑,0.329004,NS,21/30,6,5
Liver,HDAC1,NK,NL→AR,NL,AR,0.3588237,0.44173357,23.100000381469727,↑,0.380952,NS,13/18,6,3
Liver,HDAC1,NK,NL→CR,NL,CR,0.3588237,0.49264932,37.29999923706055,↑,0.095238,†,16/18,6,3
Liver,HDAC1,NK,IT→IA,IT,IA,0.4053984,0.4573117,12.800000190734863,↑,1.0,NS,15/30,6,5
Liver,HDAC1,NK,IA→AR,IA,AR,0.4573117,0.44173357,-3.400000095367432,↓,1.0,NS,7/15,5,3
Liver,HDAC1,NK,CR→AR,CR,AR,0.49264932,0.44173357,-10.300000190734863,↓,0.7,NS,6/9,3,3
Liver,HDAC1,B,NL→IT,NL,IT,0.29824215,0.44456083,49.09999847412109,↑,0.329004,NS,21/30,6,5
Liver,HDAC1,B,NL→IA,NL,IA,0.29824215,0.4831709,62.0,↑,0.051948,†,26/30,6,5
Liver,HDAC1,B,NL→AR,NL,AR,0.29824215,0.63000494,111.1999969482422,↑,0.095238,†,16/18,6,3
Liver,HDAC1,B,NL→CR,NL,CR,0.29824215,0.48264512,61.79999923706055,↑,0.261905,NS,14/18,6,3
Liver,HDAC1,B,IT→IA,IT,IA,0.44456083,0.4831709,8.699999809265137,↑,0.309524,NS,18/25,5,5
Liver,HDAC1,B,IA→AR,IA,AR,0.4831709,0.63000494,30.399999618530277,↑,0.392857,NS,11/15,5,3
Liver,HDAC1,B,CR→AR,CR,AR,0.48264512,0.63000494,30.5,↑,0.4,NS,7/9,3,3
Liver,HDAC1,PlasmaB,NL→IT,NL,IT,0.12622724,0.2685562,112.8000030517578,↑,0.008658,**,29/30,6,5
Liver,HDAC1,PlasmaB,NL→IA,NL,IA,0.12622724,0.26121664,106.9000015258789,↑,0.030303,*,27/30,6,5
Liver,HDAC1,PlasmaB,NL→AR,NL,AR,0.12622724,0.301954,139.1999969482422,↑,0.02381,*,18/18,6,3
Liver,HDAC1,PlasmaB,NL→CR,NL,CR,0.12622724,0.27194098,115.4000015258789,↑,0.261905,NS,14/18,6,3
Liver,HDAC1,PlasmaB,IT→IA,IT,IA,0.2685562,0.26121664,-2.700000047683716,↓,0.690476,NS,15/25,5,5
Liver,HDAC1,PlasmaB,IA→AR,IA,AR,0.26121664,0.301954,15.600000381469728,↑,0.785714,NS,9/15,5,3
Liver,HDAC1,PlasmaB,CR→AR,CR,AR,0.27194098,0.301954,11.0,↑,1.0,NS,5/9,3,3
Liver,HIF1A,Myeloid,NL→IT,NL,IT,0.9105468,0.4754118,-47.79999923706055,↓,0.064935,†,30/36,6,6
Liver,HIF1A,Myeloid,NL→IA,NL,IA,0.9105468,0.45978338,-49.5,↓,0.030303,*,27/30,6,5
Liver,HIF1A,Myeloid,NL→AR,NL,AR,0.9105468,0.59792674,-34.29999923706055,↓,0.380952,NS,13/18,6,3
Liver,HIF1A,Myeloid,NL→CR,NL,CR,0.9105468,0.6212488,-31.799999237060547,↓,0.547619,NS,12/18,6,3
Liver,HIF1A,Myeloid,IT→IA,IT,IA,0.4754118,0.45978338,-3.299999952316284,↓,0.792208,NS,17/30,6,5
Liver,HIF1A,Myeloid,IA→AR,IA,AR,0.45978338,0.59792674,30.0,↑,0.392857,NS,11/15,5,3
Liver,HIF1A,Myeloid,CR→AR,CR,AR,0.6212488,0.59792674,-3.799999952316284,↓,1.0,NS,5/9,3,3
Liver,HIF1A,CD4_T,NL→IT,NL,IT,0.5302159,0.40270486,-24.0,↓,0.309524,NS,25/36,6,6
Liver,HIF1A,CD4_T,NL→IA,NL,IA,0.5302159,0.2932544,-44.70000076293945,↓,0.030303,*,27/30,6,5
Liver,HIF1A,CD4_T,NL→AR,NL,AR,0.5302159,0.35754716,-32.599998474121094,↓,0.261905,NS,14/18,6,3
Liver,HIF1A,CD4_T,NL→CR,NL,CR,0.5302159,0.35034236,-33.900001525878906,↓,0.261905,NS,14/18,6,3
Liver,HIF1A,CD4_T,IT→IA,IT,IA,0.40270486,0.2932544,-27.200000762939453,↓,0.329004,NS,21/30,6,5
Liver,HIF1A,CD4_T,IA→AR,IA,AR,0.2932544,0.35754716,21.899999618530277,↑,0.571429,NS,10/15,5,3
Liver,HIF1A,CD4_T,CR→AR,CR,AR,0.35034236,0.35754716,2.0999999046325684,↑,1.0,NS,4/9,3,3
Liver,HIF1A,CD8_T,NL→IT,NL,IT,0.45533347,0.4432105,-2.700000047683716,↓,0.818182,NS,20/36,6,6
Liver,HIF1A,CD8_T,NL→IA,NL,IA,0.45533347,0.29974723,-34.20000076293945,↓,0.082251,†,25/30,6,5
Liver,HIF1A,CD8_T,NL→AR,NL,AR,0.45533347,0.3530984,-22.5,↓,0.547619,NS,12/18,6,3
Liver,HIF1A,CD8_T,NL→CR,NL,CR,0.45533347,0.34512463,-24.200000762939453,↓,0.547619,NS,12/18,6,3
Liver,HIF1A,CD8_T,IT→IA,IT,IA,0.4432105,0.29974723,-32.400001525878906,↓,0.082251,†,25/30,6,5
Liver,HIF1A,CD8_T,IA→AR,IA,AR,0.29974723,0.3530984,17.799999237060547,↑,0.392857,NS,11/15,5,3
Liver,HIF1A,CD8_T,CR→AR,CR,AR,0.34512463,0.3530984,2.299999952316284,↑,1.0,NS,5/9,3,3
Liver,HIF1A,NK,NL→IT,NL,IT,0.4393138,0.36182514,-17.600000381469727,↓,0.484848,NS,23/36,6,6
Liver,HIF1A,NK,NL→IA,NL,IA,0.4393138,0.27955088,-36.400001525878906,↓,0.082251,†,25/30,6,5
Liver,HIF1A,NK,NL→AR,NL,AR,0.4393138,0.31609708,-28.0,↓,0.261905,NS,14/18,6,3
Liver,HIF1A,NK,NL→CR,NL,CR,0.4393138,0.38876387,-11.5,↓,1.0,NS,9/18,6,3
Liver,HIF1A,NK,IT→IA,IT,IA,0.36182514,0.27955088,-22.700000762939453,↓,0.428571,NS,20/30,6,5
Liver,HIF1A,NK,IA→AR,IA,AR,0.27955088,0.31609708,13.100000381469728,↑,0.785714,NS,9/15,5,3
Liver,HIF1A,NK,CR→AR,CR,AR,0.38876387,0.31609708,-18.700000762939453,↓,0.7,NS,6/9,3,3
Liver,HIF1A,B,NL→IT,NL,IT,0.80340815,0.69237137,-13.800000190734863,↓,0.536797,NS,19/30,6,5
Liver,HIF1A,B,NL→IA,NL,IA,0.80340815,0.50351524,-37.29999923706055,↓,0.125541,NS,24/30,6,5
Liver,HIF1A,B,NL→AR,NL,AR,0.80340815,0.64054793,-20.299999237060547,↓,0.547619,NS,12/18,6,3
Liver,HIF1A,B,NL→CR,NL,CR,0.80340815,0.5833042,-27.399999618530277,↓,0.380952,NS,13/18,6,3
Liver,HIF1A,B,IT→IA,IT,IA,0.69237137,0.50351524,-27.299999237060547,↓,0.547619,NS,16/25,5,5
Liver,HIF1A,B,IA→AR,IA,AR,0.50351524,0.64054793,27.200000762939453,↑,1.0,NS,8/15,5,3
Liver,HIF1A,B,CR→AR,CR,AR,0.5833042,0.64054793,9.800000190734863,↑,1.0,NS,4/9,3,3
Liver,HIF1A,PlasmaB,NL→IT,NL,IT,0.25419983,0.23672488,-6.900000095367432,↓,1.0,NS,15/30,6,5
Liver,HIF1A,PlasmaB,NL→IA,NL,IA,0.25419983,0.20390491,-19.799999237060547,↓,0.792208,NS,17/30,6,5
Liver,HIF1A,PlasmaB,NL→AR,NL,AR,0.25419983,0.4600865,81.0,↑,0.714286,NS,11/18,6,3
Liver,HIF1A,PlasmaB,NL→CR,NL,CR,0.25419983,0.16485022,-35.099998474121094,↓,0.380952,NS,13/18,6,3
Liver,HIF1A,PlasmaB,IT→IA,IT,IA,0.23672488,0.20390491,-13.899999618530272,↓,0.690476,NS,15/25,5,5
Liver,HIF1A,PlasmaB,IA→AR,IA,AR,0.20390491,0.4600865,125.5999984741211,↑,0.392857,NS,11/15,5,3
Liver,HIF1A,PlasmaB,CR→AR,CR,AR,0.16485022,0.4600865,179.10000610351562,↑,0.4,NS,7/9,3,3
Liver,ID3,Myeloid,NL→IT,NL,IT,0.11773422,0.31718627,169.39999389648438,↑,0.484848,NS,23/36,6,6
Liver,ID3,Myeloid,NL→IA,NL,IA,0.11773422,0.2357817,100.3000030517578,↑,0.246753,NS,22/30,6,5
Liver,ID3,Myeloid,NL→AR,NL,AR,0.11773422,0.19280726,63.79999923706055,↑,0.166667,NS,15/18,6,3
Liver,ID3,Myeloid,NL→CR,NL,CR,0.11773422,0.17215435,46.20000076293945,↑,0.261905,NS,14/18,6,3
Liver,ID3,Myeloid,IT→IA,IT,IA,0.31718627,0.2357817,-25.700000762939453,↓,0.662338,NS,12/30,6,5
Liver,ID3,Myeloid,IA→AR,IA,AR,0.2357817,0.19280726,-18.200000762939453,↓,0.785714,NS,9/15,5,3
Liver,ID3,Myeloid,CR→AR,CR,AR,0.17215435,0.19280726,12.0,↑,0.4,NS,7/9,3,3
Liver,ID3,CD4_T,NL→IT,NL,IT,0.12070799,0.1980424,64.0999984741211,↑,0.179654,NS,27/36,6,6
Liver,ID3,CD4_T,NL→IA,NL,IA,0.12070799,0.19154607,58.70000076293945,↑,0.008658,**,29/30,6,5
Liver,ID3,CD4_T,NL→AR,NL,AR,0.12070799,0.1616446,33.900001525878906,↑,0.380952,NS,13/18,6,3
Liver,ID3,CD4_T,NL→CR,NL,CR,0.12070799,0.11804894,-2.200000047683716,↓,1.0,NS,9/18,6,3
Liver,ID3,CD4_T,IT→IA,IT,IA,0.1980424,0.19154607,-3.299999952316284,↓,0.536797,NS,11/30,6,5
Liver,ID3,CD4_T,IA→AR,IA,AR,0.19154607,0.1616446,-15.600000381469728,↓,0.571429,NS,10/15,5,3
Liver,ID3,CD4_T,CR→AR,CR,AR,0.11804894,0.1616446,36.900001525878906,↑,0.7,NS,6/9,3,3
Liver,ID3,CD8_T,NL→IT,NL,IT,0.103880815,0.15748899,51.59999847412109,↑,0.699134,NS,21/36,6,6
Liver,ID3,CD8_T,NL→IA,NL,IA,0.103880815,0.20120227,93.6999969482422,↑,0.051948,†,26/30,6,5
Liver,ID3,CD8_T,NL→AR,NL,AR,0.103880815,0.14953195,43.900001525878906,↑,0.380952,NS,13/18,6,3
Liver,ID3,CD8_T,NL→CR,NL,CR,0.103880815,0.08975061,-13.600000381469728,↓,0.547619,NS,12/18,6,3
Liver,ID3,CD8_T,IT→IA,IT,IA,0.15748899,0.20120227,27.799999237060547,↑,0.428571,NS,20/30,6,5
Liver,ID3,CD8_T,IA→AR,IA,AR,0.20120227,0.14953195,-25.700000762939453,↓,0.392857,NS,11/15,5,3
Liver,ID3,CD8_T,CR→AR,CR,AR,0.08975061,0.14953195,66.5999984741211,↑,0.4,NS,7/9,3,3
Liver,ID3,NK,NL→IT,NL,IT,0.056231808,0.08156472,45.09999847412109,↑,0.588745,NS,22/36,6,6
Liver,ID3,NK,NL→IA,NL,IA,0.056231808,0.06618528,17.700000762939453,↑,0.662338,NS,18/30,6,5
Liver,ID3,NK,NL→AR,NL,AR,0.056231808,0.06339023,12.699999809265137,↑,1.0,NS,9/18,6,3
Liver,ID3,NK,NL→CR,NL,CR,0.056231808,0.059322666,5.5,↑,0.547619,NS,12/18,6,3
Liver,ID3,NK,IT→IA,IT,IA,0.08156472,0.06618528,-18.899999618530277,↓,1.0,NS,15/30,6,5
Liver,ID3,NK,IA→AR,IA,AR,0.06618528,0.06339023,-4.199999809265137,↓,0.785714,NS,9/15,5,3
Liver,ID3,NK,CR→AR,CR,AR,0.059322666,0.06339023,6.900000095367432,↑,0.7,NS,3/9,3,3
Liver,ID3,B,NL→IT,NL,IT,0.74540305,0.77000177,3.299999952316284,↑,1.0,NS,15/30,6,5
Liver,ID3,B,NL→IA,NL,IA,0.74540305,0.83635676,12.199999809265137,↑,0.662338,NS,18/30,6,5
Liver,ID3,B,NL→AR,NL,AR,0.74540305,0.7710435,3.400000095367432,↑,0.904762,NS,10/18,6,3
Liver,ID3,B,NL→CR,NL,CR,0.74540305,0.7812991,4.800000190734863,↑,0.714286,NS,11/18,6,3
Liver,ID3,B,IT→IA,IT,IA,0.77000177,0.83635676,8.600000381469727,↑,0.547619,NS,16/25,5,5
Liver,ID3,B,IA→AR,IA,AR,0.83635676,0.7710435,-7.800000190734863,↓,0.785714,NS,9/15,5,3
Liver,ID3,B,CR→AR,CR,AR,0.7812991,0.7710435,-1.2999999523162842,↓,1.0,NS,5/9,3,3
Liver,ID3,PlasmaB,NL→IT,NL,IT,0.14063112,0.059768118,-57.5,↓,0.792208,NS,17/30,6,5
Liver,ID3,PlasmaB,NL→IA,NL,IA,0.14063112,0.13447392,-4.400000095367432,↓,0.854805,NS,13/30,6,5
Liver,ID3,PlasmaB,NL→AR,NL,AR,0.14063112,0.23033595,63.79999923706055,↑,0.714286,NS,11/18,6,3
Liver,ID3,PlasmaB,NL→CR,NL,CR,0.14063112,0.05884466,-58.20000076293945,↓,0.904762,NS,8/18,6,3
Liver,ID3,PlasmaB,IT→IA,IT,IA,0.059768118,0.13447392,125.0,↑,0.309524,NS,18/25,5,5
Liver,ID3,PlasmaB,IA→AR,IA,AR,0.13447392,0.23033595,71.30000305175781,↑,0.785714,NS,9/15,5,3
Liver,ID3,PlasmaB,CR→AR,CR,AR,0.05884466,0.23033595,291.3999938964844,↑,0.7,NS,6/9,3,3
Liver,IDO1,Myeloid,NL→IT,NL,IT,0.13313319,0.3689612,177.10000610351562,↑,0.132035,NS,28/36,6,6
Liver,IDO1,Myeloid,NL→IA,NL,IA,0.13313319,0.14904127,11.899999618530272,↑,0.536797,NS,19/30,6,5
Liver,IDO1,Myeloid,NL→AR,NL,AR,0.13313319,0.15290077,14.800000190734863,↑,0.904762,NS,10/18,6,3
Liver,IDO1,Myeloid,NL→CR,NL,CR,0.13313319,0.17681761,32.79999923706055,↑,0.380952,NS,13/18,6,3
Liver,IDO1,Myeloid,IT→IA,IT,IA,0.3689612,0.14904127,-59.59999847412109,↓,0.177489,NS,23/30,6,5
Liver,IDO1,Myeloid,IA→AR,IA,AR,0.14904127,0.15290077,2.5999999046325684,↑,1.0,NS,8/15,5,3
Liver,IDO1,Myeloid,CR→AR,CR,AR,0.17681761,0.15290077,-13.5,↓,1.0,NS,5/9,3,3
Liver,IDO1,CD4_T,NL→IT,NL,IT,0.0008951779,0.0011642174,30.100000381469727,↑,0.655306,NS,15/36,6,6
Liver,IDO1,CD4_T,NL→IA,NL,IA,0.0008951779,0.0006562088,-26.700000762939453,↓,1.0,NS,9/30,6,5
Liver,IDO1,CD4_T,NL→AR,NL,AR,0.0008951779,0.00077993196,-12.899999618530272,↓,1.0,NS,5/18,6,3
Liver,IDO1,CD4_T,NL→CR,NL,CR,0.0008951779,0.0,-100.0,↓,0.376759,NS,6/18,6,3
Liver,IDO1,CD4_T,IT→IA,IT,IA,0.0011642174,0.0006562088,-43.59999847412109,↓,0.550313,NS,14/30,6,5
Liver,IDO1,CD4_T,IA→AR,IA,AR,0.0006562088,0.00077993196,18.899999618530277,↑,1.0,NS,5/15,5,3
Liver,IDO1,CD4_T,CR→AR,CR,AR,0.0,0.00077993196,99999.0,↑,0.504985,NS,3/9,3,3
Liver,IDO1,CD8_T,NL→IT,NL,IT,0.00010809415,0.0014981218,1285.9000244140625,↑,0.46195,NS,12/36,6,6
Liver,IDO1,CD8_T,NL→IA,NL,IA,0.00010809415,0.00025607683,136.89999389648438,↑,0.486034,NS,11/30,6,5
Liver,IDO1,CD8_T,NL→AR,NL,AR,0.00010809415,0.0,-100.0,↓,0.637352,NS,3/18,6,3
Liver,IDO1,CD8_T,NL→CR,NL,CR,0.00010809415,0.00028587788,164.5,↑,0.595883,NS,6/18,6,3
Liver,IDO1,CD8_T,IT→IA,IT,IA,0.0014981218,0.00025607683,-82.9000015258789,↓,0.915796,NS,10/30,6,5
Liver,IDO1,CD8_T,IA→AR,IA,AR,0.00025607683,0.0,-100.0,↓,0.329114,NS,6/15,5,3
Liver,IDO1,CD8_T,CR→AR,CR,AR,0.00028587788,0.0,-100.0,↓,0.504985,NS,3/9,3,3
Liver,IDO1,NK,NL→IT,NL,IT,0.00024353761,0.002347184,863.7999877929688,↑,0.252951,NS,17/36,6,6
Liver,IDO1,NK,NL→IA,NL,IA,0.00024353761,0.0002377242,-2.400000095367432,↓,1.0,NS,5/30,6,5
Liver,IDO1,NK,NL→AR,NL,AR,0.00024353761,0.0,-100.0,↓,0.637352,NS,3/18,6,3
Liver,IDO1,NK,NL→CR,NL,CR,0.00024353761,0.0011115274,356.3999938964844,↑,0.219768,NS,11/18,6,3
Liver,IDO1,NK,IT→IA,IT,IA,0.002347184,0.0002377242,-89.9000015258789,↓,0.341314,NS,14/30,6,5
Liver,IDO1,NK,IA→AR,IA,AR,0.0002377242,0.0,-100.0,↓,0.605577,NS,3/15,5,3
Liver,IDO1,NK,CR→AR,CR,AR,0.0011115274,0.0,-100.0,↓,0.196706,NS,6/9,3,3
Liver,IDO1,B,NL→IT,NL,IT,0.0062466487,0.021159574,238.6999969482422,↑,0.150962,NS,21/30,6,5
Liver,IDO1,B,NL→IA,NL,IA,0.0062466487,0.005827756,-6.699999809265137,↓,0.915796,NS,8/30,6,5
Liver,IDO1,B,NL→AR,NL,AR,0.0062466487,0.0,-100.0,↓,0.376759,NS,6/18,6,3
Liver,IDO1,B,NL→CR,NL,CR,0.0062466487,0.00680336,8.899999618530273,↑,0.4795,NS,10/18,6,3
Liver,IDO1,B,IT→IA,IT,IA,0.021159574,0.005827756,-72.5,↓,0.332112,NS,16/25,5,5
Liver,IDO1,B,IA→AR,IA,AR,0.005827756,0.0,-100.0,↓,0.329114,NS,6/15,5,3
Liver,IDO1,B,CR→AR,CR,AR,0.00680336,0.0,-100.0,↓,0.196706,NS,6/9,3,3
Liver,IDO1,PlasmaB,NL→IT,NL,IT,0.02706568,0.0,-100.0,↓,0.104062,NS,15/30,6,5
Liver,IDO1,PlasmaB,NL→IA,NL,IA,0.02706568,0.0,-100.0,↓,0.104062,NS,15/30,6,5
Liver,IDO1,PlasmaB,NL→AR,NL,AR,0.02706568,0.0,-100.0,↓,0.219768,NS,9/18,6,3
Liver,IDO1,PlasmaB,NL→CR,NL,CR,0.02706568,0.0,-100.0,↓,0.219768,NS,9/18,6,3
Liver,IDO1,PlasmaB,IT→IA,IT,IA,0.0,0.0,0.0,↑,1.0,NS,0/25,5,5
Liver,IDO1,PlasmaB,IA→AR,IA,AR,0.0,0.0,0.0,↑,1.0,NS,0/15,5,3
Liver,IDO1,PlasmaB,CR→AR,CR,AR,0.0,0.0,0.0,↑,1.0,NS,0/9,3,3
Liver,IGFBP7,Myeloid,NL→IT,NL,IT,0.23893897,0.28297293,18.399999618530277,↑,0.24026,NS,26/36,6,6
Liver,IGFBP7,Myeloid,NL→IA,NL,IA,0.23893897,0.2933247,22.799999237060547,↑,0.428571,NS,20/30,6,5
Liver,IGFBP7,Myeloid,NL→AR,NL,AR,0.23893897,0.19728486,-17.399999618530273,↓,0.714286,NS,11/18,6,3
Liver,IGFBP7,Myeloid,NL→CR,NL,CR,0.23893897,0.29319128,22.700000762939453,↑,0.261905,NS,14/18,6,3
Liver,IGFBP7,Myeloid,IT→IA,IT,IA,0.28297293,0.2933247,3.700000047683716,↑,0.662338,NS,12/30,6,5
Liver,IGFBP7,Myeloid,IA→AR,IA,AR,0.2933247,0.19728486,-32.70000076293945,↓,0.25,NS,12/15,5,3
Liver,IGFBP7,Myeloid,CR→AR,CR,AR,0.29319128,0.19728486,-32.70000076293945,↓,0.2,NS,8/9,3,3
Liver,IGFBP7,CD4_T,NL→IT,NL,IT,0.00016626924,0.0037156874,2134.699951171875,↑,0.016711,*,30/36,6,6
Liver,IGFBP7,CD4_T,NL→IA,NL,IA,0.00016626924,0.00096972997,483.2000122070313,↑,0.11275,NS,18/30,6,5
Liver,IGFBP7,CD4_T,NL→AR,NL,AR,0.00016626924,0.00071220216,328.29998779296875,↑,0.125047,NS,12/18,6,3
Liver,IGFBP7,CD4_T,NL→CR,NL,CR,0.00016626924,0.0014701243,784.2000122070312,↑,0.125047,NS,12/18,6,3
Liver,IGFBP7,CD4_T,IT→IA,IT,IA,0.0037156874,0.00096972997,-73.9000015258789,↓,0.407016,NS,19/30,6,5
Liver,IGFBP7,CD4_T,IA→AR,IA,AR,0.00096972997,0.00071220216,-26.600000381469727,↓,0.541193,NS,9/15,5,3
Liver,IGFBP7,CD4_T,CR→AR,CR,AR,0.0014701243,0.00071220216,-51.59999847412109,↓,0.824778,NS,5/9,3,3
Liver,IGFBP7,CD8_T,NL→IT,NL,IT,0.0007372461,0.0044960342,509.7999877929688,↑,0.494156,NS,18/36,6,6
Liver,IGFBP7,CD8_T,NL→IA,NL,IA,0.0007372461,0.0011676537,58.400001525878906,↑,0.575062,NS,17/30,6,5
Liver,IGFBP7,CD8_T,NL→AR,NL,AR,0.0007372461,0.0014368914,94.9000015258789,↑,0.511482,NS,12/18,6,3
Liver,IGFBP7,CD8_T,NL→CR,NL,CR,0.0007372461,0.0021627946,193.3999938964844,↑,0.280713,NS,12/18,6,3
Liver,IGFBP7,CD8_T,IT→IA,IT,IA,0.0044960342,0.0011676537,-74.0,↓,0.851762,NS,15/30,6,5
Liver,IGFBP7,CD8_T,IA→AR,IA,AR,0.0011676537,0.0014368914,23.100000381469727,↑,0.785714,NS,9/15,5,3
Liver,IGFBP7,CD8_T,CR→AR,CR,AR,0.0021627946,0.0014368914,-33.599998474121094,↓,0.7,NS,6/9,3,3
Liver,IGFBP7,NK,NL→IT,NL,IT,0.21345298,0.32771567,53.5,↑,0.309524,NS,25/36,6,6
Liver,IGFBP7,NK,NL→IA,NL,IA,0.21345298,0.30813676,44.400001525878906,↑,0.792208,NS,17/30,6,5
Liver,IGFBP7,NK,NL→AR,NL,AR,0.21345298,0.2515912,17.899999618530273,↑,0.547619,NS,12/18,6,3
Liver,IGFBP7,NK,NL→CR,NL,CR,0.21345298,0.28168568,32.0,↑,0.547619,NS,12/18,6,3
Liver,IGFBP7,NK,IT→IA,IT,IA,0.32771567,0.30813676,-6.0,↓,0.930736,NS,16/30,6,5
Liver,IGFBP7,NK,IA→AR,IA,AR,0.30813676,0.2515912,-18.399999618530277,↓,1.0,NS,8/15,5,3
Liver,IGFBP7,NK,CR→AR,CR,AR,0.28168568,0.2515912,-10.699999809265137,↓,0.7,NS,6/9,3,3
Liver,IGFBP7,B,NL→IT,NL,IT,0.0009878769,0.0013629504,38.0,↑,0.892295,NS,6/30,6,5
Liver,IGFBP7,B,NL→IA,NL,IA,0.0009878769,0.0,-100.0,↓,0.465209,NS,5/30,6,5
Liver,IGFBP7,B,NL→AR,NL,AR,0.0009878769,0.0,-100.0,↓,0.637352,NS,3/18,6,3
Liver,IGFBP7,B,NL→CR,NL,CR,0.0009878769,0.0,-100.0,↓,0.637352,NS,3/18,6,3
Liver,IGFBP7,B,IT→IA,IT,IA,0.0013629504,0.0,-100.0,↓,0.423711,NS,5/25,5,5
Liver,IGFBP7,B,IA→AR,IA,AR,0.0,0.0,0.0,↑,1.0,NS,0/15,5,3
Liver,IGFBP7,B,CR→AR,CR,AR,0.0,0.0,0.0,↑,1.0,NS,0/9,3,3
Liver,IGFBP7,PlasmaB,NL→IT,NL,IT,0.0,0.006597113,99999.0,↑,0.13638,NS,12/30,6,5
Liver,IGFBP7,PlasmaB,NL→IA,NL,IA,0.0,0.00097457913,99999.0,↑,0.36131,NS,6/30,6,5
Liver,IGFBP7,PlasmaB,NL→AR,NL,AR,0.0,0.0,0.0,↑,1.0,NS,0/18,6,3
Liver,IGFBP7,PlasmaB,NL→CR,NL,CR,0.0,0.004846745,99999.0,↑,0.238593,NS,6/18,6,3
Liver,IGFBP7,PlasmaB,IT→IA,IT,IA,0.006597113,0.00097457913,-85.19999694824219,↓,0.440686,NS,10/25,5,5
Liver,IGFBP7,PlasmaB,IA→AR,IA,AR,0.00097457913,0.0,-100.0,↓,0.605577,NS,3/15,5,3
Liver,IGFBP7,PlasmaB,CR→AR,CR,AR,0.004846745,0.0,-100.0,↓,0.504985,NS,3/9,3,3
Liver,IKZF2,Myeloid,NL→IT,NL,IT,0.005207553,0.009431155,81.0999984741211,↑,0.788821,NS,14/36,6,6
Liver,IKZF2,Myeloid,NL→IA,NL,IA,0.005207553,0.0031239288,-40.0,↓,0.915796,NS,10/30,6,5
Liver,IKZF2,Myeloid,NL→AR,NL,AR,0.005207553,0.0,-100.0,↓,0.376759,NS,6/18,6,3
Liver,IKZF2,Myeloid,NL→CR,NL,CR,0.005207553,0.011291034,116.8000030517578,↑,0.4795,NS,10/18,6,3
Liver,IKZF2,Myeloid,IT→IA,IT,IA,0.009431155,0.0031239288,-66.9000015258789,↓,0.690487,NS,13/30,6,5
Liver,IKZF2,Myeloid,IA→AR,IA,AR,0.0031239288,0.0,-100.0,↓,0.329114,NS,6/15,5,3
Liver,IKZF2,Myeloid,CR→AR,CR,AR,0.011291034,0.0,-100.0,↓,0.196706,NS,6/9,3,3
Liver,IKZF2,CD4_T,NL→IT,NL,IT,0.18527187,0.18171842,-1.899999976158142,↓,0.818182,NS,20/36,6,6
Liver,IKZF2,CD4_T,NL→IA,NL,IA,0.18527187,0.12086581,-34.79999923706055,↓,0.246753,NS,22/30,6,5
Liver,IKZF2,CD4_T,NL→AR,NL,AR,0.18527187,0.13423552,-27.5,↓,0.714286,NS,11/18,6,3
Liver,IKZF2,CD4_T,NL→CR,NL,CR,0.18527187,0.1643982,-11.300000190734863,↓,0.904762,NS,10/18,6,3
Liver,IKZF2,CD4_T,IT→IA,IT,IA,0.18171842,0.12086581,-33.5,↓,0.662338,NS,18/30,6,5
Liver,IKZF2,CD4_T,IA→AR,IA,AR,0.12086581,0.13423552,11.100000381469728,↑,0.392857,NS,11/15,5,3
Liver,IKZF2,CD4_T,CR→AR,CR,AR,0.1643982,0.13423552,-18.299999237060547,↓,1.0,NS,4/9,3,3
Liver,IKZF2,CD8_T,NL→IT,NL,IT,0.17923956,0.14417715,-19.600000381469727,↓,0.484848,NS,23/36,6,6
Liver,IKZF2,CD8_T,NL→IA,NL,IA,0.17923956,0.13197367,-26.399999618530277,↓,0.428571,NS,20/30,6,5
Liver,IKZF2,CD8_T,NL→AR,NL,AR,0.17923956,0.12705089,-29.100000381469727,↓,0.380952,NS,13/18,6,3
Liver,IKZF2,CD8_T,NL→CR,NL,CR,0.17923956,0.13572685,-24.299999237060547,↓,0.547619,NS,12/18,6,3
Liver,IKZF2,CD8_T,IT→IA,IT,IA,0.14417715,0.13197367,-8.5,↓,0.792208,NS,17/30,6,5
Liver,IKZF2,CD8_T,IA→AR,IA,AR,0.13197367,0.12705089,-3.700000047683716,↓,1.0,NS,8/15,5,3
Liver,IKZF2,CD8_T,CR→AR,CR,AR,0.13572685,0.12705089,-6.400000095367432,↓,1.0,NS,4/9,3,3
Liver,IKZF2,NK,NL→IT,NL,IT,0.10475331,0.08055238,-23.100000381469727,↓,0.588745,NS,22/36,6,6
Liver,IKZF2,NK,NL→IA,NL,IA,0.10475331,0.11002598,5.0,↑,1.0,NS,15/30,6,5
Liver,IKZF2,NK,NL→AR,NL,AR,0.10475331,0.17620522,68.19999694824219,↑,0.261905,NS,14/18,6,3
Liver,IKZF2,NK,NL→CR,NL,CR,0.10475331,0.14127494,34.900001525878906,↑,0.261905,NS,14/18,6,3
Liver,IKZF2,NK,IT→IA,IT,IA,0.08055238,0.11002598,36.59999847412109,↑,0.930736,NS,14/30,6,5
Liver,IKZF2,NK,IA→AR,IA,AR,0.11002598,0.17620522,60.09999847412109,↑,0.142857,NS,13/15,5,3
Liver,IKZF2,NK,CR→AR,CR,AR,0.14127494,0.17620522,24.700000762939453,↑,0.7,NS,6/9,3,3
Liver,IKZF2,B,NL→IT,NL,IT,0.028476885,0.025648247,-9.899999618530272,↓,0.851762,NS,12/30,6,5
Liver,IKZF2,B,NL→IA,NL,IA,0.028476885,0.033003464,15.899999618530272,↑,0.851762,NS,15/30,6,5
Liver,IKZF2,B,NL→AR,NL,AR,0.028476885,0.017713152,-37.79999923706055,↓,0.671373,NS,8/18,6,3
Liver,IKZF2,B,NL→CR,NL,CR,0.028476885,0.046973344,65.0,↑,0.511482,NS,12/18,6,3
Liver,IKZF2,B,IT→IA,IT,IA,0.025648247,0.033003464,28.700000762939453,↑,1.0,NS,12/25,5,5
Liver,IKZF2,B,IA→AR,IA,AR,0.033003464,0.017713152,-46.29999923706055,↓,0.359397,NS,10/15,5,3
Liver,IKZF2,B,CR→AR,CR,AR,0.046973344,0.017713152,-62.29999923706055,↓,0.375825,NS,7/9,3,3
Liver,IKZF2,PlasmaB,NL→IT,NL,IT,0.026244583,0.039466925,50.400001525878906,↑,0.213259,NS,20/30,6,5
Liver,IKZF2,PlasmaB,NL→IA,NL,IA,0.026244583,0.05367879,104.5,↑,0.751099,NS,11/30,6,5
Liver,IKZF2,PlasmaB,NL→AR,NL,AR,0.026244583,0.048018858,83.0,↑,1.0,NS,5/18,6,3
Liver,IKZF2,PlasmaB,NL→CR,NL,CR,0.026244583,0.050123453,91.0,↑,0.4795,NS,10/18,6,3
Liver,IKZF2,PlasmaB,IT→IA,IT,IA,0.039466925,0.05367879,36.0,↑,0.746476,NS,9/25,5,5
Liver,IKZF2,PlasmaB,IA→AR,IA,AR,0.05367879,0.048018858,-10.5,↓,1.0,NS,5/15,5,3
Liver,IKZF2,PlasmaB,CR→AR,CR,AR,0.050123453,0.048018858,-4.199999809265137,↓,1.0,NS,4/9,3,3
Liver,IL15RA,Myeloid,NL→IT,NL,IT,0.04771091,0.039537247,-17.100000381469727,↓,0.748349,NS,20/36,6,6
Liver,IL15RA,Myeloid,NL→IA,NL,IA,0.04771091,0.045224033,-5.199999809265137,↓,1.0,NS,15/30,6,5
Liver,IL15RA,Myeloid,NL→AR,NL,AR,0.04771091,0.026176766,-45.09999847412109,↓,0.436661,NS,12/18,6,3
Liver,IL15RA,Myeloid,NL→CR,NL,CR,0.04771091,0.03796618,-20.399999618530277,↓,1.0,NS,9/18,6,3
Liver,IL15RA,Myeloid,IT→IA,IT,IA,0.039537247,0.045224033,14.399999618530272,↑,0.464192,NS,19/30,6,5
Liver,IL15RA,Myeloid,IA→AR,IA,AR,0.045224033,0.026176766,-42.09999847412109,↓,0.652783,NS,9/15,5,3
Liver,IL15RA,Myeloid,CR→AR,CR,AR,0.03796618,0.026176766,-31.100000381469727,↓,0.7,NS,6/9,3,3
Liver,IL15RA,CD4_T,NL→IT,NL,IT,0.059744123,0.04837207,-19.0,↓,0.699134,NS,21/36,6,6
Liver,IL15RA,CD4_T,NL→IA,NL,IA,0.059744123,0.03316166,-44.5,↓,0.125541,NS,24/30,6,5
Liver,IL15RA,CD4_T,NL→AR,NL,AR,0.059744123,0.058447916,-2.200000047683716,↓,1.0,NS,9/18,6,3
Liver,IL15RA,CD4_T,NL→CR,NL,CR,0.059744123,0.07146608,19.600000381469727,↑,0.714286,NS,11/18,6,3
Liver,IL15RA,CD4_T,IT→IA,IT,IA,0.04837207,0.03316166,-31.399999618530277,↓,0.246753,NS,22/30,6,5
Liver,IL15RA,CD4_T,IA→AR,IA,AR,0.03316166,0.058447916,76.30000305175781,↑,0.25,NS,12/15,5,3
Liver,IL15RA,CD4_T,CR→AR,CR,AR,0.07146608,0.058447916,-18.200000762939453,↓,0.7,NS,6/9,3,3
Liver,IL15RA,CD8_T,NL→IT,NL,IT,0.061838537,0.049561456,-19.899999618530277,↓,0.393939,NS,24/36,6,6
Liver,IL15RA,CD8_T,NL→IA,NL,IA,0.061838537,0.038497105,-37.70000076293945,↓,0.082251,†,25/30,6,5
Liver,IL15RA,CD8_T,NL→AR,NL,AR,0.061838537,0.065158054,5.400000095367432,↑,0.714286,NS,11/18,6,3
Liver,IL15RA,CD8_T,NL→CR,NL,CR,0.061838537,0.06811879,10.199999809265137,↑,0.904762,NS,10/18,6,3
Liver,IL15RA,CD8_T,IT→IA,IT,IA,0.049561456,0.038497105,-22.299999237060547,↓,0.329004,NS,21/30,6,5
Liver,IL15RA,CD8_T,IA→AR,IA,AR,0.038497105,0.065158054,69.30000305175781,↑,0.142857,NS,13/15,5,3
Liver,IL15RA,CD8_T,CR→AR,CR,AR,0.06811879,0.065158054,-4.300000190734863,↓,0.7,NS,6/9,3,3
Liver,IL15RA,NK,NL→IT,NL,IT,0.058542896,0.047486443,-18.899999618530277,↓,0.588745,NS,22/36,6,6
Liver,IL15RA,NK,NL→IA,NL,IA,0.058542896,0.046678502,-20.299999237060547,↓,0.428571,NS,20/30,6,5
Liver,IL15RA,NK,NL→AR,NL,AR,0.058542896,0.057632167,-1.600000023841858,↓,0.904762,NS,10/18,6,3
Liver,IL15RA,NK,NL→CR,NL,CR,0.058542896,0.075024895,28.200000762939453,↑,0.261905,NS,14/18,6,3
Liver,IL15RA,NK,IT→IA,IT,IA,0.047486443,0.046678502,-1.7000000476837158,↓,0.930736,NS,14/30,6,5
Liver,IL15RA,NK,IA→AR,IA,AR,0.046678502,0.057632167,23.5,↑,1.0,NS,8/15,5,3
Liver,IL15RA,NK,CR→AR,CR,AR,0.075024895,0.057632167,-23.200000762939453,↓,0.7,NS,6/9,3,3
Liver,IL15RA,B,NL→IT,NL,IT,0.029308653,0.021426061,-26.899999618530277,↓,0.926596,NS,15/30,6,5
Liver,IL15RA,B,NL→IA,NL,IA,0.029308653,0.013994801,-52.29999923706055,↓,0.400394,NS,18/30,6,5
Liver,IL15RA,B,NL→AR,NL,AR,0.029308653,0.05437052,85.5,↑,0.243305,NS,14/18,6,3
Liver,IL15RA,B,NL→CR,NL,CR,0.029308653,0.028038979,-4.300000190734863,↓,1.0,NS,9/18,6,3
Liver,IL15RA,B,IT→IA,IT,IA,0.021426061,0.013994801,-34.70000076293945,↓,0.672336,NS,14/25,5,5
Liver,IL15RA,B,IA→AR,IA,AR,0.013994801,0.05437052,288.5,↑,0.133701,NS,13/15,5,3
Liver,IL15RA,B,CR→AR,CR,AR,0.028038979,0.05437052,93.9000015258789,↑,0.2,NS,8/9,3,3
Liver,IL15RA,PlasmaB,NL→IT,NL,IT,0.0568455,0.035895392,-36.900001525878906,↓,0.360216,NS,20/30,6,5
Liver,IL15RA,PlasmaB,NL→IA,NL,IA,0.0568455,0.015011375,-73.5999984741211,↓,0.053027,†,25/30,6,5
Liver,IL15RA,PlasmaB,NL→AR,NL,AR,0.0568455,0.042575657,-25.100000381469727,↓,0.795418,NS,10/18,6,3
Liver,IL15RA,PlasmaB,NL→CR,NL,CR,0.0568455,0.03294587,-42.0,↓,0.380952,NS,13/18,6,3
Liver,IL15RA,PlasmaB,IT→IA,IT,IA,0.035895392,0.015011375,-58.20000076293945,↓,0.204501,NS,18/25,5,5
Liver,IL15RA,PlasmaB,IA→AR,IA,AR,0.015011375,0.042575657,183.6000061035156,↑,0.359397,NS,10/15,5,3
Liver,IL15RA,PlasmaB,CR→AR,CR,AR,0.03294587,0.042575657,29.200000762939453,↑,1.0,NS,5/9,3,3
Liver,IL2RA,Myeloid,NL→IT,NL,IT,0.0,0.0036220166,99999.0,↑,0.07401,†,18/36,6,6
Liver,IL2RA,Myeloid,NL→IA,NL,IA,0.0,0.018752232,99999.0,↑,0.36131,NS,6/30,6,5
Liver,IL2RA,Myeloid,NL→AR,NL,AR,0.0,0.0,0.0,↑,1.0,NS,0/18,6,3
Liver,IL2RA,Myeloid,NL→CR,NL,CR,0.0,0.0,0.0,↑,1.0,NS,0/18,6,3
Liver,IL2RA,Myeloid,IT→IA,IT,IA,0.0036220166,0.018752232,417.7000122070313,↑,0.597048,NS,6/30,6,5
Liver,IL2RA,Myeloid,IA→AR,IA,AR,0.018752232,0.0,-100.0,↓,0.605577,NS,3/15,5,3
Liver,IL2RA,Myeloid,CR→AR,CR,AR,0.0,0.0,0.0,↑,1.0,NS,0/9,3,3
Liver,IL2RA,CD4_T,NL→IT,NL,IT,0.0981796,0.09092311,-7.400000095367432,↓,0.699134,NS,21/36,6,6
Liver,IL2RA,CD4_T,NL→IA,NL,IA,0.0981796,0.0692219,-29.5,↓,0.329004,NS,21/30,6,5
Liver,IL2RA,CD4_T,NL→AR,NL,AR,0.0981796,0.07701418,-21.600000381469727,↓,0.380952,NS,13/18,6,3
Liver,IL2RA,CD4_T,NL→CR,NL,CR,0.0981796,0.081986636,-16.5,↓,1.0,NS,9/18,6,3
Liver,IL2RA,CD4_T,IT→IA,IT,IA,0.09092311,0.0692219,-23.899999618530277,↓,0.428571,NS,20/30,6,5
Liver,IL2RA,CD4_T,IA→AR,IA,AR,0.0692219,0.07701418,11.300000190734863,↑,0.785714,NS,6/15,5,3
Liver,IL2RA,CD4_T,CR→AR,CR,AR,0.081986636,0.07701418,-6.099999904632568,↓,1.0,NS,5/9,3,3
Liver,IL2RA,CD8_T,NL→IT,NL,IT,0.032297645,0.066398166,105.5999984741211,↑,0.24026,NS,26/36,6,6
Liver,IL2RA,CD8_T,NL→IA,NL,IA,0.032297645,0.021185491,-34.400001525878906,↓,0.536797,NS,19/30,6,5
Liver,IL2RA,CD8_T,NL→AR,NL,AR,0.032297645,0.015728684,-51.29999923706055,↓,0.380952,NS,13/18,6,3
Liver,IL2RA,CD8_T,NL→CR,NL,CR,0.032297645,0.03249414,0.6000000238418579,↑,0.904762,NS,8/18,6,3
Liver,IL2RA,CD8_T,IT→IA,IT,IA,0.066398166,0.021185491,-68.0999984741211,↓,0.051948,†,26/30,6,5
Liver,IL2RA,CD8_T,IA→AR,IA,AR,0.021185491,0.015728684,-25.799999237060547,↓,0.571429,NS,10/15,5,3
Liver,IL2RA,CD8_T,CR→AR,CR,AR,0.03249414,0.015728684,-51.59999847412109,↓,0.4,NS,7/9,3,3
Liver,IL2RA,NK,NL→IT,NL,IT,0.031232834,0.049893904,59.70000076293945,↑,0.309524,NS,25/36,6,6
Liver,IL2RA,NK,NL→IA,NL,IA,0.031232834,0.035729762,14.399999618530272,↑,0.930736,NS,16/30,6,5
Liver,IL2RA,NK,NL→AR,NL,AR,0.031232834,0.035706382,14.300000190734863,↑,1.0,NS,9/18,6,3
Liver,IL2RA,NK,NL→CR,NL,CR,0.031232834,0.08355012,167.5,↑,0.547619,NS,12/18,6,3
Liver,IL2RA,NK,IT→IA,IT,IA,0.049893904,0.035729762,-28.399999618530277,↓,0.464192,NS,19/30,6,5
Liver,IL2RA,NK,IA→AR,IA,AR,0.035729762,0.035706382,-0.1000000014901161,↓,1.0,NS,7/15,5,3
Liver,IL2RA,NK,CR→AR,CR,AR,0.08355012,0.035706382,-57.29999923706055,↓,0.7,NS,6/9,3,3
Liver,IL2RA,B,NL→IT,NL,IT,0.028511435,0.18052034,533.2000122070312,↑,0.007969,**,30/30,6,5
Liver,IL2RA,B,NL→IA,NL,IA,0.028511435,0.0692385,142.8000030517578,↑,0.082139,†,25/30,6,5
Liver,IL2RA,B,NL→AR,NL,AR,0.028511435,0.0984107,245.1999969482422,↑,0.243305,NS,14/18,6,3
Liver,IL2RA,B,NL→CR,NL,CR,0.028511435,0.081253245,185.0,↑,0.516853,NS,12/18,6,3
Liver,IL2RA,B,IT→IA,IT,IA,0.18052034,0.0692385,-61.59999847412109,↓,0.015873,*,24/25,5,5
Liver,IL2RA,B,IA→AR,IA,AR,0.0692385,0.0984107,42.09999847412109,↑,0.571429,NS,10/15,5,3
Liver,IL2RA,B,CR→AR,CR,AR,0.081253245,0.0984107,21.100000381469727,↑,0.7,NS,6/9,3,3
Liver,IL2RA,PlasmaB,NL→IT,NL,IT,0.0,0.022750717,99999.0,↑,0.015024,*,24/30,6,5
Liver,IL2RA,PlasmaB,NL→IA,NL,IA,0.0,0.046774957,99999.0,↑,0.048406,*,18/30,6,5
Liver,IL2RA,PlasmaB,NL→AR,NL,AR,0.0,0.0,0.0,↑,1.0,NS,0/18,6,3
Liver,IL2RA,PlasmaB,NL→CR,NL,CR,0.0,0.014785518,99999.0,↑,0.238593,NS,6/18,6,3
Liver,IL2RA,PlasmaB,IT→IA,IT,IA,0.022750717,0.046774957,105.5999984741211,↑,0.672336,NS,14/25,5,5
Liver,IL2RA,PlasmaB,IA→AR,IA,AR,0.046774957,0.0,-100.0,↓,0.171857,NS,9/15,5,3
Liver,IL2RA,PlasmaB,CR→AR,CR,AR,0.014785518,0.0,-100.0,↓,0.504985,NS,3/9,3,3
Liver,IL2RG,Myeloid,NL→IT,NL,IT,0.13795193,0.32898605,138.5,↑,0.108695,NS,28/36,6,6
Liver,IL2RG,Myeloid,NL→IA,NL,IA,0.13795193,0.23912482,73.30000305175781,↑,0.177489,NS,23/30,6,5
Liver,IL2RG,Myeloid,NL→AR,NL,AR,0.13795193,0.25163543,82.4000015258789,↑,0.095238,†,16/18,6,3
Liver,IL2RG,Myeloid,NL→CR,NL,CR,0.13795193,0.35139203,154.6999969482422,↑,0.047619,*,17/18,6,3
Liver,IL2RG,Myeloid,IT→IA,IT,IA,0.32898605,0.23912482,-27.299999237060547,↓,0.428571,NS,20/30,6,5
Liver,IL2RG,Myeloid,IA→AR,IA,AR,0.23912482,0.25163543,5.199999809265137,↑,1.0,NS,7/15,5,3
Liver,IL2RG,Myeloid,CR→AR,CR,AR,0.35139203,0.25163543,-28.399999618530277,↓,0.2,NS,8/9,3,3
Liver,IL2RG,CD4_T,NL→IT,NL,IT,1.1195889,1.018453,-9.0,↓,0.393939,NS,24/36,6,6
Liver,IL2RG,CD4_T,NL→IA,NL,IA,1.1195889,0.9777827,-12.699999809265137,↓,0.329004,NS,21/30,6,5
Liver,IL2RG,CD4_T,NL→AR,NL,AR,1.1195889,1.0680913,-4.599999904632568,↓,1.0,NS,9/18,6,3
Liver,IL2RG,CD4_T,NL→CR,NL,CR,1.1195889,1.0294137,-8.100000381469727,↓,0.714286,NS,11/18,6,3
Liver,IL2RG,CD4_T,IT→IA,IT,IA,1.018453,0.9777827,-4.0,↓,0.662338,NS,18/30,6,5
Liver,IL2RG,CD4_T,IA→AR,IA,AR,0.9777827,1.0680913,9.199999809265137,↑,0.25,NS,12/15,5,3
Liver,IL2RG,CD4_T,CR→AR,CR,AR,1.0294137,1.0680913,3.799999952316284,↑,0.7,NS,6/9,3,3
Liver,IL2RG,CD8_T,NL→IT,NL,IT,1.0792093,1.1172642,3.5,↑,0.393939,NS,24/36,6,6
Liver,IL2RG,CD8_T,NL→IA,NL,IA,1.0792093,1.0479968,-2.900000095367432,↓,0.792208,NS,13/30,6,5
Liver,IL2RG,CD8_T,NL→AR,NL,AR,1.0792093,1.1510797,6.699999809265137,↑,0.547619,NS,12/18,6,3
Liver,IL2RG,CD8_T,NL→CR,NL,CR,1.0792093,1.0827206,0.3000000119209289,↑,0.547619,NS,12/18,6,3
Liver,IL2RG,CD8_T,IT→IA,IT,IA,1.1172642,1.0479968,-6.199999809265137,↓,0.329004,NS,21/30,6,5
Liver,IL2RG,CD8_T,IA→AR,IA,AR,1.0479968,1.1510797,9.800000190734863,↑,0.25,NS,12/15,5,3
Liver,IL2RG,CD8_T,CR→AR,CR,AR,1.0827206,1.1510797,6.300000190734863,↑,0.4,NS,7/9,3,3
Liver,IL2RG,NK,NL→IT,NL,IT,1.1551442,1.0984212,-4.900000095367432,↓,1.0,NS,18/36,6,6
Liver,IL2RG,NK,NL→IA,NL,IA,1.1551442,1.1227154,-2.799999952316284,↓,0.930736,NS,16/30,6,5
Liver,IL2RG,NK,NL→AR,NL,AR,1.1551442,1.1396524,-1.2999999523162842,↓,0.904762,NS,8/18,6,3
Liver,IL2RG,NK,NL→CR,NL,CR,1.1551442,1.1812878,2.299999952316284,↑,0.904762,NS,10/18,6,3
Liver,IL2RG,NK,IT→IA,IT,IA,1.0984212,1.1227154,2.200000047683716,↑,0.792208,NS,13/30,6,5
Liver,IL2RG,NK,IA→AR,IA,AR,1.1227154,1.1396524,1.5,↑,0.785714,NS,9/15,5,3
Liver,IL2RG,NK,CR→AR,CR,AR,1.1812878,1.1396524,-3.5,↓,0.7,NS,6/9,3,3
Liver,IL2RG,B,NL→IT,NL,IT,0.7518416,0.5489098,-27.0,↓,0.082251,†,25/30,6,5
Liver,IL2RG,B,NL→IA,NL,IA,0.7518416,0.6893933,-8.300000190734863,↓,0.536797,NS,19/30,6,5
Liver,IL2RG,B,NL→AR,NL,AR,0.7518416,0.69643575,-7.400000095367432,↓,0.904762,NS,10/18,6,3
Liver,IL2RG,B,NL→CR,NL,CR,0.7518416,0.6811907,-9.399999618530272,↓,0.261905,NS,14/18,6,3
Liver,IL2RG,B,IT→IA,IT,IA,0.5489098,0.6893933,25.600000381469727,↑,0.547619,NS,16/25,5,5
Liver,IL2RG,B,IA→AR,IA,AR,0.6893933,0.69643575,1.0,↑,1.0,NS,8/15,5,3
Liver,IL2RG,B,CR→AR,CR,AR,0.6811907,0.69643575,2.200000047683716,↑,1.0,NS,5/9,3,3
Liver,IL2RG,PlasmaB,NL→IT,NL,IT,0.45377532,0.6395687,40.900001525878906,↑,0.177489,NS,23/30,6,5
Liver,IL2RG,PlasmaB,NL→IA,NL,IA,0.45377532,0.677489,49.29999923706055,↑,0.246753,NS,22/30,6,5
Liver,IL2RG,PlasmaB,NL→AR,NL,AR,0.45377532,0.45179653,-0.4000000059604645,↓,0.904762,NS,10/18,6,3
Liver,IL2RG,PlasmaB,NL→CR,NL,CR,0.45377532,0.6527987,43.900001525878906,↑,0.380952,NS,13/18,6,3
Liver,IL2RG,PlasmaB,IT→IA,IT,IA,0.6395687,0.677489,5.900000095367432,↑,0.84127,NS,14/25,5,5
Liver,IL2RG,PlasmaB,IA→AR,IA,AR,0.677489,0.45179653,-33.29999923706055,↓,0.25,NS,12/15,5,3
Liver,IL2RG,PlasmaB,CR→AR,CR,AR,0.6527987,0.45179653,-30.799999237060547,↓,0.2,NS,8/9,3,3
Liver,IL7R,Myeloid,NL→IT,NL,IT,0.03704773,0.13076912,253.0,↑,0.148829,NS,27/36,6,6
Liver,IL7R,Myeloid,NL→IA,NL,IA,0.03704773,0.14233121,284.20001220703125,↑,0.177489,NS,23/30,6,5
Liver,IL7R,Myeloid,NL→AR,NL,AR,0.03704773,0.031234622,-15.699999809265137,↓,0.795418,NS,10/18,6,3
Liver,IL7R,Myeloid,NL→CR,NL,CR,0.03704773,0.022293666,-39.79999923706055,↓,0.436661,NS,12/18,6,3
Liver,IL7R,Myeloid,IT→IA,IT,IA,0.13076912,0.14233121,8.800000190734863,↑,1.0,NS,15/30,6,5
Liver,IL7R,Myeloid,IA→AR,IA,AR,0.14233121,0.031234622,-78.0999984741211,↓,0.25,NS,12/15,5,3
Liver,IL7R,Myeloid,CR→AR,CR,AR,0.022293666,0.031234622,40.09999847412109,↑,0.824778,NS,5/9,3,3
Liver,IL7R,CD4_T,NL→IT,NL,IT,2.4479434,2.1952193,-10.300000190734863,↓,0.24026,NS,26/36,6,6
Liver,IL7R,CD4_T,NL→IA,NL,IA,2.4479434,1.8963175,-22.5,↓,0.082251,†,25/30,6,5
Liver,IL7R,CD4_T,NL→AR,NL,AR,2.4479434,1.8973947,-22.5,↓,0.166667,NS,15/18,6,3
Liver,IL7R,CD4_T,NL→CR,NL,CR,2.4479434,2.0906055,-14.600000381469728,↓,0.261905,NS,14/18,6,3
Liver,IL7R,CD4_T,IT→IA,IT,IA,2.1952193,1.8963175,-13.600000381469728,↓,0.246753,NS,22/30,6,5
Liver,IL7R,CD4_T,IA→AR,IA,AR,1.8963175,1.8973947,0.1000000014901161,↑,1.0,NS,7/15,5,3
Liver,IL7R,CD4_T,CR→AR,CR,AR,2.0906055,1.8973947,-9.199999809265137,↓,0.7,NS,6/9,3,3
Liver,IL7R,CD8_T,NL→IT,NL,IT,1.805983,1.4833359,-17.899999618530273,↓,0.484848,NS,23/36,6,6
Liver,IL7R,CD8_T,NL→IA,NL,IA,1.805983,0.992544,-45.0,↓,0.051948,†,26/30,6,5
Liver,IL7R,CD8_T,NL→AR,NL,AR,1.805983,0.7345407,-59.29999923706055,↓,0.047619,*,17/18,6,3
Liver,IL7R,CD8_T,NL→CR,NL,CR,1.805983,0.97009236,-46.29999923706055,↓,0.047619,*,17/18,6,3
Liver,IL7R,CD8_T,IT→IA,IT,IA,1.4833359,0.992544,-33.099998474121094,↓,0.177489,NS,23/30,6,5
Liver,IL7R,CD8_T,IA→AR,IA,AR,0.992544,0.7345407,-26.0,↓,0.571429,NS,10/15,5,3
Liver,IL7R,CD8_T,CR→AR,CR,AR,0.97009236,0.7345407,-24.299999237060547,↓,0.4,NS,7/9,3,3
Liver,IL7R,NK,NL→IT,NL,IT,0.25945345,0.50411993,94.3000030517578,↑,0.179654,NS,27/36,6,6
Liver,IL7R,NK,NL→IA,NL,IA,0.25945345,0.3564825,37.400001525878906,↑,0.051948,†,26/30,6,5
Liver,IL7R,NK,NL→AR,NL,AR,0.25945345,0.4329191,66.9000015258789,↑,0.095238,†,16/18,6,3
Liver,IL7R,NK,NL→CR,NL,CR,0.25945345,0.2916209,12.399999618530272,↑,0.547619,NS,12/18,6,3
Liver,IL7R,NK,IT→IA,IT,IA,0.50411993,0.3564825,-29.299999237060547,↓,0.792208,NS,17/30,6,5
Liver,IL7R,NK,IA→AR,IA,AR,0.3564825,0.4329191,21.399999618530277,↑,0.392857,NS,11/15,5,3
Liver,IL7R,NK,CR→AR,CR,AR,0.2916209,0.4329191,48.5,↑,0.4,NS,7/9,3,3
Liver,IL7R,B,NL→IT,NL,IT,0.09416589,0.0642426,-31.799999237060547,↓,0.662338,NS,18/30,6,5
Liver,IL7R,B,NL→IA,NL,IA,0.09416589,0.09258495,-1.7000000476837158,↓,1.0,NS,15/30,6,5
Liver,IL7R,B,NL→AR,NL,AR,0.09416589,0.028412836,-69.80000305175781,↓,0.261905,NS,14/18,6,3
Liver,IL7R,B,NL→CR,NL,CR,0.09416589,0.022867402,-75.69999694824219,↓,0.166667,NS,15/18,6,3
Liver,IL7R,B,IT→IA,IT,IA,0.0642426,0.09258495,44.09999847412109,↑,0.753298,NS,14/25,5,5
Liver,IL7R,B,IA→AR,IA,AR,0.09258495,0.028412836,-69.30000305175781,↓,0.25,NS,12/15,5,3
Liver,IL7R,B,CR→AR,CR,AR,0.022867402,0.028412836,24.299999237060547,↑,0.4,NS,7/9,3,3
Liver,IL7R,PlasmaB,NL→IT,NL,IT,0.10656807,0.026919175,-74.69999694824219,↓,0.400394,NS,18/30,6,5
Liver,IL7R,PlasmaB,NL→IA,NL,IA,0.10656807,0.08915223,-16.299999237060547,↓,0.502731,NS,16/30,6,5
Liver,IL7R,PlasmaB,NL→AR,NL,AR,0.10656807,0.13123222,23.100000381469727,↑,0.892738,NS,6/18,6,3
Liver,IL7R,PlasmaB,NL→CR,NL,CR,0.10656807,0.019129751,-82.0,↓,0.35802,NS,12/18,6,3
Liver,IL7R,PlasmaB,IT→IA,IT,IA,0.026919175,0.08915223,231.1999969482422,↑,0.823664,NS,8/25,5,5
Liver,IL7R,PlasmaB,IA→AR,IA,AR,0.08915223,0.13123222,47.20000076293945,↑,1.0,NS,4/15,5,3
Liver,IL7R,PlasmaB,CR→AR,CR,AR,0.019129751,0.13123222,586.0,↑,1.0,NS,3/9,3,3
Liver,IRF4,Myeloid,NL→IT,NL,IT,0.043177813,0.1429246,231.0,↑,0.015152,*,33/36,6,6
Liver,IRF4,Myeloid,NL→IA,NL,IA,0.043177813,0.13787243,219.3000030517578,↑,0.051948,†,26/30,6,5
Liver,IRF4,Myeloid,NL→AR,NL,AR,0.043177813,0.22062324,411.0,↑,0.095238,†,16/18,6,3
Liver,IRF4,Myeloid,NL→CR,NL,CR,0.043177813,0.122849874,184.5,↑,0.02381,*,18/18,6,3
Liver,IRF4,Myeloid,IT→IA,IT,IA,0.1429246,0.13787243,-3.5,↓,0.662338,NS,12/30,6,5
Liver,IRF4,Myeloid,IA→AR,IA,AR,0.13787243,0.22062324,60.0,↑,0.571429,NS,10/15,5,3
Liver,IRF4,Myeloid,CR→AR,CR,AR,0.122849874,0.22062324,79.5999984741211,↑,0.7,NS,6/9,3,3
Liver,IRF4,CD4_T,NL→IT,NL,IT,0.088464946,0.15925394,80.0,↑,0.132035,NS,28/36,6,6
Liver,IRF4,CD4_T,NL→IA,NL,IA,0.088464946,0.13182683,49.0,↑,0.329004,NS,21/30,6,5
Liver,IRF4,CD4_T,NL→AR,NL,AR,0.088464946,0.086037785,-2.700000047683716,↓,1.0,NS,9/18,6,3
Liver,IRF4,CD4_T,NL→CR,NL,CR,0.088464946,0.11302539,27.799999237060547,↑,0.714286,NS,11/18,6,3
Liver,IRF4,CD4_T,IT→IA,IT,IA,0.15925394,0.13182683,-17.200000762939453,↓,1.0,NS,15/30,6,5
Liver,IRF4,CD4_T,IA→AR,IA,AR,0.13182683,0.086037785,-34.70000076293945,↓,0.25,NS,12/15,5,3
Liver,IRF4,CD4_T,CR→AR,CR,AR,0.11302539,0.086037785,-23.899999618530277,↓,0.7,NS,6/9,3,3
Liver,IRF4,CD8_T,NL→IT,NL,IT,0.14344539,0.2750184,91.6999969482422,↑,0.041126,*,31/36,6,6
Liver,IRF4,CD8_T,NL→IA,NL,IA,0.14344539,0.33691826,134.89999389648438,↑,0.125541,NS,24/30,6,5
Liver,IRF4,CD8_T,NL→AR,NL,AR,0.14344539,0.18431835,28.5,↑,0.904762,NS,10/18,6,3
Liver,IRF4,CD8_T,NL→CR,NL,CR,0.14344539,0.20374845,42.0,↑,0.714286,NS,11/18,6,3
Liver,IRF4,CD8_T,IT→IA,IT,IA,0.2750184,0.33691826,22.5,↑,0.246753,NS,22/30,6,5
Liver,IRF4,CD8_T,IA→AR,IA,AR,0.33691826,0.18431835,-45.29999923706055,↓,0.25,NS,12/15,5,3
Liver,IRF4,CD8_T,CR→AR,CR,AR,0.20374845,0.18431835,-9.5,↓,1.0,NS,5/9,3,3
Liver,IRF4,NK,NL→IT,NL,IT,0.16600849,0.26813397,61.5,↑,0.132035,NS,28/36,6,6
Liver,IRF4,NK,NL→IA,NL,IA,0.16600849,0.25384694,52.900001525878906,↑,0.428571,NS,20/30,6,5
Liver,IRF4,NK,NL→AR,NL,AR,0.16600849,0.13197058,-20.5,↓,1.0,NS,9/18,6,3
Liver,IRF4,NK,NL→CR,NL,CR,0.16600849,0.2464358,48.400001525878906,↑,0.714286,NS,11/18,6,3
Liver,IRF4,NK,IT→IA,IT,IA,0.26813397,0.25384694,-5.300000190734863,↓,1.0,NS,15/30,6,5
Liver,IRF4,NK,IA→AR,IA,AR,0.25384694,0.13197058,-48.0,↓,0.25,NS,12/15,5,3
Liver,IRF4,NK,CR→AR,CR,AR,0.2464358,0.13197058,-46.400001525878906,↓,0.7,NS,6/9,3,3
Liver,IRF4,B,NL→IT,NL,IT,0.22174305,0.2194829,-1.0,↓,0.792208,NS,13/30,6,5
Liver,IRF4,B,NL→IA,NL,IA,0.22174305,0.17697951,-20.200000762939453,↓,0.792208,NS,17/30,6,5
Liver,IRF4,B,NL→AR,NL,AR,0.22174305,0.19148143,-13.600000381469728,↓,0.904762,NS,8/18,6,3
Liver,IRF4,B,NL→CR,NL,CR,0.22174305,0.21530141,-2.900000095367432,↓,0.904762,NS,8/18,6,3
Liver,IRF4,B,IT→IA,IT,IA,0.2194829,0.17697951,-19.399999618530277,↓,0.420635,NS,17/25,5,5
Liver,IRF4,B,IA→AR,IA,AR,0.17697951,0.19148143,8.199999809265137,↑,1.0,NS,8/15,5,3
Liver,IRF4,B,CR→AR,CR,AR,0.21530141,0.19148143,-11.100000381469728,↓,1.0,NS,5/9,3,3
Liver,IRF4,PlasmaB,NL→IT,NL,IT,0.5887329,1.4694221,149.60000610351562,↑,0.030303,*,27/30,6,5
Liver,IRF4,PlasmaB,NL→IA,NL,IA,0.5887329,1.4588015,147.8000030517578,↑,0.030303,*,27/30,6,5
Liver,IRF4,PlasmaB,NL→AR,NL,AR,0.5887329,1.1414509,93.9000015258789,↑,0.166667,NS,15/18,6,3
Liver,IRF4,PlasmaB,NL→CR,NL,CR,0.5887329,1.0286177,74.69999694824219,↑,0.714286,NS,11/18,6,3
Liver,IRF4,PlasmaB,IT→IA,IT,IA,1.4694221,1.4588015,-0.699999988079071,↓,1.0,NS,12/25,5,5
Liver,IRF4,PlasmaB,IA→AR,IA,AR,1.4588015,1.1414509,-21.799999237060547,↓,0.392857,NS,11/15,5,3
Liver,IRF4,PlasmaB,CR→AR,CR,AR,1.0286177,1.1414509,11.0,↑,1.0,NS,5/9,3,3
Liver,ITGAE,Myeloid,NL→IT,NL,IT,0.17605965,0.2913324,65.5,↑,0.179654,NS,27/36,6,6
Liver,ITGAE,Myeloid,NL→IA,NL,IA,0.17605965,0.2246488,27.600000381469727,↑,0.536797,NS,19/30,6,5
Liver,ITGAE,Myeloid,NL→AR,NL,AR,0.17605965,0.29745895,69.0,↑,0.261905,NS,14/18,6,3
Liver,ITGAE,Myeloid,NL→CR,NL,CR,0.17605965,0.25420782,44.400001525878906,↑,0.380952,NS,13/18,6,3
Liver,ITGAE,Myeloid,IT→IA,IT,IA,0.2913324,0.2246488,-22.899999618530277,↓,0.428571,NS,20/30,6,5
Liver,ITGAE,Myeloid,IA→AR,IA,AR,0.2246488,0.29745895,32.400001525878906,↑,0.571429,NS,10/15,5,3
Liver,ITGAE,Myeloid,CR→AR,CR,AR,0.25420782,0.29745895,17.0,↑,1.0,NS,4/9,3,3
Liver,ITGAE,CD4_T,NL→IT,NL,IT,0.2353962,0.2390226,1.5,↑,1.0,NS,18/36,6,6
Liver,ITGAE,CD4_T,NL→IA,NL,IA,0.2353962,0.16787735,-28.700000762939453,↓,0.246753,NS,22/30,6,5
Liver,ITGAE,CD4_T,NL→AR,NL,AR,0.2353962,0.21811128,-7.300000190734863,↓,1.0,NS,9/18,6,3
Liver,ITGAE,CD4_T,NL→CR,NL,CR,0.2353962,0.19367953,-17.700000762939453,↓,0.547619,NS,12/18,6,3
Liver,ITGAE,CD4_T,IT→IA,IT,IA,0.2390226,0.16787735,-29.799999237060547,↓,0.177489,NS,23/30,6,5
Liver,ITGAE,CD4_T,IA→AR,IA,AR,0.16787735,0.21811128,29.899999618530277,↑,0.25,NS,12/15,5,3
Liver,ITGAE,CD4_T,CR→AR,CR,AR,0.19367953,0.21811128,12.600000381469728,↑,1.0,NS,5/9,3,3
Liver,ITGAE,CD8_T,NL→IT,NL,IT,0.21677761,0.21820216,0.699999988079071,↑,0.818182,NS,20/36,6,6
Liver,ITGAE,CD8_T,NL→IA,NL,IA,0.21677761,0.26720005,23.299999237060547,↑,0.329004,NS,21/30,6,5
Liver,ITGAE,CD8_T,NL→AR,NL,AR,0.21677761,0.2647142,22.100000381469727,↑,0.547619,NS,12/18,6,3
Liver,ITGAE,CD8_T,NL→CR,NL,CR,0.21677761,0.21191026,-2.200000047683716,↓,0.714286,NS,7/18,6,3
Liver,ITGAE,CD8_T,IT→IA,IT,IA,0.21820216,0.26720005,22.5,↑,0.536797,NS,19/30,6,5
Liver,ITGAE,CD8_T,IA→AR,IA,AR,0.26720005,0.2647142,-0.8999999761581421,↓,1.0,NS,8/15,5,3
Liver,ITGAE,CD8_T,CR→AR,CR,AR,0.21191026,0.2647142,24.899999618530277,↑,0.7,NS,6/9,3,3
Liver,ITGAE,NK,NL→IT,NL,IT,0.26852018,0.24443,-9.0,↓,0.937229,NS,19/36,6,6
Liver,ITGAE,NK,NL→IA,NL,IA,0.26852018,0.23232794,-13.5,↓,0.536797,NS,19/30,6,5
Liver,ITGAE,NK,NL→AR,NL,AR,0.26852018,0.24484718,-8.800000190734863,↓,0.904762,NS,10/18,6,3
Liver,ITGAE,NK,NL→CR,NL,CR,0.26852018,0.31441063,17.100000381469727,↑,0.547619,NS,12/18,6,3
Liver,ITGAE,NK,IT→IA,IT,IA,0.24443,0.23232794,-5.0,↓,0.662338,NS,18/30,6,5
Liver,ITGAE,NK,IA→AR,IA,AR,0.23232794,0.24484718,5.400000095367432,↑,0.785714,NS,9/15,5,3
Liver,ITGAE,NK,CR→AR,CR,AR,0.31441063,0.24484718,-22.100000381469727,↓,0.1,NS,9/9,3,3
Liver,ITGAE,B,NL→IT,NL,IT,0.256139,0.13874052,-45.79999923706055,↓,0.329004,NS,21/30,6,5
Liver,ITGAE,B,NL→IA,NL,IA,0.256139,0.19729593,-23.0,↓,0.662338,NS,18/30,6,5
Liver,ITGAE,B,NL→AR,NL,AR,0.256139,0.30614462,19.5,↑,0.261905,NS,14/18,6,3
Liver,ITGAE,B,NL→CR,NL,CR,0.256139,0.20852311,-18.600000381469727,↓,0.547619,NS,12/18,6,3
Liver,ITGAE,B,IT→IA,IT,IA,0.13874052,0.19729593,42.20000076293945,↑,0.84127,NS,14/25,5,5
Liver,ITGAE,B,IA→AR,IA,AR,0.19729593,0.30614462,55.20000076293945,↑,0.25,NS,12/15,5,3
Liver,ITGAE,B,CR→AR,CR,AR,0.20852311,0.30614462,46.79999923706055,↑,0.7,NS,6/9,3,3
Liver,ITGAE,PlasmaB,NL→IT,NL,IT,0.28856096,0.4285325,48.5,↑,0.428571,NS,20/30,6,5
Liver,ITGAE,PlasmaB,NL→IA,NL,IA,0.28856096,0.34733862,20.399999618530277,↑,0.792208,NS,17/30,6,5
Liver,ITGAE,PlasmaB,NL→AR,NL,AR,0.28856096,0.25472283,-11.699999809265137,↓,0.904762,NS,10/18,6,3
Liver,ITGAE,PlasmaB,NL→CR,NL,CR,0.28856096,0.3343989,15.899999618530272,↑,0.714286,NS,11/18,6,3
Liver,ITGAE,PlasmaB,IT→IA,IT,IA,0.4285325,0.34733862,-18.899999618530277,↓,0.84127,NS,14/25,5,5
Liver,ITGAE,PlasmaB,IA→AR,IA,AR,0.34733862,0.25472283,-26.700000762939453,↓,0.785714,NS,9/15,5,3
Liver,ITGAE,PlasmaB,CR→AR,CR,AR,0.3343989,0.25472283,-23.799999237060547,↓,1.0,NS,5/9,3,3
Liver,JAK1,Myeloid,NL→IT,NL,IT,0.6137008,0.80514103,31.200000762939453,↑,0.132035,NS,28/36,6,6
Liver,JAK1,Myeloid,NL→IA,NL,IA,0.6137008,0.9721144,58.400001525878906,↑,0.030303,*,27/30,6,5
Liver,JAK1,Myeloid,NL→AR,NL,AR,0.6137008,0.950212,54.79999923706055,↑,0.047619,*,17/18,6,3
Liver,JAK1,Myeloid,NL→CR,NL,CR,0.6137008,0.9306795,51.70000076293945,↑,0.047619,*,17/18,6,3
Liver,JAK1,Myeloid,IT→IA,IT,IA,0.80514103,0.9721144,20.700000762939453,↑,0.428571,NS,20/30,6,5
Liver,JAK1,Myeloid,IA→AR,IA,AR,0.9721144,0.950212,-2.299999952316284,↓,0.785714,NS,9/15,5,3
Liver,JAK1,Myeloid,CR→AR,CR,AR,0.9306795,0.950212,2.0999999046325684,↑,0.7,NS,6/9,3,3
Liver,JAK1,CD4_T,NL→IT,NL,IT,0.8693809,1.1821282,36.0,↑,0.041126,*,31/36,6,6
Liver,JAK1,CD4_T,NL→IA,NL,IA,0.8693809,1.1354911,30.600000381469727,↑,0.082251,†,25/30,6,5
Liver,JAK1,CD4_T,NL→AR,NL,AR,0.8693809,1.1212965,29.0,↑,0.095238,†,16/18,6,3
Liver,JAK1,CD4_T,NL→CR,NL,CR,0.8693809,1.1060494,27.200000762939453,↑,0.047619,*,17/18,6,3
Liver,JAK1,CD4_T,IT→IA,IT,IA,1.1821282,1.1354911,-3.900000095367432,↓,0.792208,NS,17/30,6,5
Liver,JAK1,CD4_T,IA→AR,IA,AR,1.1354911,1.1212965,-1.2999999523162842,↓,0.785714,NS,9/15,5,3
Liver,JAK1,CD4_T,CR→AR,CR,AR,1.1060494,1.1212965,1.399999976158142,↑,1.0,NS,4/9,3,3
Liver,JAK1,CD8_T,NL→IT,NL,IT,0.9224412,1.0925206,18.399999618530277,↑,0.132035,NS,28/36,6,6
Liver,JAK1,CD8_T,NL→IA,NL,IA,0.9224412,1.1688526,26.700000762939453,↑,0.125541,NS,24/30,6,5
Liver,JAK1,CD8_T,NL→AR,NL,AR,0.9224412,1.2035235,30.5,↑,0.047619,*,17/18,6,3
Liver,JAK1,CD8_T,NL→CR,NL,CR,0.9224412,1.0928924,18.5,↑,0.380952,NS,13/18,6,3
Liver,JAK1,CD8_T,IT→IA,IT,IA,1.0925206,1.1688526,7.0,↑,0.792208,NS,17/30,6,5
Liver,JAK1,CD8_T,IA→AR,IA,AR,1.1688526,1.2035235,3.0,↑,0.785714,NS,6/15,5,3
Liver,JAK1,CD8_T,CR→AR,CR,AR,1.0928924,1.2035235,10.100000381469728,↑,0.4,NS,7/9,3,3
Liver,JAK1,NK,NL→IT,NL,IT,1.2039499,1.4570338,21.0,↑,0.309524,NS,25/36,6,6
Liver,JAK1,NK,NL→IA,NL,IA,1.2039499,1.425986,18.399999618530277,↑,0.246753,NS,22/30,6,5
Liver,JAK1,NK,NL→AR,NL,AR,1.2039499,1.423726,18.299999237060547,↑,0.095238,†,16/18,6,3
Liver,JAK1,NK,NL→CR,NL,CR,1.2039499,1.5257984,26.700000762939453,↑,0.047619,*,17/18,6,3
Liver,JAK1,NK,IT→IA,IT,IA,1.4570338,1.425986,-2.0999999046325684,↓,0.930736,NS,16/30,6,5
Liver,JAK1,NK,IA→AR,IA,AR,1.425986,1.423726,-0.2000000029802322,↓,1.0,NS,8/15,5,3
Liver,JAK1,NK,CR→AR,CR,AR,1.5257984,1.423726,-6.699999809265137,↓,0.7,NS,6/9,3,3
Liver,JAK1,B,NL→IT,NL,IT,0.6304184,1.0913461,73.0999984741211,↑,0.004329,**,30/30,6,5
Liver,JAK1,B,NL→IA,NL,IA,0.6304184,0.995505,57.900001525878906,↑,0.030303,*,27/30,6,5
Liver,JAK1,B,NL→AR,NL,AR,0.6304184,1.0523777,66.9000015258789,↑,0.047619,*,17/18,6,3
Liver,JAK1,B,NL→CR,NL,CR,0.6304184,0.9160796,45.29999923706055,↑,0.095238,†,16/18,6,3
Liver,JAK1,B,IT→IA,IT,IA,1.0913461,0.995505,-8.800000190734863,↓,0.690476,NS,15/25,5,5
Liver,JAK1,B,IA→AR,IA,AR,0.995505,1.0523777,5.699999809265137,↑,0.785714,NS,9/15,5,3
Liver,JAK1,B,CR→AR,CR,AR,0.9160796,1.0523777,14.899999618530272,↑,0.7,NS,6/9,3,3
Liver,JAK1,PlasmaB,NL→IT,NL,IT,0.36080226,0.6353981,76.0999984741211,↑,0.017316,*,28/30,6,5
Liver,JAK1,PlasmaB,NL→IA,NL,IA,0.36080226,0.9698189,168.8000030517578,↑,0.017316,*,28/30,6,5
Liver,JAK1,PlasmaB,NL→AR,NL,AR,0.36080226,0.8062734,123.5,↑,0.02381,*,18/18,6,3
Liver,JAK1,PlasmaB,NL→CR,NL,CR,0.36080226,0.7014737,94.4000015258789,↑,0.02381,*,18/18,6,3
Liver,JAK1,PlasmaB,IT→IA,IT,IA,0.6353981,0.9698189,52.59999847412109,↑,0.095238,†,21/25,5,5
Liver,JAK1,PlasmaB,IA→AR,IA,AR,0.9698189,0.8062734,-16.899999618530273,↓,0.392857,NS,11/15,5,3
Liver,JAK1,PlasmaB,CR→AR,CR,AR,0.7014737,0.8062734,14.899999618530272,↑,0.4,NS,7/9,3,3
Liver,JAK3,Myeloid,NL→IT,NL,IT,0.090858765,0.09124016,0.4000000059604645,↑,1.0,NS,18/36,6,6
Liver,JAK3,Myeloid,NL→IA,NL,IA,0.090858765,0.12507385,37.70000076293945,↑,0.464192,NS,19/30,6,5
Liver,JAK3,Myeloid,NL→AR,NL,AR,0.090858765,0.08149905,-10.300000190734863,↓,1.0,NS,9/18,6,3
Liver,JAK3,Myeloid,NL→CR,NL,CR,0.090858765,0.085536785,-5.900000095367432,↓,1.0,NS,9/18,6,3
Liver,JAK3,Myeloid,IT→IA,IT,IA,0.09124016,0.12507385,37.09999847412109,↑,0.272229,NS,21/30,6,5
Liver,JAK3,Myeloid,IA→AR,IA,AR,0.12507385,0.08149905,-34.79999923706055,↓,0.25,NS,12/15,5,3
Liver,JAK3,Myeloid,CR→AR,CR,AR,0.085536785,0.08149905,-4.699999809265137,↓,1.0,NS,5/9,3,3
Liver,JAK3,CD4_T,NL→IT,NL,IT,0.17149039,0.23165202,35.099998474121094,↑,0.179654,NS,27/36,6,6
Liver,JAK3,CD4_T,NL→IA,NL,IA,0.17149039,0.26150662,52.5,↑,0.177489,NS,23/30,6,5
Liver,JAK3,CD4_T,NL→AR,NL,AR,0.17149039,0.250936,46.29999923706055,↑,0.547619,NS,12/18,6,3
Liver,JAK3,CD4_T,NL→CR,NL,CR,0.17149039,0.18820703,9.699999809265137,↑,1.0,NS,9/18,6,3
Liver,JAK3,CD4_T,IT→IA,IT,IA,0.23165202,0.26150662,12.899999618530272,↑,0.662338,NS,18/30,6,5
Liver,JAK3,CD4_T,IA→AR,IA,AR,0.26150662,0.250936,-4.0,↓,0.785714,NS,9/15,5,3
Liver,JAK3,CD4_T,CR→AR,CR,AR,0.18820703,0.250936,33.29999923706055,↑,0.4,NS,7/9,3,3
Liver,JAK3,CD8_T,NL→IT,NL,IT,0.14153665,0.20570259,45.29999923706055,↑,0.24026,NS,26/36,6,6
Liver,JAK3,CD8_T,NL→IA,NL,IA,0.14153665,0.28272018,99.8000030517578,↑,0.017316,*,28/30,6,5
Liver,JAK3,CD8_T,NL→AR,NL,AR,0.14153665,0.26552463,87.5999984741211,↑,0.380952,NS,13/18,6,3
Liver,JAK3,CD8_T,NL→CR,NL,CR,0.14153665,0.18532811,30.899999618530277,↑,0.380952,NS,13/18,6,3
Liver,JAK3,CD8_T,IT→IA,IT,IA,0.20570259,0.28272018,37.400001525878906,↑,0.246753,NS,22/30,6,5
Liver,JAK3,CD8_T,IA→AR,IA,AR,0.28272018,0.26552463,-6.099999904632568,↓,1.0,NS,8/15,5,3
Liver,JAK3,CD8_T,CR→AR,CR,AR,0.18532811,0.26552463,43.29999923706055,↑,0.7,NS,6/9,3,3
Liver,JAK3,NK,NL→IT,NL,IT,0.114322245,0.1709662,49.5,↑,0.179654,NS,27/36,6,6
Liver,JAK3,NK,NL→IA,NL,IA,0.114322245,0.18844007,64.80000305175781,↑,0.246753,NS,22/30,6,5
Liver,JAK3,NK,NL→AR,NL,AR,0.114322245,0.18046324,57.900001525878906,↑,0.380952,NS,13/18,6,3
Liver,JAK3,NK,NL→CR,NL,CR,0.114322245,0.15171957,32.70000076293945,↑,0.380952,NS,13/18,6,3
Liver,JAK3,NK,IT→IA,IT,IA,0.1709662,0.18844007,10.199999809265137,↑,0.792208,NS,17/30,6,5
Liver,JAK3,NK,IA→AR,IA,AR,0.18844007,0.18046324,-4.199999809265137,↓,0.785714,NS,9/15,5,3
Liver,JAK3,NK,CR→AR,CR,AR,0.15171957,0.18046324,18.899999618530277,↑,0.7,NS,6/9,3,3
Liver,JAK3,B,NL→IT,NL,IT,0.10284195,0.11496222,11.800000190734863,↑,0.714379,NS,17/30,6,5
Liver,JAK3,B,NL→IA,NL,IA,0.10284195,0.16044387,56.0,↑,0.536797,NS,19/30,6,5
Liver,JAK3,B,NL→AR,NL,AR,0.10284195,0.16599633,61.400001525878906,↑,0.714286,NS,11/18,6,3
Liver,JAK3,B,NL→CR,NL,CR,0.10284195,0.1316555,28.0,↑,0.714286,NS,11/18,6,3
Liver,JAK3,B,IT→IA,IT,IA,0.11496222,0.16044387,39.59999847412109,↑,0.547619,NS,16/25,5,5
Liver,JAK3,B,IA→AR,IA,AR,0.16044387,0.16599633,3.5,↑,1.0,NS,8/15,5,3
Liver,JAK3,B,CR→AR,CR,AR,0.1316555,0.16599633,26.100000381469727,↑,1.0,NS,5/9,3,3
Liver,JAK3,PlasmaB,NL→IT,NL,IT,0.10584203,0.082747854,-21.799999237060547,↓,1.0,NS,15/30,6,5
Liver,JAK3,PlasmaB,NL→IA,NL,IA,0.10584203,0.101546906,-4.099999904632568,↓,0.521869,NS,19/30,6,5
Liver,JAK3,PlasmaB,NL→AR,NL,AR,0.10584203,0.10337305,-2.299999952316284,↓,0.714286,NS,7/18,6,3
Liver,JAK3,PlasmaB,NL→CR,NL,CR,0.10584203,0.058672845,-44.59999847412109,↓,0.547619,NS,12/18,6,3
Liver,JAK3,PlasmaB,IT→IA,IT,IA,0.082747854,0.101546906,22.700000762939453,↑,0.675174,NS,10/25,5,5
Liver,JAK3,PlasmaB,IA→AR,IA,AR,0.101546906,0.10337305,1.7999999523162842,↑,0.764228,NS,9/15,5,3
Liver,JAK3,PlasmaB,CR→AR,CR,AR,0.058672845,0.10337305,76.19999694824219,↑,0.2,NS,8/9,3,3
Liver,KDM6A,Myeloid,NL→IT,NL,IT,0.08939487,0.1083537,21.200000762939453,↑,0.588745,NS,22/36,6,6
Liver,KDM6A,Myeloid,NL→IA,NL,IA,0.08939487,0.088604614,-0.8999999761581421,↓,1.0,NS,15/30,6,5
Liver,KDM6A,Myeloid,NL→AR,NL,AR,0.08939487,0.12880558,44.09999847412109,↑,0.904762,NS,10/18,6,3
Liver,KDM6A,Myeloid,NL→CR,NL,CR,0.08939487,0.07291052,-18.399999618530277,↓,1.0,NS,9/18,6,3
Liver,KDM6A,Myeloid,IT→IA,IT,IA,0.1083537,0.088604614,-18.200000762939453,↓,1.0,NS,14/30,6,5
Liver,KDM6A,Myeloid,IA→AR,IA,AR,0.088604614,0.12880558,45.400001525878906,↑,0.785714,NS,9/15,5,3
Liver,KDM6A,Myeloid,CR→AR,CR,AR,0.07291052,0.12880558,76.69999694824219,↑,0.7,NS,6/9,3,3
Liver,KDM6A,CD4_T,NL→IT,NL,IT,0.085056394,0.11083257,30.299999237060547,↑,0.872559,NS,19/36,6,6
Liver,KDM6A,CD4_T,NL→IA,NL,IA,0.085056394,0.1281127,50.59999847412109,↑,0.246753,NS,22/30,6,5
Liver,KDM6A,CD4_T,NL→AR,NL,AR,0.085056394,0.12506293,47.0,↑,0.095238,†,16/18,6,3
Liver,KDM6A,CD4_T,NL→CR,NL,CR,0.085056394,0.11564708,36.0,↑,0.261905,NS,14/18,6,3
Liver,KDM6A,CD4_T,IT→IA,IT,IA,0.11083257,0.1281127,15.600000381469728,↑,0.930736,NS,16/30,6,5
Liver,KDM6A,CD4_T,IA→AR,IA,AR,0.1281127,0.12506293,-2.400000095367432,↓,0.785714,NS,9/15,5,3
Liver,KDM6A,CD4_T,CR→AR,CR,AR,0.11564708,0.12506293,8.100000381469727,↑,1.0,NS,5/9,3,3
Liver,KDM6A,CD8_T,NL→IT,NL,IT,0.10897099,0.120889306,10.899999618530272,↑,0.699134,NS,15/36,6,6
Liver,KDM6A,CD8_T,NL→IA,NL,IA,0.10897099,0.14645061,34.400001525878906,↑,0.246753,NS,22/30,6,5
Liver,KDM6A,CD8_T,NL→AR,NL,AR,0.10897099,0.13094448,20.200000762939453,↑,0.547619,NS,12/18,6,3
Liver,KDM6A,CD8_T,NL→CR,NL,CR,0.10897099,0.11310754,3.799999952316284,↑,0.714286,NS,11/18,6,3
Liver,KDM6A,CD8_T,IT→IA,IT,IA,0.120889306,0.14645061,21.100000381469727,↑,0.536797,NS,19/30,6,5
Liver,KDM6A,CD8_T,IA→AR,IA,AR,0.14645061,0.13094448,-10.600000381469728,↓,0.785714,NS,9/15,5,3
Liver,KDM6A,CD8_T,CR→AR,CR,AR,0.11310754,0.13094448,15.800000190734863,↑,1.0,NS,5/9,3,3
Liver,KDM6A,NK,NL→IT,NL,IT,0.10689994,0.15767907,47.5,↑,0.24026,NS,26/36,6,6
Liver,KDM6A,NK,NL→IA,NL,IA,0.10689994,0.1296594,21.299999237060547,↑,0.246753,NS,22/30,6,5
Liver,KDM6A,NK,NL→AR,NL,AR,0.10689994,0.116041936,8.600000381469727,↑,0.904762,NS,10/18,6,3
Liver,KDM6A,NK,NL→CR,NL,CR,0.10689994,0.12832199,20.0,↑,0.714286,NS,11/18,6,3
Liver,KDM6A,NK,IT→IA,IT,IA,0.15767907,0.1296594,-17.799999237060547,↓,0.536797,NS,19/30,6,5
Liver,KDM6A,NK,IA→AR,IA,AR,0.1296594,0.116041936,-10.5,↓,0.392857,NS,11/15,5,3
Liver,KDM6A,NK,CR→AR,CR,AR,0.12832199,0.116041936,-9.600000381469728,↓,0.7,NS,6/9,3,3
Liver,KDM6A,B,NL→IT,NL,IT,0.110342264,0.16193719,46.79999923706055,↑,0.583025,NS,18/30,6,5
Liver,KDM6A,B,NL→IA,NL,IA,0.110342264,0.15962204,44.70000076293945,↑,0.428571,NS,20/30,6,5
Liver,KDM6A,B,NL→AR,NL,AR,0.110342264,0.13079822,18.5,↑,0.547619,NS,12/18,6,3
Liver,KDM6A,B,NL→CR,NL,CR,0.110342264,0.11085961,0.5,↑,1.0,NS,9/18,6,3
Liver,KDM6A,B,IT→IA,IT,IA,0.16193719,0.15962204,-1.399999976158142,↓,1.0,NS,13/25,5,5
Liver,KDM6A,B,IA→AR,IA,AR,0.15962204,0.13079822,-18.100000381469727,↓,1.0,NS,8/15,5,3
Liver,KDM6A,B,CR→AR,CR,AR,0.11085961,0.13079822,18.0,↑,0.7,NS,6/9,3,3
Liver,KDM6A,PlasmaB,NL→IT,NL,IT,0.04364966,0.08633074,97.8000030517578,↑,0.119846,NS,24/30,6,5
Liver,KDM6A,PlasmaB,NL→IA,NL,IA,0.04364966,0.17845677,308.79998779296875,↑,0.310863,NS,20/30,6,5
Liver,KDM6A,PlasmaB,NL→AR,NL,AR,0.04364966,0.10379446,137.8000030517578,↑,0.091925,†,16/18,6,3
Liver,KDM6A,PlasmaB,NL→CR,NL,CR,0.04364966,0.13724542,214.3999938964844,↑,0.091925,†,16/18,6,3
Liver,KDM6A,PlasmaB,IT→IA,IT,IA,0.08633074,0.17845677,106.6999969482422,↑,0.690476,NS,15/25,5,5
Liver,KDM6A,PlasmaB,IA→AR,IA,AR,0.17845677,0.10379446,-41.79999923706055,↓,0.785714,NS,9/15,5,3
Liver,KDM6A,PlasmaB,CR→AR,CR,AR,0.13724542,0.10379446,-24.399999618530277,↓,1.0,NS,5/9,3,3
Liver,KDR,Myeloid,NL→IT,NL,IT,0.0,0.00094211334,99999.0,↑,0.175734,NS,12/36,6,6
Liver,KDR,Myeloid,NL→IA,NL,IA,0.0,0.0,0.0,↑,1.0,NS,0/30,6,5
Liver,KDR,Myeloid,NL→AR,NL,AR,0.0,0.0,0.0,↑,1.0,NS,0/18,6,3
Liver,KDR,Myeloid,NL→CR,NL,CR,0.0,0.0,0.0,↑,1.0,NS,0/18,6,3
Liver,KDR,Myeloid,IT→IA,IT,IA,0.00094211334,0.0,-100.0,↓,0.222994,NS,10/30,6,5
Liver,KDR,Myeloid,IA→AR,IA,AR,0.0,0.0,0.0,↑,1.0,NS,0/15,5,3
Liver,KDR,Myeloid,CR→AR,CR,AR,0.0,0.0,0.0,↑,1.0,NS,0/9,3,3
Liver,KDR,CD4_T,NL→IT,NL,IT,0.0,0.0,0.0,↑,1.0,NS,0/36,6,6
Liver,KDR,CD4_T,NL→IA,NL,IA,0.0,0.0,0.0,↑,1.0,NS,0/30,6,5
Liver,KDR,CD4_T,NL→AR,NL,AR,0.0,0.0,0.0,↑,1.0,NS,0/18,6,3
Liver,KDR,CD4_T,NL→CR,NL,CR,0.0,0.0,0.0,↑,1.0,NS,0/18,6,3
Liver,KDR,CD4_T,IT→IA,IT,IA,0.0,0.0,0.0,↑,1.0,NS,0/30,6,5
Liver,KDR,CD4_T,IA→AR,IA,AR,0.0,0.0,0.0,↑,1.0,NS,0/15,5,3
Liver,KDR,CD4_T,CR→AR,CR,AR,0.0,0.0,0.0,↑,1.0,NS,0/9,3,3
Liver,KDR,CD8_T,NL→IT,NL,IT,0.0002133383,0.0005897893,176.5,↑,1.0,NS,6/36,6,6
Liver,KDR,CD8_T,NL→IA,NL,IA,0.0002133383,6.19846e-05,-70.9000015258789,↓,1.0,NS,5/30,6,5
Liver,KDR,CD8_T,NL→AR,NL,AR,0.0002133383,0.00034171258,60.20000076293945,↑,0.859684,NS,5/18,6,3
Liver,KDR,CD8_T,NL→CR,NL,CR,0.0002133383,0.00011881566,-44.29999923706055,↓,0.859684,NS,3/18,6,3
Liver,KDR,CD8_T,IT→IA,IT,IA,0.0005897893,6.19846e-05,-89.5,↓,1.0,NS,5/30,6,5
Liver,KDR,CD8_T,IA→AR,IA,AR,6.19846e-05,0.00034171258,451.2999877929688,↑,0.69627,NS,5/15,5,3
Liver,KDR,CD8_T,CR→AR,CR,AR,0.00011881566,0.00034171258,187.6000061035156,↑,1.0,NS,3/9,3,3
Liver,KDR,NK,NL→IT,NL,IT,0.00021646597,0.0001912169,-11.699999809265137,↓,1.0,NS,6/36,6,6
Liver,KDR,NK,NL→IA,NL,IA,0.00021646597,0.0,-100.0,↓,0.465209,NS,5/30,6,5
Liver,KDR,NK,NL→AR,NL,AR,0.00021646597,0.0,-100.0,↓,0.637352,NS,3/18,6,3
Liver,KDR,NK,NL→CR,NL,CR,0.00021646597,0.001304411,502.6000061035156,↑,0.219768,NS,11/18,6,3
Liver,KDR,NK,IT→IA,IT,IA,0.0001912169,0.0,-100.0,↓,0.465209,NS,5/30,6,5
Liver,KDR,NK,IA→AR,IA,AR,0.0,0.0,0.0,↑,1.0,NS,0/15,5,3
Liver,KDR,NK,CR→AR,CR,AR,0.001304411,0.0,-100.0,↓,0.196706,NS,6/9,3,3
Liver,KDR,B,NL→IT,NL,IT,0.0,0.0,0.0,↑,1.0,NS,0/30,6,5
Liver,KDR,B,NL→IA,NL,IA,0.0,0.0,0.0,↑,1.0,NS,0/30,6,5
Liver,KDR,B,NL→AR,NL,AR,0.0,0.0,0.0,↑,1.0,NS,0/18,6,3
Liver,KDR,B,NL→CR,NL,CR,0.0,0.0,0.0,↑,1.0,NS,0/18,6,3
Liver,KDR,B,IT→IA,IT,IA,0.0,0.0,0.0,↑,1.0,NS,0/25,5,5
Liver,KDR,B,IA→AR,IA,AR,0.0,0.0,0.0,↑,1.0,NS,0/15,5,3
Liver,KDR,B,CR→AR,CR,AR,0.0,0.0,0.0,↑,1.0,NS,0/9,3,3
Liver,KDR,PlasmaB,NL→IT,NL,IT,0.0,0.0,0.0,↑,1.0,NS,0/30,6,5
Liver,KDR,PlasmaB,NL→IA,NL,IA,0.0,0.0,0.0,↑,1.0,NS,0/30,6,5
Liver,KDR,PlasmaB,NL→AR,NL,AR,0.0,0.0,0.0,↑,1.0,NS,0/18,6,3
Liver,KDR,PlasmaB,NL→CR,NL,CR,0.0,0.0,0.0,↑,1.0,NS,0/18,6,3
Liver,KDR,PlasmaB,IT→IA,IT,IA,0.0,0.0,0.0,↑,1.0,NS,0/25,5,5
Liver,KDR,PlasmaB,IA→AR,IA,AR,0.0,0.0,0.0,↑,1.0,NS,0/15,5,3
Liver,KDR,PlasmaB,CR→AR,CR,AR,0.0,0.0,0.0,↑,1.0,NS,0/9,3,3
Liver,KLRD1,Myeloid,NL→IT,NL,IT,0.011819345,0.02093473,77.0999984741211,↑,0.36113,NS,22/36,6,6
Liver,KLRD1,Myeloid,NL→IA,NL,IA,0.011819345,0.018463437,56.20000076293945,↑,0.907569,NS,6/30,6,5
Liver,KLRD1,Myeloid,NL→AR,NL,AR,0.011819345,0.004100936,-65.30000305175781,↓,0.878088,NS,6/18,6,3
Liver,KLRD1,Myeloid,NL→CR,NL,CR,0.011819345,0.010383728,-12.100000381469728,↓,0.887537,NS,6/18,6,3
Liver,KLRD1,Myeloid,IT→IA,IT,IA,0.02093473,0.018463437,-11.800000190734863,↓,0.213259,NS,20/30,6,5
Liver,KLRD1,Myeloid,IA→AR,IA,AR,0.018463437,0.004100936,-77.80000305175781,↓,1.0,NS,3/15,5,3
Liver,KLRD1,Myeloid,CR→AR,CR,AR,0.010383728,0.004100936,-60.5,↓,0.642835,NS,5/9,3,3
Liver,KLRD1,CD4_T,NL→IT,NL,IT,0.24202162,0.26958293,11.399999618530272,↑,0.484848,NS,23/36,6,6
Liver,KLRD1,CD4_T,NL→IA,NL,IA,0.24202162,0.2045577,-15.5,↓,0.536797,NS,19/30,6,5
Liver,KLRD1,CD4_T,NL→AR,NL,AR,0.24202162,0.17738535,-26.700000762939453,↓,0.714286,NS,11/18,6,3
Liver,KLRD1,CD4_T,NL→CR,NL,CR,0.24202162,0.32100704,32.599998474121094,↑,0.380952,NS,13/18,6,3
Liver,KLRD1,CD4_T,IT→IA,IT,IA,0.26958293,0.2045577,-24.100000381469727,↓,0.428571,NS,20/30,6,5
Liver,KLRD1,CD4_T,IA→AR,IA,AR,0.2045577,0.17738535,-13.300000190734863,↓,0.785714,NS,6/15,5,3
Liver,KLRD1,CD4_T,CR→AR,CR,AR,0.32100704,0.17738535,-44.70000076293945,↓,0.1,NS,9/9,3,3
Liver,KLRD1,CD8_T,NL→IT,NL,IT,0.60859483,0.6382558,4.900000095367432,↑,1.0,NS,18/36,6,6
Liver,KLRD1,CD8_T,NL→IA,NL,IA,0.60859483,0.55875736,-8.199999809265137,↓,0.930736,NS,16/30,6,5
Liver,KLRD1,CD8_T,NL→AR,NL,AR,0.60859483,0.70503163,15.800000190734863,↑,0.714286,NS,11/18,6,3
Liver,KLRD1,CD8_T,NL→CR,NL,CR,0.60859483,0.8937467,46.900001525878906,↑,0.380952,NS,13/18,6,3
Liver,KLRD1,CD8_T,IT→IA,IT,IA,0.6382558,0.55875736,-12.5,↓,0.662338,NS,18/30,6,5
Liver,KLRD1,CD8_T,IA→AR,IA,AR,0.55875736,0.70503163,26.200000762939453,↑,0.571429,NS,10/15,5,3
Liver,KLRD1,CD8_T,CR→AR,CR,AR,0.8937467,0.70503163,-21.100000381469727,↓,0.7,NS,6/9,3,3
Liver,KLRD1,NK,NL→IT,NL,IT,2.0596106,1.8511328,-10.100000381469728,↓,0.309524,NS,25/36,6,6
Liver,KLRD1,NK,NL→IA,NL,IA,2.0596106,1.6806915,-18.399999618530277,↓,0.082251,†,25/30,6,5
Liver,KLRD1,NK,NL→AR,NL,AR,2.0596106,1.9595426,-4.900000095367432,↓,0.380952,NS,13/18,6,3
Liver,KLRD1,NK,NL→CR,NL,CR,2.0596106,2.0123312,-2.299999952316284,↓,0.904762,NS,10/18,6,3
Liver,KLRD1,NK,IT→IA,IT,IA,1.8511328,1.6806915,-9.199999809265137,↓,0.428571,NS,20/30,6,5
Liver,KLRD1,NK,IA→AR,IA,AR,1.6806915,1.9595426,16.600000381469727,↑,0.25,NS,12/15,5,3
Liver,KLRD1,NK,CR→AR,CR,AR,2.0123312,1.9595426,-2.5999999046325684,↓,0.7,NS,6/9,3,3
Liver,KLRD1,B,NL→IT,NL,IT,0.062276516,0.008339568,-86.5999984741211,↓,0.341314,NS,14/30,6,5
Liver,KLRD1,B,NL→IA,NL,IA,0.062276516,0.017806713,-71.4000015258789,↓,1.0,NS,14/30,6,5
Liver,KLRD1,B,NL→AR,NL,AR,0.062276516,0.024603447,-60.5,↓,1.0,NS,8/18,6,3
Liver,KLRD1,B,NL→CR,NL,CR,0.062276516,0.0,-100.0,↓,0.219768,NS,9/18,6,3
Liver,KLRD1,B,IT→IA,IT,IA,0.008339568,0.017806713,113.5,↑,0.181221,NS,17/25,5,5
Liver,KLRD1,B,IA→AR,IA,AR,0.017806713,0.024603447,38.20000076293945,↑,0.652783,NS,9/15,5,3
Liver,KLRD1,B,CR→AR,CR,AR,0.0,0.024603447,99999.0,↑,0.196706,NS,6/9,3,3
Liver,KLRD1,PlasmaB,NL→IT,NL,IT,0.05035399,0.0029715705,-94.0999984741211,↓,0.341314,NS,14/30,6,5
Liver,KLRD1,PlasmaB,NL→IA,NL,IA,0.05035399,0.07148509,42.0,↑,1.0,NS,10/30,6,5
Liver,KLRD1,PlasmaB,NL→AR,NL,AR,0.05035399,0.0,-100.0,↓,0.219768,NS,9/18,6,3
Liver,KLRD1,PlasmaB,NL→CR,NL,CR,0.05035399,0.024336671,-51.70000076293945,↓,0.887537,NS,7/18,6,3
Liver,KLRD1,PlasmaB,IT→IA,IT,IA,0.0029715705,0.07148509,2305.60009765625,↑,0.440686,NS,10/25,5,5
Liver,KLRD1,PlasmaB,IA→AR,IA,AR,0.07148509,0.0,-100.0,↓,0.329114,NS,6/15,5,3
Liver,KLRD1,PlasmaB,CR→AR,CR,AR,0.024336671,0.0,-100.0,↓,0.504985,NS,3/9,3,3
Liver,KLRK1,Myeloid,NL→IT,NL,IT,0.0027236415,0.00087779417,-67.80000305175781,↓,0.752554,NS,6/36,6,6
Liver,KLRK1,Myeloid,NL→IA,NL,IA,0.0027236415,0.0018733141,-31.200000762939453,↓,1.0,NS,5/30,6,5
Liver,KLRK1,Myeloid,NL→AR,NL,AR,0.0027236415,0.0,-100.0,↓,0.637352,NS,3/18,6,3
Liver,KLRK1,Myeloid,NL→CR,NL,CR,0.0027236415,0.0030957132,13.699999809265137,↑,0.859684,NS,5/18,6,3
Liver,KLRK1,Myeloid,IT→IA,IT,IA,0.00087779417,0.0018733141,113.4000015258789,↑,0.907569,NS,6/30,6,5
Liver,KLRK1,Myeloid,IA→AR,IA,AR,0.0018733141,0.0,-100.0,↓,0.605577,NS,3/15,5,3
Liver,KLRK1,Myeloid,CR→AR,CR,AR,0.0030957132,0.0,-100.0,↓,0.504985,NS,3/9,3,3
Liver,KLRK1,CD4_T,NL→IT,NL,IT,0.09093457,0.11408796,25.5,↑,0.818182,NS,20/36,6,6
Liver,KLRK1,CD4_T,NL→IA,NL,IA,0.09093457,0.040450223,-55.5,↓,0.125541,NS,24/30,6,5
Liver,KLRK1,CD4_T,NL→AR,NL,AR,0.09093457,0.08420839,-7.400000095367432,↓,0.904762,NS,10/18,6,3
Liver,KLRK1,CD4_T,NL→CR,NL,CR,0.09093457,0.08561721,-5.800000190734863,↓,0.904762,NS,10/18,6,3
Liver,KLRK1,CD4_T,IT→IA,IT,IA,0.11408796,0.040450223,-64.5,↓,0.030303,*,27/30,6,5
Liver,KLRK1,CD4_T,IA→AR,IA,AR,0.040450223,0.08420839,108.1999969482422,↑,0.25,NS,12/15,5,3
Liver,KLRK1,CD4_T,CR→AR,CR,AR,0.08561721,0.08420839,-1.600000023841858,↓,1.0,NS,5/9,3,3
Liver,KLRK1,CD8_T,NL→IT,NL,IT,0.1878305,0.26438224,40.79999923706055,↑,0.24026,NS,26/36,6,6
Liver,KLRK1,CD8_T,NL→IA,NL,IA,0.1878305,0.1682771,-10.399999618530272,↓,0.792208,NS,17/30,6,5
Liver,KLRK1,CD8_T,NL→AR,NL,AR,0.1878305,0.322227,71.5999984741211,↑,0.380952,NS,13/18,6,3
Liver,KLRK1,CD8_T,NL→CR,NL,CR,0.1878305,0.24265926,29.200000762939453,↑,0.380952,NS,13/18,6,3
Liver,KLRK1,CD8_T,IT→IA,IT,IA,0.26438224,0.1682771,-36.400001525878906,↓,0.329004,NS,21/30,6,5
Liver,KLRK1,CD8_T,IA→AR,IA,AR,0.1682771,0.322227,91.5,↑,0.392857,NS,11/15,5,3
Liver,KLRK1,CD8_T,CR→AR,CR,AR,0.24265926,0.322227,32.79999923706055,↑,0.7,NS,6/9,3,3
Liver,KLRK1,NK,NL→IT,NL,IT,0.34288594,0.33674315,-1.7999999523162842,↓,0.937229,NS,19/36,6,6
Liver,KLRK1,NK,NL→IA,NL,IA,0.34288594,0.21245365,-38.0,↓,0.246753,NS,22/30,6,5
Liver,KLRK1,NK,NL→AR,NL,AR,0.34288594,0.38867006,13.399999618530272,↑,0.904762,NS,10/18,6,3
Liver,KLRK1,NK,NL→CR,NL,CR,0.34288594,0.35203943,2.700000047683716,↑,0.904762,NS,10/18,6,3
Liver,KLRK1,NK,IT→IA,IT,IA,0.33674315,0.21245365,-36.900001525878906,↓,0.125541,NS,24/30,6,5
Liver,KLRK1,NK,IA→AR,IA,AR,0.21245365,0.38867006,82.9000015258789,↑,0.392857,NS,11/15,5,3
Liver,KLRK1,NK,CR→AR,CR,AR,0.35203943,0.38867006,10.399999618530272,↑,1.0,NS,5/9,3,3
Liver,KLRK1,B,NL→IT,NL,IT,0.0213088,0.0036689981,-82.80000305175781,↓,0.425806,NS,15/30,6,5
Liver,KLRK1,B,NL→IA,NL,IA,0.0213088,0.0025351583,-88.0999984741211,↓,0.425806,NS,15/30,6,5
Liver,KLRK1,B,NL→AR,NL,AR,0.0213088,0.0076186215,-64.19999694824219,↓,0.671373,NS,8/18,6,3
Liver,KLRK1,B,NL→CR,NL,CR,0.0213088,0.022497647,5.599999904632568,↑,0.887537,NS,5/18,6,3
Liver,KLRK1,B,IT→IA,IT,IA,0.0036689981,0.0025351583,-30.899999618530277,↓,0.724082,NS,10/25,5,5
Liver,KLRK1,B,IA→AR,IA,AR,0.0025351583,0.0076186215,200.5,↑,1.0,NS,5/15,5,3
Liver,KLRK1,B,CR→AR,CR,AR,0.022497647,0.0076186215,-66.0999984741211,↓,1.0,NS,3/9,3,3
Liver,KLRK1,PlasmaB,NL→IT,NL,IT,0.0,0.0,0.0,↑,1.0,NS,0/30,6,5
Liver,KLRK1,PlasmaB,NL→IA,NL,IA,0.0,0.009247299,99999.0,↑,0.36131,NS,6/30,6,5
Liver,KLRK1,PlasmaB,NL→AR,NL,AR,0.0,0.0,0.0,↑,1.0,NS,0/18,6,3
Liver,KLRK1,PlasmaB,NL→CR,NL,CR,0.0,0.005276606,99999.0,↑,0.238593,NS,6/18,6,3
Liver,KLRK1,PlasmaB,IT→IA,IT,IA,0.0,0.009247299,99999.0,↑,0.423711,NS,5/25,5,5
Liver,KLRK1,PlasmaB,IA→AR,IA,AR,0.009247299,0.0,-100.0,↓,0.605577,NS,3/15,5,3
Liver,KLRK1,PlasmaB,CR→AR,CR,AR,0.005276606,0.0,-100.0,↓,0.504985,NS,3/9,3,3
Liver,LAG3,Myeloid,NL→IT,NL,IT,0.017844768,0.053369362,199.1000061035156,↑,0.213024,NS,24/36,6,6
Liver,LAG3,Myeloid,NL→IA,NL,IA,0.017844768,0.026551586,48.79999923706055,↑,0.618665,NS,14/30,6,5
Liver,LAG3,Myeloid,NL→AR,NL,AR,0.017844768,0.027586728,54.59999847412109,↑,1.0,NS,5/18,6,3
Liver,LAG3,Myeloid,NL→CR,NL,CR,0.017844768,0.0048664897,-72.69999694824219,↓,0.887537,NS,6/18,6,3
Liver,LAG3,Myeloid,IT→IA,IT,IA,0.053369362,0.026551586,-50.20000076293945,↓,0.407016,NS,19/30,6,5
Liver,LAG3,Myeloid,IA→AR,IA,AR,0.026551586,0.027586728,3.900000095367432,↑,0.750751,NS,4/15,5,3
Liver,LAG3,Myeloid,CR→AR,CR,AR,0.0048664897,0.027586728,466.8999938964844,↑,1.0,NS,3/9,3,3
Liver,LAG3,CD4_T,NL→IT,NL,IT,0.36443293,0.35163775,-3.5,↓,0.699134,NS,15/36,6,6
Liver,LAG3,CD4_T,NL→IA,NL,IA,0.36443293,0.23624209,-35.20000076293945,↓,0.428571,NS,20/30,6,5
Liver,LAG3,CD4_T,NL→AR,NL,AR,0.36443293,0.31911445,-12.399999618530272,↓,0.904762,NS,8/18,6,3
Liver,LAG3,CD4_T,NL→CR,NL,CR,0.36443293,0.2757215,-24.299999237060547,↓,0.547619,NS,12/18,6,3
Liver,LAG3,CD4_T,IT→IA,IT,IA,0.35163775,0.23624209,-32.79999923706055,↓,0.125541,NS,24/30,6,5
Liver,LAG3,CD4_T,IA→AR,IA,AR,0.23624209,0.31911445,35.099998474121094,↑,0.392857,NS,11/15,5,3
Liver,LAG3,CD4_T,CR→AR,CR,AR,0.2757215,0.31911445,15.699999809265137,↑,0.7,NS,6/9,3,3
Liver,LAG3,CD8_T,NL→IT,NL,IT,0.5446302,0.61243355,12.399999618530272,↑,0.484848,NS,23/36,6,6
Liver,LAG3,CD8_T,NL→IA,NL,IA,0.5446302,0.64453113,18.299999237060547,↑,0.536797,NS,19/30,6,5
Liver,LAG3,CD8_T,NL→AR,NL,AR,0.5446302,0.63015,15.699999809265137,↑,0.547619,NS,12/18,6,3
Liver,LAG3,CD8_T,NL→CR,NL,CR,0.5446302,0.5080721,-6.699999809265137,↓,1.0,NS,9/18,6,3
Liver,LAG3,CD8_T,IT→IA,IT,IA,0.61243355,0.64453113,5.199999809265137,↑,0.662338,NS,18/30,6,5
Liver,LAG3,CD8_T,IA→AR,IA,AR,0.64453113,0.63015,-2.200000047683716,↓,0.571429,NS,10/15,5,3
Liver,LAG3,CD8_T,CR→AR,CR,AR,0.5080721,0.63015,24.0,↑,0.4,NS,7/9,3,3
Liver,LAG3,NK,NL→IT,NL,IT,0.3213978,0.32252803,0.4000000059604645,↑,0.937229,NS,17/36,6,6
Liver,LAG3,NK,NL→IA,NL,IA,0.3213978,0.2432113,-24.299999237060547,↓,0.536797,NS,19/30,6,5
Liver,LAG3,NK,NL→AR,NL,AR,0.3213978,0.23988885,-25.399999618530277,↓,0.714286,NS,11/18,6,3
Liver,LAG3,NK,NL→CR,NL,CR,0.3213978,0.19478793,-39.400001525878906,↓,0.380952,NS,13/18,6,3
Liver,LAG3,NK,IT→IA,IT,IA,0.32252803,0.2432113,-24.600000381469727,↓,0.329004,NS,21/30,6,5
Liver,LAG3,NK,IA→AR,IA,AR,0.2432113,0.23988885,-1.399999976158142,↓,1.0,NS,8/15,5,3
Liver,LAG3,NK,CR→AR,CR,AR,0.19478793,0.23988885,23.200000762939453,↑,0.7,NS,6/9,3,3
Liver,LAG3,B,NL→IT,NL,IT,0.0035721492,0.0047192513,32.099998474121094,↑,0.642347,NS,10/30,6,5
Liver,LAG3,B,NL→IA,NL,IA,0.0035721492,0.007549213,111.3000030517578,↑,0.486034,NS,11/30,6,5
Liver,LAG3,B,NL→AR,NL,AR,0.0035721492,0.014798692,314.29998779296875,↑,0.219768,NS,11/18,6,3
Liver,LAG3,B,NL→CR,NL,CR,0.0035721492,0.0,-100.0,↓,0.637352,NS,3/18,6,3
Liver,LAG3,B,IT→IA,IT,IA,0.0047192513,0.007549213,60.0,↑,0.906329,NS,9/25,5,5
Liver,LAG3,B,IA→AR,IA,AR,0.007549213,0.014798692,96.0,↑,0.427124,NS,9/15,5,3
Liver,LAG3,B,CR→AR,CR,AR,0.0,0.014798692,99999.0,↑,0.196706,NS,6/9,3,3
Liver,LAG3,PlasmaB,NL→IT,NL,IT,0.046708,0.0041542617,-91.0999984741211,↓,0.244817,NS,15/30,6,5
Liver,LAG3,PlasmaB,NL→IA,NL,IA,0.046708,0.035525076,-23.899999618530277,↓,0.842187,NS,12/30,6,5
Liver,LAG3,PlasmaB,NL→AR,NL,AR,0.046708,0.0,-100.0,↓,0.219768,NS,9/18,6,3
Liver,LAG3,PlasmaB,NL→CR,NL,CR,0.046708,0.0050021685,-89.30000305175781,↓,0.4795,NS,9/18,6,3
Liver,LAG3,PlasmaB,IT→IA,IT,IA,0.0041542617,0.035525076,755.0999755859375,↑,0.440686,NS,10/25,5,5
Liver,LAG3,PlasmaB,IA→AR,IA,AR,0.035525076,0.0,-100.0,↓,0.329114,NS,6/15,5,3
Liver,LAG3,PlasmaB,CR→AR,CR,AR,0.0050021685,0.0,-100.0,↓,0.504985,NS,3/9,3,3
Liver,LAYN,Myeloid,NL→IT,NL,IT,0.0075402274,0.007280013,-3.5,↓,0.445976,NS,6/36,6,6
Liver,LAYN,Myeloid,NL→IA,NL,IA,0.0075402274,0.018463437,144.89999389648438,↑,0.892295,NS,6/30,6,5
Liver,LAYN,Myeloid,NL→AR,NL,AR,0.0075402274,0.0025244255,-66.5,↓,0.859684,NS,3/18,6,3
Liver,LAYN,Myeloid,NL→CR,NL,CR,0.0075402274,0.0028762778,-61.900001525878906,↓,0.859684,NS,3/18,6,3
Liver,LAYN,Myeloid,IT→IA,IT,IA,0.007280013,0.018463437,153.60000610351562,↑,0.597048,NS,6/30,6,5
Liver,LAYN,Myeloid,IA→AR,IA,AR,0.018463437,0.0025244255,-86.30000305175781,↓,1.0,NS,3/15,5,3
Liver,LAYN,Myeloid,CR→AR,CR,AR,0.0028762778,0.0025244255,-12.199999809265137,↓,1.0,NS,3/9,3,3
Liver,LAYN,CD4_T,NL→IT,NL,IT,0.026109649,0.13851188,430.5,↑,0.008658,**,34/36,6,6
Liver,LAYN,CD4_T,NL→IA,NL,IA,0.026109649,0.09368302,258.79998779296875,↑,0.125541,NS,24/30,6,5
Liver,LAYN,CD4_T,NL→AR,NL,AR,0.026109649,0.040639803,55.70000076293945,↑,0.904762,NS,10/18,6,3
Liver,LAYN,CD4_T,NL→CR,NL,CR,0.026109649,0.019275934,-26.200000762939453,↓,1.0,NS,9/18,6,3
Liver,LAYN,CD4_T,IT→IA,IT,IA,0.13851188,0.09368302,-32.400001525878906,↓,1.0,NS,15/30,6,5
Liver,LAYN,CD4_T,IA→AR,IA,AR,0.09368302,0.040639803,-56.59999847412109,↓,0.571429,NS,10/15,5,3
Liver,LAYN,CD4_T,CR→AR,CR,AR,0.019275934,0.040639803,110.8000030517578,↑,1.0,NS,5/9,3,3
Liver,LAYN,CD8_T,NL→IT,NL,IT,0.030205667,0.058931965,95.0999984741211,↑,0.261496,NS,25/36,6,6
Liver,LAYN,CD8_T,NL→IA,NL,IA,0.030205667,0.18775195,521.5999755859375,↑,0.200217,NS,22/30,6,5
Liver,LAYN,CD8_T,NL→AR,NL,AR,0.030205667,0.10052087,232.8000030517578,↑,0.261905,NS,14/18,6,3
Liver,LAYN,CD8_T,NL→CR,NL,CR,0.030205667,0.019061297,-36.900001525878906,↓,1.0,NS,9/18,6,3
Liver,LAYN,CD8_T,IT→IA,IT,IA,0.058931965,0.18775195,218.6000061035156,↑,0.464192,NS,19/30,6,5
Liver,LAYN,CD8_T,IA→AR,IA,AR,0.18775195,0.10052087,-46.5,↓,0.392857,NS,11/15,5,3
Liver,LAYN,CD8_T,CR→AR,CR,AR,0.019061297,0.10052087,427.3999938964844,↑,0.4,NS,7/9,3,3
Liver,LAYN,NK,NL→IT,NL,IT,0.020217266,0.019158414,-5.199999809265137,↓,0.818182,NS,16/36,6,6
Liver,LAYN,NK,NL→IA,NL,IA,0.020217266,0.03586914,77.4000015258789,↑,0.428571,NS,20/30,6,5
Liver,LAYN,NK,NL→AR,NL,AR,0.020217266,0.008652846,-57.20000076293945,↓,0.380952,NS,13/18,6,3
Liver,LAYN,NK,NL→CR,NL,CR,0.020217266,0.020209804,-0.0,↓,0.904762,NS,10/18,6,3
Liver,LAYN,NK,IT→IA,IT,IA,0.019158414,0.03586914,87.19999694824219,↑,0.428571,NS,20/30,6,5
Liver,LAYN,NK,IA→AR,IA,AR,0.03586914,0.008652846,-75.9000015258789,↓,0.25,NS,12/15,5,3
Liver,LAYN,NK,CR→AR,CR,AR,0.020209804,0.008652846,-57.20000076293945,↓,0.7,NS,6/9,3,3
Liver,LAYN,B,NL→IT,NL,IT,0.0,0.0,0.0,↑,1.0,NS,0/30,6,5
Liver,LAYN,B,NL→IA,NL,IA,0.0,0.0142130675,99999.0,↑,0.048406,*,18/30,6,5
Liver,LAYN,B,NL→AR,NL,AR,0.0,0.0,0.0,↑,1.0,NS,0/18,6,3
Liver,LAYN,B,NL→CR,NL,CR,0.0,0.0,0.0,↑,1.0,NS,0/18,6,3
Liver,LAYN,B,IT→IA,IT,IA,0.0,0.0142130675,99999.0,↑,0.072006,†,15/25,5,5
Liver,LAYN,B,IA→AR,IA,AR,0.0142130675,0.0,-100.0,↓,0.171857,NS,9/15,5,3
Liver,LAYN,B,CR→AR,CR,AR,0.0,0.0,0.0,↑,1.0,NS,0/9,3,3
Liver,LAYN,PlasmaB,NL→IT,NL,IT,0.001466244,0.0,-100.0,↓,0.465209,NS,5/30,6,5
Liver,LAYN,PlasmaB,NL→IA,NL,IA,0.001466244,0.029318873,1899.5999755859373,↑,0.892295,NS,6/30,6,5
Liver,LAYN,PlasmaB,NL→AR,NL,AR,0.001466244,0.0,-100.0,↓,0.637352,NS,3/18,6,3
Liver,LAYN,PlasmaB,NL→CR,NL,CR,0.001466244,0.0,-100.0,↓,0.637352,NS,3/18,6,3
Liver,LAYN,PlasmaB,IT→IA,IT,IA,0.0,0.029318873,99999.0,↑,0.423711,NS,5/25,5,5
Liver,LAYN,PlasmaB,IA→AR,IA,AR,0.029318873,0.0,-100.0,↓,0.605577,NS,3/15,5,3
Liver,LAYN,PlasmaB,CR→AR,CR,AR,0.0,0.0,0.0,↑,1.0,NS,0/9,3,3
Liver,LEF1,Myeloid,NL→IT,NL,IT,0.0,0.0008158863,99999.0,↑,0.404657,NS,6/36,6,6
Liver,LEF1,Myeloid,NL→IA,NL,IA,0.0,0.0,0.0,↑,1.0,NS,0/30,6,5
Liver,LEF1,Myeloid,NL→AR,NL,AR,0.0,0.0,0.0,↑,1.0,NS,0/18,6,3
Liver,LEF1,Myeloid,NL→CR,NL,CR,0.0,0.0,0.0,↑,1.0,NS,0/18,6,3
Liver,LEF1,Myeloid,IT→IA,IT,IA,0.0008158863,0.0,-100.0,↓,0.465209,NS,5/30,6,5
Liver,LEF1,Myeloid,IA→AR,IA,AR,0.0,0.0,0.0,↑,1.0,NS,0/15,5,3
Liver,LEF1,Myeloid,CR→AR,CR,AR,0.0,0.0,0.0,↑,1.0,NS,0/9,3,3
Liver,LEF1,CD4_T,NL→IT,NL,IT,0.16966937,0.21768022,28.299999237060547,↑,0.393939,NS,24/36,6,6
Liver,LEF1,CD4_T,NL→IA,NL,IA,0.16966937,0.39103228,130.5,↑,0.246753,NS,22/30,6,5
Liver,LEF1,CD4_T,NL→AR,NL,AR,0.16966937,0.18112676,6.800000190734863,↑,0.547619,NS,12/18,6,3
Liver,LEF1,CD4_T,NL→CR,NL,CR,0.16966937,0.22711278,33.900001525878906,↑,0.380952,NS,13/18,6,3
Liver,LEF1,CD4_T,IT→IA,IT,IA,0.21768022,0.39103228,79.5999984741211,↑,0.177489,NS,23/30,6,5
Liver,LEF1,CD4_T,IA→AR,IA,AR,0.39103228,0.18112676,-53.70000076293945,↓,0.035714,*,15/15,5,3
Liver,LEF1,CD4_T,CR→AR,CR,AR,0.22711278,0.18112676,-20.200000762939453,↓,1.0,NS,4/9,3,3
Liver,LEF1,CD8_T,NL→IT,NL,IT,0.073517285,0.12772909,73.69999694824219,↑,0.24026,NS,26/36,6,6
Liver,LEF1,CD8_T,NL→IA,NL,IA,0.073517285,0.25606513,248.3000030517578,↑,0.246753,NS,22/30,6,5
Liver,LEF1,CD8_T,NL→AR,NL,AR,0.073517285,0.069095545,-6.0,↓,0.380952,NS,5/18,6,3
Liver,LEF1,CD8_T,NL→CR,NL,CR,0.073517285,0.059568167,-19.0,↓,0.904762,NS,8/18,6,3
Liver,LEF1,CD8_T,IT→IA,IT,IA,0.12772909,0.25606513,100.5,↑,0.930736,NS,16/30,6,5
Liver,LEF1,CD8_T,IA→AR,IA,AR,0.25606513,0.069095545,-73.0,↓,0.392857,NS,11/15,5,3
Liver,LEF1,CD8_T,CR→AR,CR,AR,0.059568167,0.069095545,16.0,↑,0.7,NS,6/9,3,3
Liver,LEF1,NK,NL→IT,NL,IT,0.020984313,0.020330014,-3.0999999046325684,↓,0.937229,NS,17/36,6,6
Liver,LEF1,NK,NL→IA,NL,IA,0.020984313,0.032729972,56.0,↑,0.428571,NS,20/30,6,5
Liver,LEF1,NK,NL→AR,NL,AR,0.020984313,0.03329714,58.70000076293945,↑,0.02381,*,18/18,6,3
Liver,LEF1,NK,NL→CR,NL,CR,0.020984313,0.020568462,-2.0,↓,0.904762,NS,10/18,6,3
Liver,LEF1,NK,IT→IA,IT,IA,0.020330014,0.032729972,61.0,↑,0.329004,NS,21/30,6,5
Liver,LEF1,NK,IA→AR,IA,AR,0.032729972,0.03329714,1.7000000476837158,↑,0.785714,NS,9/15,5,3
Liver,LEF1,NK,CR→AR,CR,AR,0.020568462,0.03329714,61.900001525878906,↑,0.2,NS,8/9,3,3
Liver,LEF1,B,NL→IT,NL,IT,0.0,0.069355264,99999.0,↑,0.13638,NS,12/30,6,5
Liver,LEF1,B,NL→IA,NL,IA,0.0,0.027679626,99999.0,↑,0.00389,**,30/30,6,5
Liver,LEF1,B,NL→AR,NL,AR,0.0,0.008782866,99999.0,↑,0.05183,†,12/18,6,3
Liver,LEF1,B,NL→CR,NL,CR,0.0,0.0070937197,99999.0,↑,0.05183,†,12/18,6,3
Liver,LEF1,B,IT→IA,IT,IA,0.069355264,0.027679626,-60.09999847412109,↓,0.290347,NS,7/25,5,5
Liver,LEF1,B,IA→AR,IA,AR,0.027679626,0.008782866,-68.30000305175781,↓,0.25,NS,12/15,5,3
Liver,LEF1,B,CR→AR,CR,AR,0.0070937197,0.008782866,23.799999237060547,↑,1.0,NS,4/9,3,3
Liver,LEF1,PlasmaB,NL→IT,NL,IT,0.027536733,0.0077612074,-71.80000305175781,↓,0.640374,NS,16/30,6,5
Liver,LEF1,PlasmaB,NL→IA,NL,IA,0.027536733,0.048663523,76.69999694824219,↑,0.923725,NS,11/30,6,5
Liver,LEF1,PlasmaB,NL→AR,NL,AR,0.027536733,0.0,-100.0,↓,0.119795,NS,12/18,6,3
Liver,LEF1,PlasmaB,NL→CR,NL,CR,0.027536733,0.0,-100.0,↓,0.119795,NS,12/18,6,3
Liver,LEF1,PlasmaB,IT→IA,IT,IA,0.0077612074,0.048663523,527.0,↑,1.0,NS,10/25,5,5
Liver,LEF1,PlasmaB,IA→AR,IA,AR,0.048663523,0.0,-100.0,↓,0.329114,NS,6/15,5,3
Liver,LEF1,PlasmaB,CR→AR,CR,AR,0.0,0.0,0.0,↑,1.0,NS,0/9,3,3
Liver,LGALS9,Myeloid,NL→IT,NL,IT,0.761612,0.93999434,23.399999618530277,↑,0.179654,NS,27/36,6,6
Liver,LGALS9,Myeloid,NL→IA,NL,IA,0.761612,1.0466571,37.400001525878906,↑,0.177489,NS,23/30,6,5
Liver,LGALS9,Myeloid,NL→AR,NL,AR,0.761612,1.0160946,33.400001525878906,↑,0.166667,NS,15/18,6,3
Liver,LGALS9,Myeloid,NL→CR,NL,CR,0.761612,0.96093005,26.200000762939453,↑,0.166667,NS,15/18,6,3
Liver,LGALS9,Myeloid,IT→IA,IT,IA,0.93999434,1.0466571,11.300000190734863,↑,0.930736,NS,16/30,6,5
Liver,LGALS9,Myeloid,IA→AR,IA,AR,1.0466571,1.0160946,-2.900000095367432,↓,0.571429,NS,10/15,5,3
Liver,LGALS9,Myeloid,CR→AR,CR,AR,0.96093005,1.0160946,5.699999809265137,↑,0.4,NS,7/9,3,3
Liver,LGALS9,CD4_T,NL→IT,NL,IT,0.048520803,0.099428914,104.9000015258789,↑,0.148829,NS,27/36,6,6
Liver,LGALS9,CD4_T,NL→IA,NL,IA,0.048520803,0.11226654,131.39999389648438,↑,0.017316,*,28/30,6,5
Liver,LGALS9,CD4_T,NL→AR,NL,AR,0.048520803,0.10594595,118.4000015258789,↑,0.166667,NS,15/18,6,3
Liver,LGALS9,CD4_T,NL→CR,NL,CR,0.048520803,0.11026668,127.3000030517578,↑,0.047619,*,17/18,6,3
Liver,LGALS9,CD4_T,IT→IA,IT,IA,0.099428914,0.11226654,12.899999618530272,↑,0.930736,NS,16/30,6,5
Liver,LGALS9,CD4_T,IA→AR,IA,AR,0.11226654,0.10594595,-5.599999904632568,↓,0.571429,NS,10/15,5,3
Liver,LGALS9,CD4_T,CR→AR,CR,AR,0.11026668,0.10594595,-3.900000095367432,↓,0.7,NS,6/9,3,3
Liver,LGALS9,CD8_T,NL→IT,NL,IT,0.06321115,0.11465567,81.4000015258789,↑,0.132035,NS,28/36,6,6
Liver,LGALS9,CD8_T,NL→IA,NL,IA,0.06321115,0.08762573,38.59999847412109,↑,0.428571,NS,20/30,6,5
Liver,LGALS9,CD8_T,NL→AR,NL,AR,0.06321115,0.10193051,61.29999923706055,↑,0.261905,NS,14/18,6,3
Liver,LGALS9,CD8_T,NL→CR,NL,CR,0.06321115,0.08511373,34.599998474121094,↑,0.547619,NS,12/18,6,3
Liver,LGALS9,CD8_T,IT→IA,IT,IA,0.11465567,0.08762573,-23.600000381469727,↓,0.536797,NS,19/30,6,5
Liver,LGALS9,CD8_T,IA→AR,IA,AR,0.08762573,0.10193051,16.299999237060547,↑,1.0,NS,8/15,5,3
Liver,LGALS9,CD8_T,CR→AR,CR,AR,0.08511373,0.10193051,19.799999237060547,↑,1.0,NS,5/9,3,3
Liver,LGALS9,NK,NL→IT,NL,IT,0.105769925,0.17088206,61.59999847412109,↑,0.025974,*,32/36,6,6
Liver,LGALS9,NK,NL→IA,NL,IA,0.105769925,0.116925955,10.5,↑,0.792208,NS,17/30,6,5
Liver,LGALS9,NK,NL→AR,NL,AR,0.105769925,0.108325034,2.400000095367432,↑,1.0,NS,9/18,6,3
Liver,LGALS9,NK,NL→CR,NL,CR,0.105769925,0.14308889,35.29999923706055,↑,0.261905,NS,14/18,6,3
Liver,LGALS9,NK,IT→IA,IT,IA,0.17088206,0.116925955,-31.600000381469727,↓,0.051948,†,26/30,6,5
Liver,LGALS9,NK,IA→AR,IA,AR,0.116925955,0.108325034,-7.400000095367432,↓,0.785714,NS,9/15,5,3
Liver,LGALS9,NK,CR→AR,CR,AR,0.14308889,0.108325034,-24.299999237060547,↓,0.4,NS,7/9,3,3
Liver,LGALS9,B,NL→IT,NL,IT,0.18994577,0.27958784,47.20000076293945,↑,0.177489,NS,23/30,6,5
Liver,LGALS9,B,NL→IA,NL,IA,0.18994577,0.26571918,39.900001525878906,↑,0.177489,NS,23/30,6,5
Liver,LGALS9,B,NL→AR,NL,AR,0.18994577,0.36695838,93.1999969482422,↑,0.166667,NS,15/18,6,3
Liver,LGALS9,B,NL→CR,NL,CR,0.18994577,0.31900772,67.9000015258789,↑,0.261905,NS,14/18,6,3
Liver,LGALS9,B,IT→IA,IT,IA,0.27958784,0.26571918,-5.0,↓,1.0,NS,13/25,5,5
Liver,LGALS9,B,IA→AR,IA,AR,0.26571918,0.36695838,38.09999847412109,↑,0.071429,†,14/15,5,3
Liver,LGALS9,B,CR→AR,CR,AR,0.31900772,0.36695838,15.0,↑,1.0,NS,5/9,3,3
Liver,LGALS9,PlasmaB,NL→IT,NL,IT,0.03977007,0.22169833,457.5,↑,0.134924,NS,22/30,6,5
Liver,LGALS9,PlasmaB,NL→IA,NL,IA,0.03977007,0.1403707,253.0,↑,0.134924,NS,22/30,6,5
Liver,LGALS9,PlasmaB,NL→AR,NL,AR,0.03977007,0.07706967,93.8000030517578,↑,0.589639,NS,10/18,6,3
Liver,LGALS9,PlasmaB,NL→CR,NL,CR,0.03977007,0.19836234,398.7999877929688,↑,0.048885,*,17/18,6,3
Liver,LGALS9,PlasmaB,IT→IA,IT,IA,0.22169833,0.1403707,-36.70000076293945,↓,0.916563,NS,11/25,5,5
Liver,LGALS9,PlasmaB,IA→AR,IA,AR,0.1403707,0.07706967,-45.09999847412109,↓,0.652783,NS,9/15,5,3
Liver,LGALS9,PlasmaB,CR→AR,CR,AR,0.19836234,0.07706967,-61.09999847412109,↓,0.4,NS,7/9,3,3
Liver,MAF,Myeloid,NL→IT,NL,IT,0.18445335,0.08259201,-55.20000076293945,↓,0.228951,NS,26/36,6,6
Liver,MAF,Myeloid,NL→IA,NL,IA,0.18445335,0.039234255,-78.69999694824219,↓,0.082251,†,25/30,6,5
Liver,MAF,Myeloid,NL→AR,NL,AR,0.18445335,0.063885175,-65.4000015258789,↓,0.261905,NS,14/18,6,3
Liver,MAF,Myeloid,NL→CR,NL,CR,0.18445335,0.09305272,-49.59999847412109,↓,0.547619,NS,12/18,6,3
Liver,MAF,Myeloid,IT→IA,IT,IA,0.08259201,0.039234255,-52.5,↓,0.518992,NS,18/30,6,5
Liver,MAF,Myeloid,IA→AR,IA,AR,0.039234255,0.063885175,62.79999923706055,↑,1.0,NS,7/15,5,3
Liver,MAF,Myeloid,CR→AR,CR,AR,0.09305272,0.063885175,-31.299999237060547,↓,0.7,NS,6/9,3,3
Liver,MAF,CD4_T,NL→IT,NL,IT,0.34588107,0.26877567,-22.299999237060547,↓,0.699134,NS,21/36,6,6
Liver,MAF,CD4_T,NL→IA,NL,IA,0.34588107,0.26570544,-23.200000762939453,↓,0.329004,NS,21/30,6,5
Liver,MAF,CD4_T,NL→AR,NL,AR,0.34588107,0.3799423,9.800000190734863,↑,0.714286,NS,11/18,6,3
Liver,MAF,CD4_T,NL→CR,NL,CR,0.34588107,0.33038685,-4.5,↓,0.904762,NS,10/18,6,3
Liver,MAF,CD4_T,IT→IA,IT,IA,0.26877567,0.26570544,-1.100000023841858,↓,0.662338,NS,18/30,6,5
Liver,MAF,CD4_T,IA→AR,IA,AR,0.26570544,0.3799423,43.0,↑,0.25,NS,12/15,5,3
Liver,MAF,CD4_T,CR→AR,CR,AR,0.33038685,0.3799423,15.0,↑,0.7,NS,6/9,3,3
Liver,MAF,CD8_T,NL→IT,NL,IT,0.3322997,0.38930222,17.200000762939453,↑,0.309524,NS,25/36,6,6
Liver,MAF,CD8_T,NL→IA,NL,IA,0.3322997,0.22024274,-33.70000076293945,↓,0.246753,NS,22/30,6,5
Liver,MAF,CD8_T,NL→AR,NL,AR,0.3322997,0.23025204,-30.700000762939453,↓,0.166667,NS,15/18,6,3
Liver,MAF,CD8_T,NL→CR,NL,CR,0.3322997,0.37486506,12.800000190734863,↑,0.547619,NS,12/18,6,3
Liver,MAF,CD8_T,IT→IA,IT,IA,0.38930222,0.22024274,-43.400001525878906,↓,0.030303,*,27/30,6,5
Liver,MAF,CD8_T,IA→AR,IA,AR,0.22024274,0.23025204,4.5,↑,1.0,NS,8/15,5,3
Liver,MAF,CD8_T,CR→AR,CR,AR,0.37486506,0.23025204,-38.59999847412109,↓,0.2,NS,8/9,3,3
Liver,MAF,NK,NL→IT,NL,IT,0.18521242,0.20871246,12.699999809265137,↑,0.588745,NS,22/36,6,6
Liver,MAF,NK,NL→IA,NL,IA,0.18521242,0.14324066,-22.700000762939453,↓,0.662338,NS,18/30,6,5
Liver,MAF,NK,NL→AR,NL,AR,0.18521242,0.17497313,-5.5,↓,1.0,NS,9/18,6,3
Liver,MAF,NK,NL→CR,NL,CR,0.18521242,0.20584486,11.100000381469728,↑,0.714286,NS,11/18,6,3
Liver,MAF,NK,IT→IA,IT,IA,0.20871246,0.14324066,-31.399999618530277,↓,0.177489,NS,23/30,6,5
Liver,MAF,NK,IA→AR,IA,AR,0.14324066,0.17497313,22.200000762939453,↑,0.25,NS,12/15,5,3
Liver,MAF,NK,CR→AR,CR,AR,0.20584486,0.17497313,-15.0,↓,1.0,NS,5/9,3,3
Liver,MAF,B,NL→IT,NL,IT,0.002634325,0.0015629688,-40.70000076293945,↓,1.0,NS,5/30,6,5
Liver,MAF,B,NL→IA,NL,IA,0.002634325,0.0038394716,45.70000076293945,↑,0.892295,NS,6/30,6,5
Liver,MAF,B,NL→AR,NL,AR,0.002634325,0.0049285763,87.0999984741211,↑,0.859684,NS,5/18,6,3
Liver,MAF,B,NL→CR,NL,CR,0.002634325,0.0018022546,-31.600000381469727,↓,0.859684,NS,3/18,6,3
Liver,MAF,B,IT→IA,IT,IA,0.0015629688,0.0038394716,145.6999969482422,↑,1.0,NS,5/25,5,5
Liver,MAF,B,IA→AR,IA,AR,0.0038394716,0.0049285763,28.399999618530277,↑,1.0,NS,4/15,5,3
Liver,MAF,B,CR→AR,CR,AR,0.0018022546,0.0049285763,173.5,↑,1.0,NS,3/9,3,3
Liver,MAF,PlasmaB,NL→IT,NL,IT,0.091277145,0.023841858,-73.9000015258789,↓,0.273502,NS,17/30,6,5
Liver,MAF,PlasmaB,NL→IA,NL,IA,0.091277145,0.08032405,-12.0,↓,0.925558,NS,12/30,6,5
Liver,MAF,PlasmaB,NL→AR,NL,AR,0.091277145,0.011157866,-87.80000305175781,↓,0.500184,NS,10/18,6,3
Liver,MAF,PlasmaB,NL→CR,NL,CR,0.091277145,0.010757796,-88.19999694824219,↓,0.500184,NS,10/18,6,3
Liver,MAF,PlasmaB,IT→IA,IT,IA,0.023841858,0.08032405,236.8999938964844,↑,0.346522,NS,13/25,5,5
Liver,MAF,PlasmaB,IA→AR,IA,AR,0.08032405,0.011157866,-86.0999984741211,↓,0.340617,NS,9/15,5,3
Liver,MAF,PlasmaB,CR→AR,CR,AR,0.010757796,0.011157866,3.700000047683716,↑,1.0,NS,3/9,3,3
Liver,MCM2,Myeloid,NL→IT,NL,IT,0.009802312,0.027171424,177.1999969482422,↑,0.192225,NS,25/36,6,6
Liver,MCM2,Myeloid,NL→IA,NL,IA,0.009802312,0.0050913766,-48.09999847412109,↓,0.690487,NS,13/30,6,5
Liver,MCM2,Myeloid,NL→AR,NL,AR,0.009802312,0.005607974,-42.79999923706055,↓,0.887537,NS,7/18,6,3
Liver,MCM2,Myeloid,NL→CR,NL,CR,0.009802312,0.011543124,17.799999237060547,↑,1.0,NS,9/18,6,3
Liver,MCM2,Myeloid,IT→IA,IT,IA,0.027171424,0.0050913766,-81.30000305175781,↓,0.134924,NS,22/30,6,5
Liver,MCM2,Myeloid,IA→AR,IA,AR,0.0050913766,0.005607974,10.100000381469728,↑,1.0,NS,4/15,5,3
Liver,MCM2,Myeloid,CR→AR,CR,AR,0.011543124,0.005607974,-51.400001525878906,↓,0.657905,NS,6/9,3,3
Liver,MCM2,CD4_T,NL→IT,NL,IT,0.021934807,0.009607159,-56.20000076293945,↓,0.24026,NS,26/36,6,6
Liver,MCM2,CD4_T,NL→IA,NL,IA,0.021934807,0.0104920855,-52.20000076293945,↓,0.246753,NS,22/30,6,5
Liver,MCM2,CD4_T,NL→AR,NL,AR,0.021934807,0.013388164,-39.0,↓,0.904762,NS,10/18,6,3
Liver,MCM2,CD4_T,NL→CR,NL,CR,0.021934807,0.01351929,-38.400001525878906,↓,0.904762,NS,10/18,6,3
Liver,MCM2,CD4_T,IT→IA,IT,IA,0.009607159,0.0104920855,9.199999809265137,↑,0.930736,NS,16/30,6,5
Liver,MCM2,CD4_T,IA→AR,IA,AR,0.0104920855,0.013388164,27.600000381469727,↑,0.571429,NS,10/15,5,3
Liver,MCM2,CD4_T,CR→AR,CR,AR,0.01351929,0.013388164,-1.0,↓,1.0,NS,5/9,3,3
Liver,MCM2,CD8_T,NL→IT,NL,IT,0.02373411,0.013121344,-44.70000076293945,↓,0.261496,NS,25/36,6,6
Liver,MCM2,CD8_T,NL→IA,NL,IA,0.02373411,0.014074239,-40.70000076293945,↓,0.428571,NS,20/30,6,5
Liver,MCM2,CD8_T,NL→AR,NL,AR,0.02373411,0.015657788,-34.0,↓,0.547619,NS,12/18,6,3
Liver,MCM2,CD8_T,NL→CR,NL,CR,0.02373411,0.012855883,-45.79999923706055,↓,0.380952,NS,13/18,6,3
Liver,MCM2,CD8_T,IT→IA,IT,IA,0.013121344,0.014074239,7.300000190734863,↑,0.930736,NS,14/30,6,5
Liver,MCM2,CD8_T,IA→AR,IA,AR,0.014074239,0.015657788,11.300000190734863,↑,0.571429,NS,10/15,5,3
Liver,MCM2,CD8_T,CR→AR,CR,AR,0.012855883,0.015657788,21.799999237060547,↑,1.0,NS,5/9,3,3
Liver,MCM2,NK,NL→IT,NL,IT,0.044184726,0.022057066,-50.09999847412109,↓,0.937229,NS,19/36,6,6
Liver,MCM2,NK,NL→IA,NL,IA,0.044184726,0.022129446,-49.900001525878906,↓,0.662338,NS,18/30,6,5
Liver,MCM2,NK,NL→AR,NL,AR,0.044184726,0.0127232,-71.19999694824219,↓,0.095238,†,16/18,6,3
Liver,MCM2,NK,NL→CR,NL,CR,0.044184726,0.019516354,-55.79999923706055,↓,0.380952,NS,13/18,6,3
Liver,MCM2,NK,IT→IA,IT,IA,0.022057066,0.022129446,0.3000000119209289,↑,0.428571,NS,10/30,6,5
Liver,MCM2,NK,IA→AR,IA,AR,0.022129446,0.0127232,-42.5,↓,0.25,NS,12/15,5,3
Liver,MCM2,NK,CR→AR,CR,AR,0.019516354,0.0127232,-34.79999923706055,↓,0.2,NS,8/9,3,3
Liver,MCM2,B,NL→IT,NL,IT,0.023591643,0.028866952,22.399999618530277,↑,0.518992,NS,18/30,6,5
Liver,MCM2,B,NL→IA,NL,IA,0.023591643,0.016839122,-28.600000381469727,↓,0.518992,NS,18/30,6,5
Liver,MCM2,B,NL→AR,NL,AR,0.023591643,0.058713675,148.89999389648438,↑,0.091925,†,16/18,6,3
Liver,MCM2,B,NL→CR,NL,CR,0.023591643,0.01211157,-48.70000076293945,↓,0.511482,NS,11/18,6,3
Liver,MCM2,B,IT→IA,IT,IA,0.028866952,0.016839122,-41.70000076293945,↓,0.463344,NS,16/25,5,5
Liver,MCM2,B,IA→AR,IA,AR,0.016839122,0.058713675,248.6999969482422,↑,0.035714,*,15/15,5,3
Liver,MCM2,B,CR→AR,CR,AR,0.01211157,0.058713675,384.7999877929688,↑,0.1,NS,9/9,3,3
Liver,MCM2,PlasmaB,NL→IT,NL,IT,0.050052565,0.007848211,-84.30000305175781,↓,0.388861,NS,17/30,6,5
Liver,MCM2,PlasmaB,NL→IA,NL,IA,0.050052565,0.031007271,-38.09999847412109,↓,0.779243,NS,15/30,6,5
Liver,MCM2,PlasmaB,NL→AR,NL,AR,0.050052565,0.03334188,-33.400001525878906,↓,1.0,NS,8/18,6,3
Liver,MCM2,PlasmaB,NL→CR,NL,CR,0.050052565,0.01724288,-65.5999984741211,↓,0.500184,NS,10/18,6,3
Liver,MCM2,PlasmaB,IT→IA,IT,IA,0.007848211,0.031007271,295.1000061035156,↑,0.503812,NS,13/25,5,5
Liver,MCM2,PlasmaB,IA→AR,IA,AR,0.031007271,0.03334188,7.5,↑,1.0,NS,7/15,5,3
Liver,MCM2,PlasmaB,CR→AR,CR,AR,0.01724288,0.03334188,93.4000015258789,↑,0.642835,NS,5/9,3,3
Liver,MEFV,Myeloid,NL→IT,NL,IT,0.11202843,0.20932938,86.9000015258789,↑,0.093074,†,29/36,6,6
Liver,MEFV,Myeloid,NL→IA,NL,IA,0.11202843,0.21925345,95.6999969482422,↑,0.125541,NS,24/30,6,5
Liver,MEFV,Myeloid,NL→AR,NL,AR,0.11202843,0.14398475,28.5,↑,0.714286,NS,11/18,6,3
Liver,MEFV,Myeloid,NL→CR,NL,CR,0.11202843,0.18338482,63.70000076293945,↑,0.380952,NS,13/18,6,3
Liver,MEFV,Myeloid,IT→IA,IT,IA,0.20932938,0.21925345,4.699999809265137,↑,0.930736,NS,16/30,6,5
Liver,MEFV,Myeloid,IA→AR,IA,AR,0.21925345,0.14398475,-34.29999923706055,↓,0.571429,NS,10/15,5,3
Liver,MEFV,Myeloid,CR→AR,CR,AR,0.18338482,0.14398475,-21.5,↓,1.0,NS,5/9,3,3
Liver,MEFV,CD4_T,NL→IT,NL,IT,0.00069867144,0.0,-100.0,↓,0.404657,NS,6/36,6,6
Liver,MEFV,CD4_T,NL→IA,NL,IA,0.00069867144,0.0001836447,-73.69999694824219,↓,1.0,NS,5/30,6,5
Liver,MEFV,CD4_T,NL→AR,NL,AR,0.00069867144,0.00020395235,-70.80000305175781,↓,0.859684,NS,3/18,6,3
Liver,MEFV,CD4_T,NL→CR,NL,CR,0.00069867144,0.0,-100.0,↓,0.637352,NS,3/18,6,3
Liver,MEFV,CD4_T,IT→IA,IT,IA,0.0,0.0001836447,99999.0,↑,0.36131,NS,6/30,6,5
Liver,MEFV,CD4_T,IA→AR,IA,AR,0.0001836447,0.00020395235,11.100000381469728,↑,1.0,NS,4/15,5,3
Liver,MEFV,CD4_T,CR→AR,CR,AR,0.0,0.00020395235,99999.0,↑,0.504985,NS,3/9,3,3
Liver,MEFV,CD8_T,NL→IT,NL,IT,0.0,0.0012573746,99999.0,↑,0.07401,†,18/36,6,6
Liver,MEFV,CD8_T,NL→IA,NL,IA,0.0,0.000114850955,99999.0,↑,0.36131,NS,6/30,6,5
Liver,MEFV,CD8_T,NL→AR,NL,AR,0.0,0.0,0.0,↑,1.0,NS,0/18,6,3
Liver,MEFV,CD8_T,NL→CR,NL,CR,0.0,0.0015937247,99999.0,↑,0.009116,**,18/18,6,3
Liver,MEFV,CD8_T,IT→IA,IT,IA,0.0012573746,0.000114850955,-90.9000015258789,↓,0.341314,NS,14/30,6,5
Liver,MEFV,CD8_T,IA→AR,IA,AR,0.000114850955,0.0,-100.0,↓,0.605577,NS,3/15,5,3
Liver,MEFV,CD8_T,CR→AR,CR,AR,0.0015937247,0.0,-100.0,↓,0.063603,†,9/9,3,3
Liver,MEFV,NK,NL→IT,NL,IT,0.0,0.00015470658,99999.0,↑,0.404657,NS,6/36,6,6
Liver,MEFV,NK,NL→IA,NL,IA,0.0,0.00044745245,99999.0,↑,0.13638,NS,12/30,6,5
Liver,MEFV,NK,NL→AR,NL,AR,0.0,0.0,0.0,↑,1.0,NS,0/18,6,3
Liver,MEFV,NK,NL→CR,NL,CR,0.0,0.0009862285,99999.0,↑,0.05183,†,12/18,6,3
Liver,MEFV,NK,IT→IA,IT,IA,0.00015470658,0.00044745245,189.1999969482422,↑,0.352972,NS,12/30,6,5
Liver,MEFV,NK,IA→AR,IA,AR,0.00044745245,0.0,-100.0,↓,0.329114,NS,6/15,5,3
Liver,MEFV,NK,CR→AR,CR,AR,0.0009862285,0.0,-100.0,↓,0.196706,NS,6/9,3,3
Liver,MEFV,B,NL→IT,NL,IT,0.0,0.0,0.0,↑,1.0,NS,0/30,6,5
Liver,MEFV,B,NL→IA,NL,IA,0.0,0.0,0.0,↑,1.0,NS,0/30,6,5
Liver,MEFV,B,NL→AR,NL,AR,0.0,0.0,0.0,↑,1.0,NS,0/18,6,3
Liver,MEFV,B,NL→CR,NL,CR,0.0,0.0,0.0,↑,1.0,NS,0/18,6,3
Liver,MEFV,B,IT→IA,IT,IA,0.0,0.0,0.0,↑,1.0,NS,0/25,5,5
Liver,MEFV,B,IA→AR,IA,AR,0.0,0.0,0.0,↑,1.0,NS,0/15,5,3
Liver,MEFV,B,CR→AR,CR,AR,0.0,0.0,0.0,↑,1.0,NS,0/9,3,3
Liver,MEFV,PlasmaB,NL→IT,NL,IT,0.0,0.0,0.0,↑,1.0,NS,0/30,6,5
Liver,MEFV,PlasmaB,NL→IA,NL,IA,0.0,0.0,0.0,↑,1.0,NS,0/30,6,5
Liver,MEFV,PlasmaB,NL→AR,NL,AR,0.0,0.0,0.0,↑,1.0,NS,0/18,6,3
Liver,MEFV,PlasmaB,NL→CR,NL,CR,0.0,0.0,0.0,↑,1.0,NS,0/18,6,3
Liver,MEFV,PlasmaB,IT→IA,IT,IA,0.0,0.0,0.0,↑,1.0,NS,0/25,5,5
Liver,MEFV,PlasmaB,IA→AR,IA,AR,0.0,0.0,0.0,↑,1.0,NS,0/15,5,3
Liver,MEFV,PlasmaB,CR→AR,CR,AR,0.0,0.0,0.0,↑,1.0,NS,0/9,3,3
Liver,MKI67,Myeloid,NL→IT,NL,IT,0.027616361,0.047300387,71.30000305175781,↑,0.253861,NS,24/36,6,6
Liver,MKI67,Myeloid,NL→IA,NL,IA,0.027616361,0.020102205,-27.200000762939453,↓,0.459233,NS,13/30,6,5
Liver,MKI67,Myeloid,NL→AR,NL,AR,0.027616361,0.0,-100.0,↓,0.219768,NS,9/18,6,3
Liver,MKI67,Myeloid,NL→CR,NL,CR,0.027616361,0.00660825,-76.0999984741211,↓,1.0,NS,8/18,6,3
Liver,MKI67,Myeloid,IT→IA,IT,IA,0.047300387,0.020102205,-57.5,↓,0.150962,NS,21/30,6,5
Liver,MKI67,Myeloid,IA→AR,IA,AR,0.020102205,0.0,-100.0,↓,0.605577,NS,3/15,5,3
Liver,MKI67,Myeloid,CR→AR,CR,AR,0.00660825,0.0,-100.0,↓,0.196706,NS,6/9,3,3
Liver,MKI67,CD4_T,NL→IT,NL,IT,0.014650434,0.008872717,-39.400001525878906,↓,0.52111,NS,22/36,6,6
Liver,MKI67,CD4_T,NL→IA,NL,IA,0.014650434,0.015828148,8.0,↑,0.930736,NS,16/30,6,5
Liver,MKI67,CD4_T,NL→AR,NL,AR,0.014650434,0.0075746053,-48.29999923706055,↓,0.604066,NS,11/18,6,3
Liver,MKI67,CD4_T,NL→CR,NL,CR,0.014650434,0.0053574624,-63.400001525878906,↓,0.261905,NS,14/18,6,3
Liver,MKI67,CD4_T,IT→IA,IT,IA,0.008872717,0.015828148,78.4000015258789,↑,0.329004,NS,21/30,6,5
Liver,MKI67,CD4_T,IA→AR,IA,AR,0.015828148,0.0075746053,-52.09999847412109,↓,0.25,NS,12/15,5,3
Liver,MKI67,CD4_T,CR→AR,CR,AR,0.0053574624,0.0075746053,41.400001525878906,↑,0.7,NS,6/9,3,3
Liver,MKI67,CD8_T,NL→IT,NL,IT,0.019044505,0.008517663,-55.29999923706055,↓,0.630356,NS,21/36,6,6
Liver,MKI67,CD8_T,NL→IA,NL,IA,0.019044505,0.050555807,165.5,↑,0.246753,NS,22/30,6,5
Liver,MKI67,CD8_T,NL→AR,NL,AR,0.019044505,0.016493427,-13.399999618530272,↓,0.904762,NS,10/18,6,3
Liver,MKI67,CD8_T,NL→CR,NL,CR,0.019044505,0.0047520185,-75.0,↓,0.547619,NS,12/18,6,3
Liver,MKI67,CD8_T,IT→IA,IT,IA,0.008517663,0.050555807,493.5,↑,0.051948,†,26/30,6,5
Liver,MKI67,CD8_T,IA→AR,IA,AR,0.050555807,0.016493427,-67.4000015258789,↓,0.392857,NS,11/15,5,3
Liver,MKI67,CD8_T,CR→AR,CR,AR,0.0047520185,0.016493427,247.1000061035156,↑,0.4,NS,7/9,3,3
Liver,MKI67,NK,NL→IT,NL,IT,0.06601595,0.10742956,62.70000076293945,↑,0.818182,NS,20/36,6,6
Liver,MKI67,NK,NL→IA,NL,IA,0.06601595,0.020897761,-68.30000305175781,↓,0.662338,NS,18/30,6,5
Liver,MKI67,NK,NL→AR,NL,AR,0.06601595,0.008086702,-87.80000305175781,↓,0.380952,NS,13/18,6,3
Liver,MKI67,NK,NL→CR,NL,CR,0.06601595,0.015396364,-76.69999694824219,↓,0.714286,NS,11/18,6,3
Liver,MKI67,NK,IT→IA,IT,IA,0.10742956,0.020897761,-80.5,↓,0.428571,NS,20/30,6,5
Liver,MKI67,NK,IA→AR,IA,AR,0.020897761,0.008086702,-61.29999923706055,↓,0.392857,NS,11/15,5,3
Liver,MKI67,NK,CR→AR,CR,AR,0.015396364,0.008086702,-47.5,↓,0.4,NS,7/9,3,3
Liver,MKI67,B,NL→IT,NL,IT,0.0,0.004576981,99999.0,↑,0.13638,NS,12/30,6,5
Liver,MKI67,B,NL→IA,NL,IA,0.0,0.0035901524,99999.0,↑,0.048406,*,18/30,6,5
Liver,MKI67,B,NL→AR,NL,AR,0.0,0.0,0.0,↑,1.0,NS,0/18,6,3
Liver,MKI67,B,NL→CR,NL,CR,0.0,0.0,0.0,↑,1.0,NS,0/18,6,3
Liver,MKI67,B,IT→IA,IT,IA,0.004576981,0.0035901524,-21.600000381469727,↓,1.0,NS,9/25,5,5
Liver,MKI67,B,IA→AR,IA,AR,0.0035901524,0.0,-100.0,↓,0.171857,NS,9/15,5,3
Liver,MKI67,B,CR→AR,CR,AR,0.0,0.0,0.0,↑,1.0,NS,0/9,3,3
Liver,MKI67,PlasmaB,NL→IT,NL,IT,0.061308622,0.027105192,-55.79999923706055,↓,0.388861,NS,17/30,6,5
Liver,MKI67,PlasmaB,NL→IA,NL,IA,0.061308622,0.020039577,-67.30000305175781,↓,0.292263,NS,18/30,6,5
Liver,MKI67,PlasmaB,NL→AR,NL,AR,0.061308622,0.029827513,-51.29999923706055,↓,0.500184,NS,10/18,6,3
Liver,MKI67,PlasmaB,NL→CR,NL,CR,0.061308622,0.0,-100.0,↓,0.119795,NS,12/18,6,3
Liver,MKI67,PlasmaB,IT→IA,IT,IA,0.027105192,0.020039577,-26.100000381469727,↓,1.0,NS,8/25,5,5
Liver,MKI67,PlasmaB,IA→AR,IA,AR,0.020039577,0.029827513,48.79999923706055,↑,1.0,NS,5/15,5,3
Liver,MKI67,PlasmaB,CR→AR,CR,AR,0.0,0.029827513,99999.0,↑,0.504985,NS,3/9,3,3
Liver,MMP2,Myeloid,NL→IT,NL,IT,0.0,0.0026732788,99999.0,↑,0.07401,†,18/36,6,6
Liver,MMP2,Myeloid,NL→IA,NL,IA,0.0,0.0012173285,99999.0,↑,0.36131,NS,6/30,6,5
Liver,MMP2,Myeloid,NL→AR,NL,AR,0.0,0.0,0.0,↑,1.0,NS,0/18,6,3
Liver,MMP2,Myeloid,NL→CR,NL,CR,0.0,0.0,0.0,↑,1.0,NS,0/18,6,3
Liver,MMP2,Myeloid,IT→IA,IT,IA,0.0026732788,0.0012173285,-54.5,↓,0.459233,NS,13/30,6,5
Liver,MMP2,Myeloid,IA→AR,IA,AR,0.0012173285,0.0,-100.0,↓,0.605577,NS,3/15,5,3
Liver,MMP2,Myeloid,CR→AR,CR,AR,0.0,0.0,0.0,↑,1.0,NS,0/9,3,3
Liver,MMP2,CD4_T,NL→IT,NL,IT,0.0,0.0,0.0,↑,1.0,NS,0/36,6,6
Liver,MMP2,CD4_T,NL→IA,NL,IA,0.0,0.0,0.0,↑,1.0,NS,0/30,6,5
Liver,MMP2,CD4_T,NL→AR,NL,AR,0.0,0.0,0.0,↑,1.0,NS,0/18,6,3
Liver,MMP2,CD4_T,NL→CR,NL,CR,0.0,0.0,0.0,↑,1.0,NS,0/18,6,3
Liver,MMP2,CD4_T,IT→IA,IT,IA,0.0,0.0,0.0,↑,1.0,NS,0/30,6,5
Liver,MMP2,CD4_T,IA→AR,IA,AR,0.0,0.0,0.0,↑,1.0,NS,0/15,5,3
Liver,MMP2,CD4_T,CR→AR,CR,AR,0.0,0.0,0.0,↑,1.0,NS,0/9,3,3
Liver,MMP2,CD8_T,NL→IT,NL,IT,0.0,0.0002829955,99999.0,↑,0.404657,NS,6/36,6,6
Liver,MMP2,CD8_T,NL→IA,NL,IA,0.0,0.0,0.0,↑,1.0,NS,0/30,6,5
Liver,MMP2,CD8_T,NL→AR,NL,AR,0.0,0.0,0.0,↑,1.0,NS,0/18,6,3
Liver,MMP2,CD8_T,NL→CR,NL,CR,0.0,0.0,0.0,↑,1.0,NS,0/18,6,3
Liver,MMP2,CD8_T,IT→IA,IT,IA,0.0002829955,0.0,-100.0,↓,0.465209,NS,5/30,6,5
Liver,MMP2,CD8_T,IA→AR,IA,AR,0.0,0.0,0.0,↑,1.0,NS,0/15,5,3
Liver,MMP2,CD8_T,CR→AR,CR,AR,0.0,0.0,0.0,↑,1.0,NS,0/9,3,3
Liver,MMP2,NK,NL→IT,NL,IT,0.0,0.0,0.0,↑,1.0,NS,0/36,6,6
Liver,MMP2,NK,NL→IA,NL,IA,0.0,0.0,0.0,↑,1.0,NS,0/30,6,5
Liver,MMP2,NK,NL→AR,NL,AR,0.0,0.0,0.0,↑,1.0,NS,0/18,6,3
Liver,MMP2,NK,NL→CR,NL,CR,0.0,0.0,0.0,↑,1.0,NS,0/18,6,3
Liver,MMP2,NK,IT→IA,IT,IA,0.0,0.0,0.0,↑,1.0,NS,0/30,6,5
Liver,MMP2,NK,IA→AR,IA,AR,0.0,0.0,0.0,↑,1.0,NS,0/15,5,3
Liver,MMP2,NK,CR→AR,CR,AR,0.0,0.0,0.0,↑,1.0,NS,0/9,3,3
Liver,MMP2,B,NL→IT,NL,IT,0.0,0.0,0.0,↑,1.0,NS,0/30,6,5
Liver,MMP2,B,NL→IA,NL,IA,0.0,0.0,0.0,↑,1.0,NS,0/30,6,5
Liver,MMP2,B,NL→AR,NL,AR,0.0,0.0,0.0,↑,1.0,NS,0/18,6,3
Liver,MMP2,B,NL→CR,NL,CR,0.0,0.0,0.0,↑,1.0,NS,0/18,6,3
Liver,MMP2,B,IT→IA,IT,IA,0.0,0.0,0.0,↑,1.0,NS,0/25,5,5
Liver,MMP2,B,IA→AR,IA,AR,0.0,0.0,0.0,↑,1.0,NS,0/15,5,3
Liver,MMP2,B,CR→AR,CR,AR,0.0,0.0,0.0,↑,1.0,NS,0/9,3,3
Liver,MMP2,PlasmaB,NL→IT,NL,IT,0.0,0.0,0.0,↑,1.0,NS,0/30,6,5
Liver,MMP2,PlasmaB,NL→IA,NL,IA,0.0,0.0,0.0,↑,1.0,NS,0/30,6,5
Liver,MMP2,PlasmaB,NL→AR,NL,AR,0.0,0.0,0.0,↑,1.0,NS,0/18,6,3
Liver,MMP2,PlasmaB,NL→CR,NL,CR,0.0,0.0,0.0,↑,1.0,NS,0/18,6,3
Liver,MMP2,PlasmaB,IT→IA,IT,IA,0.0,0.0,0.0,↑,1.0,NS,0/25,5,5
Liver,MMP2,PlasmaB,IA→AR,IA,AR,0.0,0.0,0.0,↑,1.0,NS,0/15,5,3
Liver,MMP2,PlasmaB,CR→AR,CR,AR,0.0,0.0,0.0,↑,1.0,NS,0/9,3,3
Liver,MT-ATP6,Myeloid,NL→IT,NL,IT,3.1801846,2.9757416,-6.400000095367432,↓,0.393939,NS,24/36,6,6
Liver,MT-ATP6,Myeloid,NL→IA,NL,IA,3.1801846,2.8898506,-9.100000381469728,↓,0.246753,NS,22/30,6,5
Liver,MT-ATP6,Myeloid,NL→AR,NL,AR,3.1801846,3.2939556,3.5999999046325684,↑,1.0,NS,9/18,6,3
Liver,MT-ATP6,Myeloid,NL→CR,NL,CR,3.1801846,3.0504444,-4.099999904632568,↓,0.714286,NS,11/18,6,3
Liver,MT-ATP6,Myeloid,IT→IA,IT,IA,2.9757416,2.8898506,-2.900000095367432,↓,1.0,NS,15/30,6,5
Liver,MT-ATP6,Myeloid,IA→AR,IA,AR,2.8898506,3.2939556,14.0,↑,0.25,NS,12/15,5,3
Liver,MT-ATP6,Myeloid,CR→AR,CR,AR,3.0504444,3.2939556,8.0,↑,0.7,NS,6/9,3,3
Liver,MT-ATP6,CD4_T,NL→IT,NL,IT,3.3166497,2.849683,-14.100000381469728,↓,0.064935,†,30/36,6,6
Liver,MT-ATP6,CD4_T,NL→IA,NL,IA,3.3166497,2.79757,-15.699999809265137,↓,0.246753,NS,22/30,6,5
Liver,MT-ATP6,CD4_T,NL→AR,NL,AR,3.3166497,3.3962758,2.400000095367432,↑,1.0,NS,9/18,6,3
Liver,MT-ATP6,CD4_T,NL→CR,NL,CR,3.3166497,3.1068563,-6.300000190734863,↓,0.547619,NS,12/18,6,3
Liver,MT-ATP6,CD4_T,IT→IA,IT,IA,2.849683,2.79757,-1.7999999523162842,↓,0.662338,NS,18/30,6,5
Liver,MT-ATP6,CD4_T,IA→AR,IA,AR,2.79757,3.3962758,21.399999618530277,↑,0.785714,NS,9/15,5,3
Liver,MT-ATP6,CD4_T,CR→AR,CR,AR,3.1068563,3.3962758,9.300000190734863,↑,0.4,NS,7/9,3,3
Liver,MT-ATP6,CD8_T,NL→IT,NL,IT,3.287062,2.8360264,-13.699999809265137,↓,0.064935,†,30/36,6,6
Liver,MT-ATP6,CD8_T,NL→IA,NL,IA,3.287062,2.7602277,-16.0,↓,0.329004,NS,21/30,6,5
Liver,MT-ATP6,CD8_T,NL→AR,NL,AR,3.287062,3.3457215,1.7999999523162842,↑,0.904762,NS,10/18,6,3
Liver,MT-ATP6,CD8_T,NL→CR,NL,CR,3.287062,2.9421453,-10.5,↓,0.380952,NS,13/18,6,3
Liver,MT-ATP6,CD8_T,IT→IA,IT,IA,2.8360264,2.7602277,-2.700000047683716,↓,1.0,NS,15/30,6,5
Liver,MT-ATP6,CD8_T,IA→AR,IA,AR,2.7602277,3.3457215,21.200000762939453,↑,0.785714,NS,9/15,5,3
Liver,MT-ATP6,CD8_T,CR→AR,CR,AR,2.9421453,3.3457215,13.699999809265137,↑,0.2,NS,8/9,3,3
Liver,MT-ATP6,NK,NL→IT,NL,IT,3.475089,2.8848422,-17.0,↓,0.064935,†,30/36,6,6
Liver,MT-ATP6,NK,NL→IA,NL,IA,3.475089,2.8532798,-17.899999618530273,↓,0.125541,NS,24/30,6,5
Liver,MT-ATP6,NK,NL→AR,NL,AR,3.475089,3.4477978,-0.800000011920929,↓,1.0,NS,9/18,6,3
Liver,MT-ATP6,NK,NL→CR,NL,CR,3.475089,3.0938187,-11.0,↓,0.166667,NS,15/18,6,3
Liver,MT-ATP6,NK,IT→IA,IT,IA,2.8848422,2.8532798,-1.100000023841858,↓,0.930736,NS,16/30,6,5
Liver,MT-ATP6,NK,IA→AR,IA,AR,2.8532798,3.4477978,20.799999237060547,↑,0.392857,NS,11/15,5,3
Liver,MT-ATP6,NK,CR→AR,CR,AR,3.0938187,3.4477978,11.399999618530272,↑,0.4,NS,7/9,3,3
Liver,MT-ATP6,B,NL→IT,NL,IT,3.6972704,3.167414,-14.300000190734863,↓,0.082251,†,25/30,6,5
Liver,MT-ATP6,B,NL→IA,NL,IA,3.6972704,3.0932353,-16.299999237060547,↓,0.125541,NS,24/30,6,5
Liver,MT-ATP6,B,NL→AR,NL,AR,3.6972704,3.75185,1.5,↑,1.0,NS,9/18,6,3
Liver,MT-ATP6,B,NL→CR,NL,CR,3.6972704,3.5391407,-4.300000190734863,↓,0.904762,NS,10/18,6,3
Liver,MT-ATP6,B,IT→IA,IT,IA,3.167414,3.0932353,-2.299999952316284,↓,0.84127,NS,14/25,5,5
Liver,MT-ATP6,B,IA→AR,IA,AR,3.0932353,3.75185,21.299999237060547,↑,0.25,NS,12/15,5,3
Liver,MT-ATP6,B,CR→AR,CR,AR,3.5391407,3.75185,6.0,↑,1.0,NS,5/9,3,3
Liver,MT-ATP6,PlasmaB,NL→IT,NL,IT,2.3455532,2.3710349,1.100000023841858,↑,0.792208,NS,17/30,6,5
Liver,MT-ATP6,PlasmaB,NL→IA,NL,IA,2.3455532,2.5619447,9.199999809265137,↑,0.662338,NS,18/30,6,5
Liver,MT-ATP6,PlasmaB,NL→AR,NL,AR,2.3455532,2.7606888,17.700000762939453,↑,0.261905,NS,14/18,6,3
Liver,MT-ATP6,PlasmaB,NL→CR,NL,CR,2.3455532,2.4116437,2.799999952316284,↑,0.904762,NS,10/18,6,3
Liver,MT-ATP6,PlasmaB,IT→IA,IT,IA,2.3710349,2.5619447,8.100000381469727,↑,0.84127,NS,14/25,5,5
Liver,MT-ATP6,PlasmaB,IA→AR,IA,AR,2.5619447,2.7606888,7.800000190734863,↑,0.785714,NS,9/15,5,3
Liver,MT-ATP6,PlasmaB,CR→AR,CR,AR,2.4116437,2.7606888,14.5,↑,0.2,NS,8/9,3,3
Liver,MT-CO1,Myeloid,NL→IT,NL,IT,4.3788805,4.6983933,7.300000190734863,↑,0.309524,NS,25/36,6,6
Liver,MT-CO1,Myeloid,NL→IA,NL,IA,4.3788805,4.44583,1.5,↑,0.662338,NS,18/30,6,5
Liver,MT-CO1,Myeloid,NL→AR,NL,AR,4.3788805,4.6547046,6.300000190734863,↑,0.380952,NS,13/18,6,3
Liver,MT-CO1,Myeloid,NL→CR,NL,CR,4.3788805,4.7064857,7.5,↑,0.380952,NS,13/18,6,3
Liver,MT-CO1,Myeloid,IT→IA,IT,IA,4.6983933,4.44583,-5.400000095367432,↓,0.536797,NS,19/30,6,5
Liver,MT-CO1,Myeloid,IA→AR,IA,AR,4.44583,4.6547046,4.699999809265137,↑,0.785714,NS,9/15,5,3
Liver,MT-CO1,Myeloid,CR→AR,CR,AR,4.7064857,4.6547046,-1.100000023841858,↓,1.0,NS,5/9,3,3
Liver,MT-CO1,CD4_T,NL→IT,NL,IT,4.524251,4.731893,4.599999904632568,↑,0.179654,NS,27/36,6,6
Liver,MT-CO1,CD4_T,NL→IA,NL,IA,4.524251,4.727611,4.5,↑,0.329004,NS,21/30,6,5
Liver,MT-CO1,CD4_T,NL→AR,NL,AR,4.524251,4.6327477,2.400000095367432,↑,0.904762,NS,10/18,6,3
Liver,MT-CO1,CD4_T,NL→CR,NL,CR,4.524251,4.6912503,3.700000047683716,↑,0.547619,NS,12/18,6,3
Liver,MT-CO1,CD4_T,IT→IA,IT,IA,4.731893,4.727611,-0.1000000014901161,↓,0.662338,NS,18/30,6,5
Liver,MT-CO1,CD4_T,IA→AR,IA,AR,4.727611,4.6327477,-2.0,↓,0.571429,NS,10/15,5,3
Liver,MT-CO1,CD4_T,CR→AR,CR,AR,4.6912503,4.6327477,-1.2000000476837158,↓,1.0,NS,5/9,3,3
Liver,MT-CO1,CD8_T,NL→IT,NL,IT,4.564682,4.787928,4.900000095367432,↑,0.093074,†,29/36,6,6
Liver,MT-CO1,CD8_T,NL→IA,NL,IA,4.564682,4.732621,3.700000047683716,↑,0.428571,NS,20/30,6,5
Liver,MT-CO1,CD8_T,NL→AR,NL,AR,4.564682,4.651554,1.899999976158142,↑,0.714286,NS,11/18,6,3
Liver,MT-CO1,CD8_T,NL→CR,NL,CR,4.564682,4.7095165,3.200000047683716,↑,0.547619,NS,12/18,6,3
Liver,MT-CO1,CD8_T,IT→IA,IT,IA,4.787928,4.732621,-1.2000000476837158,↓,0.662338,NS,18/30,6,5
Liver,MT-CO1,CD8_T,IA→AR,IA,AR,4.732621,4.651554,-1.7000000476837158,↓,0.785714,NS,9/15,5,3
Liver,MT-CO1,CD8_T,CR→AR,CR,AR,4.7095165,4.651554,-1.2000000476837158,↓,1.0,NS,5/9,3,3
Liver,MT-CO1,NK,NL→IT,NL,IT,4.7004743,4.8174233,2.5,↑,0.309524,NS,25/36,6,6
Liver,MT-CO1,NK,NL→IA,NL,IA,4.7004743,4.8463187,3.0999999046325684,↑,0.536797,NS,19/30,6,5
Liver,MT-CO1,NK,NL→AR,NL,AR,4.7004743,4.7633286,1.2999999523162842,↑,0.904762,NS,10/18,6,3
Liver,MT-CO1,NK,NL→CR,NL,CR,4.7004743,4.7701583,1.5,↑,0.904762,NS,10/18,6,3
Liver,MT-CO1,NK,IT→IA,IT,IA,4.8174233,4.8463187,0.6000000238418579,↑,0.662338,NS,12/30,6,5
Liver,MT-CO1,NK,IA→AR,IA,AR,4.8463187,4.7633286,-1.7000000476837158,↓,0.571429,NS,10/15,5,3
Liver,MT-CO1,NK,CR→AR,CR,AR,4.7701583,4.7633286,-0.1000000014901161,↓,1.0,NS,5/9,3,3
Liver,MT-CO1,B,NL→IT,NL,IT,4.782699,4.7876415,0.1000000014901161,↑,0.662338,NS,18/30,6,5
Liver,MT-CO1,B,NL→IA,NL,IA,4.782699,4.875289,1.899999976158142,↑,0.662338,NS,18/30,6,5
Liver,MT-CO1,B,NL→AR,NL,AR,4.782699,4.8883767,2.200000047683716,↑,0.547619,NS,12/18,6,3
Liver,MT-CO1,B,NL→CR,NL,CR,4.782699,4.8704667,1.7999999523162842,↑,0.380952,NS,13/18,6,3
Liver,MT-CO1,B,IT→IA,IT,IA,4.7876415,4.875289,1.7999999523162842,↑,0.84127,NS,14/25,5,5
Liver,MT-CO1,B,IA→AR,IA,AR,4.875289,4.8883767,0.3000000119209289,↑,1.0,NS,8/15,5,3
Liver,MT-CO1,B,CR→AR,CR,AR,4.8704667,4.8883767,0.4000000059604645,↑,1.0,NS,5/9,3,3
Liver,MT-CO1,PlasmaB,NL→IT,NL,IT,3.3977711,3.8586173,13.600000381469728,↑,0.125541,NS,24/30,6,5
Liver,MT-CO1,PlasmaB,NL→IA,NL,IA,3.3977711,4.3064833,26.700000762939453,↑,0.017316,*,28/30,6,5
Liver,MT-CO1,PlasmaB,NL→AR,NL,AR,3.3977711,4.1135373,21.100000381469727,↑,0.166667,NS,15/18,6,3
Liver,MT-CO1,PlasmaB,NL→CR,NL,CR,3.3977711,3.8368368,12.899999618530272,↑,0.166667,NS,15/18,6,3
Liver,MT-CO1,PlasmaB,IT→IA,IT,IA,3.8586173,4.3064833,11.600000381469728,↑,0.095238,†,21/25,5,5
Liver,MT-CO1,PlasmaB,IA→AR,IA,AR,4.3064833,4.1135373,-4.5,↓,0.392857,NS,11/15,5,3
Liver,MT-CO1,PlasmaB,CR→AR,CR,AR,3.8368368,4.1135373,7.199999809265137,↑,0.2,NS,8/9,3,3
Liver,MT-CYB,Myeloid,NL→IT,NL,IT,3.195096,3.3825293,5.900000095367432,↑,0.309524,NS,25/36,6,6
Liver,MT-CYB,Myeloid,NL→IA,NL,IA,3.195096,3.509091,9.800000190734863,↑,0.125541,NS,24/30,6,5
Liver,MT-CYB,Myeloid,NL→AR,NL,AR,3.195096,3.5657787,11.600000381469728,↑,0.02381,*,18/18,6,3
Liver,MT-CYB,Myeloid,NL→CR,NL,CR,3.195096,3.5786126,12.0,↑,0.095238,†,16/18,6,3
Liver,MT-CYB,Myeloid,IT→IA,IT,IA,3.3825293,3.509091,3.700000047683716,↑,0.536797,NS,19/30,6,5
Liver,MT-CYB,Myeloid,IA→AR,IA,AR,3.509091,3.5657787,1.600000023841858,↑,0.571429,NS,10/15,5,3
Liver,MT-CYB,Myeloid,CR→AR,CR,AR,3.5786126,3.5657787,-0.4000000059604645,↓,0.7,NS,6/9,3,3
Liver,MT-CYB,CD4_T,NL→IT,NL,IT,3.3174517,3.7521095,13.100000381469728,↑,0.025974,*,32/36,6,6
Liver,MT-CYB,CD4_T,NL→IA,NL,IA,3.3174517,3.8911443,17.299999237060547,↑,0.017316,*,28/30,6,5
Liver,MT-CYB,CD4_T,NL→AR,NL,AR,3.3174517,3.796519,14.399999618530272,↑,0.02381,*,18/18,6,3
Liver,MT-CYB,CD4_T,NL→CR,NL,CR,3.3174517,3.7440317,12.899999618530272,↑,0.047619,*,17/18,6,3
Liver,MT-CYB,CD4_T,IT→IA,IT,IA,3.7521095,3.8911443,3.700000047683716,↑,0.428571,NS,20/30,6,5
Liver,MT-CYB,CD4_T,IA→AR,IA,AR,3.8911443,3.796519,-2.400000095367432,↓,1.0,NS,8/15,5,3
Liver,MT-CYB,CD4_T,CR→AR,CR,AR,3.7440317,3.796519,1.399999976158142,↑,1.0,NS,5/9,3,3
Liver,MT-CYB,CD8_T,NL→IT,NL,IT,3.2476368,3.6586702,12.699999809265137,↑,0.132035,NS,28/36,6,6
Liver,MT-CYB,CD8_T,NL→IA,NL,IA,3.2476368,3.7256248,14.699999809265137,↑,0.125541,NS,24/30,6,5
Liver,MT-CYB,CD8_T,NL→AR,NL,AR,3.2476368,3.6554925,12.600000381469728,↑,0.166667,NS,15/18,6,3
Liver,MT-CYB,CD8_T,NL→CR,NL,CR,3.2476368,3.469863,6.800000190734863,↑,0.714286,NS,11/18,6,3
Liver,MT-CYB,CD8_T,IT→IA,IT,IA,3.6586702,3.7256248,1.7999999523162842,↑,1.0,NS,15/30,6,5
Liver,MT-CYB,CD8_T,IA→AR,IA,AR,3.7256248,3.6554925,-1.899999976158142,↓,1.0,NS,8/15,5,3
Liver,MT-CYB,CD8_T,CR→AR,CR,AR,3.469863,3.6554925,5.300000190734863,↑,0.7,NS,6/9,3,3
Liver,MT-CYB,NK,NL→IT,NL,IT,3.3378897,3.6604283,9.699999809265137,↑,0.24026,NS,26/36,6,6
Liver,MT-CYB,NK,NL→IA,NL,IA,3.3378897,3.7108657,11.199999809265137,↑,0.329004,NS,21/30,6,5
Liver,MT-CYB,NK,NL→AR,NL,AR,3.3378897,3.7738202,13.100000381469728,↑,0.047619,*,17/18,6,3
Liver,MT-CYB,NK,NL→CR,NL,CR,3.3378897,3.536576,6.0,↑,0.547619,NS,12/18,6,3
Liver,MT-CYB,NK,IT→IA,IT,IA,3.6604283,3.7108657,1.399999976158142,↑,0.792208,NS,13/30,6,5
Liver,MT-CYB,NK,IA→AR,IA,AR,3.7108657,3.7738202,1.7000000476837158,↑,0.571429,NS,10/15,5,3
Liver,MT-CYB,NK,CR→AR,CR,AR,3.536576,3.7738202,6.699999809265137,↑,0.1,NS,9/9,3,3
Liver,MT-CYB,B,NL→IT,NL,IT,3.84882,3.9454255,2.5,↑,0.662338,NS,18/30,6,5
Liver,MT-CYB,B,NL→IA,NL,IA,3.84882,4.02984,4.699999809265137,↑,0.428571,NS,20/30,6,5
Liver,MT-CYB,B,NL→AR,NL,AR,3.84882,4.105726,6.699999809265137,↑,0.261905,NS,14/18,6,3
Liver,MT-CYB,B,NL→CR,NL,CR,3.84882,4.1378,7.5,↑,0.166667,NS,15/18,6,3
Liver,MT-CYB,B,IT→IA,IT,IA,3.9454255,4.02984,2.0999999046325684,↑,0.547619,NS,16/25,5,5
Liver,MT-CYB,B,IA→AR,IA,AR,4.02984,4.105726,1.899999976158142,↑,1.0,NS,8/15,5,3
Liver,MT-CYB,B,CR→AR,CR,AR,4.1378,4.105726,-0.800000011920929,↓,1.0,NS,5/9,3,3
Liver,MT-CYB,PlasmaB,NL→IT,NL,IT,2.3839161,3.0118306,26.299999237060547,↑,0.008658,**,29/30,6,5
Liver,MT-CYB,PlasmaB,NL→IA,NL,IA,2.3839161,3.3040898,38.59999847412109,↑,0.004329,**,30/30,6,5
Liver,MT-CYB,PlasmaB,NL→AR,NL,AR,2.3839161,3.1785572,33.29999923706055,↑,0.02381,*,18/18,6,3
Liver,MT-CYB,PlasmaB,NL→CR,NL,CR,2.3839161,3.0592902,28.299999237060547,↑,0.02381,*,18/18,6,3
Liver,MT-CYB,PlasmaB,IT→IA,IT,IA,3.0118306,3.3040898,9.699999809265137,↑,0.095238,†,21/25,5,5
Liver,MT-CYB,PlasmaB,IA→AR,IA,AR,3.3040898,3.1785572,-3.799999952316284,↓,0.785714,NS,9/15,5,3
Liver,MT-CYB,PlasmaB,CR→AR,CR,AR,3.0592902,3.1785572,3.900000095367432,↑,0.7,NS,6/9,3,3
Liver,MT-ND1,Myeloid,NL→IT,NL,IT,2.8069103,2.9441216,4.900000095367432,↑,0.484848,NS,23/36,6,6
Liver,MT-ND1,Myeloid,NL→IA,NL,IA,2.8069103,2.87674,2.5,↑,0.662338,NS,18/30,6,5
Liver,MT-ND1,Myeloid,NL→AR,NL,AR,2.8069103,2.9738934,5.900000095367432,↑,0.380952,NS,13/18,6,3
Liver,MT-ND1,Myeloid,NL→CR,NL,CR,2.8069103,3.0013225,6.900000095367432,↑,0.261905,NS,14/18,6,3
Liver,MT-ND1,Myeloid,IT→IA,IT,IA,2.9441216,2.87674,-2.299999952316284,↓,1.0,NS,15/30,6,5
Liver,MT-ND1,Myeloid,IA→AR,IA,AR,2.87674,2.9738934,3.400000095367432,↑,1.0,NS,7/15,5,3
Liver,MT-ND1,Myeloid,CR→AR,CR,AR,3.0013225,2.9738934,-0.8999999761581421,↓,1.0,NS,4/9,3,3
Liver,MT-ND1,CD4_T,NL→IT,NL,IT,2.6973326,2.9497092,9.399999618530272,↑,0.24026,NS,26/36,6,6
Liver,MT-ND1,CD4_T,NL→IA,NL,IA,2.6973326,2.9441295,9.100000381469728,↑,0.177489,NS,23/30,6,5
Liver,MT-ND1,CD4_T,NL→AR,NL,AR,2.6973326,2.949341,9.300000190734863,↑,0.095238,†,16/18,6,3
Liver,MT-ND1,CD4_T,NL→CR,NL,CR,2.6973326,3.0131428,11.699999809265137,↑,0.095238,†,16/18,6,3
Liver,MT-ND1,CD4_T,IT→IA,IT,IA,2.9497092,2.9441295,-0.2000000029802322,↓,0.930736,NS,16/30,6,5
Liver,MT-ND1,CD4_T,IA→AR,IA,AR,2.9441295,2.949341,0.2000000029802322,↑,1.0,NS,7/15,5,3
Liver,MT-ND1,CD4_T,CR→AR,CR,AR,3.0131428,2.949341,-2.0999999046325684,↓,0.7,NS,6/9,3,3
Liver,MT-ND1,CD8_T,NL→IT,NL,IT,2.6041892,3.0600758,17.5,↑,0.041126,*,31/36,6,6
Liver,MT-ND1,CD8_T,NL→IA,NL,IA,2.6041892,2.8612723,9.899999618530272,↑,0.329004,NS,21/30,6,5
Liver,MT-ND1,CD8_T,NL→AR,NL,AR,2.6041892,2.8270404,8.600000381469727,↑,0.380952,NS,13/18,6,3
Liver,MT-ND1,CD8_T,NL→CR,NL,CR,2.6041892,2.8582687,9.800000190734863,↑,0.380952,NS,13/18,6,3
Liver,MT-ND1,CD8_T,IT→IA,IT,IA,3.0600758,2.8612723,-6.5,↓,0.329004,NS,21/30,6,5
Liver,MT-ND1,CD8_T,IA→AR,IA,AR,2.8612723,2.8270404,-1.2000000476837158,↓,0.785714,NS,6/15,5,3
Liver,MT-ND1,CD8_T,CR→AR,CR,AR,2.8582687,2.8270404,-1.100000023841858,↓,1.0,NS,5/9,3,3
Liver,MT-ND1,NK,NL→IT,NL,IT,2.356449,2.6434705,12.199999809265137,↑,0.24026,NS,26/36,6,6
Liver,MT-ND1,NK,NL→IA,NL,IA,2.356449,2.6679392,13.199999809265137,↑,0.329004,NS,21/30,6,5
Liver,MT-ND1,NK,NL→AR,NL,AR,2.356449,2.760852,17.200000762939453,↑,0.261905,NS,14/18,6,3
Liver,MT-ND1,NK,NL→CR,NL,CR,2.356449,2.6954613,14.399999618530272,↑,0.261905,NS,14/18,6,3
Liver,MT-ND1,NK,IT→IA,IT,IA,2.6434705,2.6679392,0.8999999761581421,↑,0.930736,NS,14/30,6,5
Liver,MT-ND1,NK,IA→AR,IA,AR,2.6679392,2.760852,3.5,↑,0.571429,NS,10/15,5,3
Liver,MT-ND1,NK,CR→AR,CR,AR,2.6954613,2.760852,2.400000095367432,↑,1.0,NS,5/9,3,3
Liver,MT-ND1,B,NL→IT,NL,IT,2.9402199,3.0333447,3.200000047683716,↑,0.329004,NS,21/30,6,5
Liver,MT-ND1,B,NL→IA,NL,IA,2.9402199,3.0234628,2.799999952316284,↑,0.930736,NS,16/30,6,5
Liver,MT-ND1,B,NL→AR,NL,AR,2.9402199,3.2202861,9.5,↑,0.166667,NS,15/18,6,3
Liver,MT-ND1,B,NL→CR,NL,CR,2.9402199,3.227295,9.800000190734863,↑,0.095238,†,16/18,6,3
Liver,MT-ND1,B,IT→IA,IT,IA,3.0333447,3.0234628,-0.3000000119209289,↓,0.84127,NS,14/25,5,5
Liver,MT-ND1,B,IA→AR,IA,AR,3.0234628,3.2202861,6.5,↑,0.392857,NS,11/15,5,3
Liver,MT-ND1,B,CR→AR,CR,AR,3.227295,3.2202861,-0.2000000029802322,↓,1.0,NS,4/9,3,3
Liver,MT-ND1,PlasmaB,NL→IT,NL,IT,1.7634238,2.467977,40.0,↑,0.004329,**,30/30,6,5
Liver,MT-ND1,PlasmaB,NL→IA,NL,IA,1.7634238,2.5878909,46.79999923706055,↑,0.004329,**,30/30,6,5
Liver,MT-ND1,PlasmaB,NL→AR,NL,AR,1.7634238,2.3255024,31.899999618530277,↑,0.02381,*,18/18,6,3
Liver,MT-ND1,PlasmaB,NL→CR,NL,CR,1.7634238,2.4584997,39.400001525878906,↑,0.02381,*,18/18,6,3
Liver,MT-ND1,PlasmaB,IT→IA,IT,IA,2.467977,2.5878909,4.900000095367432,↑,0.547619,NS,16/25,5,5
Liver,MT-ND1,PlasmaB,IA→AR,IA,AR,2.5878909,2.3255024,-10.100000381469728,↓,0.392857,NS,11/15,5,3
Liver,MT-ND1,PlasmaB,CR→AR,CR,AR,2.4584997,2.3255024,-5.400000095367432,↓,0.7,NS,6/9,3,3
Liver,MT-ND2,Myeloid,NL→IT,NL,IT,2.332425,2.2844427,-2.0999999046325684,↓,0.937229,NS,19/36,6,6
Liver,MT-ND2,Myeloid,NL→IA,NL,IA,2.332425,2.372197,1.7000000476837158,↑,1.0,NS,15/30,6,5
Liver,MT-ND2,Myeloid,NL→AR,NL,AR,2.332425,2.6616418,14.100000381469728,↑,0.261905,NS,14/18,6,3
Liver,MT-ND2,Myeloid,NL→CR,NL,CR,2.332425,2.680217,14.899999618530272,↑,0.380952,NS,13/18,6,3
Liver,MT-ND2,Myeloid,IT→IA,IT,IA,2.2844427,2.372197,3.799999952316284,↑,0.662338,NS,18/30,6,5
Liver,MT-ND2,Myeloid,IA→AR,IA,AR,2.372197,2.6616418,12.199999809265137,↑,1.0,NS,8/15,5,3
Liver,MT-ND2,Myeloid,CR→AR,CR,AR,2.680217,2.6616418,-0.699999988079071,↓,1.0,NS,5/9,3,3
Liver,MT-ND2,CD4_T,NL→IT,NL,IT,2.189889,2.546003,16.299999237060547,↑,0.132035,NS,28/36,6,6
Liver,MT-ND2,CD4_T,NL→IA,NL,IA,2.189889,2.4095879,10.0,↑,0.329004,NS,21/30,6,5
Liver,MT-ND2,CD4_T,NL→AR,NL,AR,2.189889,2.5149257,14.800000190734863,↑,0.166667,NS,15/18,6,3
Liver,MT-ND2,CD4_T,NL→CR,NL,CR,2.189889,2.5591002,16.899999618530273,↑,0.166667,NS,15/18,6,3
Liver,MT-ND2,CD4_T,IT→IA,IT,IA,2.546003,2.4095879,-5.400000095367432,↓,0.536797,NS,19/30,6,5
Liver,MT-ND2,CD4_T,IA→AR,IA,AR,2.4095879,2.5149257,4.400000095367432,↑,1.0,NS,7/15,5,3
Liver,MT-ND2,CD4_T,CR→AR,CR,AR,2.5591002,2.5149257,-1.7000000476837158,↓,0.7,NS,6/9,3,3
Liver,MT-ND2,CD8_T,NL→IT,NL,IT,2.1503541,2.6418107,22.899999618530277,↑,0.041126,*,31/36,6,6
Liver,MT-ND2,CD8_T,NL→IA,NL,IA,2.1503541,2.3405843,8.800000190734863,↑,0.428571,NS,20/30,6,5
Liver,MT-ND2,CD8_T,NL→AR,NL,AR,2.1503541,2.3108337,7.5,↑,0.380952,NS,13/18,6,3
Liver,MT-ND2,CD8_T,NL→CR,NL,CR,2.1503541,2.3930604,11.300000190734863,↑,0.380952,NS,13/18,6,3
Liver,MT-ND2,CD8_T,IT→IA,IT,IA,2.6418107,2.3405843,-11.399999618530272,↓,0.177489,NS,23/30,6,5
Liver,MT-ND2,CD8_T,IA→AR,IA,AR,2.3405843,2.3108337,-1.2999999523162842,↓,0.571429,NS,10/15,5,3
Liver,MT-ND2,CD8_T,CR→AR,CR,AR,2.3930604,2.3108337,-3.400000095367432,↓,0.7,NS,6/9,3,3
Liver,MT-ND2,NK,NL→IT,NL,IT,1.947454,2.2247999,14.199999809265137,↑,0.093074,†,29/36,6,6
Liver,MT-ND2,NK,NL→IA,NL,IA,1.947454,2.1416698,10.0,↑,0.246753,NS,22/30,6,5
Liver,MT-ND2,NK,NL→AR,NL,AR,1.947454,2.3192654,19.100000381469727,↑,0.095238,†,16/18,6,3
Liver,MT-ND2,NK,NL→CR,NL,CR,1.947454,2.2348778,14.800000190734863,↑,0.166667,NS,15/18,6,3
Liver,MT-ND2,NK,IT→IA,IT,IA,2.2247999,2.1416698,-3.700000047683716,↓,0.662338,NS,18/30,6,5
Liver,MT-ND2,NK,IA→AR,IA,AR,2.1416698,2.3192654,8.300000190734863,↑,0.571429,NS,10/15,5,3
Liver,MT-ND2,NK,CR→AR,CR,AR,2.2348778,2.3192654,3.799999952316284,↑,1.0,NS,5/9,3,3
Liver,MT-ND2,B,NL→IT,NL,IT,2.5089982,2.635835,5.099999904632568,↑,0.329004,NS,21/30,6,5
Liver,MT-ND2,B,NL→IA,NL,IA,2.5089982,2.4400578,-2.700000047683716,↓,0.930736,NS,14/30,6,5
Liver,MT-ND2,B,NL→AR,NL,AR,2.5089982,2.6693287,6.400000095367432,↑,0.261905,NS,14/18,6,3
Liver,MT-ND2,B,NL→CR,NL,CR,2.5089982,2.7162867,8.300000190734863,↑,0.166667,NS,15/18,6,3
Liver,MT-ND2,B,IT→IA,IT,IA,2.635835,2.4400578,-7.400000095367432,↓,0.690476,NS,15/25,5,5
Liver,MT-ND2,B,IA→AR,IA,AR,2.4400578,2.6693287,9.399999618530272,↑,0.392857,NS,11/15,5,3
Liver,MT-ND2,B,CR→AR,CR,AR,2.7162867,2.6693287,-1.7000000476837158,↓,1.0,NS,5/9,3,3
Liver,MT-ND2,PlasmaB,NL→IT,NL,IT,1.3388982,2.087092,55.900001525878906,↑,0.017316,*,28/30,6,5
Liver,MT-ND2,PlasmaB,NL→IA,NL,IA,1.3388982,2.0409102,52.400001525878906,↑,0.030303,*,27/30,6,5
Liver,MT-ND2,PlasmaB,NL→AR,NL,AR,1.3388982,1.8163282,35.70000076293945,↑,0.047619,*,17/18,6,3
Liver,MT-ND2,PlasmaB,NL→CR,NL,CR,1.3388982,2.0181372,50.70000076293945,↑,0.047619,*,17/18,6,3
Liver,MT-ND2,PlasmaB,IT→IA,IT,IA,2.087092,2.0409102,-2.200000047683716,↓,0.84127,NS,14/25,5,5
Liver,MT-ND2,PlasmaB,IA→AR,IA,AR,2.0409102,1.8163282,-11.0,↓,0.785714,NS,9/15,5,3
Liver,MT-ND2,PlasmaB,CR→AR,CR,AR,2.0181372,1.8163282,-10.0,↓,0.7,NS,6/9,3,3
Liver,MTOR,Myeloid,NL→IT,NL,IT,0.017147886,0.07327526,327.29998779296875,↑,0.034087,*,30/36,6,6
Liver,MTOR,Myeloid,NL→IA,NL,IA,0.017147886,0.02588163,50.900001525878906,↑,0.842187,NS,12/30,6,5
Liver,MTOR,Myeloid,NL→AR,NL,AR,0.017147886,0.064628355,276.8999938964844,↑,0.280713,NS,12/18,6,3
Liver,MTOR,Myeloid,NL→CR,NL,CR,0.017147886,0.10617158,519.2000122070312,↑,0.025601,*,18/18,6,3
Liver,MTOR,Myeloid,IT→IA,IT,IA,0.07327526,0.02588163,-64.69999694824219,↓,0.061664,†,24/30,6,5
Liver,MTOR,Myeloid,IA→AR,IA,AR,0.02588163,0.064628355,149.6999969482422,↑,0.266236,NS,10/15,5,3
Liver,MTOR,Myeloid,CR→AR,CR,AR,0.10617158,0.064628355,-39.09999847412109,↓,0.7,NS,6/9,3,3
Liver,MTOR,CD4_T,NL→IT,NL,IT,0.039353434,0.1002931,154.89999389648438,↑,0.008658,**,34/36,6,6
Liver,MTOR,CD4_T,NL→IA,NL,IA,0.039353434,0.07242568,84.0,↑,0.051948,†,26/30,6,5
Liver,MTOR,CD4_T,NL→AR,NL,AR,0.039353434,0.061835397,57.09999847412109,↑,0.380952,NS,13/18,6,3
Liver,MTOR,CD4_T,NL→CR,NL,CR,0.039353434,0.074777715,90.0,↑,0.095238,†,16/18,6,3
Liver,MTOR,CD4_T,IT→IA,IT,IA,0.1002931,0.07242568,-27.799999237060547,↓,0.329004,NS,21/30,6,5
Liver,MTOR,CD4_T,IA→AR,IA,AR,0.07242568,0.061835397,-14.600000381469728,↓,1.0,NS,8/15,5,3
Liver,MTOR,CD4_T,CR→AR,CR,AR,0.074777715,0.061835397,-17.299999237060547,↓,0.7,NS,6/9,3,3
Liver,MTOR,CD8_T,NL→IT,NL,IT,0.048386488,0.08426302,74.0999984741211,↑,0.132035,NS,28/36,6,6
Liver,MTOR,CD8_T,NL→IA,NL,IA,0.048386488,0.076650545,58.400001525878906,↑,0.125541,NS,24/30,6,5
Liver,MTOR,CD8_T,NL→AR,NL,AR,0.048386488,0.07282304,50.5,↑,0.261905,NS,14/18,6,3
Liver,MTOR,CD8_T,NL→CR,NL,CR,0.048386488,0.076896235,58.900001525878906,↑,0.02381,*,18/18,6,3
Liver,MTOR,CD8_T,IT→IA,IT,IA,0.08426302,0.076650545,-9.0,↓,1.0,NS,15/30,6,5
Liver,MTOR,CD8_T,IA→AR,IA,AR,0.076650545,0.07282304,-5.0,↓,1.0,NS,8/15,5,3
Liver,MTOR,CD8_T,CR→AR,CR,AR,0.076896235,0.07282304,-5.300000190734863,↓,0.7,NS,3/9,3,3
Liver,MTOR,NK,NL→IT,NL,IT,0.05678447,0.0727193,28.100000381469727,↑,0.179654,NS,27/36,6,6
Liver,MTOR,NK,NL→IA,NL,IA,0.05678447,0.07305957,28.700000762939453,↑,0.125541,NS,24/30,6,5
Liver,MTOR,NK,NL→AR,NL,AR,0.05678447,0.074908234,31.899999618530277,↑,0.380952,NS,13/18,6,3
Liver,MTOR,NK,NL→CR,NL,CR,0.05678447,0.08480466,49.29999923706055,↑,0.047619,*,17/18,6,3
Liver,MTOR,NK,IT→IA,IT,IA,0.0727193,0.07305957,0.5,↑,0.662338,NS,18/30,6,5
Liver,MTOR,NK,IA→AR,IA,AR,0.07305957,0.074908234,2.5,↑,0.785714,NS,9/15,5,3
Liver,MTOR,NK,CR→AR,CR,AR,0.08480466,0.074908234,-11.699999809265137,↓,0.7,NS,6/9,3,3
Liver,MTOR,B,NL→IT,NL,IT,0.0573252,0.07325961,27.799999237060547,↑,0.360216,NS,20/30,6,5
Liver,MTOR,B,NL→IA,NL,IA,0.0573252,0.075170316,31.100000381469727,↑,0.662338,NS,18/30,6,5
Liver,MTOR,B,NL→AR,NL,AR,0.0573252,0.04590724,-19.899999618530277,↓,0.904762,NS,10/18,6,3
Liver,MTOR,B,NL→CR,NL,CR,0.0573252,0.08676922,51.400001525878906,↑,0.547619,NS,12/18,6,3
Liver,MTOR,B,IT→IA,IT,IA,0.07325961,0.075170316,2.5999999046325684,↑,0.690476,NS,15/25,5,5
Liver,MTOR,B,IA→AR,IA,AR,0.075170316,0.04590724,-38.900001525878906,↓,0.571429,NS,10/15,5,3
Liver,MTOR,B,CR→AR,CR,AR,0.08676922,0.04590724,-47.09999847412109,↓,0.2,NS,8/9,3,3
Liver,MTOR,PlasmaB,NL→IT,NL,IT,0.057759587,0.09905188,71.5,↑,0.177489,NS,23/30,6,5
Liver,MTOR,PlasmaB,NL→IA,NL,IA,0.057759587,0.10493872,81.69999694824219,↑,0.464192,NS,19/30,6,5
Liver,MTOR,PlasmaB,NL→AR,NL,AR,0.057759587,0.061932344,7.199999809265137,↑,1.0,NS,8/18,6,3
Liver,MTOR,PlasmaB,NL→CR,NL,CR,0.057759587,0.08452397,46.29999923706055,↑,0.904762,NS,10/18,6,3
Liver,MTOR,PlasmaB,IT→IA,IT,IA,0.09905188,0.10493872,5.900000095367432,↑,0.547619,NS,9/25,5,5
Liver,MTOR,PlasmaB,IA→AR,IA,AR,0.10493872,0.061932344,-41.0,↓,0.652783,NS,9/15,5,3
Liver,MTOR,PlasmaB,CR→AR,CR,AR,0.08452397,0.061932344,-26.700000762939453,↓,1.0,NS,5/9,3,3
Liver,MYB,Myeloid,NL→IT,NL,IT,0.0,0.0023592422,99999.0,↑,0.07401,†,18/36,6,6
Liver,MYB,Myeloid,NL→IA,NL,IA,0.0,0.0016867043,99999.0,↑,0.36131,NS,6/30,6,5
Liver,MYB,Myeloid,NL→AR,NL,AR,0.0,0.0,0.0,↑,1.0,NS,0/18,6,3
Liver,MYB,Myeloid,NL→CR,NL,CR,0.0,0.0,0.0,↑,1.0,NS,0/18,6,3
Liver,MYB,Myeloid,IT→IA,IT,IA,0.0023592422,0.0016867043,-28.5,↓,0.597048,NS,12/30,6,5
Liver,MYB,Myeloid,IA→AR,IA,AR,0.0016867043,0.0,-100.0,↓,0.605577,NS,3/15,5,3
Liver,MYB,Myeloid,CR→AR,CR,AR,0.0,0.0,0.0,↑,1.0,NS,0/9,3,3
Liver,MYB,CD4_T,NL→IT,NL,IT,0.004819794,0.006955372,44.29999923706055,↑,0.415063,NS,22/36,6,6
Liver,MYB,CD4_T,NL→IA,NL,IA,0.004819794,0.007578471,57.20000076293945,↑,0.231045,NS,22/30,6,5
Liver,MYB,CD4_T,NL→AR,NL,AR,0.004819794,0.004046786,-16.0,↓,0.35802,NS,5/18,6,3
Liver,MYB,CD4_T,NL→CR,NL,CR,0.004819794,0.0033453002,-30.600000381469727,↓,1.0,NS,7/18,6,3
Liver,MYB,CD4_T,IT→IA,IT,IA,0.006955372,0.007578471,9.0,↑,0.792208,NS,13/30,6,5
Liver,MYB,CD4_T,IA→AR,IA,AR,0.007578471,0.004046786,-46.59999847412109,↓,0.392857,NS,11/15,5,3
Liver,MYB,CD4_T,CR→AR,CR,AR,0.0033453002,0.004046786,21.0,↑,1.0,NS,5/9,3,3
Liver,MYB,CD8_T,NL→IT,NL,IT,0.0050680987,0.006504415,28.299999237060547,↑,0.872559,NS,19/36,6,6
Liver,MYB,CD8_T,NL→IA,NL,IA,0.0050680987,0.010237658,102.0,↑,0.428571,NS,20/30,6,5
Liver,MYB,CD8_T,NL→AR,NL,AR,0.0050680987,0.0035438153,-30.100000381469727,↓,0.547619,NS,12/18,6,3
Liver,MYB,CD8_T,NL→CR,NL,CR,0.0050680987,0.001531412,-69.80000305175781,↓,0.119782,NS,15/18,6,3
Liver,MYB,CD8_T,IT→IA,IT,IA,0.006504415,0.010237658,57.400001525878906,↑,0.662338,NS,18/30,6,5
Liver,MYB,CD8_T,IA→AR,IA,AR,0.010237658,0.0035438153,-65.4000015258789,↓,0.071429,†,14/15,5,3
Liver,MYB,CD8_T,CR→AR,CR,AR,0.001531412,0.0035438153,131.39999389648438,↑,0.4,NS,7/9,3,3
Liver,MYB,NK,NL→IT,NL,IT,0.0034325924,0.00296855,-13.5,↓,0.935736,NS,16/36,6,6
Liver,MYB,NK,NL→IA,NL,IA,0.0034325924,0.0022194886,-35.29999923706055,↓,1.0,NS,14/30,6,5
Liver,MYB,NK,NL→AR,NL,AR,0.0034325924,0.00289381,-15.699999809265137,↓,1.0,NS,8/18,6,3
Liver,MYB,NK,NL→CR,NL,CR,0.0034325924,0.0016607712,-51.59999847412109,↓,0.604066,NS,11/18,6,3
Liver,MYB,NK,IT→IA,IT,IA,0.00296855,0.0022194886,-25.200000762939453,↓,0.782252,NS,16/30,6,5
Liver,MYB,NK,IA→AR,IA,AR,0.0022194886,0.00289381,30.399999618530277,↑,0.880791,NS,8/15,5,3
Liver,MYB,NK,CR→AR,CR,AR,0.0016607712,0.00289381,74.19999694824219,↑,0.824778,NS,5/9,3,3
Liver,MYB,B,NL→IT,NL,IT,0.014398915,0.05630367,291.0,↑,0.169289,NS,17/30,6,5
Liver,MYB,B,NL→IA,NL,IA,0.014398915,0.0036701683,-74.5,↓,0.642347,NS,5/30,6,5
Liver,MYB,B,NL→AR,NL,AR,0.014398915,0.010424347,-27.600000381469727,↓,0.859684,NS,3/18,6,3
Liver,MYB,B,NL→CR,NL,CR,0.014398915,0.0037959164,-73.5999984741211,↓,0.859684,NS,3/18,6,3
Liver,MYB,B,IT→IA,IT,IA,0.05630367,0.0036701683,-93.5,↓,0.372748,NS,14/25,5,5
Liver,MYB,B,IA→AR,IA,AR,0.0036701683,0.010424347,184.0,↑,1.0,NS,5/15,5,3
Liver,MYB,B,CR→AR,CR,AR,0.0037959164,0.010424347,174.60000610351562,↑,1.0,NS,3/9,3,3
Liver,MYB,PlasmaB,NL→IT,NL,IT,0.017375467,0.078844674,353.79998779296875,↑,0.053027,†,26/30,6,5
Liver,MYB,PlasmaB,NL→IA,NL,IA,0.017375467,0.07162652,312.20001220703125,↑,0.388861,NS,17/30,6,5
Liver,MYB,PlasmaB,NL→AR,NL,AR,0.017375467,0.12176976,600.7999877929688,↑,0.087825,†,16/18,6,3
Liver,MYB,PlasmaB,NL→CR,NL,CR,0.017375467,0.1237623,612.2999877929688,↑,0.048885,*,17/18,6,3
Liver,MYB,PlasmaB,IT→IA,IT,IA,0.078844674,0.07162652,-9.199999809265137,↓,0.675174,NS,15/25,5,5
Liver,MYB,PlasmaB,IA→AR,IA,AR,0.07162652,0.12176976,70.0,↑,0.368227,NS,11/15,5,3
Liver,MYB,PlasmaB,CR→AR,CR,AR,0.1237623,0.12176976,-1.600000023841858,↓,1.0,NS,5/9,3,3
Liver,MYC,Myeloid,NL→IT,NL,IT,0.058698032,0.08713246,48.400001525878906,↑,0.630356,NS,21/36,6,6
Liver,MYC,Myeloid,NL→IA,NL,IA,0.058698032,0.07740995,31.899999618530277,↑,0.782252,NS,12/30,6,5
Liver,MYC,Myeloid,NL→AR,NL,AR,0.058698032,0.014171988,-75.9000015258789,↓,0.436661,NS,12/18,6,3
Liver,MYC,Myeloid,NL→CR,NL,CR,0.058698032,0.04781701,-18.5,↓,0.904762,NS,8/18,6,3
Liver,MYC,Myeloid,IT→IA,IT,IA,0.08713246,0.07740995,-11.199999809265137,↓,0.645055,NS,17/30,6,5
Liver,MYC,Myeloid,IA→AR,IA,AR,0.07740995,0.014171988,-81.69999694824219,↓,0.541193,NS,9/15,5,3
Liver,MYC,Myeloid,CR→AR,CR,AR,0.04781701,0.014171988,-70.4000015258789,↓,0.4,NS,7/9,3,3
Liver,MYC,CD4_T,NL→IT,NL,IT,0.15819214,0.10242691,-35.29999923706055,↓,0.393939,NS,24/36,6,6
Liver,MYC,CD4_T,NL→IA,NL,IA,0.15819214,0.1667377,5.400000095367432,↑,1.0,NS,15/30,6,5
Liver,MYC,CD4_T,NL→AR,NL,AR,0.15819214,0.083877854,-47.0,↓,0.904762,NS,10/18,6,3
Liver,MYC,CD4_T,NL→CR,NL,CR,0.15819214,0.10809354,-31.700000762939453,↓,0.904762,NS,10/18,6,3
Liver,MYC,CD4_T,IT→IA,IT,IA,0.10242691,0.1667377,62.79999923706055,↑,0.792208,NS,17/30,6,5
Liver,MYC,CD4_T,IA→AR,IA,AR,0.1667377,0.083877854,-49.70000076293945,↓,0.571429,NS,10/15,5,3
Liver,MYC,CD4_T,CR→AR,CR,AR,0.10809354,0.083877854,-22.399999618530277,↓,0.4,NS,7/9,3,3
Liver,MYC,CD8_T,NL→IT,NL,IT,0.14081986,0.15942669,13.199999809265137,↑,0.588745,NS,22/36,6,6
Liver,MYC,CD8_T,NL→IA,NL,IA,0.14081986,0.15396032,9.300000190734863,↑,0.246753,NS,8/30,6,5
Liver,MYC,CD8_T,NL→AR,NL,AR,0.14081986,0.05038734,-64.19999694824219,↓,0.047619,*,17/18,6,3
Liver,MYC,CD8_T,NL→CR,NL,CR,0.14081986,0.06898501,-51.0,↓,0.095238,†,16/18,6,3
Liver,MYC,CD8_T,IT→IA,IT,IA,0.15942669,0.15396032,-3.400000095367432,↓,0.246753,NS,22/30,6,5
Liver,MYC,CD8_T,IA→AR,IA,AR,0.15396032,0.05038734,-67.30000305175781,↓,0.142857,NS,13/15,5,3
Liver,MYC,CD8_T,CR→AR,CR,AR,0.06898501,0.05038734,-27.0,↓,0.4,NS,7/9,3,3
Liver,MYC,NK,NL→IT,NL,IT,0.12009735,0.1649053,37.29999923706055,↑,0.699134,NS,21/36,6,6
Liver,MYC,NK,NL→IA,NL,IA,0.12009735,0.16348216,36.09999847412109,↑,0.428571,NS,20/30,6,5
Liver,MYC,NK,NL→AR,NL,AR,0.12009735,0.09484566,-21.0,↓,0.714286,NS,11/18,6,3
Liver,MYC,NK,NL→CR,NL,CR,0.12009735,0.22934355,91.0,↑,0.547619,NS,12/18,6,3
Liver,MYC,NK,IT→IA,IT,IA,0.1649053,0.16348216,-0.8999999761581421,↓,0.930736,NS,16/30,6,5
Liver,MYC,NK,IA→AR,IA,AR,0.16348216,0.09484566,-42.0,↓,0.571429,NS,10/15,5,3
Liver,MYC,NK,CR→AR,CR,AR,0.22934355,0.09484566,-58.59999847412109,↓,0.4,NS,7/9,3,3
Liver,MYC,B,NL→IT,NL,IT,0.3833647,0.33857542,-11.699999809265137,↓,0.662338,NS,18/30,6,5
Liver,MYC,B,NL→IA,NL,IA,0.3833647,0.2954324,-22.899999618530277,↓,0.177489,NS,23/30,6,5
Liver,MYC,B,NL→AR,NL,AR,0.3833647,0.3004956,-21.600000381469727,↓,0.714286,NS,11/18,6,3
Liver,MYC,B,NL→CR,NL,CR,0.3833647,0.42638877,11.199999809265137,↑,1.0,NS,9/18,6,3
Liver,MYC,B,IT→IA,IT,IA,0.33857542,0.2954324,-12.699999809265137,↓,0.309524,NS,18/25,5,5
Liver,MYC,B,IA→AR,IA,AR,0.2954324,0.3004956,1.7000000476837158,↑,1.0,NS,8/15,5,3
Liver,MYC,B,CR→AR,CR,AR,0.42638877,0.3004956,-29.5,↓,1.0,NS,4/9,3,3
Liver,MYC,PlasmaB,NL→IT,NL,IT,0.20832767,0.069005266,-66.9000015258789,↓,0.054681,†,26/30,6,5
Liver,MYC,PlasmaB,NL→IA,NL,IA,0.20832767,0.12111799,-41.900001525878906,↓,0.177489,NS,23/30,6,5
Liver,MYC,PlasmaB,NL→AR,NL,AR,0.20832767,0.07521919,-63.900001525878906,↓,0.166667,NS,15/18,6,3
Liver,MYC,PlasmaB,NL→CR,NL,CR,0.20832767,0.03202564,-84.5999984741211,↓,0.02381,*,18/18,6,3
Liver,MYC,PlasmaB,IT→IA,IT,IA,0.069005266,0.12111799,75.5,↑,0.397615,NS,16/25,5,5
Liver,MYC,PlasmaB,IA→AR,IA,AR,0.12111799,0.07521919,-37.900001525878906,↓,0.880791,NS,8/15,5,3
Liver,MYC,PlasmaB,CR→AR,CR,AR,0.03202564,0.07521919,134.89999389648438,↑,0.824778,NS,5/9,3,3
Liver,NCAM1,Myeloid,NL→IT,NL,IT,0.006779875,0.05650939,733.5,↑,0.441788,NS,19/36,6,6
Liver,NCAM1,Myeloid,NL→IA,NL,IA,0.006779875,0.0012812495,-81.0999984741211,↓,0.56156,NS,10/30,6,5
Liver,NCAM1,Myeloid,NL→AR,NL,AR,0.006779875,0.045285672,567.9000244140625,↑,0.079616,†,16/18,6,3
Liver,NCAM1,Myeloid,NL→CR,NL,CR,0.006779875,0.0074754977,10.300000190734863,↑,0.887537,NS,8/18,6,3
Liver,NCAM1,Myeloid,IT→IA,IT,IA,0.05650939,0.0012812495,-97.6999969482422,↓,0.135378,NS,19/30,6,5
Liver,NCAM1,Myeloid,IA→AR,IA,AR,0.0012812495,0.045285672,3434.5,↑,0.026179,*,15/15,5,3
Liver,NCAM1,Myeloid,CR→AR,CR,AR,0.0074754977,0.045285672,505.7999877929688,↑,0.1,NS,9/9,3,3
Liver,NCAM1,CD4_T,NL→IT,NL,IT,0.041311678,0.021843001,-47.09999847412109,↓,0.064935,†,30/36,6,6
Liver,NCAM1,CD4_T,NL→IA,NL,IA,0.041311678,0.009740675,-76.4000015258789,↓,0.004329,**,30/30,6,5
Liver,NCAM1,CD4_T,NL→AR,NL,AR,0.041311678,0.03565975,-13.699999809265137,↓,0.714286,NS,11/18,6,3
Liver,NCAM1,CD4_T,NL→CR,NL,CR,0.041311678,0.04525256,9.5,↑,0.904762,NS,10/18,6,3
Liver,NCAM1,CD4_T,IT→IA,IT,IA,0.021843001,0.009740675,-55.400001525878906,↓,0.099576,†,24/30,6,5
Liver,NCAM1,CD4_T,IA→AR,IA,AR,0.009740675,0.03565975,266.1000061035156,↑,0.142857,NS,13/15,5,3
Liver,NCAM1,CD4_T,CR→AR,CR,AR,0.04525256,0.03565975,-21.200000762939453,↓,0.7,NS,6/9,3,3
Liver,NCAM1,CD8_T,NL→IT,NL,IT,0.05441256,0.04463914,-18.0,↓,1.0,NS,18/36,6,6
Liver,NCAM1,CD8_T,NL→IA,NL,IA,0.05441256,0.026357811,-51.59999847412109,↓,0.082251,†,25/30,6,5
Liver,NCAM1,CD8_T,NL→AR,NL,AR,0.05441256,0.033338558,-38.70000076293945,↓,0.166667,NS,15/18,6,3
Liver,NCAM1,CD8_T,NL→CR,NL,CR,0.05441256,0.043543477,-20.0,↓,0.714286,NS,11/18,6,3
Liver,NCAM1,CD8_T,IT→IA,IT,IA,0.04463914,0.026357811,-41.0,↓,0.329004,NS,21/30,6,5
Liver,NCAM1,CD8_T,IA→AR,IA,AR,0.026357811,0.033338558,26.5,↑,0.571429,NS,10/15,5,3
Liver,NCAM1,CD8_T,CR→AR,CR,AR,0.043543477,0.033338558,-23.399999618530277,↓,0.2,NS,8/9,3,3
Liver,NCAM1,NK,NL→IT,NL,IT,0.24151589,0.36985874,53.09999847412109,↑,0.093074,†,29/36,6,6
Liver,NCAM1,NK,NL→IA,NL,IA,0.24151589,0.28558326,18.200000762939453,↑,0.329004,NS,21/30,6,5
Liver,NCAM1,NK,NL→AR,NL,AR,0.24151589,0.3096724,28.200000762939453,↑,0.047619,*,17/18,6,3
Liver,NCAM1,NK,NL→CR,NL,CR,0.24151589,0.41215646,70.69999694824219,↑,0.02381,*,18/18,6,3
Liver,NCAM1,NK,IT→IA,IT,IA,0.36985874,0.28558326,-22.799999237060547,↓,0.536797,NS,19/30,6,5
Liver,NCAM1,NK,IA→AR,IA,AR,0.28558326,0.3096724,8.399999618530273,↑,1.0,NS,7/15,5,3
Liver,NCAM1,NK,CR→AR,CR,AR,0.41215646,0.3096724,-24.899999618530277,↓,0.2,NS,8/9,3,3
Liver,NCAM1,B,NL→IT,NL,IT,0.0,0.016721599,99999.0,↑,0.13638,NS,12/30,6,5
Liver,NCAM1,B,NL→IA,NL,IA,0.0,0.0,0.0,↑,1.0,NS,0/30,6,5
Liver,NCAM1,B,NL→AR,NL,AR,0.0,0.0,0.0,↑,1.0,NS,0/18,6,3
Liver,NCAM1,B,NL→CR,NL,CR,0.0,0.0,0.0,↑,1.0,NS,0/18,6,3
Liver,NCAM1,B,IT→IA,IT,IA,0.016721599,0.0,-100.0,↓,0.179712,NS,10/25,5,5
Liver,NCAM1,B,IA→AR,IA,AR,0.0,0.0,0.0,↑,1.0,NS,0/15,5,3
Liver,NCAM1,B,CR→AR,CR,AR,0.0,0.0,0.0,↑,1.0,NS,0/9,3,3
Liver,NCAM1,PlasmaB,NL→IT,NL,IT,0.00064039906,0.003901916,509.2999877929688,↑,0.892295,NS,6/30,6,5
Liver,NCAM1,PlasmaB,NL→IA,NL,IA,0.00064039906,0.009247299,1344.0,↑,0.892295,NS,6/30,6,5
Liver,NCAM1,PlasmaB,NL→AR,NL,AR,0.00064039906,0.0,-100.0,↓,0.637352,NS,3/18,6,3
Liver,NCAM1,PlasmaB,NL→CR,NL,CR,0.00064039906,0.0,-100.0,↓,0.637352,NS,3/18,6,3
Liver,NCAM1,PlasmaB,IT→IA,IT,IA,0.003901916,0.009247299,137.0,↑,1.0,NS,5/25,5,5
Liver,NCAM1,PlasmaB,IA→AR,IA,AR,0.009247299,0.0,-100.0,↓,0.605577,NS,3/15,5,3
Liver,NCAM1,PlasmaB,CR→AR,CR,AR,0.0,0.0,0.0,↑,1.0,NS,0/9,3,3
Liver,NCR1,Myeloid,NL→IT,NL,IT,0.0,0.006007777,99999.0,↑,0.028441,*,24/36,6,6
Liver,NCR1,Myeloid,NL→IA,NL,IA,0.0,0.00023287589,99999.0,↑,0.36131,NS,6/30,6,5
Liver,NCR1,Myeloid,NL→AR,NL,AR,0.0,0.005324956,99999.0,↑,0.238593,NS,6/18,6,3
Liver,NCR1,Myeloid,NL→CR,NL,CR,0.0,0.007007266,99999.0,↑,0.05183,†,12/18,6,3
Liver,NCR1,Myeloid,IT→IA,IT,IA,0.006007777,0.00023287589,-96.0999984741211,↓,0.090584,†,20/30,6,5
Liver,NCR1,Myeloid,IA→AR,IA,AR,0.00023287589,0.005324956,2186.60009765625,↑,0.69627,NS,5/15,5,3
Liver,NCR1,Myeloid,CR→AR,CR,AR,0.007007266,0.005324956,-24.0,↓,1.0,NS,4/9,3,3
Liver,NCR1,CD4_T,NL→IT,NL,IT,0.023593163,0.06727283,185.1000061035156,↑,0.818182,NS,20/36,6,6
Liver,NCR1,CD4_T,NL→IA,NL,IA,0.023593163,0.020804236,-11.800000190734863,↓,0.792208,NS,17/30,6,5
Liver,NCR1,CD4_T,NL→AR,NL,AR,0.023593163,0.033059243,40.09999847412109,↑,0.547619,NS,12/18,6,3
Liver,NCR1,CD4_T,NL→CR,NL,CR,0.023593163,0.054756835,132.10000610351562,↑,0.047619,*,17/18,6,3
Liver,NCR1,CD4_T,IT→IA,IT,IA,0.06727283,0.020804236,-69.0999984741211,↓,0.662338,NS,18/30,6,5
Liver,NCR1,CD4_T,IA→AR,IA,AR,0.020804236,0.033059243,58.900001525878906,↑,0.571429,NS,10/15,5,3
Liver,NCR1,CD4_T,CR→AR,CR,AR,0.054756835,0.033059243,-39.59999847412109,↓,0.1,NS,9/9,3,3
Liver,NCR1,CD8_T,NL→IT,NL,IT,0.03099992,0.04232608,36.5,↑,0.588745,NS,22/36,6,6
Liver,NCR1,CD8_T,NL→IA,NL,IA,0.03099992,0.07990772,157.8000030517578,↑,0.177489,NS,23/30,6,5
Liver,NCR1,CD8_T,NL→AR,NL,AR,0.03099992,0.08499845,174.1999969482422,↑,0.095238,†,16/18,6,3
Liver,NCR1,CD8_T,NL→CR,NL,CR,0.03099992,0.045350645,46.29999923706055,↑,0.166667,NS,15/18,6,3
Liver,NCR1,CD8_T,IT→IA,IT,IA,0.04232608,0.07990772,88.80000305175781,↑,0.143215,NS,23/30,6,5
Liver,NCR1,CD8_T,IA→AR,IA,AR,0.07990772,0.08499845,6.400000095367432,↑,1.0,NS,7/15,5,3
Liver,NCR1,CD8_T,CR→AR,CR,AR,0.045350645,0.08499845,87.4000015258789,↑,0.2,NS,8/9,3,3
Liver,NCR1,NK,NL→IT,NL,IT,0.35673332,0.39435968,10.5,↑,0.393939,NS,24/36,6,6
Liver,NCR1,NK,NL→IA,NL,IA,0.35673332,0.4320181,21.100000381469727,↑,0.662338,NS,18/30,6,5
Liver,NCR1,NK,NL→AR,NL,AR,0.35673332,0.4137237,16.0,↑,0.547619,NS,12/18,6,3
Liver,NCR1,NK,NL→CR,NL,CR,0.35673332,0.57273835,60.59999847412109,↑,0.02381,*,18/18,6,3
Liver,NCR1,NK,IT→IA,IT,IA,0.39435968,0.4320181,9.5,↑,1.0,NS,15/30,6,5
Liver,NCR1,NK,IA→AR,IA,AR,0.4320181,0.4137237,-4.199999809265137,↓,1.0,NS,8/15,5,3
Liver,NCR1,NK,CR→AR,CR,AR,0.57273835,0.4137237,-27.799999237060547,↓,0.1,NS,9/9,3,3
Liver,NCR1,B,NL→IT,NL,IT,0.0017481172,0.0020621868,18.0,↑,1.0,NS,5/30,6,5
Liver,NCR1,B,NL→IA,NL,IA,0.0017481172,0.0051529454,194.8000030517578,↑,0.244817,NS,16/30,6,5
Liver,NCR1,B,NL→AR,NL,AR,0.0017481172,0.0,-100.0,↓,0.637352,NS,3/18,6,3
Liver,NCR1,B,NL→CR,NL,CR,0.0017481172,0.00204213,16.799999237060547,↑,0.859684,NS,5/18,6,3
Liver,NCR1,B,IT→IA,IT,IA,0.0020621868,0.0051529454,149.89999389648438,↑,0.346522,NS,13/25,5,5
Liver,NCR1,B,IA→AR,IA,AR,0.0051529454,0.0,-100.0,↓,0.171857,NS,9/15,5,3
Liver,NCR1,B,CR→AR,CR,AR,0.00204213,0.0,-100.0,↓,0.504985,NS,3/9,3,3
Liver,NCR1,PlasmaB,NL→IT,NL,IT,0.002735649,0.0,-100.0,↓,0.222994,NS,10/30,6,5
Liver,NCR1,PlasmaB,NL→IA,NL,IA,0.002735649,0.0,-100.0,↓,0.222994,NS,10/30,6,5
Liver,NCR1,PlasmaB,NL→AR,NL,AR,0.002735649,0.0,-100.0,↓,0.376759,NS,6/18,6,3
Liver,NCR1,PlasmaB,NL→CR,NL,CR,0.002735649,0.0,-100.0,↓,0.376759,NS,6/18,6,3
Liver,NCR1,PlasmaB,IT→IA,IT,IA,0.0,0.0,0.0,↑,1.0,NS,0/25,5,5
Liver,NCR1,PlasmaB,IA→AR,IA,AR,0.0,0.0,0.0,↑,1.0,NS,0/15,5,3
Liver,NCR1,PlasmaB,CR→AR,CR,AR,0.0,0.0,0.0,↑,1.0,NS,0/9,3,3
Liver,NCR3,Myeloid,NL→IT,NL,IT,0.004048454,0.018507758,357.20001220703125,↑,0.087399,†,26/36,6,6
Liver,NCR3,Myeloid,NL→IA,NL,IA,0.004048454,0.0018302118,-54.79999923706055,↓,0.642347,NS,5/30,6,5
Liver,NCR3,Myeloid,NL→AR,NL,AR,0.004048454,0.0029317867,-27.600000381469727,↓,0.859684,NS,3/18,6,3
Liver,NCR3,Myeloid,NL→CR,NL,CR,0.004048454,0.006407442,58.29999923706055,↑,0.859684,NS,5/18,6,3
Liver,NCR3,Myeloid,IT→IA,IT,IA,0.018507758,0.0018302118,-90.0999984741211,↓,0.092601,†,23/30,6,5
Liver,NCR3,Myeloid,IA→AR,IA,AR,0.0018302118,0.0029317867,60.20000076293945,↑,1.0,NS,5/15,5,3
Liver,NCR3,Myeloid,CR→AR,CR,AR,0.006407442,0.0029317867,-54.20000076293945,↓,1.0,NS,3/9,3,3
Liver,NCR3,CD4_T,NL→IT,NL,IT,0.5378199,0.2677185,-50.20000076293945,↓,0.002165,**,36/36,6,6
Liver,NCR3,CD4_T,NL→IA,NL,IA,0.5378199,0.23126689,-57.0,↓,0.017316,*,28/30,6,5
Liver,NCR3,CD4_T,NL→AR,NL,AR,0.5378199,0.33897606,-37.0,↓,0.095238,†,16/18,6,3
Liver,NCR3,CD4_T,NL→CR,NL,CR,0.5378199,0.3289995,-38.79999923706055,↓,0.166667,NS,15/18,6,3
Liver,NCR3,CD4_T,IT→IA,IT,IA,0.2677185,0.23126689,-13.600000381469728,↓,0.536797,NS,19/30,6,5
Liver,NCR3,CD4_T,IA→AR,IA,AR,0.23126689,0.33897606,46.59999847412109,↑,0.25,NS,12/15,5,3
Liver,NCR3,CD4_T,CR→AR,CR,AR,0.3289995,0.33897606,3.0,↑,0.7,NS,6/9,3,3
Liver,NCR3,CD8_T,NL→IT,NL,IT,0.73199576,0.46769443,-36.09999847412109,↓,0.132035,NS,28/36,6,6
Liver,NCR3,CD8_T,NL→IA,NL,IA,0.73199576,0.2701541,-63.09999847412109,↓,0.017316,*,28/30,6,5
Liver,NCR3,CD8_T,NL→AR,NL,AR,0.73199576,0.37131432,-49.29999923706055,↓,0.166667,NS,15/18,6,3
Liver,NCR3,CD8_T,NL→CR,NL,CR,0.73199576,0.4411278,-39.70000076293945,↓,0.380952,NS,13/18,6,3
Liver,NCR3,CD8_T,IT→IA,IT,IA,0.46769443,0.2701541,-42.20000076293945,↓,0.125541,NS,24/30,6,5
Liver,NCR3,CD8_T,IA→AR,IA,AR,0.2701541,0.37131432,37.400001525878906,↑,0.392857,NS,11/15,5,3
Liver,NCR3,CD8_T,CR→AR,CR,AR,0.4411278,0.37131432,-15.800000190734863,↓,0.7,NS,6/9,3,3
Liver,NCR3,NK,NL→IT,NL,IT,0.51179975,0.47450534,-7.300000190734863,↓,0.937229,NS,19/36,6,6
Liver,NCR3,NK,NL→IA,NL,IA,0.51179975,0.43039495,-15.899999618530272,↓,0.792208,NS,17/30,6,5
Liver,NCR3,NK,NL→AR,NL,AR,0.51179975,0.61041254,19.299999237060547,↑,0.380952,NS,13/18,6,3
Liver,NCR3,NK,NL→CR,NL,CR,0.51179975,0.55820554,9.100000381469728,↑,1.0,NS,9/18,6,3
Liver,NCR3,NK,IT→IA,IT,IA,0.47450534,0.43039495,-9.300000190734863,↓,0.930736,NS,16/30,6,5
Liver,NCR3,NK,IA→AR,IA,AR,0.43039495,0.61041254,41.79999923706055,↑,0.071429,†,14/15,5,3
Liver,NCR3,NK,CR→AR,CR,AR,0.55820554,0.61041254,9.399999618530272,↑,0.7,NS,6/9,3,3
Liver,NCR3,B,NL→IT,NL,IT,0.29199076,0.26666826,-8.699999809265137,↓,1.0,NS,15/30,6,5
Liver,NCR3,B,NL→IA,NL,IA,0.29199076,0.28044572,-4.0,↓,0.662338,NS,12/30,6,5
Liver,NCR3,B,NL→AR,NL,AR,0.29199076,0.51261574,75.5999984741211,↑,0.095238,†,16/18,6,3
Liver,NCR3,B,NL→CR,NL,CR,0.29199076,0.25369737,-13.100000381469728,↓,1.0,NS,9/18,6,3
Liver,NCR3,B,IT→IA,IT,IA,0.26666826,0.28044572,5.199999809265137,↑,1.0,NS,13/25,5,5
Liver,NCR3,B,IA→AR,IA,AR,0.28044572,0.51261574,82.80000305175781,↑,0.035714,*,15/15,5,3
Liver,NCR3,B,CR→AR,CR,AR,0.25369737,0.51261574,102.0999984741211,↑,0.1,NS,9/9,3,3
Liver,NCR3,PlasmaB,NL→IT,NL,IT,0.006965339,0.0,-100.0,↓,0.222994,NS,10/30,6,5
Liver,NCR3,PlasmaB,NL→IA,NL,IA,0.006965339,0.022674594,225.5,↑,0.19562,NS,18/30,6,5
Liver,NCR3,PlasmaB,NL→AR,NL,AR,0.006965339,0.0,-100.0,↓,0.376759,NS,6/18,6,3
Liver,NCR3,PlasmaB,NL→CR,NL,CR,0.006965339,0.0,-100.0,↓,0.376759,NS,6/18,6,3
Liver,NCR3,PlasmaB,IT→IA,IT,IA,0.0,0.022674594,99999.0,↑,0.072006,†,15/25,5,5
Liver,NCR3,PlasmaB,IA→AR,IA,AR,0.022674594,0.0,-100.0,↓,0.171857,NS,9/15,5,3
Liver,NCR3,PlasmaB,CR→AR,CR,AR,0.0,0.0,0.0,↑,1.0,NS,0/9,3,3
Liver,NDUFA1,Myeloid,NL→IT,NL,IT,1.2734767,1.3261968,4.099999904632568,↑,0.588745,NS,22/36,6,6
Liver,NDUFA1,Myeloid,NL→IA,NL,IA,1.2734767,1.1646984,-8.5,↓,0.792208,NS,17/30,6,5
Liver,NDUFA1,Myeloid,NL→AR,NL,AR,1.2734767,1.4210142,11.600000381469728,↑,0.380952,NS,13/18,6,3
Liver,NDUFA1,Myeloid,NL→CR,NL,CR,1.2734767,1.463085,14.899999618530272,↑,0.380952,NS,13/18,6,3
Liver,NDUFA1,Myeloid,IT→IA,IT,IA,1.3261968,1.1646984,-12.199999809265137,↓,0.930736,NS,16/30,6,5
Liver,NDUFA1,Myeloid,IA→AR,IA,AR,1.1646984,1.4210142,22.0,↑,1.0,NS,8/15,5,3
Liver,NDUFA1,Myeloid,CR→AR,CR,AR,1.463085,1.4210142,-2.900000095367432,↓,0.7,NS,6/9,3,3
Liver,NDUFA1,CD4_T,NL→IT,NL,IT,1.0595206,1.1837851,11.699999809265137,↑,0.24026,NS,26/36,6,6
Liver,NDUFA1,CD4_T,NL→IA,NL,IA,1.0595206,1.0534503,-0.6000000238418579,↓,0.792208,NS,13/30,6,5
Liver,NDUFA1,CD4_T,NL→AR,NL,AR,1.0595206,1.240726,17.100000381469727,↑,0.095238,†,16/18,6,3
Liver,NDUFA1,CD4_T,NL→CR,NL,CR,1.0595206,1.3508121,27.5,↑,0.047619,*,17/18,6,3
Liver,NDUFA1,CD4_T,IT→IA,IT,IA,1.1837851,1.0534503,-11.0,↓,0.536797,NS,19/30,6,5
Liver,NDUFA1,CD4_T,IA→AR,IA,AR,1.0534503,1.240726,17.799999237060547,↑,0.571429,NS,10/15,5,3
Liver,NDUFA1,CD4_T,CR→AR,CR,AR,1.3508121,1.240726,-8.100000381469727,↓,0.2,NS,8/9,3,3
Liver,NDUFA1,CD8_T,NL→IT,NL,IT,1.1194102,1.3143686,17.399999618530273,↑,0.132035,NS,28/36,6,6
Liver,NDUFA1,CD8_T,NL→IA,NL,IA,1.1194102,1.118294,-0.1000000014901161,↓,0.930736,NS,16/30,6,5
Liver,NDUFA1,CD8_T,NL→AR,NL,AR,1.1194102,1.2056414,7.699999809265137,↑,0.547619,NS,12/18,6,3
Liver,NDUFA1,CD8_T,NL→CR,NL,CR,1.1194102,1.3444933,20.100000381469727,↑,0.02381,*,18/18,6,3
Liver,NDUFA1,CD8_T,IT→IA,IT,IA,1.3143686,1.118294,-14.899999618530272,↓,0.428571,NS,20/30,6,5
Liver,NDUFA1,CD8_T,IA→AR,IA,AR,1.118294,1.2056414,7.800000190734863,↑,0.785714,NS,9/15,5,3
Liver,NDUFA1,CD8_T,CR→AR,CR,AR,1.3444933,1.2056414,-10.300000190734863,↓,0.1,NS,9/9,3,3
Liver,NDUFA1,NK,NL→IT,NL,IT,1.0407916,1.0893203,4.699999809265137,↑,0.309524,NS,25/36,6,6
Liver,NDUFA1,NK,NL→IA,NL,IA,1.0407916,1.0277563,-1.2999999523162842,↓,0.930736,NS,14/30,6,5
Liver,NDUFA1,NK,NL→AR,NL,AR,1.0407916,1.1619931,11.600000381469728,↑,0.261905,NS,14/18,6,3
Liver,NDUFA1,NK,NL→CR,NL,CR,1.0407916,1.244154,19.5,↑,0.02381,*,18/18,6,3
Liver,NDUFA1,NK,IT→IA,IT,IA,1.0893203,1.0277563,-5.699999809265137,↓,0.792208,NS,17/30,6,5
Liver,NDUFA1,NK,IA→AR,IA,AR,1.0277563,1.1619931,13.100000381469728,↑,0.571429,NS,10/15,5,3
Liver,NDUFA1,NK,CR→AR,CR,AR,1.244154,1.1619931,-6.599999904632568,↓,0.4,NS,7/9,3,3
Liver,NDUFA1,B,NL→IT,NL,IT,0.7853753,1.0453905,33.099998474121094,↑,0.030303,*,27/30,6,5
Liver,NDUFA1,B,NL→IA,NL,IA,0.7853753,0.8561028,9.0,↑,0.662338,NS,18/30,6,5
Liver,NDUFA1,B,NL→AR,NL,AR,0.7853753,1.0823966,37.79999923706055,↑,0.047619,*,17/18,6,3
Liver,NDUFA1,B,NL→CR,NL,CR,0.7853753,1.1293312,43.79999923706055,↑,0.047619,*,17/18,6,3
Liver,NDUFA1,B,IT→IA,IT,IA,1.0453905,0.8561028,-18.100000381469727,↓,0.420635,NS,17/25,5,5
Liver,NDUFA1,B,IA→AR,IA,AR,0.8561028,1.0823966,26.399999618530277,↑,0.25,NS,12/15,5,3
Liver,NDUFA1,B,CR→AR,CR,AR,1.1293312,1.0823966,-4.199999809265137,↓,1.0,NS,5/9,3,3
Liver,NDUFA1,PlasmaB,NL→IT,NL,IT,1.0029175,1.2831,27.899999618530277,↑,0.051948,†,26/30,6,5
Liver,NDUFA1,PlasmaB,NL→IA,NL,IA,1.0029175,1.342893,33.900001525878906,↑,0.082251,†,25/30,6,5
Liver,NDUFA1,PlasmaB,NL→AR,NL,AR,1.0029175,1.5029951,49.900001525878906,↑,0.02381,*,18/18,6,3
Liver,NDUFA1,PlasmaB,NL→CR,NL,CR,1.0029175,1.4017428,39.79999923706055,↑,0.02381,*,18/18,6,3
Liver,NDUFA1,PlasmaB,IT→IA,IT,IA,1.2831,1.342893,4.699999809265137,↑,1.0,NS,13/25,5,5
Liver,NDUFA1,PlasmaB,IA→AR,IA,AR,1.342893,1.5029951,11.899999618530272,↑,1.0,NS,8/15,5,3
Liver,NDUFA1,PlasmaB,CR→AR,CR,AR,1.4017428,1.5029951,7.199999809265137,↑,0.7,NS,6/9,3,3
Liver,NDUFB1,Myeloid,NL→IT,NL,IT,1.1612062,1.1592289,-0.2000000029802322,↓,1.0,NS,18/36,6,6
Liver,NDUFB1,Myeloid,NL→IA,NL,IA,1.1612062,0.8061371,-30.600000381469727,↓,0.177489,NS,23/30,6,5
Liver,NDUFB1,Myeloid,NL→AR,NL,AR,1.1612062,0.8458255,-27.200000762939453,↓,0.095238,†,16/18,6,3
Liver,NDUFB1,Myeloid,NL→CR,NL,CR,1.1612062,1.0330023,-11.0,↓,0.166667,NS,15/18,6,3
Liver,NDUFB1,Myeloid,IT→IA,IT,IA,1.1592289,0.8061371,-30.5,↓,0.329004,NS,21/30,6,5
Liver,NDUFB1,Myeloid,IA→AR,IA,AR,0.8061371,0.8458255,4.900000095367432,↑,1.0,NS,7/15,5,3
Liver,NDUFB1,Myeloid,CR→AR,CR,AR,1.0330023,0.8458255,-18.100000381469727,↓,1.0,NS,5/9,3,3
Liver,NDUFB1,CD4_T,NL→IT,NL,IT,0.70552796,0.6659103,-5.599999904632568,↓,0.484848,NS,23/36,6,6
Liver,NDUFB1,CD4_T,NL→IA,NL,IA,0.70552796,0.5793625,-17.899999618530273,↓,0.428571,NS,20/30,6,5
Liver,NDUFB1,CD4_T,NL→AR,NL,AR,0.70552796,0.6570613,-6.900000095367432,↓,1.0,NS,9/18,6,3
Liver,NDUFB1,CD4_T,NL→CR,NL,CR,0.70552796,0.74430543,5.5,↑,0.904762,NS,10/18,6,3
Liver,NDUFB1,CD4_T,IT→IA,IT,IA,0.6659103,0.5793625,-13.0,↓,0.662338,NS,18/30,6,5
Liver,NDUFB1,CD4_T,IA→AR,IA,AR,0.5793625,0.6570613,13.399999618530272,↑,0.785714,NS,9/15,5,3
Liver,NDUFB1,CD4_T,CR→AR,CR,AR,0.74430543,0.6570613,-11.699999809265137,↓,0.7,NS,6/9,3,3
Liver,NDUFB1,CD8_T,NL→IT,NL,IT,0.67790437,0.73185325,8.0,↑,0.937229,NS,17/36,6,6
Liver,NDUFB1,CD8_T,NL→IA,NL,IA,0.67790437,0.54145986,-20.100000381469727,↓,0.329004,NS,21/30,6,5
Liver,NDUFB1,CD8_T,NL→AR,NL,AR,0.67790437,0.6102065,-10.0,↓,0.547619,NS,12/18,6,3
Liver,NDUFB1,CD8_T,NL→CR,NL,CR,0.67790437,0.7195163,6.099999904632568,↑,0.714286,NS,11/18,6,3
Liver,NDUFB1,CD8_T,IT→IA,IT,IA,0.73185325,0.54145986,-26.0,↓,0.246753,NS,22/30,6,5
Liver,NDUFB1,CD8_T,IA→AR,IA,AR,0.54145986,0.6102065,12.699999809265137,↑,0.785714,NS,9/15,5,3
Liver,NDUFB1,CD8_T,CR→AR,CR,AR,0.7195163,0.6102065,-15.199999809265137,↓,0.4,NS,7/9,3,3
Liver,NDUFB1,NK,NL→IT,NL,IT,0.6799829,0.7008843,3.0999999046325684,↑,0.937229,NS,19/36,6,6
Liver,NDUFB1,NK,NL→IA,NL,IA,0.6799829,0.5288626,-22.200000762939453,↓,0.329004,NS,21/30,6,5
Liver,NDUFB1,NK,NL→AR,NL,AR,0.6799829,0.5634048,-17.100000381469727,↓,0.380952,NS,13/18,6,3
Liver,NDUFB1,NK,NL→CR,NL,CR,0.6799829,0.7185595,5.699999809265137,↑,0.904762,NS,10/18,6,3
Liver,NDUFB1,NK,IT→IA,IT,IA,0.7008843,0.5288626,-24.5,↓,0.329004,NS,21/30,6,5
Liver,NDUFB1,NK,IA→AR,IA,AR,0.5288626,0.5634048,6.5,↑,0.785714,NS,9/15,5,3
Liver,NDUFB1,NK,CR→AR,CR,AR,0.7185595,0.5634048,-21.600000381469727,↓,0.4,NS,7/9,3,3
Liver,NDUFB1,B,NL→IT,NL,IT,0.6084802,0.5820981,-4.300000190734863,↓,1.0,NS,15/30,6,5
Liver,NDUFB1,B,NL→IA,NL,IA,0.6084802,0.50016963,-17.799999237060547,↓,0.536797,NS,19/30,6,5
Liver,NDUFB1,B,NL→AR,NL,AR,0.6084802,0.629523,3.5,↑,1.0,NS,9/18,6,3
Liver,NDUFB1,B,NL→CR,NL,CR,0.6084802,0.6078672,-0.1000000014901161,↓,0.714286,NS,11/18,6,3
Liver,NDUFB1,B,IT→IA,IT,IA,0.5820981,0.50016963,-14.100000381469728,↓,0.690476,NS,15/25,5,5
Liver,NDUFB1,B,IA→AR,IA,AR,0.50016963,0.629523,25.899999618530277,↑,0.571429,NS,10/15,5,3
Liver,NDUFB1,B,CR→AR,CR,AR,0.6078672,0.629523,3.5999999046325684,↑,1.0,NS,4/9,3,3
Liver,NDUFB1,PlasmaB,NL→IT,NL,IT,0.7248256,0.85937816,18.600000381469727,↑,0.662338,NS,18/30,6,5
Liver,NDUFB1,PlasmaB,NL→IA,NL,IA,0.7248256,0.58997583,-18.600000381469727,↓,0.792208,NS,17/30,6,5
Liver,NDUFB1,PlasmaB,NL→AR,NL,AR,0.7248256,0.6133392,-15.399999618530272,↓,0.904762,NS,10/18,6,3
Liver,NDUFB1,PlasmaB,NL→CR,NL,CR,0.7248256,0.7299797,0.699999988079071,↑,0.904762,NS,10/18,6,3
Liver,NDUFB1,PlasmaB,IT→IA,IT,IA,0.85937816,0.58997583,-31.299999237060547,↓,0.420635,NS,17/25,5,5
Liver,NDUFB1,PlasmaB,IA→AR,IA,AR,0.58997583,0.6133392,4.0,↑,0.785714,NS,9/15,5,3
Liver,NDUFB1,PlasmaB,CR→AR,CR,AR,0.7299797,0.6133392,-16.0,↓,0.4,NS,7/9,3,3
Liver,NKG7,Myeloid,NL→IT,NL,IT,0.27912697,0.16375382,-41.29999923706055,↓,0.393939,NS,24/36,6,6
Liver,NKG7,Myeloid,NL→IA,NL,IA,0.27912697,0.15600117,-44.09999847412109,↓,0.329004,NS,21/30,6,5
Liver,NKG7,Myeloid,NL→AR,NL,AR,0.27912697,0.10611411,-62.0,↓,0.166667,NS,15/18,6,3
Liver,NKG7,Myeloid,NL→CR,NL,CR,0.27912697,0.11631725,-58.29999923706055,↓,0.261905,NS,14/18,6,3
Liver,NKG7,Myeloid,IT→IA,IT,IA,0.16375382,0.15600117,-4.699999809265137,↓,0.792208,NS,17/30,6,5
Liver,NKG7,Myeloid,IA→AR,IA,AR,0.15600117,0.10611411,-32.0,↓,0.571429,NS,10/15,5,3
Liver,NKG7,Myeloid,CR→AR,CR,AR,0.11631725,0.10611411,-8.800000190734863,↓,1.0,NS,4/9,3,3
Liver,NKG7,CD4_T,NL→IT,NL,IT,1.486056,1.6557025,11.399999618530272,↑,0.699134,NS,21/36,6,6
Liver,NKG7,CD4_T,NL→IA,NL,IA,1.486056,1.2192024,-18.0,↓,0.329004,NS,21/30,6,5
Liver,NKG7,CD4_T,NL→AR,NL,AR,1.486056,1.4147958,-4.800000190734863,↓,1.0,NS,9/18,6,3
Liver,NKG7,CD4_T,NL→CR,NL,CR,1.486056,1.783813,20.0,↑,0.714286,NS,11/18,6,3
Liver,NKG7,CD4_T,IT→IA,IT,IA,1.6557025,1.2192024,-26.399999618530277,↓,0.246753,NS,22/30,6,5
Liver,NKG7,CD4_T,IA→AR,IA,AR,1.2192024,1.4147958,16.0,↑,0.785714,NS,9/15,5,3
Liver,NKG7,CD4_T,CR→AR,CR,AR,1.783813,1.4147958,-20.700000762939453,↓,0.7,NS,6/9,3,3
Liver,NKG7,CD8_T,NL→IT,NL,IT,2.4419243,2.685294,10.0,↑,0.484848,NS,23/36,6,6
Liver,NKG7,CD8_T,NL→IA,NL,IA,2.4419243,2.6474717,8.399999618530273,↑,0.428571,NS,20/30,6,5
Liver,NKG7,CD8_T,NL→AR,NL,AR,2.4419243,3.1439257,28.700000762939453,↑,0.261905,NS,14/18,6,3
Liver,NKG7,CD8_T,NL→CR,NL,CR,2.4419243,3.1303608,28.200000762939453,↑,0.047619,*,17/18,6,3
Liver,NKG7,CD8_T,IT→IA,IT,IA,2.685294,2.6474717,-1.399999976158142,↓,0.662338,NS,12/30,6,5
Liver,NKG7,CD8_T,IA→AR,IA,AR,2.6474717,3.1439257,18.799999237060547,↑,0.392857,NS,11/15,5,3
Liver,NKG7,CD8_T,CR→AR,CR,AR,3.1303608,3.1439257,0.4000000059604645,↑,1.0,NS,5/9,3,3
Liver,NKG7,NK,NL→IT,NL,IT,3.975527,3.8735898,-2.5999999046325684,↓,1.0,NS,18/36,6,6
Liver,NKG7,NK,NL→IA,NL,IA,3.975527,4.0960417,3.0,↑,0.930736,NS,16/30,6,5
Liver,NKG7,NK,NL→AR,NL,AR,3.975527,4.121816,3.700000047683716,↑,0.547619,NS,12/18,6,3
Liver,NKG7,NK,NL→CR,NL,CR,3.975527,4.126705,3.799999952316284,↑,0.547619,NS,12/18,6,3
Liver,NKG7,NK,IT→IA,IT,IA,3.8735898,4.0960417,5.699999809265137,↑,0.930736,NS,16/30,6,5
Liver,NKG7,NK,IA→AR,IA,AR,4.0960417,4.121816,0.6000000238418579,↑,1.0,NS,8/15,5,3
Liver,NKG7,NK,CR→AR,CR,AR,4.126705,4.121816,-0.1000000014901161,↓,1.0,NS,5/9,3,3
Liver,NKG7,B,NL→IT,NL,IT,0.15827534,0.07412846,-53.20000076293945,↓,0.536797,NS,19/30,6,5
Liver,NKG7,B,NL→IA,NL,IA,0.15827534,0.16915539,6.900000095367432,↑,0.662338,NS,18/30,6,5
Liver,NKG7,B,NL→AR,NL,AR,0.15827534,0.10174099,-35.70000076293945,↓,1.0,NS,9/18,6,3
Liver,NKG7,B,NL→CR,NL,CR,0.15827534,0.108441055,-31.5,↓,1.0,NS,9/18,6,3
Liver,NKG7,B,IT→IA,IT,IA,0.07412846,0.16915539,128.1999969482422,↑,0.150794,NS,20/25,5,5
Liver,NKG7,B,IA→AR,IA,AR,0.16915539,0.10174099,-39.900001525878906,↓,0.392857,NS,11/15,5,3
Liver,NKG7,B,CR→AR,CR,AR,0.108441055,0.10174099,-6.199999809265137,↓,1.0,NS,5/9,3,3
Liver,NKG7,PlasmaB,NL→IT,NL,IT,0.15419158,0.14199285,-7.900000095367432,↓,1.0,NS,15/30,6,5
Liver,NKG7,PlasmaB,NL→IA,NL,IA,0.15419158,0.28502274,84.80000305175781,↑,0.428571,NS,20/30,6,5
Liver,NKG7,PlasmaB,NL→AR,NL,AR,0.15419158,0.3012038,95.3000030517578,↑,0.380952,NS,13/18,6,3
Liver,NKG7,PlasmaB,NL→CR,NL,CR,0.15419158,0.25247502,63.70000076293945,↑,0.380952,NS,13/18,6,3
Liver,NKG7,PlasmaB,IT→IA,IT,IA,0.14199285,0.28502274,100.6999969482422,↑,0.309524,NS,18/25,5,5
Liver,NKG7,PlasmaB,IA→AR,IA,AR,0.28502274,0.3012038,5.699999809265137,↑,1.0,NS,7/15,5,3
Liver,NKG7,PlasmaB,CR→AR,CR,AR,0.25247502,0.3012038,19.299999237060547,↑,1.0,NS,5/9,3,3
Liver,NLRC4,Myeloid,NL→IT,NL,IT,0.057255704,0.07906559,38.09999847412109,↑,0.572476,NS,21/36,6,6
Liver,NLRC4,Myeloid,NL→IA,NL,IA,0.057255704,0.108064845,88.69999694824219,↑,0.200217,NS,22/30,6,5
Liver,NLRC4,Myeloid,NL→AR,NL,AR,0.057255704,0.100218296,75.0,↑,0.795418,NS,10/18,6,3
Liver,NLRC4,Myeloid,NL→CR,NL,CR,0.057255704,0.0912166,59.29999923706055,↑,0.547619,NS,12/18,6,3
Liver,NLRC4,Myeloid,IT→IA,IT,IA,0.07906559,0.108064845,36.70000076293945,↑,0.407016,NS,19/30,6,5
Liver,NLRC4,Myeloid,IA→AR,IA,AR,0.108064845,0.100218296,-7.300000190734863,↓,0.880791,NS,8/15,5,3
Liver,NLRC4,Myeloid,CR→AR,CR,AR,0.0912166,0.100218296,9.899999618530272,↑,1.0,NS,5/9,3,3
Liver,NLRC4,CD4_T,NL→IT,NL,IT,0.0001682558,0.00023098417,37.29999923706055,↑,1.0,NS,6/36,6,6
Liver,NLRC4,CD4_T,NL→IA,NL,IA,0.0001682558,0.00070925156,321.5,↑,0.892295,NS,6/30,6,5
Liver,NLRC4,CD4_T,NL→AR,NL,AR,0.0001682558,0.0003469995,106.1999969482422,↑,0.595883,NS,6/18,6,3
Liver,NLRC4,CD4_T,NL→CR,NL,CR,0.0001682558,0.0,-100.0,↓,0.637352,NS,3/18,6,3
Liver,NLRC4,CD4_T,IT→IA,IT,IA,0.00023098417,0.00070925156,207.1000061035156,↑,0.892295,NS,6/30,6,5
Liver,NLRC4,CD4_T,IA→AR,IA,AR,0.00070925156,0.0003469995,-51.09999847412109,↓,1.0,NS,3/15,5,3
Liver,NLRC4,CD4_T,CR→AR,CR,AR,0.0,0.0003469995,99999.0,↑,0.504985,NS,3/9,3,3
Liver,NLRC4,CD8_T,NL→IT,NL,IT,0.0,0.0,0.0,↑,1.0,NS,0/36,6,6
Liver,NLRC4,CD8_T,NL→IA,NL,IA,0.0,0.00027755726,99999.0,↑,0.36131,NS,6/30,6,5
Liver,NLRC4,CD8_T,NL→AR,NL,AR,0.0,0.0,0.0,↑,1.0,NS,0/18,6,3
Liver,NLRC4,CD8_T,NL→CR,NL,CR,0.0,0.0,0.0,↑,1.0,NS,0/18,6,3
Liver,NLRC4,CD8_T,IT→IA,IT,IA,0.0,0.00027755726,99999.0,↑,0.36131,NS,6/30,6,5
Liver,NLRC4,CD8_T,IA→AR,IA,AR,0.00027755726,0.0,-100.0,↓,0.605577,NS,3/15,5,3
Liver,NLRC4,CD8_T,CR→AR,CR,AR,0.0,0.0,0.0,↑,1.0,NS,0/9,3,3
Liver,NLRC4,NK,NL→IT,NL,IT,0.0,0.0,0.0,↑,1.0,NS,0/36,6,6
Liver,NLRC4,NK,NL→IA,NL,IA,0.0,0.0,0.0,↑,1.0,NS,0/30,6,5
Liver,NLRC4,NK,NL→AR,NL,AR,0.0,0.0,0.0,↑,1.0,NS,0/18,6,3
Liver,NLRC4,NK,NL→CR,NL,CR,0.0,0.0005277601,99999.0,↑,0.238593,NS,6/18,6,3
Liver,NLRC4,NK,IT→IA,IT,IA,0.0,0.0,0.0,↑,1.0,NS,0/30,6,5
Liver,NLRC4,NK,IA→AR,IA,AR,0.0,0.0,0.0,↑,1.0,NS,0/15,5,3
Liver,NLRC4,NK,CR→AR,CR,AR,0.0005277601,0.0,-100.0,↓,0.504985,NS,3/9,3,3
Liver,NLRC4,B,NL→IT,NL,IT,0.0,0.0,0.0,↑,1.0,NS,0/30,6,5
Liver,NLRC4,B,NL→IA,NL,IA,0.0,0.0031045668,99999.0,↑,0.13638,NS,12/30,6,5
Liver,NLRC4,B,NL→AR,NL,AR,0.0,0.0,0.0,↑,1.0,NS,0/18,6,3
Liver,NLRC4,B,NL→CR,NL,CR,0.0,0.0063175373,99999.0,↑,0.05183,†,12/18,6,3
Liver,NLRC4,B,IT→IA,IT,IA,0.0,0.0031045668,99999.0,↑,0.179712,NS,10/25,5,5
Liver,NLRC4,B,IA→AR,IA,AR,0.0031045668,0.0,-100.0,↓,0.329114,NS,6/15,5,3
Liver,NLRC4,B,CR→AR,CR,AR,0.0063175373,0.0,-100.0,↓,0.196706,NS,6/9,3,3
Liver,NLRC4,PlasmaB,NL→IT,NL,IT,0.0,0.0,0.0,↑,1.0,NS,0/30,6,5
Liver,NLRC4,PlasmaB,NL→IA,NL,IA,0.0,0.0,0.0,↑,1.0,NS,0/30,6,5
Liver,NLRC4,PlasmaB,NL→AR,NL,AR,0.0,0.0,0.0,↑,1.0,NS,0/18,6,3
Liver,NLRC4,PlasmaB,NL→CR,NL,CR,0.0,0.0,0.0,↑,1.0,NS,0/18,6,3
Liver,NLRC4,PlasmaB,IT→IA,IT,IA,0.0,0.0,0.0,↑,1.0,NS,0/25,5,5
Liver,NLRC4,PlasmaB,IA→AR,IA,AR,0.0,0.0,0.0,↑,1.0,NS,0/15,5,3
Liver,NLRC4,PlasmaB,CR→AR,CR,AR,0.0,0.0,0.0,↑,1.0,NS,0/9,3,3
Liver,NLRP3,Myeloid,NL→IT,NL,IT,0.49191025,0.43654752,-11.300000190734863,↓,0.937229,NS,19/36,6,6
Liver,NLRP3,Myeloid,NL→IA,NL,IA,0.49191025,0.30386573,-38.20000076293945,↓,0.329004,NS,21/30,6,5
Liver,NLRP3,Myeloid,NL→AR,NL,AR,0.49191025,0.4010593,-18.5,↓,0.904762,NS,10/18,6,3
Liver,NLRP3,Myeloid,NL→CR,NL,CR,0.49191025,0.45907524,-6.699999809265137,↓,0.904762,NS,10/18,6,3
Liver,NLRP3,Myeloid,IT→IA,IT,IA,0.43654752,0.30386573,-30.399999618530277,↓,0.428571,NS,20/30,6,5
Liver,NLRP3,Myeloid,IA→AR,IA,AR,0.30386573,0.4010593,32.0,↑,0.652783,NS,9/15,5,3
Liver,NLRP3,Myeloid,CR→AR,CR,AR,0.45907524,0.4010593,-12.600000381469728,↓,1.0,NS,5/9,3,3
Liver,NLRP3,CD4_T,NL→IT,NL,IT,0.03952239,0.05138057,30.0,↑,0.937229,NS,19/36,6,6
Liver,NLRP3,CD4_T,NL→IA,NL,IA,0.03952239,0.028385645,-28.200000762939453,↓,0.428571,NS,20/30,6,5
Liver,NLRP3,CD4_T,NL→AR,NL,AR,0.03952239,0.03982233,0.800000011920929,↑,0.904762,NS,10/18,6,3
Liver,NLRP3,CD4_T,NL→CR,NL,CR,0.03952239,0.027048724,-31.600000381469727,↓,0.166667,NS,15/18,6,3
Liver,NLRP3,CD4_T,IT→IA,IT,IA,0.05138057,0.028385645,-44.79999923706055,↓,0.329004,NS,21/30,6,5
Liver,NLRP3,CD4_T,IA→AR,IA,AR,0.028385645,0.03982233,40.29999923706055,↑,0.392857,NS,11/15,5,3
Liver,NLRP3,CD4_T,CR→AR,CR,AR,0.027048724,0.03982233,47.20000076293945,↑,0.4,NS,7/9,3,3
Liver,NLRP3,CD8_T,NL→IT,NL,IT,0.04313765,0.035027992,-18.799999237060547,↓,0.937229,NS,19/36,6,6
Liver,NLRP3,CD8_T,NL→IA,NL,IA,0.04313765,0.019130269,-55.70000076293945,↓,0.125541,NS,24/30,6,5
Liver,NLRP3,CD8_T,NL→AR,NL,AR,0.04313765,0.015273488,-64.5999984741211,↓,0.166667,NS,15/18,6,3
Liver,NLRP3,CD8_T,NL→CR,NL,CR,0.04313765,0.016810268,-61.0,↓,0.047619,*,17/18,6,3
Liver,NLRP3,CD8_T,IT→IA,IT,IA,0.035027992,0.019130269,-45.400001525878906,↓,0.329004,NS,21/30,6,5
Liver,NLRP3,CD8_T,IA→AR,IA,AR,0.019130269,0.015273488,-20.200000762939453,↓,1.0,NS,8/15,5,3
Liver,NLRP3,CD8_T,CR→AR,CR,AR,0.016810268,0.015273488,-9.100000381469728,↓,1.0,NS,5/9,3,3
Liver,NLRP3,NK,NL→IT,NL,IT,0.021791438,0.016134804,-26.0,↓,0.699134,NS,21/36,6,6
Liver,NLRP3,NK,NL→IA,NL,IA,0.021791438,0.017142495,-21.299999237060547,↓,0.662338,NS,18/30,6,5
Liver,NLRP3,NK,NL→AR,NL,AR,0.021791438,0.013463861,-38.20000076293945,↓,0.380952,NS,13/18,6,3
Liver,NLRP3,NK,NL→CR,NL,CR,0.021791438,0.01458493,-33.099998474121094,↓,0.904762,NS,10/18,6,3
Liver,NLRP3,NK,IT→IA,IT,IA,0.016134804,0.017142495,6.199999809265137,↑,0.930736,NS,16/30,6,5
Liver,NLRP3,NK,IA→AR,IA,AR,0.017142495,0.013463861,-21.5,↓,0.571429,NS,10/15,5,3
Liver,NLRP3,NK,CR→AR,CR,AR,0.01458493,0.013463861,-7.699999809265137,↓,1.0,NS,5/9,3,3
Liver,NLRP3,B,NL→IT,NL,IT,0.0,0.003613646,99999.0,↑,0.13638,NS,12/30,6,5
Liver,NLRP3,B,NL→IA,NL,IA,0.0,0.0016131137,99999.0,↑,0.36131,NS,6/30,6,5
Liver,NLRP3,B,NL→AR,NL,AR,0.0,0.0,0.0,↑,1.0,NS,0/18,6,3
Liver,NLRP3,B,NL→CR,NL,CR,0.0,0.004771145,99999.0,↑,0.05183,†,12/18,6,3
Liver,NLRP3,B,IT→IA,IT,IA,0.003613646,0.0016131137,-55.400001525878906,↓,0.607236,NS,9/25,5,5
Liver,NLRP3,B,IA→AR,IA,AR,0.0016131137,0.0,-100.0,↓,0.605577,NS,3/15,5,3
Liver,NLRP3,B,CR→AR,CR,AR,0.004771145,0.0,-100.0,↓,0.196706,NS,6/9,3,3
Liver,NLRP3,PlasmaB,NL→IT,NL,IT,0.0,0.017686158,99999.0,↑,0.048406,*,18/30,6,5
Liver,NLRP3,PlasmaB,NL→IA,NL,IA,0.0,0.0,0.0,↑,1.0,NS,0/30,6,5
Liver,NLRP3,PlasmaB,NL→AR,NL,AR,0.0,0.0,0.0,↑,1.0,NS,0/18,6,3
Liver,NLRP3,PlasmaB,NL→CR,NL,CR,0.0,0.0,0.0,↑,1.0,NS,0/18,6,3
Liver,NLRP3,PlasmaB,IT→IA,IT,IA,0.017686158,0.0,-100.0,↓,0.072006,†,15/25,5,5
Liver,NLRP3,PlasmaB,IA→AR,IA,AR,0.0,0.0,0.0,↑,1.0,NS,0/15,5,3
Liver,NLRP3,PlasmaB,CR→AR,CR,AR,0.0,0.0,0.0,↑,1.0,NS,0/9,3,3
Liver,NRF1,Myeloid,NL→IT,NL,IT,0.011917703,0.0445779,274.0,↑,0.087399,†,26/36,6,6
Liver,NRF1,Myeloid,NL→IA,NL,IA,0.011917703,0.0071011423,-40.400001525878906,↓,0.642347,NS,5/30,6,5
Liver,NRF1,Myeloid,NL→AR,NL,AR,0.011917703,0.032450642,172.3000030517578,↑,0.219768,NS,11/18,6,3
Liver,NRF1,Myeloid,NL→CR,NL,CR,0.011917703,0.06198467,420.1000061035156,↑,0.119795,NS,15/18,6,3
Liver,NRF1,Myeloid,IT→IA,IT,IA,0.0445779,0.0071011423,-84.0999984741211,↓,0.039823,*,25/30,6,5
Liver,NRF1,Myeloid,IA→AR,IA,AR,0.0071011423,0.032450642,357.0,↑,0.427124,NS,9/15,5,3
Liver,NRF1,Myeloid,CR→AR,CR,AR,0.06198467,0.032450642,-47.59999847412109,↓,0.7,NS,6/9,3,3
Liver,NRF1,CD4_T,NL→IT,NL,IT,0.06278242,0.09436611,50.29999923706055,↑,0.24026,NS,26/36,6,6
Liver,NRF1,CD4_T,NL→IA,NL,IA,0.06278242,0.062554665,-0.4000000059604645,↓,0.792208,NS,17/30,6,5
Liver,NRF1,CD4_T,NL→AR,NL,AR,0.06278242,0.05918592,-5.699999809265137,↓,0.714286,NS,11/18,6,3
Liver,NRF1,CD4_T,NL→CR,NL,CR,0.06278242,0.08393123,33.70000076293945,↑,0.547619,NS,12/18,6,3
Liver,NRF1,CD4_T,IT→IA,IT,IA,0.09436611,0.062554665,-33.70000076293945,↓,0.177489,NS,23/30,6,5
Liver,NRF1,CD4_T,IA→AR,IA,AR,0.062554665,0.05918592,-5.400000095367432,↓,1.0,NS,8/15,5,3
Liver,NRF1,CD4_T,CR→AR,CR,AR,0.08393123,0.05918592,-29.5,↓,0.4,NS,7/9,3,3
Liver,NRF1,CD8_T,NL→IT,NL,IT,0.058849487,0.072436474,23.100000381469727,↑,0.748349,NS,20/36,6,6
Liver,NRF1,CD8_T,NL→IA,NL,IA,0.058849487,0.06333466,7.599999904632568,↑,1.0,NS,15/30,6,5
Liver,NRF1,CD8_T,NL→AR,NL,AR,0.058849487,0.06851422,16.399999618530273,↑,0.904762,NS,10/18,6,3
Liver,NRF1,CD8_T,NL→CR,NL,CR,0.058849487,0.09017247,53.20000076293945,↑,0.261905,NS,14/18,6,3
Liver,NRF1,CD8_T,IT→IA,IT,IA,0.072436474,0.06333466,-12.600000381469728,↓,0.930736,NS,16/30,6,5
Liver,NRF1,CD8_T,IA→AR,IA,AR,0.06333466,0.06851422,8.199999809265137,↑,1.0,NS,8/15,5,3
Liver,NRF1,CD8_T,CR→AR,CR,AR,0.09017247,0.06851422,-24.0,↓,0.2,NS,8/9,3,3
Liver,NRF1,NK,NL→IT,NL,IT,0.074958086,0.06893433,-8.0,↓,0.937229,NS,19/36,6,6
Liver,NRF1,NK,NL→IA,NL,IA,0.074958086,0.06894938,-8.0,↓,0.792208,NS,17/30,6,5
Liver,NRF1,NK,NL→AR,NL,AR,0.074958086,0.06851677,-8.600000381469727,↓,0.904762,NS,10/18,6,3
Liver,NRF1,NK,NL→CR,NL,CR,0.074958086,0.08693644,16.0,↑,0.714286,NS,11/18,6,3
Liver,NRF1,NK,IT→IA,IT,IA,0.06893433,0.06894938,0.0,↑,0.792208,NS,13/30,6,5
Liver,NRF1,NK,IA→AR,IA,AR,0.06894938,0.06851677,-0.6000000238418579,↓,1.0,NS,8/15,5,3
Liver,NRF1,NK,CR→AR,CR,AR,0.08693644,0.06851677,-21.200000762939453,↓,0.7,NS,6/9,3,3
Liver,NRF1,B,NL→IT,NL,IT,0.08383444,0.11190548,33.5,↑,1.0,NS,15/30,6,5
Liver,NRF1,B,NL→IA,NL,IA,0.08383444,0.075935945,-9.399999618530272,↓,0.930736,NS,16/30,6,5
Liver,NRF1,B,NL→AR,NL,AR,0.08383444,0.08806797,5.0,↑,0.714286,NS,11/18,6,3
Liver,NRF1,B,NL→CR,NL,CR,0.08383444,0.07457084,-11.0,↓,0.714286,NS,7/18,6,3
Liver,NRF1,B,IT→IA,IT,IA,0.11190548,0.075935945,-32.099998474121094,↓,0.690476,NS,15/25,5,5
Liver,NRF1,B,IA→AR,IA,AR,0.075935945,0.08806797,16.0,↑,0.571429,NS,10/15,5,3
Liver,NRF1,B,CR→AR,CR,AR,0.07457084,0.08806797,18.100000381469727,↑,0.4,NS,7/9,3,3
Liver,NRF1,PlasmaB,NL→IT,NL,IT,0.041458778,0.06183037,49.09999847412109,↑,0.518992,NS,18/30,6,5
Liver,NRF1,PlasmaB,NL→IA,NL,IA,0.041458778,0.08013713,93.3000030517578,↑,0.645055,NS,17/30,6,5
Liver,NRF1,PlasmaB,NL→AR,NL,AR,0.041458778,0.095401324,130.10000610351562,↑,0.153854,NS,15/18,6,3
Liver,NRF1,PlasmaB,NL→CR,NL,CR,0.041458778,0.038467076,-7.199999809265137,↓,1.0,NS,9/18,6,3
Liver,NRF1,PlasmaB,IT→IA,IT,IA,0.06183037,0.08013713,29.600000381469727,↑,0.916563,NS,13/25,5,5
Liver,NRF1,PlasmaB,IA→AR,IA,AR,0.08013713,0.095401324,19.0,↑,0.571429,NS,10/15,5,3
Liver,NRF1,PlasmaB,CR→AR,CR,AR,0.038467076,0.095401324,148.0,↑,0.4,NS,7/9,3,3
Liver,NRP1,Myeloid,NL→IT,NL,IT,0.03824289,0.085107304,122.5,↑,0.561149,NS,19/36,6,6
Liver,NRP1,Myeloid,NL→IA,NL,IA,0.03824289,0.033666924,-12.0,↓,0.923725,NS,11/30,6,5
Liver,NRP1,Myeloid,NL→AR,NL,AR,0.03824289,0.045116838,18.0,↑,0.511482,NS,12/18,6,3
Liver,NRP1,Myeloid,NL→CR,NL,CR,0.03824289,0.03508316,-8.300000190734863,↓,1.0,NS,7/18,6,3
Liver,NRP1,Myeloid,IT→IA,IT,IA,0.085107304,0.033666924,-60.400001525878906,↓,0.513081,NS,17/30,6,5
Liver,NRP1,Myeloid,IA→AR,IA,AR,0.033666924,0.045116838,34.0,↑,0.368227,NS,11/15,5,3
Liver,NRP1,Myeloid,CR→AR,CR,AR,0.03508316,0.045116838,28.600000381469727,↑,1.0,NS,5/9,3,3
Liver,NRP1,CD4_T,NL→IT,NL,IT,0.00089986826,0.002100966,133.5,↑,0.775029,NS,12/36,6,6
Liver,NRP1,CD4_T,NL→IA,NL,IA,0.00089986826,0.0011839839,31.600000381469727,↑,0.618665,NS,14/30,6,5
Liver,NRP1,CD4_T,NL→AR,NL,AR,0.00089986826,0.0,-100.0,↓,0.376759,NS,6/18,6,3
Liver,NRP1,CD4_T,NL→CR,NL,CR,0.00089986826,0.00046679712,-48.09999847412109,↓,0.878088,NS,6/18,6,3
Liver,NRP1,CD4_T,IT→IA,IT,IA,0.002100966,0.0011839839,-43.59999847412109,↓,0.76521,NS,9/30,6,5
Liver,NRP1,CD4_T,IA→AR,IA,AR,0.0011839839,0.0,-100.0,↓,0.171857,NS,9/15,5,3
Liver,NRP1,CD4_T,CR→AR,CR,AR,0.00046679712,0.0,-100.0,↓,0.504985,NS,3/9,3,3
Liver,NRP1,CD8_T,NL→IT,NL,IT,0.0003340071,0.00074821705,124.0,↑,0.340754,NS,16/36,6,6
Liver,NRP1,CD8_T,NL→IA,NL,IA,0.0003340071,0.00024302416,-27.200000762939453,↓,0.642347,NS,5/30,6,5
Liver,NRP1,CD8_T,NL→AR,NL,AR,0.0003340071,0.0,-100.0,↓,0.637352,NS,3/18,6,3
Liver,NRP1,CD8_T,NL→CR,NL,CR,0.0003340071,0.0,-100.0,↓,0.637352,NS,3/18,6,3
Liver,NRP1,CD8_T,IT→IA,IT,IA,0.00074821705,0.00024302416,-67.5,↓,0.550313,NS,14/30,6,5
Liver,NRP1,CD8_T,IA→AR,IA,AR,0.00024302416,0.0,-100.0,↓,0.329114,NS,6/15,5,3
Liver,NRP1,CD8_T,CR→AR,CR,AR,0.0,0.0,0.0,↑,1.0,NS,0/9,3,3
Liver,NRP1,NK,NL→IT,NL,IT,0.00025802193,0.00057803345,124.0,↑,0.599266,NS,11/36,6,6
Liver,NRP1,NK,NL→IA,NL,IA,0.00025802193,0.0,-100.0,↓,0.465209,NS,5/30,6,5
Liver,NRP1,NK,NL→AR,NL,AR,0.00025802193,0.0,-100.0,↓,0.637352,NS,3/18,6,3
Liver,NRP1,NK,NL→CR,NL,CR,0.00025802193,0.001131564,338.6000061035156,↑,0.219768,NS,11/18,6,3
Liver,NRP1,NK,IT→IA,IT,IA,0.00057803345,0.0,-100.0,↓,0.222994,NS,10/30,6,5
Liver,NRP1,NK,IA→AR,IA,AR,0.0,0.0,0.0,↑,1.0,NS,0/15,5,3
Liver,NRP1,NK,CR→AR,CR,AR,0.001131564,0.0,-100.0,↓,0.196706,NS,6/9,3,3
Liver,NRP1,B,NL→IT,NL,IT,0.0,0.0,0.0,↑,1.0,NS,0/30,6,5
Liver,NRP1,B,NL→IA,NL,IA,0.0,0.0,0.0,↑,1.0,NS,0/30,6,5
Liver,NRP1,B,NL→AR,NL,AR,0.0,0.0,0.0,↑,1.0,NS,0/18,6,3
Liver,NRP1,B,NL→CR,NL,CR,0.0,0.0,0.0,↑,1.0,NS,0/18,6,3
Liver,NRP1,B,IT→IA,IT,IA,0.0,0.0,0.0,↑,1.0,NS,0/25,5,5
Liver,NRP1,B,IA→AR,IA,AR,0.0,0.0,0.0,↑,1.0,NS,0/15,5,3
Liver,NRP1,B,CR→AR,CR,AR,0.0,0.0,0.0,↑,1.0,NS,0/9,3,3
Liver,NRP1,PlasmaB,NL→IT,NL,IT,0.023442416,0.2018315,761.0,↑,0.016685,*,28/30,6,5
Liver,NRP1,PlasmaB,NL→IA,NL,IA,0.023442416,0.23526902,903.5999755859376,↑,0.016685,*,28/30,6,5
Liver,NRP1,PlasmaB,NL→AR,NL,AR,0.023442416,0.2327317,892.7999877929688,↑,0.01621,*,18/18,6,3
Liver,NRP1,PlasmaB,NL→CR,NL,CR,0.023442416,0.15685447,569.0999755859375,↑,0.065992,†,16/18,6,3
Liver,NRP1,PlasmaB,IT→IA,IT,IA,0.2018315,0.23526902,16.600000381469727,↑,0.84127,NS,14/25,5,5
Liver,NRP1,PlasmaB,IA→AR,IA,AR,0.23526902,0.2327317,-1.100000023841858,↓,1.0,NS,8/15,5,3
Liver,NRP1,PlasmaB,CR→AR,CR,AR,0.15685447,0.2327317,48.400001525878906,↑,0.4,NS,7/9,3,3
Liver,PCNA,Myeloid,NL→IT,NL,IT,0.09863612,0.077830814,-21.100000381469727,↓,1.0,NS,18/36,6,6
Liver,PCNA,Myeloid,NL→IA,NL,IA,0.09863612,0.09980385,1.2000000476837158,↑,1.0,NS,15/30,6,5
Liver,PCNA,Myeloid,NL→AR,NL,AR,0.09863612,0.10841331,9.899999618530272,↑,0.714286,NS,11/18,6,3
Liver,PCNA,Myeloid,NL→CR,NL,CR,0.09863612,0.086487025,-12.300000190734863,↓,0.714286,NS,7/18,6,3
Liver,PCNA,Myeloid,IT→IA,IT,IA,0.077830814,0.09980385,28.200000762939453,↑,1.0,NS,15/30,6,5
Liver,PCNA,Myeloid,IA→AR,IA,AR,0.09980385,0.10841331,8.600000381469727,↑,0.785714,NS,9/15,5,3
Liver,PCNA,Myeloid,CR→AR,CR,AR,0.086487025,0.10841331,25.399999618530277,↑,0.4,NS,7/9,3,3
Liver,PCNA,CD4_T,NL→IT,NL,IT,0.14862104,0.1752668,17.899999618530273,↑,0.309524,NS,25/36,6,6
Liver,PCNA,CD4_T,NL→IA,NL,IA,0.14862104,0.16719726,12.5,↑,0.792208,NS,17/30,6,5
Liver,PCNA,CD4_T,NL→AR,NL,AR,0.14862104,0.14847659,-0.1000000014901161,↓,1.0,NS,9/18,6,3
Liver,PCNA,CD4_T,NL→CR,NL,CR,0.14862104,0.16386713,10.300000190734863,↑,0.904762,NS,10/18,6,3
Liver,PCNA,CD4_T,IT→IA,IT,IA,0.1752668,0.16719726,-4.599999904632568,↓,0.662338,NS,18/30,6,5
Liver,PCNA,CD4_T,IA→AR,IA,AR,0.16719726,0.14847659,-11.199999809265137,↓,1.0,NS,7/15,5,3
Liver,PCNA,CD4_T,CR→AR,CR,AR,0.16386713,0.14847659,-9.399999618530272,↓,0.4,NS,7/9,3,3
Liver,PCNA,CD8_T,NL→IT,NL,IT,0.15234582,0.17306618,13.600000381469728,↑,0.309524,NS,25/36,6,6
Liver,PCNA,CD8_T,NL→IA,NL,IA,0.15234582,0.16129312,5.900000095367432,↑,0.428571,NS,10/30,6,5
Liver,PCNA,CD8_T,NL→AR,NL,AR,0.15234582,0.14169487,-7.0,↓,0.380952,NS,13/18,6,3
Liver,PCNA,CD8_T,NL→CR,NL,CR,0.15234582,0.15973502,4.900000095367432,↑,0.714286,NS,11/18,6,3
Liver,PCNA,CD8_T,IT→IA,IT,IA,0.17306618,0.16129312,-6.800000190734863,↓,0.792208,NS,17/30,6,5
Liver,PCNA,CD8_T,IA→AR,IA,AR,0.16129312,0.14169487,-12.199999809265137,↓,0.785714,NS,6/15,5,3
Liver,PCNA,CD8_T,CR→AR,CR,AR,0.15973502,0.14169487,-11.300000190734863,↓,0.7,NS,6/9,3,3
Liver,PCNA,NK,NL→IT,NL,IT,0.18868272,0.27477887,45.59999847412109,↑,0.393939,NS,24/36,6,6
Liver,PCNA,NK,NL→IA,NL,IA,0.18868272,0.16890009,-10.5,↓,0.792208,NS,17/30,6,5
Liver,PCNA,NK,NL→AR,NL,AR,0.18868272,0.15459044,-18.100000381469727,↓,0.714286,NS,11/18,6,3
Liver,PCNA,NK,NL→CR,NL,CR,0.18868272,0.14470114,-23.299999237060547,↓,0.714286,NS,11/18,6,3
Liver,PCNA,NK,IT→IA,IT,IA,0.27477887,0.16890009,-38.5,↓,0.177489,NS,23/30,6,5
Liver,PCNA,NK,IA→AR,IA,AR,0.16890009,0.15459044,-8.5,↓,1.0,NS,8/15,5,3
Liver,PCNA,NK,CR→AR,CR,AR,0.14470114,0.15459044,6.800000190734863,↑,1.0,NS,4/9,3,3
Liver,PCNA,B,NL→IT,NL,IT,0.0662492,0.13058507,97.0999984741211,↑,0.099576,†,24/30,6,5
Liver,PCNA,B,NL→IA,NL,IA,0.0662492,0.15257537,130.3000030517578,↑,0.017316,*,28/30,6,5
Liver,PCNA,B,NL→AR,NL,AR,0.0662492,0.13090865,97.5999984741211,↑,0.095238,†,16/18,6,3
Liver,PCNA,B,NL→CR,NL,CR,0.0662492,0.12848882,93.9000015258789,↑,0.261905,NS,14/18,6,3
Liver,PCNA,B,IT→IA,IT,IA,0.13058507,0.15257537,16.799999237060547,↑,1.0,NS,13/25,5,5
Liver,PCNA,B,IA→AR,IA,AR,0.15257537,0.13090865,-14.199999809265137,↓,0.571429,NS,10/15,5,3
Liver,PCNA,B,CR→AR,CR,AR,0.12848882,0.13090865,1.899999976158142,↑,1.0,NS,5/9,3,3
Liver,PCNA,PlasmaB,NL→IT,NL,IT,0.10011184,0.102584854,2.5,↑,0.792208,NS,17/30,6,5
Liver,PCNA,PlasmaB,NL→IA,NL,IA,0.10011184,0.21815014,117.9000015258789,↑,0.246753,NS,22/30,6,5
Liver,PCNA,PlasmaB,NL→AR,NL,AR,0.10011184,0.11903458,18.899999618530277,↑,1.0,NS,8/18,6,3
Liver,PCNA,PlasmaB,NL→CR,NL,CR,0.10011184,0.09625127,-3.900000095367432,↓,0.904762,NS,8/18,6,3
Liver,PCNA,PlasmaB,IT→IA,IT,IA,0.102584854,0.21815014,112.6999969482422,↑,0.222222,NS,19/25,5,5
Liver,PCNA,PlasmaB,IA→AR,IA,AR,0.21815014,0.11903458,-45.400001525878906,↓,0.785714,NS,9/15,5,3
Liver,PCNA,PlasmaB,CR→AR,CR,AR,0.09625127,0.11903458,23.700000762939453,↑,1.0,NS,5/9,3,3
Liver,PDCD1,Myeloid,NL→IT,NL,IT,0.0144526735,0.009497819,-34.29999923706055,↓,0.655306,NS,9/36,6,6
Liver,PDCD1,Myeloid,NL→IA,NL,IA,0.0144526735,0.0034251106,-76.30000305175781,↓,0.727603,NS,9/30,6,5
Liver,PDCD1,Myeloid,NL→AR,NL,AR,0.0144526735,0.0,-100.0,↓,0.376759,NS,6/18,6,3
Liver,PDCD1,Myeloid,NL→CR,NL,CR,0.0144526735,0.010970834,-24.100000381469727,↓,0.671373,NS,5/18,6,3
Liver,PDCD1,Myeloid,IT→IA,IT,IA,0.009497819,0.0034251106,-63.900001525878906,↓,0.459233,NS,13/30,6,5
Liver,PDCD1,Myeloid,IA→AR,IA,AR,0.0034251106,0.0,-100.0,↓,0.605577,NS,3/15,5,3
Liver,PDCD1,Myeloid,CR→AR,CR,AR,0.010970834,0.0,-100.0,↓,0.196706,NS,6/9,3,3
Liver,PDCD1,CD4_T,NL→IT,NL,IT,0.30982605,0.31100488,0.4000000059604645,↑,0.818182,NS,20/36,6,6
Liver,PDCD1,CD4_T,NL→IA,NL,IA,0.30982605,0.36725348,18.5,↑,0.428571,NS,20/30,6,5
Liver,PDCD1,CD4_T,NL→AR,NL,AR,0.30982605,0.40371296,30.299999237060547,↑,0.261905,NS,14/18,6,3
Liver,PDCD1,CD4_T,NL→CR,NL,CR,0.30982605,0.2750093,-11.199999809265137,↓,0.904762,NS,8/18,6,3
Liver,PDCD1,CD4_T,IT→IA,IT,IA,0.31100488,0.36725348,18.100000381469727,↑,0.428571,NS,20/30,6,5
Liver,PDCD1,CD4_T,IA→AR,IA,AR,0.36725348,0.40371296,9.899999618530272,↑,0.785714,NS,6/15,5,3
Liver,PDCD1,CD4_T,CR→AR,CR,AR,0.2750093,0.40371296,46.79999923706055,↑,0.4,NS,7/9,3,3
Liver,PDCD1,CD8_T,NL→IT,NL,IT,0.29914555,0.58536863,95.6999969482422,↑,0.025974,*,32/36,6,6
Liver,PDCD1,CD8_T,NL→IA,NL,IA,0.29914555,0.6900975,130.6999969482422,↑,0.177489,NS,23/30,6,5
Liver,PDCD1,CD8_T,NL→AR,NL,AR,0.29914555,0.5955586,99.0999984741211,↑,0.095238,†,16/18,6,3
Liver,PDCD1,CD8_T,NL→CR,NL,CR,0.29914555,0.37269378,24.600000381469727,↑,0.547619,NS,12/18,6,3
Liver,PDCD1,CD8_T,IT→IA,IT,IA,0.58536863,0.6900975,17.899999618530273,↑,0.428571,NS,20/30,6,5
Liver,PDCD1,CD8_T,IA→AR,IA,AR,0.6900975,0.5955586,-13.699999809265137,↓,0.392857,NS,11/15,5,3
Liver,PDCD1,CD8_T,CR→AR,CR,AR,0.37269378,0.5955586,59.79999923706055,↑,0.4,NS,7/9,3,3
Liver,PDCD1,NK,NL→IT,NL,IT,0.035685863,0.076545194,114.5,↑,0.24026,NS,26/36,6,6
Liver,PDCD1,NK,NL→IA,NL,IA,0.035685863,0.08294712,132.39999389648438,↑,0.246753,NS,22/30,6,5
Liver,PDCD1,NK,NL→AR,NL,AR,0.035685863,0.0663648,86.0,↑,0.261905,NS,14/18,6,3
Liver,PDCD1,NK,NL→CR,NL,CR,0.035685863,0.041952133,17.600000381469727,↑,0.547619,NS,12/18,6,3
Liver,PDCD1,NK,IT→IA,IT,IA,0.076545194,0.08294712,8.399999618530273,↑,0.662338,NS,18/30,6,5
Liver,PDCD1,NK,IA→AR,IA,AR,0.08294712,0.0663648,-20.0,↓,1.0,NS,7/15,5,3
Liver,PDCD1,NK,CR→AR,CR,AR,0.041952133,0.0663648,58.20000076293945,↑,0.7,NS,6/9,3,3
Liver,PDCD1,B,NL→IT,NL,IT,0.032013714,0.04754033,48.5,↑,0.454772,NS,18/30,6,5
Liver,PDCD1,B,NL→IA,NL,IA,0.032013714,0.04785505,49.5,↑,0.708597,NS,16/30,6,5
Liver,PDCD1,B,NL→AR,NL,AR,0.032013714,0.006095737,-81.0,↓,0.4795,NS,9/18,6,3
Liver,PDCD1,B,NL→CR,NL,CR,0.032013714,0.029826194,-6.800000190734863,↓,0.693641,NS,7/18,6,3
Liver,PDCD1,B,IT→IA,IT,IA,0.04754033,0.04785505,0.699999988079071,↑,1.0,NS,12/25,5,5
Liver,PDCD1,B,IA→AR,IA,AR,0.04785505,0.006095737,-87.30000305175781,↓,0.12663,NS,12/15,5,3
Liver,PDCD1,B,CR→AR,CR,AR,0.029826194,0.006095737,-79.5999984741211,↓,0.184039,NS,8/9,3,3
Liver,PDCD1,PlasmaB,NL→IT,NL,IT,0.047325995,0.023383822,-50.59999847412109,↓,0.454772,NS,9/30,6,5
Liver,PDCD1,PlasmaB,NL→IA,NL,IA,0.047325995,0.07639296,61.400001525878906,↑,1.0,NS,11/30,6,5
Liver,PDCD1,PlasmaB,NL→AR,NL,AR,0.047325995,0.0,-100.0,↓,0.219768,NS,9/18,6,3
Liver,PDCD1,PlasmaB,NL→CR,NL,CR,0.047325995,0.05489945,16.0,↑,0.589639,NS,10/18,6,3
Liver,PDCD1,PlasmaB,IT→IA,IT,IA,0.023383822,0.07639296,226.6999969482422,↑,0.914184,NS,10/25,5,5
Liver,PDCD1,PlasmaB,IA→AR,IA,AR,0.07639296,0.0,-100.0,↓,0.329114,NS,6/15,5,3
Liver,PDCD1,PlasmaB,CR→AR,CR,AR,0.05489945,0.0,-100.0,↓,0.196706,NS,6/9,3,3
Liver,PDCD1LG2,Myeloid,NL→IT,NL,IT,0.010116515,0.013410677,32.599998474121094,↑,0.788821,NS,14/36,6,6
Liver,PDCD1LG2,Myeloid,NL→IA,NL,IA,0.010116515,0.035530034,251.1999969482422,↑,0.915796,NS,10/30,6,5
Liver,PDCD1LG2,Myeloid,NL→AR,NL,AR,0.010116515,0.0016326382,-83.9000015258789,↓,0.878088,NS,6/18,6,3
Liver,PDCD1LG2,Myeloid,NL→CR,NL,CR,0.010116515,0.01287249,27.200000762939453,↑,0.671373,NS,9/18,6,3
Liver,PDCD1LG2,Myeloid,IT→IA,IT,IA,0.013410677,0.035530034,164.89999389648438,↑,0.842187,NS,9/30,6,5
Liver,PDCD1LG2,Myeloid,IA→AR,IA,AR,0.035530034,0.0016326382,-95.4000015258789,↓,1.0,NS,5/15,5,3
Liver,PDCD1LG2,Myeloid,CR→AR,CR,AR,0.01287249,0.0016326382,-87.30000305175781,↓,0.353679,NS,6/9,3,3
Liver,PDCD1LG2,CD4_T,NL→IT,NL,IT,0.00053111813,0.0013476118,153.6999969482422,↑,0.340754,NS,16/36,6,6
Liver,PDCD1LG2,CD4_T,NL→IA,NL,IA,0.00053111813,0.0039351373,640.9000244140625,↑,0.009736,**,29/30,6,5
Liver,PDCD1LG2,CD4_T,NL→AR,NL,AR,0.00053111813,0.0039271233,639.4000244140625,↑,0.065992,†,16/18,6,3
Liver,PDCD1LG2,CD4_T,NL→CR,NL,CR,0.00053111813,0.003428335,545.5,↑,0.125047,NS,12/18,6,3
Liver,PDCD1LG2,CD4_T,IT→IA,IT,IA,0.0013476118,0.0039351373,192.0,↑,0.053027,†,26/30,6,5
Liver,PDCD1LG2,CD4_T,IA→AR,IA,AR,0.0039351373,0.0039271233,-0.2000000029802322,↓,0.785714,NS,9/15,5,3
Liver,PDCD1LG2,CD4_T,CR→AR,CR,AR,0.003428335,0.0039271233,14.5,↑,1.0,NS,4/9,3,3
Liver,PDCD1LG2,CD8_T,NL→IT,NL,IT,0.0010432514,0.0028977406,177.8000030517578,↑,0.266554,NS,21/36,6,6
Liver,PDCD1LG2,CD8_T,NL→IA,NL,IA,0.0010432514,0.0043977643,321.5,↑,0.049746,*,26/30,6,5
Liver,PDCD1LG2,CD8_T,NL→AR,NL,AR,0.0010432514,0.0049244906,372.0,↑,0.043114,*,17/18,6,3
Liver,PDCD1LG2,CD8_T,NL→CR,NL,CR,0.0010432514,0.001290426,23.700000762939453,↑,0.671373,NS,9/18,6,3
Liver,PDCD1LG2,CD8_T,IT→IA,IT,IA,0.0028977406,0.0043977643,51.79999923706055,↑,0.410248,NS,20/30,6,5
Liver,PDCD1LG2,CD8_T,IA→AR,IA,AR,0.0043977643,0.0049244906,12.0,↑,1.0,NS,8/15,5,3
Liver,PDCD1LG2,CD8_T,CR→AR,CR,AR,0.001290426,0.0049244906,281.6000061035156,↑,0.2,NS,8/9,3,3
Liver,PDCD1LG2,NK,NL→IT,NL,IT,0.002570209,0.0016318745,-36.5,↓,0.568331,NS,20/36,6,6
Liver,PDCD1LG2,NK,NL→IA,NL,IA,0.002570209,0.0013514656,-47.400001525878906,↓,0.645055,NS,17/30,6,5
Liver,PDCD1LG2,NK,NL→AR,NL,AR,0.002570209,0.0017429622,-32.20000076293945,↓,0.896851,NS,10/18,6,3
Liver,PDCD1LG2,NK,NL→CR,NL,CR,0.002570209,0.003429677,33.400001525878906,↑,0.896851,NS,10/18,6,3
Liver,PDCD1LG2,NK,IT→IA,IT,IA,0.0016318745,0.0013514656,-17.200000762939453,↓,0.926596,NS,13/30,6,5
Liver,PDCD1LG2,NK,IA→AR,IA,AR,0.0013514656,0.0017429622,29.0,↑,1.0,NS,8/15,5,3
Liver,PDCD1LG2,NK,CR→AR,CR,AR,0.003429677,0.0017429622,-49.20000076293945,↓,1.0,NS,5/9,3,3
Liver,PDCD1LG2,B,NL→IT,NL,IT,0.0037148295,0.0015154636,-59.20000076293945,↓,0.727603,NS,9/30,6,5
Liver,PDCD1LG2,B,NL→IA,NL,IA,0.0037148295,0.00061910093,-83.30000305175781,↓,0.56156,NS,10/30,6,5
Liver,PDCD1LG2,B,NL→AR,NL,AR,0.0037148295,0.0,-100.0,↓,0.376759,NS,6/18,6,3
Liver,PDCD1LG2,B,NL→CR,NL,CR,0.0037148295,0.0,-100.0,↓,0.376759,NS,6/18,6,3
Liver,PDCD1LG2,B,IT→IA,IT,IA,0.0015154636,0.00061910093,-59.09999847412109,↓,1.0,NS,5/25,5,5
Liver,PDCD1LG2,B,IA→AR,IA,AR,0.00061910093,0.0,-100.0,↓,0.605577,NS,3/15,5,3
Liver,PDCD1LG2,B,CR→AR,CR,AR,0.0,0.0,0.0,↑,1.0,NS,0/9,3,3
Liver,PDCD1LG2,PlasmaB,NL→IT,NL,IT,0.0033561236,0.0032746796,-2.400000095367432,↓,1.0,NS,5/30,6,5
Liver,PDCD1LG2,PlasmaB,NL→IA,NL,IA,0.0033561236,0.0,-100.0,↓,0.465209,NS,5/30,6,5
Liver,PDCD1LG2,PlasmaB,NL→AR,NL,AR,0.0033561236,0.0057701417,71.9000015258789,↑,0.859684,NS,5/18,6,3
Liver,PDCD1LG2,PlasmaB,NL→CR,NL,CR,0.0033561236,0.004304537,28.299999237060547,↑,0.859684,NS,5/18,6,3
Liver,PDCD1LG2,PlasmaB,IT→IA,IT,IA,0.0032746796,0.0,-100.0,↓,0.423711,NS,5/25,5,5
Liver,PDCD1LG2,PlasmaB,IA→AR,IA,AR,0.0,0.0057701417,99999.0,↑,0.3017,NS,5/15,5,3
Liver,PDCD1LG2,PlasmaB,CR→AR,CR,AR,0.004304537,0.0057701417,34.0,↑,1.0,NS,3/9,3,3
Liver,PECAM1,Myeloid,NL→IT,NL,IT,0.5814726,0.6376369,9.699999809265137,↑,0.699134,NS,21/36,6,6
Liver,PECAM1,Myeloid,NL→IA,NL,IA,0.5814726,0.70100224,20.600000381469727,↑,0.428571,NS,20/30,6,5
Liver,PECAM1,Myeloid,NL→AR,NL,AR,0.5814726,0.6228693,7.099999904632568,↑,0.904762,NS,10/18,6,3
Liver,PECAM1,Myeloid,NL→CR,NL,CR,0.5814726,0.8133886,39.900001525878906,↑,0.166667,NS,15/18,6,3
Liver,PECAM1,Myeloid,IT→IA,IT,IA,0.6376369,0.70100224,9.899999618530272,↑,0.930736,NS,16/30,6,5
Liver,PECAM1,Myeloid,IA→AR,IA,AR,0.70100224,0.6228693,-11.100000381469728,↓,1.0,NS,8/15,5,3
Liver,PECAM1,Myeloid,CR→AR,CR,AR,0.8133886,0.6228693,-23.399999618530277,↓,0.7,NS,6/9,3,3
Liver,PECAM1,CD4_T,NL→IT,NL,IT,0.058509316,0.09627434,64.5,↑,0.132035,NS,28/36,6,6
Liver,PECAM1,CD4_T,NL→IA,NL,IA,0.058509316,0.114299215,95.4000015258789,↑,0.329004,NS,21/30,6,5
Liver,PECAM1,CD4_T,NL→AR,NL,AR,0.058509316,0.12813808,119.0,↑,0.095238,†,16/18,6,3
Liver,PECAM1,CD4_T,NL→CR,NL,CR,0.058509316,0.14012857,139.5,↑,0.095238,†,16/18,6,3
Liver,PECAM1,CD4_T,IT→IA,IT,IA,0.09627434,0.114299215,18.700000762939453,↑,0.792208,NS,17/30,6,5
Liver,PECAM1,CD4_T,IA→AR,IA,AR,0.114299215,0.12813808,12.100000381469728,↑,0.785714,NS,9/15,5,3
Liver,PECAM1,CD4_T,CR→AR,CR,AR,0.14012857,0.12813808,-8.600000381469727,↓,1.0,NS,4/9,3,3
Liver,PECAM1,CD8_T,NL→IT,NL,IT,0.15088737,0.17728412,17.5,↑,0.588745,NS,22/36,6,6
Liver,PECAM1,CD8_T,NL→IA,NL,IA,0.15088737,0.34435537,128.1999969482422,↑,0.008658,**,29/30,6,5
Liver,PECAM1,CD8_T,NL→AR,NL,AR,0.15088737,0.3803089,152.0,↑,0.166667,NS,15/18,6,3
Liver,PECAM1,CD8_T,NL→CR,NL,CR,0.15088737,0.31530306,109.0,↑,0.047619,*,17/18,6,3
Liver,PECAM1,CD8_T,IT→IA,IT,IA,0.17728412,0.34435537,94.1999969482422,↑,0.017316,*,28/30,6,5
Liver,PECAM1,CD8_T,IA→AR,IA,AR,0.34435537,0.3803089,10.399999618530272,↑,0.785714,NS,9/15,5,3
Liver,PECAM1,CD8_T,CR→AR,CR,AR,0.31530306,0.3803089,20.600000381469727,↑,0.7,NS,6/9,3,3
Liver,PECAM1,NK,NL→IT,NL,IT,0.15242146,0.18544097,21.700000762939453,↑,0.588745,NS,22/36,6,6
Liver,PECAM1,NK,NL→IA,NL,IA,0.15242146,0.21269271,39.5,↑,0.792208,NS,17/30,6,5
Liver,PECAM1,NK,NL→AR,NL,AR,0.15242146,0.26335028,72.80000305175781,↑,0.261905,NS,14/18,6,3
Liver,PECAM1,NK,NL→CR,NL,CR,0.15242146,0.33581173,120.3000030517578,↑,0.02381,*,18/18,6,3
Liver,PECAM1,NK,IT→IA,IT,IA,0.18544097,0.21269271,14.699999809265137,↑,0.930736,NS,16/30,6,5
Liver,PECAM1,NK,IA→AR,IA,AR,0.21269271,0.26335028,23.799999237060547,↑,0.785714,NS,9/15,5,3
Liver,PECAM1,NK,CR→AR,CR,AR,0.33581173,0.26335028,-21.600000381469727,↓,1.0,NS,5/9,3,3
Liver,PECAM1,B,NL→IT,NL,IT,0.05172646,0.11054687,113.6999969482422,↑,0.099576,†,24/30,6,5
Liver,PECAM1,B,NL→IA,NL,IA,0.05172646,0.10587271,104.6999969482422,↑,0.125541,NS,24/30,6,5
Liver,PECAM1,B,NL→AR,NL,AR,0.05172646,0.07361253,42.29999923706055,↑,0.714286,NS,11/18,6,3
Liver,PECAM1,B,NL→CR,NL,CR,0.05172646,0.12848873,148.39999389648438,↑,0.095238,†,16/18,6,3
Liver,PECAM1,B,IT→IA,IT,IA,0.11054687,0.10587271,-4.199999809265137,↓,0.690476,NS,15/25,5,5
Liver,PECAM1,B,IA→AR,IA,AR,0.10587271,0.07361253,-30.5,↓,0.571429,NS,10/15,5,3
Liver,PECAM1,B,CR→AR,CR,AR,0.12848873,0.07361253,-42.70000076293945,↓,0.2,NS,8/9,3,3
Liver,PECAM1,PlasmaB,NL→IT,NL,IT,0.3144554,0.5280775,67.9000015258789,↑,0.017316,*,28/30,6,5
Liver,PECAM1,PlasmaB,NL→IA,NL,IA,0.3144554,0.3338626,6.199999809265137,↑,0.792208,NS,17/30,6,5
Liver,PECAM1,PlasmaB,NL→AR,NL,AR,0.3144554,0.40667582,29.299999237060547,↑,0.547619,NS,12/18,6,3
Liver,PECAM1,PlasmaB,NL→CR,NL,CR,0.3144554,0.43907484,39.59999847412109,↑,0.261905,NS,14/18,6,3
Liver,PECAM1,PlasmaB,IT→IA,IT,IA,0.5280775,0.3338626,-36.79999923706055,↓,0.150794,NS,20/25,5,5
Liver,PECAM1,PlasmaB,IA→AR,IA,AR,0.3338626,0.40667582,21.799999237060547,↑,0.785714,NS,9/15,5,3
Liver,PECAM1,PlasmaB,CR→AR,CR,AR,0.43907484,0.40667582,-7.400000095367432,↓,1.0,NS,4/9,3,3
Liver,PINK1,Myeloid,NL→IT,NL,IT,0.111317895,0.07311967,-34.29999923706055,↓,0.297107,NS,25/36,6,6
Liver,PINK1,Myeloid,NL→IA,NL,IA,0.111317895,0.0522029,-53.09999847412109,↓,0.234267,NS,22/30,6,5
Liver,PINK1,Myeloid,NL→AR,NL,AR,0.111317895,0.063946284,-42.59999847412109,↓,0.380952,NS,13/18,6,3
Liver,PINK1,Myeloid,NL→CR,NL,CR,0.111317895,0.08902546,-20.0,↓,0.714286,NS,11/18,6,3
Liver,PINK1,Myeloid,IT→IA,IT,IA,0.07311967,0.0522029,-28.600000381469727,↓,0.640374,NS,16/30,6,5
Liver,PINK1,Myeloid,IA→AR,IA,AR,0.0522029,0.063946284,22.5,↑,1.0,NS,7/15,5,3
Liver,PINK1,Myeloid,CR→AR,CR,AR,0.08902546,0.063946284,-28.200000762939453,↓,0.7,NS,6/9,3,3
Liver,PINK1,CD4_T,NL→IT,NL,IT,0.060137257,0.05974977,-0.6000000238418579,↓,1.0,NS,18/36,6,6
Liver,PINK1,CD4_T,NL→IA,NL,IA,0.060137257,0.07851871,30.600000381469727,↑,0.428571,NS,20/30,6,5
Liver,PINK1,CD4_T,NL→AR,NL,AR,0.060137257,0.055024613,-8.5,↓,0.547619,NS,12/18,6,3
Liver,PINK1,CD4_T,NL→CR,NL,CR,0.060137257,0.052491903,-12.699999809265137,↓,0.904762,NS,10/18,6,3
Liver,PINK1,CD4_T,IT→IA,IT,IA,0.05974977,0.07851871,31.399999618530277,↑,0.329004,NS,21/30,6,5
Liver,PINK1,CD4_T,IA→AR,IA,AR,0.07851871,0.055024613,-29.899999618530277,↓,0.142857,NS,13/15,5,3
Liver,PINK1,CD4_T,CR→AR,CR,AR,0.052491903,0.055024613,4.800000190734863,↑,0.7,NS,6/9,3,3
Liver,PINK1,CD8_T,NL→IT,NL,IT,0.059230402,0.06222559,5.099999904632568,↑,0.699134,NS,21/36,6,6
Liver,PINK1,CD8_T,NL→IA,NL,IA,0.059230402,0.07091755,19.700000762939453,↑,0.536797,NS,19/30,6,5
Liver,PINK1,CD8_T,NL→AR,NL,AR,0.059230402,0.050609678,-14.600000381469728,↓,0.547619,NS,12/18,6,3
Liver,PINK1,CD8_T,NL→CR,NL,CR,0.059230402,0.0528528,-10.800000190734863,↓,0.547619,NS,12/18,6,3
Liver,PINK1,CD8_T,IT→IA,IT,IA,0.06222559,0.07091755,14.0,↑,0.930736,NS,16/30,6,5
Liver,PINK1,CD8_T,IA→AR,IA,AR,0.07091755,0.050609678,-28.600000381469727,↓,0.392857,NS,11/15,5,3
Liver,PINK1,CD8_T,CR→AR,CR,AR,0.0528528,0.050609678,-4.199999809265137,↓,0.7,NS,3/9,3,3
Liver,PINK1,NK,NL→IT,NL,IT,0.080645,0.09198446,14.100000381469728,↑,0.818182,NS,20/36,6,6
Liver,PINK1,NK,NL→IA,NL,IA,0.080645,0.11733456,45.5,↑,0.082251,†,25/30,6,5
Liver,PINK1,NK,NL→AR,NL,AR,0.080645,0.071704425,-11.100000381469728,↓,0.714286,NS,11/18,6,3
Liver,PINK1,NK,NL→CR,NL,CR,0.080645,0.07334406,-9.100000381469728,↓,0.547619,NS,12/18,6,3
Liver,PINK1,NK,IT→IA,IT,IA,0.09198446,0.11733456,27.600000381469727,↑,0.792208,NS,17/30,6,5
Liver,PINK1,NK,IA→AR,IA,AR,0.11733456,0.071704425,-38.900001525878906,↓,0.142857,NS,13/15,5,3
Liver,PINK1,NK,CR→AR,CR,AR,0.07334406,0.071704425,-2.200000047683716,↓,0.7,NS,3/9,3,3
Liver,PINK1,B,NL→IT,NL,IT,0.018700184,0.021577928,15.399999618530272,↑,0.923725,NS,13/30,6,5
Liver,PINK1,B,NL→IA,NL,IA,0.018700184,0.029858094,59.70000076293945,↑,0.350122,NS,19/30,6,5
Liver,PINK1,B,NL→AR,NL,AR,0.018700184,0.047956765,156.5,↑,0.087825,†,16/18,6,3
Liver,PINK1,B,NL→CR,NL,CR,0.018700184,0.035813253,91.5,↑,0.35802,NS,13/18,6,3
Liver,PINK1,B,IT→IA,IT,IA,0.021577928,0.029858094,38.400001525878906,↑,0.672336,NS,14/25,5,5
Liver,PINK1,B,IA→AR,IA,AR,0.029858094,0.047956765,60.59999847412109,↑,0.392857,NS,11/15,5,3
Liver,PINK1,B,CR→AR,CR,AR,0.035813253,0.047956765,33.900001525878906,↑,0.7,NS,6/9,3,3
Liver,PINK1,PlasmaB,NL→IT,NL,IT,0.080762886,0.07111714,-11.899999618530272,↓,0.792208,NS,17/30,6,5
Liver,PINK1,PlasmaB,NL→IA,NL,IA,0.080762886,0.027771449,-65.5999984741211,↓,0.080042,†,24/30,6,5
Liver,PINK1,PlasmaB,NL→AR,NL,AR,0.080762886,0.030149192,-62.70000076293945,↓,0.194835,NS,14/18,6,3
Liver,PINK1,PlasmaB,NL→CR,NL,CR,0.080762886,0.058927327,-27.0,↓,0.795418,NS,10/18,6,3
Liver,PINK1,PlasmaB,IT→IA,IT,IA,0.07111714,0.027771449,-60.900001525878906,↓,0.20869,NS,19/25,5,5
Liver,PINK1,PlasmaB,IA→AR,IA,AR,0.027771449,0.030149192,8.600000381469727,↑,0.759982,NS,8/15,5,3
Liver,PINK1,PlasmaB,CR→AR,CR,AR,0.058927327,0.030149192,-48.79999923706055,↓,1.0,NS,4/9,3,3
Liver,PPARGC1A,Myeloid,NL→IT,NL,IT,0.0,0.0,0.0,↑,1.0,NS,0/36,6,6
Liver,PPARGC1A,Myeloid,NL→IA,NL,IA,0.0,0.00030198187,99999.0,↑,0.36131,NS,6/30,6,5
Liver,PPARGC1A,Myeloid,NL→AR,NL,AR,0.0,0.0,0.0,↑,1.0,NS,0/18,6,3
Liver,PPARGC1A,Myeloid,NL→CR,NL,CR,0.0,0.0,0.0,↑,1.0,NS,0/18,6,3
Liver,PPARGC1A,Myeloid,IT→IA,IT,IA,0.0,0.00030198187,99999.0,↑,0.36131,NS,6/30,6,5
Liver,PPARGC1A,Myeloid,IA→AR,IA,AR,0.00030198187,0.0,-100.0,↓,0.605577,NS,3/15,5,3
Liver,PPARGC1A,Myeloid,CR→AR,CR,AR,0.0,0.0,0.0,↑,1.0,NS,0/9,3,3
Liver,PPARGC1A,CD4_T,NL→IT,NL,IT,0.0,0.0,0.0,↑,1.0,NS,0/36,6,6
Liver,PPARGC1A,CD4_T,NL→IA,NL,IA,0.0,0.0,0.0,↑,1.0,NS,0/30,6,5
Liver,PPARGC1A,CD4_T,NL→AR,NL,AR,0.0,0.0,0.0,↑,1.0,NS,0/18,6,3
Liver,PPARGC1A,CD4_T,NL→CR,NL,CR,0.0,0.0003940696,99999.0,↑,0.238593,NS,6/18,6,3
Liver,PPARGC1A,CD4_T,IT→IA,IT,IA,0.0,0.0,0.0,↑,1.0,NS,0/30,6,5
Liver,PPARGC1A,CD4_T,IA→AR,IA,AR,0.0,0.0,0.0,↑,1.0,NS,0/15,5,3
Liver,PPARGC1A,CD4_T,CR→AR,CR,AR,0.0003940696,0.0,-100.0,↓,0.504985,NS,3/9,3,3
Liver,PPARGC1A,CD8_T,NL→IT,NL,IT,0.0,0.0,0.0,↑,1.0,NS,0/36,6,6
Liver,PPARGC1A,CD8_T,NL→IA,NL,IA,0.0,0.0,0.0,↑,1.0,NS,0/30,6,5
Liver,PPARGC1A,CD8_T,NL→AR,NL,AR,0.0,0.0,0.0,↑,1.0,NS,0/18,6,3
Liver,PPARGC1A,CD8_T,NL→CR,NL,CR,0.0,0.0,0.0,↑,1.0,NS,0/18,6,3
Liver,PPARGC1A,CD8_T,IT→IA,IT,IA,0.0,0.0,0.0,↑,1.0,NS,0/30,6,5
Liver,PPARGC1A,CD8_T,IA→AR,IA,AR,0.0,0.0,0.0,↑,1.0,NS,0/15,5,3
Liver,PPARGC1A,CD8_T,CR→AR,CR,AR,0.0,0.0,0.0,↑,1.0,NS,0/9,3,3
Liver,PPARGC1A,NK,NL→IT,NL,IT,0.0,0.0,0.0,↑,1.0,NS,0/36,6,6
Liver,PPARGC1A,NK,NL→IA,NL,IA,0.0,0.0,0.0,↑,1.0,NS,0/30,6,5
Liver,PPARGC1A,NK,NL→AR,NL,AR,0.0,0.0,0.0,↑,1.0,NS,0/18,6,3
Liver,PPARGC1A,NK,NL→CR,NL,CR,0.0,0.0,0.0,↑,1.0,NS,0/18,6,3
Liver,PPARGC1A,NK,IT→IA,IT,IA,0.0,0.0,0.0,↑,1.0,NS,0/30,6,5
Liver,PPARGC1A,NK,IA→AR,IA,AR,0.0,0.0,0.0,↑,1.0,NS,0/15,5,3
Liver,PPARGC1A,NK,CR→AR,CR,AR,0.0,0.0,0.0,↑,1.0,NS,0/9,3,3
Liver,PPARGC1A,B,NL→IT,NL,IT,0.0,0.0,0.0,↑,1.0,NS,0/30,6,5
Liver,PPARGC1A,B,NL→IA,NL,IA,0.0,0.0,0.0,↑,1.0,NS,0/30,6,5
Liver,PPARGC1A,B,NL→AR,NL,AR,0.0,0.0,0.0,↑,1.0,NS,0/18,6,3
Liver,PPARGC1A,B,NL→CR,NL,CR,0.0,0.0,0.0,↑,1.0,NS,0/18,6,3
Liver,PPARGC1A,B,IT→IA,IT,IA,0.0,0.0,0.0,↑,1.0,NS,0/25,5,5
Liver,PPARGC1A,B,IA→AR,IA,AR,0.0,0.0,0.0,↑,1.0,NS,0/15,5,3
Liver,PPARGC1A,B,CR→AR,CR,AR,0.0,0.0,0.0,↑,1.0,NS,0/9,3,3
Liver,PPARGC1A,PlasmaB,NL→IT,NL,IT,0.00056246796,0.0,-100.0,↓,0.465209,NS,5/30,6,5
Liver,PPARGC1A,PlasmaB,NL→IA,NL,IA,0.00056246796,0.0,-100.0,↓,0.465209,NS,5/30,6,5
Liver,PPARGC1A,PlasmaB,NL→AR,NL,AR,0.00056246796,0.0,-100.0,↓,0.637352,NS,3/18,6,3
Liver,PPARGC1A,PlasmaB,NL→CR,NL,CR,0.00056246796,0.0,-100.0,↓,0.637352,NS,3/18,6,3
Liver,PPARGC1A,PlasmaB,IT→IA,IT,IA,0.0,0.0,0.0,↑,1.0,NS,0/25,5,5
Liver,PPARGC1A,PlasmaB,IA→AR,IA,AR,0.0,0.0,0.0,↑,1.0,NS,0/15,5,3
Liver,PPARGC1A,PlasmaB,CR→AR,CR,AR,0.0,0.0,0.0,↑,1.0,NS,0/9,3,3
Liver,PRDM1,Myeloid,NL→IT,NL,IT,0.0758475,0.15205425,100.5,↑,0.574504,NS,22/36,6,6
Liver,PRDM1,Myeloid,NL→IA,NL,IA,0.0758475,0.054403704,-28.299999237060547,↓,0.16993,NS,23/30,6,5
Liver,PRDM1,Myeloid,NL→AR,NL,AR,0.0758475,0.078670055,3.700000047683716,↑,0.547619,NS,12/18,6,3
Liver,PRDM1,Myeloid,NL→CR,NL,CR,0.0758475,0.1707235,125.0999984741211,↑,0.904762,NS,10/18,6,3
Liver,PRDM1,Myeloid,IT→IA,IT,IA,0.15205425,0.054403704,-64.19999694824219,↓,0.400394,NS,18/30,6,5
Liver,PRDM1,Myeloid,IA→AR,IA,AR,0.054403704,0.078670055,44.59999847412109,↑,0.759982,NS,8/15,5,3
Liver,PRDM1,Myeloid,CR→AR,CR,AR,0.1707235,0.078670055,-53.900001525878906,↓,1.0,NS,5/9,3,3
Liver,PRDM1,CD4_T,NL→IT,NL,IT,0.39121366,0.24893953,-36.400001525878906,↓,0.002165,**,36/36,6,6
Liver,PRDM1,CD4_T,NL→IA,NL,IA,0.39121366,0.2118773,-45.79999923706055,↓,0.004329,**,30/30,6,5
Liver,PRDM1,CD4_T,NL→AR,NL,AR,0.39121366,0.2918923,-25.399999618530277,↓,0.261905,NS,14/18,6,3
Liver,PRDM1,CD4_T,NL→CR,NL,CR,0.39121366,0.23085898,-41.0,↓,0.02381,*,18/18,6,3
Liver,PRDM1,CD4_T,IT→IA,IT,IA,0.24893953,0.2118773,-14.899999618530272,↓,0.536797,NS,19/30,6,5
Liver,PRDM1,CD4_T,IA→AR,IA,AR,0.2118773,0.2918923,37.79999923706055,↑,0.25,NS,12/15,5,3
Liver,PRDM1,CD4_T,CR→AR,CR,AR,0.23085898,0.2918923,26.399999618530277,↑,0.7,NS,6/9,3,3
Liver,PRDM1,CD8_T,NL→IT,NL,IT,0.38036123,0.30223426,-20.5,↓,0.309524,NS,25/36,6,6
Liver,PRDM1,CD8_T,NL→IA,NL,IA,0.38036123,0.28206354,-25.799999237060547,↓,0.177489,NS,23/30,6,5
Liver,PRDM1,CD8_T,NL→AR,NL,AR,0.38036123,0.33232096,-12.600000381469728,↓,0.547619,NS,12/18,6,3
Liver,PRDM1,CD8_T,NL→CR,NL,CR,0.38036123,0.2456298,-35.400001525878906,↓,0.095238,†,16/18,6,3
Liver,PRDM1,CD8_T,IT→IA,IT,IA,0.30223426,0.28206354,-6.699999809265137,↓,0.930736,NS,14/30,6,5
Liver,PRDM1,CD8_T,IA→AR,IA,AR,0.28206354,0.33232096,17.799999237060547,↑,1.0,NS,7/15,5,3
Liver,PRDM1,CD8_T,CR→AR,CR,AR,0.2456298,0.33232096,35.29999923706055,↑,1.0,NS,5/9,3,3
Liver,PRDM1,NK,NL→IT,NL,IT,0.35029635,0.29661524,-15.300000190734863,↓,0.484848,NS,23/36,6,6
Liver,PRDM1,NK,NL→IA,NL,IA,0.35029635,0.206851,-40.900001525878906,↓,0.051948,†,26/30,6,5
Liver,PRDM1,NK,NL→AR,NL,AR,0.35029635,0.2845285,-18.799999237060547,↓,0.547619,NS,12/18,6,3
Liver,PRDM1,NK,NL→CR,NL,CR,0.35029635,0.26622197,-24.0,↓,0.380952,NS,13/18,6,3
Liver,PRDM1,NK,IT→IA,IT,IA,0.29661524,0.206851,-30.299999237060547,↓,0.125541,NS,24/30,6,5
Liver,PRDM1,NK,IA→AR,IA,AR,0.206851,0.2845285,37.59999847412109,↑,0.071429,†,14/15,5,3
Liver,PRDM1,NK,CR→AR,CR,AR,0.26622197,0.2845285,6.900000095367432,↑,0.7,NS,6/9,3,3
Liver,PRDM1,B,NL→IT,NL,IT,0.024847956,0.014428096,-41.900001525878906,↓,0.779243,NS,15/30,6,5
Liver,PRDM1,B,NL→IA,NL,IA,0.024847956,0.016650721,-33.0,↓,1.0,NS,15/30,6,5
Liver,PRDM1,B,NL→AR,NL,AR,0.024847956,0.020233942,-18.600000381469727,↓,0.896851,NS,8/18,6,3
Liver,PRDM1,B,NL→CR,NL,CR,0.024847956,0.0100176195,-59.70000076293945,↓,0.693641,NS,10/18,6,3
Liver,PRDM1,B,IT→IA,IT,IA,0.014428096,0.016650721,15.399999618530272,↑,1.0,NS,13/25,5,5
Liver,PRDM1,B,IA→AR,IA,AR,0.016650721,0.020233942,21.5,↑,0.785714,NS,9/15,5,3
Liver,PRDM1,B,CR→AR,CR,AR,0.0100176195,0.020233942,102.0,↑,0.7,NS,6/9,3,3
Liver,PRDM1,PlasmaB,NL→IT,NL,IT,0.6456826,0.37344652,-42.20000076293945,↓,0.246753,NS,22/30,6,5
Liver,PRDM1,PlasmaB,NL→IA,NL,IA,0.6456826,0.29418105,-54.400001525878906,↓,0.177489,NS,23/30,6,5
Liver,PRDM1,PlasmaB,NL→AR,NL,AR,0.6456826,0.27675462,-57.09999847412109,↓,0.261905,NS,14/18,6,3
Liver,PRDM1,PlasmaB,NL→CR,NL,CR,0.6456826,0.26873758,-58.400001525878906,↓,0.261905,NS,14/18,6,3
Liver,PRDM1,PlasmaB,IT→IA,IT,IA,0.37344652,0.29418105,-21.200000762939453,↓,0.420635,NS,17/25,5,5
Liver,PRDM1,PlasmaB,IA→AR,IA,AR,0.29418105,0.27675462,-5.900000095367432,↓,1.0,NS,8/15,5,3
Liver,PRDM1,PlasmaB,CR→AR,CR,AR,0.26873758,0.27675462,3.0,↑,1.0,NS,5/9,3,3
Liver,PRF1,Myeloid,NL→IT,NL,IT,0.0,0.024012819,99999.0,↑,0.009622,**,30/36,6,6
Liver,PRF1,Myeloid,NL→IA,NL,IA,0.0,0.019082775,99999.0,↑,0.36131,NS,6/30,6,5
Liver,PRF1,Myeloid,NL→AR,NL,AR,0.0,0.0,0.0,↑,1.0,NS,0/18,6,3
Liver,PRF1,Myeloid,NL→CR,NL,CR,0.0,0.0053622294,99999.0,↑,0.05183,†,12/18,6,3
Liver,PRF1,Myeloid,IT→IA,IT,IA,0.024012819,0.019082775,-20.5,↓,0.213259,NS,20/30,6,5
Liver,PRF1,Myeloid,IA→AR,IA,AR,0.019082775,0.0,-100.0,↓,0.605577,NS,3/15,5,3
Liver,PRF1,Myeloid,CR→AR,CR,AR,0.0053622294,0.0,-100.0,↓,0.196706,NS,6/9,3,3
Liver,PRF1,CD4_T,NL→IT,NL,IT,0.92586106,0.7510636,-18.899999618530277,↓,0.093074,†,29/36,6,6
Liver,PRF1,CD4_T,NL→IA,NL,IA,0.92586106,0.56503415,-39.0,↓,0.030303,*,27/30,6,5
Liver,PRF1,CD4_T,NL→AR,NL,AR,0.92586106,0.6776929,-26.799999237060547,↓,0.166667,NS,15/18,6,3
Liver,PRF1,CD4_T,NL→CR,NL,CR,0.92586106,0.72511286,-21.700000762939453,↓,0.166667,NS,15/18,6,3
Liver,PRF1,CD4_T,IT→IA,IT,IA,0.7510636,0.56503415,-24.799999237060547,↓,0.125541,NS,24/30,6,5
Liver,PRF1,CD4_T,IA→AR,IA,AR,0.56503415,0.6776929,19.899999618530277,↑,0.571429,NS,10/15,5,3
Liver,PRF1,CD4_T,CR→AR,CR,AR,0.72511286,0.6776929,-6.5,↓,0.7,NS,6/9,3,3
Liver,PRF1,CD8_T,NL→IT,NL,IT,1.2702868,1.1854017,-6.699999809265137,↓,0.484848,NS,23/36,6,6
Liver,PRF1,CD8_T,NL→IA,NL,IA,1.2702868,0.95615786,-24.700000762939453,↓,0.125541,NS,24/30,6,5
Liver,PRF1,CD8_T,NL→AR,NL,AR,1.2702868,1.2570809,-1.0,↓,0.547619,NS,12/18,6,3
Liver,PRF1,CD8_T,NL→CR,NL,CR,1.2702868,1.1799084,-7.099999904632568,↓,0.904762,NS,10/18,6,3
Liver,PRF1,CD8_T,IT→IA,IT,IA,1.1854017,0.95615786,-19.299999237060547,↓,0.329004,NS,21/30,6,5
Liver,PRF1,CD8_T,IA→AR,IA,AR,0.95615786,1.2570809,31.5,↑,0.142857,NS,13/15,5,3
Liver,PRF1,CD8_T,CR→AR,CR,AR,1.1799084,1.2570809,6.5,↑,0.7,NS,6/9,3,3
Liver,PRF1,NK,NL→IT,NL,IT,2.217294,2.0848458,-6.0,↓,0.937229,NS,19/36,6,6
Liver,PRF1,NK,NL→IA,NL,IA,2.217294,2.0636232,-6.900000095367432,↓,0.662338,NS,18/30,6,5
Liver,PRF1,NK,NL→AR,NL,AR,2.217294,2.1073654,-5.0,↓,0.714286,NS,11/18,6,3
Liver,PRF1,NK,NL→CR,NL,CR,2.217294,1.9744191,-11.0,↓,0.714286,NS,11/18,6,3
Liver,PRF1,NK,IT→IA,IT,IA,2.0848458,2.0636232,-1.0,↓,0.536797,NS,19/30,6,5
Liver,PRF1,NK,IA→AR,IA,AR,2.0636232,2.1073654,2.0999999046325684,↑,1.0,NS,8/15,5,3
Liver,PRF1,NK,CR→AR,CR,AR,1.9744191,2.1073654,6.699999809265137,↑,1.0,NS,5/9,3,3
Liver,PRF1,B,NL→IT,NL,IT,0.009995807,0.007917331,-20.799999237060547,↓,1.0,NS,9/30,6,5
Liver,PRF1,B,NL→IA,NL,IA,0.009995807,0.014820325,48.29999923706055,↑,0.485903,NS,15/30,6,5
Liver,PRF1,B,NL→AR,NL,AR,0.009995807,0.0,-100.0,↓,0.376759,NS,6/18,6,3
Liver,PRF1,B,NL→CR,NL,CR,0.009995807,0.0046608015,-53.400001525878906,↓,0.887537,NS,6/18,6,3
Liver,PRF1,B,IT→IA,IT,IA,0.007917331,0.014820325,87.19999694824219,↑,0.503812,NS,13/25,5,5
Liver,PRF1,B,IA→AR,IA,AR,0.014820325,0.0,-100.0,↓,0.171857,NS,9/15,5,3
Liver,PRF1,B,CR→AR,CR,AR,0.0046608015,0.0,-100.0,↓,0.196706,NS,6/9,3,3
Liver,PRF1,PlasmaB,NL→IT,NL,IT,0.030761808,0.025238708,-18.0,↓,1.0,NS,12/30,6,5
Liver,PRF1,PlasmaB,NL→IA,NL,IA,0.030761808,0.02866204,-6.800000190734863,↓,0.842187,NS,12/30,6,5
Liver,PRF1,PlasmaB,NL→AR,NL,AR,0.030761808,0.048018858,56.09999847412109,↑,1.0,NS,6/18,6,3
Liver,PRF1,PlasmaB,NL→CR,NL,CR,0.030761808,0.03990297,29.700000762939453,↑,0.787406,NS,9/18,6,3
Liver,PRF1,PlasmaB,IT→IA,IT,IA,0.025238708,0.02866204,13.600000381469728,↑,0.655836,NS,7/25,5,5
Liver,PRF1,PlasmaB,IA→AR,IA,AR,0.02866204,0.048018858,67.5,↑,1.0,NS,5/15,5,3
Liver,PRF1,PlasmaB,CR→AR,CR,AR,0.03990297,0.048018858,20.299999237060547,↑,1.0,NS,3/9,3,3
Liver,PRKN,Myeloid,NL→IT,NL,IT,0.0061777164,0.008161333,32.099998474121094,↑,0.245785,NS,20/36,6,6
Liver,PRKN,Myeloid,NL→IA,NL,IA,0.0061777164,0.0026099426,-57.79999923706055,↓,0.642347,NS,5/30,6,5
Liver,PRKN,Myeloid,NL→AR,NL,AR,0.0061777164,0.0024354158,-60.59999847412109,↓,0.859684,NS,3/18,6,3
Liver,PRKN,Myeloid,NL→CR,NL,CR,0.0061777164,0.010829945,75.30000305175781,↑,0.357386,NS,10/18,6,3
Liver,PRKN,Myeloid,IT→IA,IT,IA,0.008161333,0.0026099426,-68.0,↓,0.213259,NS,19/30,6,5
Liver,PRKN,Myeloid,IA→AR,IA,AR,0.0026099426,0.0024354158,-6.699999809265137,↓,1.0,NS,5/15,5,3
Liver,PRKN,Myeloid,CR→AR,CR,AR,0.010829945,0.0024354158,-77.5,↓,0.642835,NS,5/9,3,3
Liver,PRKN,CD4_T,NL→IT,NL,IT,0.006842224,0.004137031,-39.5,↓,0.226491,NS,25/36,6,6
Liver,PRKN,CD4_T,NL→IA,NL,IA,0.006842224,0.009487605,38.70000076293945,↑,0.536797,NS,19/30,6,5
Liver,PRKN,CD4_T,NL→AR,NL,AR,0.006842224,0.0045792963,-33.099998474121094,↓,0.261905,NS,14/18,6,3
Liver,PRKN,CD4_T,NL→CR,NL,CR,0.006842224,0.008787524,28.399999618530277,↑,0.547619,NS,12/18,6,3
Liver,PRKN,CD4_T,IT→IA,IT,IA,0.004137031,0.009487605,129.3000030517578,↑,0.234267,NS,22/30,6,5
Liver,PRKN,CD4_T,IA→AR,IA,AR,0.009487605,0.0045792963,-51.70000076293945,↓,0.571429,NS,10/15,5,3
Liver,PRKN,CD4_T,CR→AR,CR,AR,0.008787524,0.0045792963,-47.900001525878906,↓,0.2,NS,8/9,3,3
Liver,PRKN,CD8_T,NL→IT,NL,IT,0.011414667,0.005283216,-53.70000076293945,↓,0.24026,NS,26/36,6,6
Liver,PRKN,CD8_T,NL→IA,NL,IA,0.011414667,0.0034104593,-70.0999984741211,↓,0.082251,†,25/30,6,5
Liver,PRKN,CD8_T,NL→AR,NL,AR,0.011414667,0.004759953,-58.29999923706055,↓,0.261905,NS,14/18,6,3
Liver,PRKN,CD8_T,NL→CR,NL,CR,0.011414667,0.0062050815,-45.59999847412109,↓,0.380952,NS,13/18,6,3
Liver,PRKN,CD8_T,IT→IA,IT,IA,0.005283216,0.0034104593,-35.400001525878906,↓,0.464192,NS,19/30,6,5
Liver,PRKN,CD8_T,IA→AR,IA,AR,0.0034104593,0.004759953,39.59999847412109,↑,0.785714,NS,9/15,5,3
Liver,PRKN,CD8_T,CR→AR,CR,AR,0.0062050815,0.004759953,-23.299999237060547,↓,1.0,NS,4/9,3,3
Liver,PRKN,NK,NL→IT,NL,IT,0.0036352433,0.0053404034,46.900001525878906,↑,0.935736,NS,18/36,6,6
Liver,PRKN,NK,NL→IA,NL,IA,0.0036352433,0.010423922,186.6999969482422,↑,0.051948,†,26/30,6,5
Liver,PRKN,NK,NL→AR,NL,AR,0.0036352433,0.0093356,156.8000030517578,↑,0.547619,NS,12/18,6,3
Liver,PRKN,NK,NL→CR,NL,CR,0.0036352433,0.0039923703,9.800000190734863,↑,1.0,NS,8/18,6,3
Liver,PRKN,NK,IT→IA,IT,IA,0.0053404034,0.010423922,95.1999969482422,↑,0.3142,NS,21/30,6,5
Liver,PRKN,NK,IA→AR,IA,AR,0.010423922,0.0093356,-10.399999618530272,↓,0.785714,NS,9/15,5,3
Liver,PRKN,NK,CR→AR,CR,AR,0.0039923703,0.0093356,133.8000030517578,↑,0.7,NS,6/9,3,3
Liver,PRKN,B,NL→IT,NL,IT,0.017676204,0.0093136355,-47.29999923706055,↓,0.923725,NS,13/30,6,5
Liver,PRKN,B,NL→IA,NL,IA,0.017676204,0.0051935376,-70.5999984741211,↓,0.425806,NS,15/30,6,5
Liver,PRKN,B,NL→AR,NL,AR,0.017676204,0.008131085,-54.0,↓,0.887537,NS,7/18,6,3
Liver,PRKN,B,NL→CR,NL,CR,0.017676204,0.013518381,-23.5,↓,1.0,NS,7/18,6,3
Liver,PRKN,B,IT→IA,IT,IA,0.0093136355,0.0051935376,-44.20000076293945,↓,0.503812,NS,13/25,5,5
Liver,PRKN,B,IA→AR,IA,AR,0.0051935376,0.008131085,56.59999847412109,↑,1.0,NS,5/15,5,3
Liver,PRKN,B,CR→AR,CR,AR,0.013518381,0.008131085,-39.900001525878906,↓,0.642835,NS,5/9,3,3
Liver,PRKN,PlasmaB,NL→IT,NL,IT,0.001225544,0.0068136677,456.0,↑,0.169289,NS,17/30,6,5
Liver,PRKN,PlasmaB,NL→IA,NL,IA,0.001225544,0.022011131,1696.0,↑,0.892295,NS,6/30,6,5
Liver,PRKN,PlasmaB,NL→AR,NL,AR,0.001225544,0.0,-100.0,↓,0.637352,NS,3/18,6,3
Liver,PRKN,PlasmaB,NL→CR,NL,CR,0.001225544,0.0,-100.0,↓,0.637352,NS,3/18,6,3
Liver,PRKN,PlasmaB,IT→IA,IT,IA,0.0068136677,0.022011131,223.0,↑,0.480177,NS,5/25,5,5
Liver,PRKN,PlasmaB,IA→AR,IA,AR,0.022011131,0.0,-100.0,↓,0.605577,NS,3/15,5,3
Liver,PRKN,PlasmaB,CR→AR,CR,AR,0.0,0.0,0.0,↑,1.0,NS,0/9,3,3
Liver,PYCARD,Myeloid,NL→IT,NL,IT,1.2516918,1.178778,-5.800000190734863,↓,0.818182,NS,20/36,6,6
Liver,PYCARD,Myeloid,NL→IA,NL,IA,1.2516918,1.4421546,15.199999809265137,↑,0.536797,NS,19/30,6,5
Liver,PYCARD,Myeloid,NL→AR,NL,AR,1.2516918,1.660067,32.599998474121094,↑,0.380952,NS,13/18,6,3
Liver,PYCARD,Myeloid,NL→CR,NL,CR,1.2516918,1.4466013,15.600000381469728,↑,0.547619,NS,12/18,6,3
Liver,PYCARD,Myeloid,IT→IA,IT,IA,1.178778,1.4421546,22.299999237060547,↑,0.428571,NS,20/30,6,5
Liver,PYCARD,Myeloid,IA→AR,IA,AR,1.4421546,1.660067,15.100000381469728,↑,1.0,NS,8/15,5,3
Liver,PYCARD,Myeloid,CR→AR,CR,AR,1.4466013,1.660067,14.800000190734863,↑,1.0,NS,5/9,3,3
Liver,PYCARD,CD4_T,NL→IT,NL,IT,0.1879568,0.19174252,2.0,↑,0.699134,NS,21/36,6,6
Liver,PYCARD,CD4_T,NL→IA,NL,IA,0.1879568,0.2660503,41.5,↑,0.329004,NS,21/30,6,5
Liver,PYCARD,CD4_T,NL→AR,NL,AR,0.1879568,0.33580336,78.69999694824219,↑,0.380952,NS,13/18,6,3
Liver,PYCARD,CD4_T,NL→CR,NL,CR,0.1879568,0.29823455,58.70000076293945,↑,0.380952,NS,13/18,6,3
Liver,PYCARD,CD4_T,IT→IA,IT,IA,0.19174252,0.2660503,38.79999923706055,↑,0.536797,NS,19/30,6,5
Liver,PYCARD,CD4_T,IA→AR,IA,AR,0.2660503,0.33580336,26.200000762939453,↑,0.785714,NS,9/15,5,3
Liver,PYCARD,CD4_T,CR→AR,CR,AR,0.29823455,0.33580336,12.600000381469728,↑,1.0,NS,5/9,3,3
Liver,PYCARD,CD8_T,NL→IT,NL,IT,0.17086442,0.22538368,31.899999618530277,↑,0.132035,NS,28/36,6,6
Liver,PYCARD,CD8_T,NL→IA,NL,IA,0.17086442,0.3213231,88.0999984741211,↑,0.030303,*,27/30,6,5
Liver,PYCARD,CD8_T,NL→AR,NL,AR,0.17086442,0.45788097,168.0,↑,0.166667,NS,15/18,6,3
Liver,PYCARD,CD8_T,NL→CR,NL,CR,0.17086442,0.3288803,92.5,↑,0.095238,†,16/18,6,3
Liver,PYCARD,CD8_T,IT→IA,IT,IA,0.22538368,0.3213231,42.59999847412109,↑,0.051948,†,26/30,6,5
Liver,PYCARD,CD8_T,IA→AR,IA,AR,0.3213231,0.45788097,42.5,↑,0.785714,NS,9/15,5,3
Liver,PYCARD,CD8_T,CR→AR,CR,AR,0.3288803,0.45788097,39.20000076293945,↑,1.0,NS,5/9,3,3
Liver,PYCARD,NK,NL→IT,NL,IT,0.20220476,0.22509445,11.300000190734863,↑,0.588745,NS,22/36,6,6
Liver,PYCARD,NK,NL→IA,NL,IA,0.20220476,0.3416127,68.9000015258789,↑,0.051948,†,26/30,6,5
Liver,PYCARD,NK,NL→AR,NL,AR,0.20220476,0.45121297,123.0999984741211,↑,0.261905,NS,14/18,6,3
Liver,PYCARD,NK,NL→CR,NL,CR,0.20220476,0.37985888,87.9000015258789,↑,0.166667,NS,15/18,6,3
Liver,PYCARD,NK,IT→IA,IT,IA,0.22509445,0.3416127,51.79999923706055,↑,0.329004,NS,21/30,6,5
Liver,PYCARD,NK,IA→AR,IA,AR,0.3416127,0.45121297,32.099998474121094,↑,0.785714,NS,9/15,5,3
Liver,PYCARD,NK,CR→AR,CR,AR,0.37985888,0.45121297,18.799999237060547,↑,1.0,NS,5/9,3,3
Liver,PYCARD,B,NL→IT,NL,IT,0.1768031,0.2052335,16.100000381469727,↑,0.428571,NS,20/30,6,5
Liver,PYCARD,B,NL→IA,NL,IA,0.1768031,0.27741128,56.900001525878906,↑,0.428571,NS,20/30,6,5
Liver,PYCARD,B,NL→AR,NL,AR,0.1768031,0.4020705,127.4000015258789,↑,0.095238,†,16/18,6,3
Liver,PYCARD,B,NL→CR,NL,CR,0.1768031,0.30119577,70.4000015258789,↑,0.166667,NS,15/18,6,3
Liver,PYCARD,B,IT→IA,IT,IA,0.2052335,0.27741128,35.20000076293945,↑,0.84127,NS,14/25,5,5
Liver,PYCARD,B,IA→AR,IA,AR,0.27741128,0.4020705,44.900001525878906,↑,0.392857,NS,11/15,5,3
Liver,PYCARD,B,CR→AR,CR,AR,0.30119577,0.4020705,33.5,↑,0.7,NS,6/9,3,3
Liver,PYCARD,PlasmaB,NL→IT,NL,IT,0.24152201,0.6366054,163.60000610351562,↑,0.004329,**,30/30,6,5
Liver,PYCARD,PlasmaB,NL→IA,NL,IA,0.24152201,0.7707311,219.1000061035156,↑,0.004329,**,30/30,6,5
Liver,PYCARD,PlasmaB,NL→AR,NL,AR,0.24152201,1.0291859,326.1000061035156,↑,0.02381,*,18/18,6,3
Liver,PYCARD,PlasmaB,NL→CR,NL,CR,0.24152201,0.8203952,239.6999969482422,↑,0.02381,*,18/18,6,3
Liver,PYCARD,PlasmaB,IT→IA,IT,IA,0.6366054,0.7707311,21.100000381469727,↑,0.420635,NS,17/25,5,5
Liver,PYCARD,PlasmaB,IA→AR,IA,AR,0.7707311,1.0291859,33.5,↑,1.0,NS,7/15,5,3
Liver,PYCARD,PlasmaB,CR→AR,CR,AR,0.8203952,1.0291859,25.5,↑,0.4,NS,7/9,3,3
Liver,RB1,Myeloid,NL→IT,NL,IT,0.31853577,0.33746138,5.900000095367432,↑,0.699134,NS,21/36,6,6
Liver,RB1,Myeloid,NL→IA,NL,IA,0.31853577,0.43367139,36.09999847412109,↑,0.329004,NS,21/30,6,5
Liver,RB1,Myeloid,NL→AR,NL,AR,0.31853577,0.25741014,-19.200000762939453,↓,1.0,NS,9/18,6,3
Liver,RB1,Myeloid,NL→CR,NL,CR,0.31853577,0.40606272,27.5,↑,0.261905,NS,14/18,6,3
Liver,RB1,Myeloid,IT→IA,IT,IA,0.33746138,0.43367139,28.5,↑,0.662338,NS,18/30,6,5
Liver,RB1,Myeloid,IA→AR,IA,AR,0.43367139,0.25741014,-40.59999847412109,↓,0.571429,NS,10/15,5,3
Liver,RB1,Myeloid,CR→AR,CR,AR,0.40606272,0.25741014,-36.59999847412109,↓,0.4,NS,7/9,3,3
Liver,RB1,CD4_T,NL→IT,NL,IT,0.2040062,0.24988359,22.5,↑,0.132035,NS,28/36,6,6
Liver,RB1,CD4_T,NL→IA,NL,IA,0.2040062,0.230686,13.100000381469728,↑,0.662338,NS,18/30,6,5
Liver,RB1,CD4_T,NL→AR,NL,AR,0.2040062,0.25203708,23.5,↑,0.095238,†,16/18,6,3
Liver,RB1,CD4_T,NL→CR,NL,CR,0.2040062,0.24108392,18.200000762939453,↑,0.095238,†,16/18,6,3
Liver,RB1,CD4_T,IT→IA,IT,IA,0.24988359,0.230686,-7.699999809265137,↓,0.930736,NS,16/30,6,5
Liver,RB1,CD4_T,IA→AR,IA,AR,0.230686,0.25203708,9.300000190734863,↑,0.785714,NS,9/15,5,3
Liver,RB1,CD4_T,CR→AR,CR,AR,0.24108392,0.25203708,4.5,↑,1.0,NS,5/9,3,3
Liver,RB1,CD8_T,NL→IT,NL,IT,0.21032156,0.265742,26.399999618530277,↑,0.132035,NS,28/36,6,6
Liver,RB1,CD8_T,NL→IA,NL,IA,0.21032156,0.23815319,13.199999809265137,↑,0.177489,NS,23/30,6,5
Liver,RB1,CD8_T,NL→AR,NL,AR,0.21032156,0.27103502,28.899999618530277,↑,0.02381,*,18/18,6,3
Liver,RB1,CD8_T,NL→CR,NL,CR,0.21032156,0.2606468,23.899999618530277,↑,0.02381,*,18/18,6,3
Liver,RB1,CD8_T,IT→IA,IT,IA,0.265742,0.23815319,-10.399999618530272,↓,0.930736,NS,16/30,6,5
Liver,RB1,CD8_T,IA→AR,IA,AR,0.23815319,0.27103502,13.800000190734863,↑,1.0,NS,8/15,5,3
Liver,RB1,CD8_T,CR→AR,CR,AR,0.2606468,0.27103502,4.0,↑,1.0,NS,5/9,3,3
Liver,RB1,NK,NL→IT,NL,IT,0.21520472,0.2631825,22.299999237060547,↑,0.179654,NS,27/36,6,6
Liver,RB1,NK,NL→IA,NL,IA,0.21520472,0.24515598,13.899999618530272,↑,0.662338,NS,18/30,6,5
Liver,RB1,NK,NL→AR,NL,AR,0.21520472,0.3146027,46.20000076293945,↑,0.02381,*,18/18,6,3
Liver,RB1,NK,NL→CR,NL,CR,0.21520472,0.27648276,28.5,↑,0.095238,†,16/18,6,3
Liver,RB1,NK,IT→IA,IT,IA,0.2631825,0.24515598,-6.800000190734863,↓,0.662338,NS,18/30,6,5
Liver,RB1,NK,IA→AR,IA,AR,0.24515598,0.3146027,28.299999237060547,↑,0.571429,NS,10/15,5,3
Liver,RB1,NK,CR→AR,CR,AR,0.27648276,0.3146027,13.800000190734863,↑,0.2,NS,8/9,3,3
Liver,RB1,B,NL→IT,NL,IT,0.34109458,0.6818596,99.9000015258789,↑,0.004329,**,30/30,6,5
Liver,RB1,B,NL→IA,NL,IA,0.34109458,0.4493668,31.700000762939453,↑,0.428571,NS,20/30,6,5
Liver,RB1,B,NL→AR,NL,AR,0.34109458,0.48334053,41.70000076293945,↑,0.547619,NS,12/18,6,3
Liver,RB1,B,NL→CR,NL,CR,0.34109458,0.5456494,60.0,↑,0.166667,NS,15/18,6,3
Liver,RB1,B,IT→IA,IT,IA,0.6818596,0.4493668,-34.099998474121094,↓,0.031746,*,23/25,5,5
Liver,RB1,B,IA→AR,IA,AR,0.4493668,0.48334053,7.599999904632568,↑,0.785714,NS,9/15,5,3
Liver,RB1,B,CR→AR,CR,AR,0.5456494,0.48334053,-11.399999618530272,↓,0.7,NS,6/9,3,3
Liver,RB1,PlasmaB,NL→IT,NL,IT,0.29188016,0.25497323,-12.600000381469728,↓,0.536797,NS,19/30,6,5
Liver,RB1,PlasmaB,NL→IA,NL,IA,0.29188016,0.4989943,71.0,↑,0.030303,*,27/30,6,5
Liver,RB1,PlasmaB,NL→AR,NL,AR,0.29188016,0.11587768,-60.29999923706055,↓,0.166667,NS,15/18,6,3
Liver,RB1,PlasmaB,NL→CR,NL,CR,0.29188016,0.30988115,6.199999809265137,↑,0.714286,NS,11/18,6,3
Liver,RB1,PlasmaB,IT→IA,IT,IA,0.25497323,0.4989943,95.6999969482422,↑,0.015873,*,24/25,5,5
Liver,RB1,PlasmaB,IA→AR,IA,AR,0.4989943,0.11587768,-76.80000305175781,↓,0.035714,*,15/15,5,3
Liver,RB1,PlasmaB,CR→AR,CR,AR,0.30988115,0.11587768,-62.59999847412109,↓,0.1,NS,9/9,3,3
Liver,RICTOR,Myeloid,NL→IT,NL,IT,0.12340502,0.07215419,-41.5,↓,0.228951,NS,26/36,6,6
Liver,RICTOR,Myeloid,NL→IA,NL,IA,0.12340502,0.15172239,22.899999618530277,↑,0.428571,NS,20/30,6,5
Liver,RICTOR,Myeloid,NL→AR,NL,AR,0.12340502,0.074594654,-39.59999847412109,↓,0.380952,NS,13/18,6,3
Liver,RICTOR,Myeloid,NL→CR,NL,CR,0.12340502,0.1665091,34.900001525878906,↑,0.261905,NS,14/18,6,3
Liver,RICTOR,Myeloid,IT→IA,IT,IA,0.07215419,0.15172239,110.3000030517578,↑,0.082139,†,25/30,6,5
Liver,RICTOR,Myeloid,IA→AR,IA,AR,0.15172239,0.074594654,-50.79999923706055,↓,0.25,NS,12/15,5,3
Liver,RICTOR,Myeloid,CR→AR,CR,AR,0.1665091,0.074594654,-55.20000076293945,↓,0.2,NS,8/9,3,3
Liver,RICTOR,CD4_T,NL→IT,NL,IT,0.11789598,0.118908346,0.8999999761581421,↑,0.699134,NS,21/36,6,6
Liver,RICTOR,CD4_T,NL→IA,NL,IA,0.11789598,0.1288081,9.300000190734863,↑,0.792208,NS,17/30,6,5
Liver,RICTOR,CD4_T,NL→AR,NL,AR,0.11789598,0.16741897,42.0,↑,0.166667,NS,15/18,6,3
Liver,RICTOR,CD4_T,NL→CR,NL,CR,0.11789598,0.18141668,53.900001525878906,↑,0.095238,†,16/18,6,3
Liver,RICTOR,CD4_T,IT→IA,IT,IA,0.118908346,0.1288081,8.300000190734863,↑,0.792208,NS,17/30,6,5
Liver,RICTOR,CD4_T,IA→AR,IA,AR,0.1288081,0.16741897,30.0,↑,0.392857,NS,11/15,5,3
Liver,RICTOR,CD4_T,CR→AR,CR,AR,0.18141668,0.16741897,-7.699999809265137,↓,1.0,NS,5/9,3,3
Liver,RICTOR,CD8_T,NL→IT,NL,IT,0.16310689,0.15335047,-6.0,↓,0.818182,NS,20/36,6,6
Liver,RICTOR,CD8_T,NL→IA,NL,IA,0.16310689,0.14065443,-13.800000190734863,↓,0.662338,NS,18/30,6,5
Liver,RICTOR,CD8_T,NL→AR,NL,AR,0.16310689,0.18128248,11.100000381469728,↑,0.904762,NS,10/18,6,3
Liver,RICTOR,CD8_T,NL→CR,NL,CR,0.16310689,0.18188389,11.5,↑,0.547619,NS,12/18,6,3
Liver,RICTOR,CD8_T,IT→IA,IT,IA,0.15335047,0.14065443,-8.300000190734863,↓,1.0,NS,15/30,6,5
Liver,RICTOR,CD8_T,IA→AR,IA,AR,0.14065443,0.18128248,28.899999618530277,↑,0.25,NS,12/15,5,3
Liver,RICTOR,CD8_T,CR→AR,CR,AR,0.18188389,0.18128248,-0.3000000119209289,↓,1.0,NS,5/9,3,3
Liver,RICTOR,NK,NL→IT,NL,IT,0.18863356,0.12855674,-31.799999237060547,↓,0.24026,NS,26/36,6,6
Liver,RICTOR,NK,NL→IA,NL,IA,0.18863356,0.14384356,-23.700000762939453,↓,0.051948,†,26/30,6,5
Liver,RICTOR,NK,NL→AR,NL,AR,0.18863356,0.17256296,-8.5,↓,1.0,NS,9/18,6,3
Liver,RICTOR,NK,NL→CR,NL,CR,0.18863356,0.1962986,4.099999904632568,↑,0.904762,NS,10/18,6,3
Liver,RICTOR,NK,IT→IA,IT,IA,0.12855674,0.14384356,11.899999618530272,↑,0.930736,NS,14/30,6,5
Liver,RICTOR,NK,IA→AR,IA,AR,0.14384356,0.17256296,20.0,↑,0.25,NS,12/15,5,3
Liver,RICTOR,NK,CR→AR,CR,AR,0.1962986,0.17256296,-12.100000381469728,↓,0.2,NS,8/9,3,3
Liver,RICTOR,B,NL→IT,NL,IT,0.20587714,0.21330051,3.5999999046325684,↑,0.792208,NS,13/30,6,5
Liver,RICTOR,B,NL→IA,NL,IA,0.20587714,0.13468058,-34.599998474121094,↓,0.082251,†,25/30,6,5
Liver,RICTOR,B,NL→AR,NL,AR,0.20587714,0.16090703,-21.799999237060547,↓,0.261905,NS,14/18,6,3
Liver,RICTOR,B,NL→CR,NL,CR,0.20587714,0.15801062,-23.299999237060547,↓,0.166667,NS,15/18,6,3
Liver,RICTOR,B,IT→IA,IT,IA,0.21330051,0.13468058,-36.900001525878906,↓,0.222222,NS,19/25,5,5
Liver,RICTOR,B,IA→AR,IA,AR,0.13468058,0.16090703,19.5,↑,0.571429,NS,10/15,5,3
Liver,RICTOR,B,CR→AR,CR,AR,0.15801062,0.16090703,1.7999999523162842,↑,1.0,NS,4/9,3,3
Liver,RICTOR,PlasmaB,NL→IT,NL,IT,0.085827224,0.07961465,-7.199999809265137,↓,0.930736,NS,16/30,6,5
Liver,RICTOR,PlasmaB,NL→IA,NL,IA,0.085827224,0.21258387,147.6999969482422,↑,0.177489,NS,23/30,6,5
Liver,RICTOR,PlasmaB,NL→AR,NL,AR,0.085827224,0.14425828,68.0999984741211,↑,0.795418,NS,10/18,6,3
Liver,RICTOR,PlasmaB,NL→CR,NL,CR,0.085827224,0.123351894,43.70000076293945,↑,0.380952,NS,13/18,6,3
Liver,RICTOR,PlasmaB,IT→IA,IT,IA,0.07961465,0.21258387,167.0,↑,0.222222,NS,19/25,5,5
Liver,RICTOR,PlasmaB,IA→AR,IA,AR,0.21258387,0.14425828,-32.099998474121094,↓,1.0,NS,8/15,5,3
Liver,RICTOR,PlasmaB,CR→AR,CR,AR,0.123351894,0.14425828,16.899999618530273,↑,1.0,NS,5/9,3,3
Liver,RORC,Myeloid,NL→IT,NL,IT,0.0,0.00037872288,99999.0,↑,0.404657,NS,6/36,6,6
Liver,RORC,Myeloid,NL→IA,NL,IA,0.0,0.0,0.0,↑,1.0,NS,0/30,6,5
Liver,RORC,Myeloid,NL→AR,NL,AR,0.0,0.0,0.0,↑,1.0,NS,0/18,6,3
Liver,RORC,Myeloid,NL→CR,NL,CR,0.0,0.0,0.0,↑,1.0,NS,0/18,6,3
Liver,RORC,Myeloid,IT→IA,IT,IA,0.00037872288,0.0,-100.0,↓,0.465209,NS,5/30,6,5
Liver,RORC,Myeloid,IA→AR,IA,AR,0.0,0.0,0.0,↑,1.0,NS,0/15,5,3
Liver,RORC,Myeloid,CR→AR,CR,AR,0.0,0.0,0.0,↑,1.0,NS,0/9,3,3
Liver,RORC,CD4_T,NL→IT,NL,IT,0.13667266,0.06909591,-49.400001525878906,↓,0.025974,*,32/36,6,6
Liver,RORC,CD4_T,NL→IA,NL,IA,0.13667266,0.03681242,-73.0999984741211,↓,0.004329,**,30/30,6,5
Liver,RORC,CD4_T,NL→AR,NL,AR,0.13667266,0.07682777,-43.79999923706055,↓,0.02381,*,18/18,6,3
Liver,RORC,CD4_T,NL→CR,NL,CR,0.13667266,0.09034843,-33.900001525878906,↓,0.095238,†,16/18,6,3
Liver,RORC,CD4_T,IT→IA,IT,IA,0.06909591,0.03681242,-46.70000076293945,↓,0.177489,NS,23/30,6,5
Liver,RORC,CD4_T,IA→AR,IA,AR,0.03681242,0.07682777,108.6999969482422,↑,0.071429,†,14/15,5,3
Liver,RORC,CD4_T,CR→AR,CR,AR,0.09034843,0.07682777,-15.0,↓,0.4,NS,7/9,3,3
Liver,RORC,CD8_T,NL→IT,NL,IT,0.15202488,0.09583924,-37.0,↓,0.132035,NS,28/36,6,6
Liver,RORC,CD8_T,NL→IA,NL,IA,0.15202488,0.039843567,-73.80000305175781,↓,0.008658,**,29/30,6,5
Liver,RORC,CD8_T,NL→AR,NL,AR,0.15202488,0.04018442,-73.5999984741211,↓,0.02381,*,18/18,6,3
Liver,RORC,CD8_T,NL→CR,NL,CR,0.15202488,0.07768334,-48.900001525878906,↓,0.261905,NS,14/18,6,3
Liver,RORC,CD8_T,IT→IA,IT,IA,0.09583924,0.039843567,-58.400001525878906,↓,0.017316,*,28/30,6,5
Liver,RORC,CD8_T,IA→AR,IA,AR,0.039843567,0.04018442,0.8999999761581421,↑,1.0,NS,8/15,5,3
Liver,RORC,CD8_T,CR→AR,CR,AR,0.07768334,0.04018442,-48.29999923706055,↓,0.1,NS,9/9,3,3
Liver,RORC,NK,NL→IT,NL,IT,0.009125906,0.007029835,-23.0,↓,0.572476,NS,21/36,6,6
Liver,RORC,NK,NL→IA,NL,IA,0.009125906,0.008202735,-10.100000381469728,↓,0.662338,NS,12/30,6,5
Liver,RORC,NK,NL→AR,NL,AR,0.009125906,0.01346476,47.5,↑,0.547619,NS,12/18,6,3
Liver,RORC,NK,NL→CR,NL,CR,0.009125906,0.007616295,-16.5,↓,0.795418,NS,10/18,6,3
Liver,RORC,NK,IT→IA,IT,IA,0.007029835,0.008202735,16.700000762939453,↑,0.521869,NS,19/30,6,5
Liver,RORC,NK,IA→AR,IA,AR,0.008202735,0.01346476,64.0999984741211,↑,0.25,NS,12/15,5,3
Liver,RORC,NK,CR→AR,CR,AR,0.007616295,0.01346476,76.80000305175781,↑,0.4,NS,7/9,3,3
Liver,RORC,B,NL→IT,NL,IT,0.0,0.0,0.0,↑,1.0,NS,0/30,6,5
Liver,RORC,B,NL→IA,NL,IA,0.0,0.0,0.0,↑,1.0,NS,0/30,6,5
Liver,RORC,B,NL→AR,NL,AR,0.0,0.0,0.0,↑,1.0,NS,0/18,6,3
Liver,RORC,B,NL→CR,NL,CR,0.0,0.0,0.0,↑,1.0,NS,0/18,6,3
Liver,RORC,B,IT→IA,IT,IA,0.0,0.0,0.0,↑,1.0,NS,0/25,5,5
Liver,RORC,B,IA→AR,IA,AR,0.0,0.0,0.0,↑,1.0,NS,0/15,5,3
Liver,RORC,B,CR→AR,CR,AR,0.0,0.0,0.0,↑,1.0,NS,0/9,3,3
Liver,RORC,PlasmaB,NL→IT,NL,IT,0.00089208124,0.029213956,3174.800048828125,↑,0.892295,NS,6/30,6,5
Liver,RORC,PlasmaB,NL→IA,NL,IA,0.00089208124,0.0,-100.0,↓,0.465209,NS,5/30,6,5
Liver,RORC,PlasmaB,NL→AR,NL,AR,0.00089208124,0.048018858,5282.7998046875,↑,0.595883,NS,6/18,6,3
Liver,RORC,PlasmaB,NL→CR,NL,CR,0.00089208124,0.0,-100.0,↓,0.637352,NS,3/18,6,3
Liver,RORC,PlasmaB,IT→IA,IT,IA,0.029213956,0.0,-100.0,↓,0.423711,NS,5/25,5,5
Liver,RORC,PlasmaB,IA→AR,IA,AR,0.0,0.048018858,99999.0,↑,0.3017,NS,5/15,5,3
Liver,RORC,PlasmaB,CR→AR,CR,AR,0.0,0.048018858,99999.0,↑,0.504985,NS,3/9,3,3
Liver,RPTOR,Myeloid,NL→IT,NL,IT,0.019564146,0.056384172,188.1999969482422,↑,0.266554,NS,21/36,6,6
Liver,RPTOR,Myeloid,NL→IA,NL,IA,0.019564146,0.07916204,304.6000061035156,↑,0.031633,*,27/30,6,5
Liver,RPTOR,Myeloid,NL→AR,NL,AR,0.019564146,0.03957848,102.3000030517578,↑,0.4795,NS,10/18,6,3
Liver,RPTOR,Myeloid,NL→CR,NL,CR,0.019564146,0.04839009,147.3000030517578,↑,0.224916,NS,14/18,6,3
Liver,RPTOR,Myeloid,IT→IA,IT,IA,0.056384172,0.07916204,40.400001525878906,↑,0.3142,NS,21/30,6,5
Liver,RPTOR,Myeloid,IA→AR,IA,AR,0.07916204,0.03957848,-50.0,↓,0.392857,NS,11/15,5,3
Liver,RPTOR,Myeloid,CR→AR,CR,AR,0.04839009,0.03957848,-18.200000762939453,↓,1.0,NS,5/9,3,3
Liver,RPTOR,CD4_T,NL→IT,NL,IT,0.046464223,0.0598598,28.799999237060547,↑,0.064935,†,30/36,6,6
Liver,RPTOR,CD4_T,NL→IA,NL,IA,0.046464223,0.06835158,47.09999847412109,↑,0.004329,**,30/30,6,5
Liver,RPTOR,CD4_T,NL→AR,NL,AR,0.046464223,0.047338802,1.899999976158142,↑,0.547619,NS,12/18,6,3
Liver,RPTOR,CD4_T,NL→CR,NL,CR,0.046464223,0.071801744,54.5,↑,0.02381,*,18/18,6,3
Liver,RPTOR,CD4_T,IT→IA,IT,IA,0.0598598,0.06835158,14.199999809265137,↑,0.329004,NS,21/30,6,5
Liver,RPTOR,CD4_T,IA→AR,IA,AR,0.06835158,0.047338802,-30.700000762939453,↓,0.392857,NS,11/15,5,3
Liver,RPTOR,CD4_T,CR→AR,CR,AR,0.071801744,0.047338802,-34.099998474121094,↓,0.1,NS,9/9,3,3
Liver,RPTOR,CD8_T,NL→IT,NL,IT,0.048457045,0.06400774,32.099998474121094,↑,0.24026,NS,26/36,6,6
Liver,RPTOR,CD8_T,NL→IA,NL,IA,0.048457045,0.05932259,22.399999618530277,↑,0.329004,NS,21/30,6,5
Liver,RPTOR,CD8_T,NL→AR,NL,AR,0.048457045,0.06296131,29.899999618530277,↑,0.095238,†,16/18,6,3
Liver,RPTOR,CD8_T,NL→CR,NL,CR,0.048457045,0.052885998,9.100000381469728,↑,0.714286,NS,11/18,6,3
Liver,RPTOR,CD8_T,IT→IA,IT,IA,0.06400774,0.05932259,-7.300000190734863,↓,0.930736,NS,16/30,6,5
Liver,RPTOR,CD8_T,IA→AR,IA,AR,0.05932259,0.06296131,6.099999904632568,↑,0.785714,NS,9/15,5,3
Liver,RPTOR,CD8_T,CR→AR,CR,AR,0.052885998,0.06296131,19.100000381469727,↑,0.7,NS,6/9,3,3
Liver,RPTOR,NK,NL→IT,NL,IT,0.05357976,0.07805333,45.70000076293945,↑,0.093074,†,29/36,6,6
Liver,RPTOR,NK,NL→IA,NL,IA,0.05357976,0.07008824,30.799999237060547,↑,0.329004,NS,21/30,6,5
Liver,RPTOR,NK,NL→AR,NL,AR,0.05357976,0.07937916,48.20000076293945,↑,0.714286,NS,11/18,6,3
Liver,RPTOR,NK,NL→CR,NL,CR,0.05357976,0.07692609,43.59999847412109,↑,0.166667,NS,15/18,6,3
Liver,RPTOR,NK,IT→IA,IT,IA,0.07805333,0.07008824,-10.199999809265137,↓,0.536797,NS,19/30,6,5
Liver,RPTOR,NK,IA→AR,IA,AR,0.07008824,0.07937916,13.300000190734863,↑,1.0,NS,8/15,5,3
Liver,RPTOR,NK,CR→AR,CR,AR,0.07692609,0.07937916,3.200000047683716,↑,0.7,NS,3/9,3,3
Liver,RPTOR,B,NL→IT,NL,IT,0.016690126,0.06608131,295.8999938964844,↑,0.262193,NS,20/30,6,5
Liver,RPTOR,B,NL→IA,NL,IA,0.016690126,0.054936208,229.1999969482422,↑,0.021267,*,28/30,6,5
Liver,RPTOR,B,NL→AR,NL,AR,0.016690126,0.0552481,231.0,↑,0.087825,†,16/18,6,3
Liver,RPTOR,B,NL→CR,NL,CR,0.016690126,0.05690086,240.8999938964844,↑,0.048885,*,17/18,6,3
Liver,RPTOR,B,IT→IA,IT,IA,0.06608131,0.054936208,-16.899999618530273,↓,0.84127,NS,11/25,5,5
Liver,RPTOR,B,IA→AR,IA,AR,0.054936208,0.0552481,0.6000000238418579,↑,1.0,NS,7/15,5,3
Liver,RPTOR,B,CR→AR,CR,AR,0.05690086,0.0552481,-2.900000095367432,↓,1.0,NS,5/9,3,3
Liver,RPTOR,PlasmaB,NL→IT,NL,IT,0.034027588,0.056738865,66.69999694824219,↑,0.513081,NS,17/30,6,5
Liver,RPTOR,PlasmaB,NL→IA,NL,IA,0.034027588,0.07421003,118.0999984741211,↑,0.310863,NS,20/30,6,5
Liver,RPTOR,PlasmaB,NL→AR,NL,AR,0.034027588,0.017766315,-47.79999923706055,↓,0.511482,NS,11/18,6,3
Liver,RPTOR,PlasmaB,NL→CR,NL,CR,0.034027588,0.04751769,39.59999847412109,↑,0.693641,NS,10/18,6,3
Liver,RPTOR,PlasmaB,IT→IA,IT,IA,0.056738865,0.07421003,30.799999237060547,↑,0.525809,NS,15/25,5,5
Liver,RPTOR,PlasmaB,IA→AR,IA,AR,0.07421003,0.017766315,-76.0999984741211,↓,0.453356,NS,10/15,5,3
Liver,RPTOR,PlasmaB,CR→AR,CR,AR,0.04751769,0.017766315,-62.59999847412109,↓,0.506555,NS,6/9,3,3
Liver,SDHB,Myeloid,NL→IT,NL,IT,0.36244717,0.44968545,24.100000381469727,↑,0.093074,†,29/36,6,6
Liver,SDHB,Myeloid,NL→IA,NL,IA,0.36244717,0.45766172,26.299999237060547,↑,0.662338,NS,18/30,6,5
Liver,SDHB,Myeloid,NL→AR,NL,AR,0.36244717,0.42092535,16.100000381469727,↑,0.261905,NS,14/18,6,3
Liver,SDHB,Myeloid,NL→CR,NL,CR,0.36244717,0.43111876,18.899999618530277,↑,0.380952,NS,13/18,6,3
Liver,SDHB,Myeloid,IT→IA,IT,IA,0.44968545,0.45766172,1.7999999523162842,↑,0.662338,NS,12/30,6,5
Liver,SDHB,Myeloid,IA→AR,IA,AR,0.45766172,0.42092535,-8.0,↓,1.0,NS,7/15,5,3
Liver,SDHB,Myeloid,CR→AR,CR,AR,0.43111876,0.42092535,-2.400000095367432,↓,1.0,NS,4/9,3,3
Liver,SDHB,CD4_T,NL→IT,NL,IT,0.19145085,0.28704202,49.900001525878906,↑,0.041126,*,31/36,6,6
Liver,SDHB,CD4_T,NL→IA,NL,IA,0.19145085,0.27396452,43.09999847412109,↑,0.051948,†,26/30,6,5
Liver,SDHB,CD4_T,NL→AR,NL,AR,0.19145085,0.26446044,38.09999847412109,↑,0.166667,NS,15/18,6,3
Liver,SDHB,CD4_T,NL→CR,NL,CR,0.19145085,0.32393447,69.19999694824219,↑,0.02381,*,18/18,6,3
Liver,SDHB,CD4_T,IT→IA,IT,IA,0.28704202,0.27396452,-4.599999904632568,↓,0.329004,NS,21/30,6,5
Liver,SDHB,CD4_T,IA→AR,IA,AR,0.27396452,0.26446044,-3.5,↓,1.0,NS,7/15,5,3
Liver,SDHB,CD4_T,CR→AR,CR,AR,0.32393447,0.26446044,-18.399999618530277,↓,0.2,NS,8/9,3,3
Liver,SDHB,CD8_T,NL→IT,NL,IT,0.1978854,0.3041856,53.70000076293945,↑,0.015152,*,33/36,6,6
Liver,SDHB,CD8_T,NL→IA,NL,IA,0.1978854,0.29517537,49.20000076293945,↑,0.030303,*,27/30,6,5
Liver,SDHB,CD8_T,NL→AR,NL,AR,0.1978854,0.2734721,38.20000076293945,↑,0.166667,NS,15/18,6,3
Liver,SDHB,CD8_T,NL→CR,NL,CR,0.1978854,0.31233093,57.79999923706055,↑,0.02381,*,18/18,6,3
Liver,SDHB,CD8_T,IT→IA,IT,IA,0.3041856,0.29517537,-3.0,↓,0.792208,NS,17/30,6,5
Liver,SDHB,CD8_T,IA→AR,IA,AR,0.29517537,0.2734721,-7.400000095367432,↓,0.785714,NS,9/15,5,3
Liver,SDHB,CD8_T,CR→AR,CR,AR,0.31233093,0.2734721,-12.399999618530272,↓,0.4,NS,7/9,3,3
Liver,SDHB,NK,NL→IT,NL,IT,0.21411864,0.32649103,52.5,↑,0.025974,*,32/36,6,6
Liver,SDHB,NK,NL→IA,NL,IA,0.21411864,0.27709785,29.399999618530277,↑,0.004329,**,30/30,6,5
Liver,SDHB,NK,NL→AR,NL,AR,0.21411864,0.26415718,23.399999618530277,↑,0.261905,NS,14/18,6,3
Liver,SDHB,NK,NL→CR,NL,CR,0.21411864,0.31429237,46.79999923706055,↑,0.02381,*,18/18,6,3
Liver,SDHB,NK,IT→IA,IT,IA,0.32649103,0.27709785,-15.100000381469728,↓,0.082251,†,25/30,6,5
Liver,SDHB,NK,IA→AR,IA,AR,0.27709785,0.26415718,-4.699999809265137,↓,0.571429,NS,10/15,5,3
Liver,SDHB,NK,CR→AR,CR,AR,0.31429237,0.26415718,-16.0,↓,0.2,NS,8/9,3,3
Liver,SDHB,B,NL→IT,NL,IT,0.17513053,0.22795351,30.200000762939453,↑,0.536797,NS,19/30,6,5
Liver,SDHB,B,NL→IA,NL,IA,0.17513053,0.33015516,88.5,↑,0.017316,*,28/30,6,5
Liver,SDHB,B,NL→AR,NL,AR,0.17513053,0.300834,71.80000305175781,↑,0.095238,†,16/18,6,3
Liver,SDHB,B,NL→CR,NL,CR,0.17513053,0.32944968,88.0999984741211,↑,0.095238,†,16/18,6,3
Liver,SDHB,B,IT→IA,IT,IA,0.22795351,0.33015516,44.79999923706055,↑,0.055556,†,22/25,5,5
Liver,SDHB,B,IA→AR,IA,AR,0.33015516,0.300834,-8.899999618530273,↓,0.571429,NS,10/15,5,3
Liver,SDHB,B,CR→AR,CR,AR,0.32944968,0.300834,-8.699999809265137,↓,0.4,NS,7/9,3,3
Liver,SDHB,PlasmaB,NL→IT,NL,IT,0.16105832,0.2787386,73.0999984741211,↑,0.125541,NS,24/30,6,5
Liver,SDHB,PlasmaB,NL→IA,NL,IA,0.16105832,0.3200151,98.6999969482422,↑,0.030303,*,27/30,6,5
Liver,SDHB,PlasmaB,NL→AR,NL,AR,0.16105832,0.55932355,247.3000030517578,↑,0.02381,*,18/18,6,3
Liver,SDHB,PlasmaB,NL→CR,NL,CR,0.16105832,0.3511654,118.0,↑,0.047619,*,17/18,6,3
Liver,SDHB,PlasmaB,IT→IA,IT,IA,0.2787386,0.3200151,14.800000190734863,↑,0.84127,NS,14/25,5,5
Liver,SDHB,PlasmaB,IA→AR,IA,AR,0.3200151,0.55932355,74.80000305175781,↑,0.071429,†,14/15,5,3
Liver,SDHB,PlasmaB,CR→AR,CR,AR,0.3511654,0.55932355,59.29999923706055,↑,0.1,NS,9/9,3,3
Liver,SELL,Myeloid,NL→IT,NL,IT,0.51458865,0.5986348,16.299999237060547,↑,0.393939,NS,24/36,6,6
Liver,SELL,Myeloid,NL→IA,NL,IA,0.51458865,0.554998,7.900000095367432,↑,0.792208,NS,17/30,6,5
Liver,SELL,Myeloid,NL→AR,NL,AR,0.51458865,0.75092506,45.900001525878906,↑,0.261905,NS,14/18,6,3
Liver,SELL,Myeloid,NL→CR,NL,CR,0.51458865,0.5012756,-2.5999999046325684,↓,1.0,NS,9/18,6,3
Liver,SELL,Myeloid,IT→IA,IT,IA,0.5986348,0.554998,-7.300000190734863,↓,0.662338,NS,18/30,6,5
Liver,SELL,Myeloid,IA→AR,IA,AR,0.554998,0.75092506,35.29999923706055,↑,0.25,NS,12/15,5,3
Liver,SELL,Myeloid,CR→AR,CR,AR,0.5012756,0.75092506,49.79999923706055,↑,0.2,NS,8/9,3,3
Liver,SELL,CD4_T,NL→IT,NL,IT,0.25969723,0.32940343,26.799999237060547,↑,0.588745,NS,22/36,6,6
Liver,SELL,CD4_T,NL→IA,NL,IA,0.25969723,0.6105411,135.10000610351562,↑,0.246753,NS,22/30,6,5
Liver,SELL,CD4_T,NL→AR,NL,AR,0.25969723,0.29938158,15.300000190734863,↑,0.547619,NS,12/18,6,3
Liver,SELL,CD4_T,NL→CR,NL,CR,0.25969723,0.30182195,16.200000762939453,↑,0.547619,NS,12/18,6,3
Liver,SELL,CD4_T,IT→IA,IT,IA,0.32940343,0.6105411,85.30000305175781,↑,0.536797,NS,19/30,6,5
Liver,SELL,CD4_T,IA→AR,IA,AR,0.6105411,0.29938158,-51.0,↓,0.25,NS,12/15,5,3
Liver,SELL,CD4_T,CR→AR,CR,AR,0.30182195,0.29938158,-0.800000011920929,↓,1.0,NS,4/9,3,3
Liver,SELL,CD8_T,NL→IT,NL,IT,0.093687706,0.18112917,93.3000030517578,↑,0.24026,NS,26/36,6,6
Liver,SELL,CD8_T,NL→IA,NL,IA,0.093687706,0.39004165,316.29998779296875,↑,0.662338,NS,18/30,6,5
Liver,SELL,CD8_T,NL→AR,NL,AR,0.093687706,0.102548085,9.5,↑,0.904762,NS,10/18,6,3
Liver,SELL,CD8_T,NL→CR,NL,CR,0.093687706,0.06859198,-26.799999237060547,↓,0.904762,NS,10/18,6,3
Liver,SELL,CD8_T,IT→IA,IT,IA,0.18112917,0.39004165,115.3000030517578,↑,0.662338,NS,12/30,6,5
Liver,SELL,CD8_T,IA→AR,IA,AR,0.39004165,0.102548085,-73.69999694824219,↓,0.785714,NS,9/15,5,3
Liver,SELL,CD8_T,CR→AR,CR,AR,0.06859198,0.102548085,49.5,↑,0.2,NS,8/9,3,3
Liver,SELL,NK,NL→IT,NL,IT,0.15628278,0.15829283,1.2999999523162842,↑,0.588745,NS,22/36,6,6
Liver,SELL,NK,NL→IA,NL,IA,0.15628278,0.3377221,116.0999984741211,↑,0.177489,NS,23/30,6,5
Liver,SELL,NK,NL→AR,NL,AR,0.15628278,0.24299556,55.5,↑,0.166667,NS,15/18,6,3
Liver,SELL,NK,NL→CR,NL,CR,0.15628278,0.12527049,-19.799999237060547,↓,0.547619,NS,6/18,6,3
Liver,SELL,NK,IT→IA,IT,IA,0.15829283,0.3377221,113.4000015258789,↑,0.246753,NS,22/30,6,5
Liver,SELL,NK,IA→AR,IA,AR,0.3377221,0.24299556,-28.0,↓,1.0,NS,7/15,5,3
Liver,SELL,NK,CR→AR,CR,AR,0.12527049,0.24299556,94.0,↑,0.1,NS,9/9,3,3
Liver,SELL,B,NL→IT,NL,IT,1.0076141,0.9597713,-4.699999809265137,↓,0.930736,NS,16/30,6,5
Liver,SELL,B,NL→IA,NL,IA,1.0076141,1.2988689,28.899999618530277,↑,0.177489,NS,23/30,6,5
Liver,SELL,B,NL→AR,NL,AR,1.0076141,1.3998452,38.900001525878906,↑,0.095238,†,16/18,6,3
Liver,SELL,B,NL→CR,NL,CR,1.0076141,1.3685747,35.79999923706055,↑,0.166667,NS,15/18,6,3
Liver,SELL,B,IT→IA,IT,IA,0.9597713,1.2988689,35.29999923706055,↑,0.420635,NS,17/25,5,5
Liver,SELL,B,IA→AR,IA,AR,1.2988689,1.3998452,7.800000190734863,↑,0.571429,NS,10/15,5,3
Liver,SELL,B,CR→AR,CR,AR,1.3685747,1.3998452,2.299999952316284,↑,1.0,NS,4/9,3,3
Liver,SELL,PlasmaB,NL→IT,NL,IT,0.28772038,1.0024598,248.3999938964844,↑,0.017316,*,28/30,6,5
Liver,SELL,PlasmaB,NL→IA,NL,IA,0.28772038,1.0804615,275.5,↑,0.017316,*,28/30,6,5
Liver,SELL,PlasmaB,NL→AR,NL,AR,0.28772038,1.2139634,321.8999938964844,↑,0.02381,*,18/18,6,3
Liver,SELL,PlasmaB,NL→CR,NL,CR,0.28772038,1.0544528,266.5,↑,0.02381,*,18/18,6,3
Liver,SELL,PlasmaB,IT→IA,IT,IA,1.0024598,1.0804615,7.800000190734863,↑,0.84127,NS,14/25,5,5
Liver,SELL,PlasmaB,IA→AR,IA,AR,1.0804615,1.2139634,12.399999618530272,↑,1.0,NS,8/15,5,3
Liver,SELL,PlasmaB,CR→AR,CR,AR,1.0544528,1.2139634,15.100000381469728,↑,0.4,NS,7/9,3,3
Liver,SERPINE1,Myeloid,NL→IT,NL,IT,0.041007463,0.030614415,-25.299999237060547,↓,0.683635,NS,19/36,6,6
Liver,SERPINE1,Myeloid,NL→IA,NL,IA,0.041007463,0.0169453,-58.70000076293945,↓,0.370287,NS,16/30,6,5
Liver,SERPINE1,Myeloid,NL→AR,NL,AR,0.041007463,0.092152655,124.6999969482422,↑,0.896851,NS,10/18,6,3
Liver,SERPINE1,Myeloid,NL→CR,NL,CR,0.041007463,0.036258522,-11.600000381469728,↓,0.697334,NS,11/18,6,3
Liver,SERPINE1,Myeloid,IT→IA,IT,IA,0.030614415,0.0169453,-44.59999847412109,↓,0.370287,NS,16/30,6,5
Liver,SERPINE1,Myeloid,IA→AR,IA,AR,0.0169453,0.092152655,443.7999877929688,↑,0.112231,NS,13/15,5,3
Liver,SERPINE1,Myeloid,CR→AR,CR,AR,0.036258522,0.092152655,154.1999969482422,↑,1.0,NS,5/9,3,3
Liver,SERPINE1,CD4_T,NL→IT,NL,IT,0.004990141,0.0007562233,-84.80000305175781,↓,0.326058,NS,18/36,6,6
Liver,SERPINE1,CD4_T,NL→IA,NL,IA,0.004990141,0.0047949725,-3.900000095367432,↓,1.0,NS,14/30,6,5
Liver,SERPINE1,CD4_T,NL→AR,NL,AR,0.004990141,0.0033289802,-33.29999923706055,↓,1.0,NS,8/18,6,3
Liver,SERPINE1,CD4_T,NL→CR,NL,CR,0.004990141,0.0035229586,-29.399999618530277,↓,1.0,NS,9/18,6,3
Liver,SERPINE1,CD4_T,IT→IA,IT,IA,0.0007562233,0.0047949725,534.0999755859375,↑,0.044368,*,24/30,6,5
Liver,SERPINE1,CD4_T,IA→AR,IA,AR,0.0047949725,0.0033289802,-30.600000381469727,↓,0.880791,NS,8/15,5,3
Liver,SERPINE1,CD4_T,CR→AR,CR,AR,0.0035229586,0.0033289802,-5.5,↓,0.7,NS,6/9,3,3
Liver,SERPINE1,CD8_T,NL→IT,NL,IT,0.0029510038,0.003244076,9.899999618530272,↑,1.0,NS,16/36,6,6
Liver,SERPINE1,CD8_T,NL→IA,NL,IA,0.0029510038,0.0031583074,7.0,↑,1.0,NS,14/30,6,5
Liver,SERPINE1,CD8_T,NL→AR,NL,AR,0.0029510038,0.0020266457,-31.299999237060547,↓,0.693641,NS,10/18,6,3
Liver,SERPINE1,CD8_T,NL→CR,NL,CR,0.0029510038,0.00012930454,-95.5999984741211,↓,0.224916,NS,12/18,6,3
Liver,SERPINE1,CD8_T,IT→IA,IT,IA,0.003244076,0.0031583074,-2.5999999046325684,↓,0.645055,NS,11/30,6,5
Liver,SERPINE1,CD8_T,IA→AR,IA,AR,0.0031583074,0.0020266457,-35.79999923706055,↓,0.453356,NS,10/15,5,3
Liver,SERPINE1,CD8_T,CR→AR,CR,AR,0.00012930454,0.0020266457,1467.300048828125,↑,0.353679,NS,6/9,3,3
Liver,SERPINE1,NK,NL→IT,NL,IT,0.0060177925,0.004113283,-31.600000381469727,↓,0.172733,NS,27/36,6,6
Liver,SERPINE1,NK,NL→IA,NL,IA,0.0060177925,0.0071122274,18.200000762939453,↑,0.930736,NS,14/30,6,5
Liver,SERPINE1,NK,NL→AR,NL,AR,0.0060177925,0.005685933,-5.5,↓,0.904762,NS,10/18,6,3
Liver,SERPINE1,NK,NL→CR,NL,CR,0.0060177925,0.006541712,8.699999809265137,↑,0.904762,NS,10/18,6,3
Liver,SERPINE1,NK,IT→IA,IT,IA,0.004113283,0.0071122274,72.9000015258789,↑,0.410248,NS,20/30,6,5
Liver,SERPINE1,NK,IA→AR,IA,AR,0.0071122274,0.005685933,-20.100000381469727,↓,1.0,NS,8/15,5,3
Liver,SERPINE1,NK,CR→AR,CR,AR,0.006541712,0.005685933,-13.100000381469728,↓,1.0,NS,5/9,3,3
Liver,SERPINE1,B,NL→IT,NL,IT,0.0011230005,0.011491189,923.2999877929688,↑,0.892295,NS,6/30,6,5
Liver,SERPINE1,B,NL→IA,NL,IA,0.0011230005,0.0,-100.0,↓,0.465209,NS,5/30,6,5
Liver,SERPINE1,B,NL→AR,NL,AR,0.0011230005,0.008069281,618.5,↑,0.595883,NS,6/18,6,3
Liver,SERPINE1,B,NL→CR,NL,CR,0.0011230005,0.0,-100.0,↓,0.637352,NS,3/18,6,3
Liver,SERPINE1,B,IT→IA,IT,IA,0.011491189,0.0,-100.0,↓,0.423711,NS,5/25,5,5
Liver,SERPINE1,B,IA→AR,IA,AR,0.0,0.008069281,99999.0,↑,0.3017,NS,5/15,5,3
Liver,SERPINE1,B,CR→AR,CR,AR,0.0,0.008069281,99999.0,↑,0.504985,NS,3/9,3,3
Liver,SERPINE1,PlasmaB,NL→IT,NL,IT,0.0016949531,0.0,-100.0,↓,0.465209,NS,5/30,6,5
Liver,SERPINE1,PlasmaB,NL→IA,NL,IA,0.0016949531,0.01606979,848.0999755859375,↑,0.892295,NS,6/30,6,5
Liver,SERPINE1,PlasmaB,NL→AR,NL,AR,0.0016949531,0.033444487,1873.199951171875,↑,0.595883,NS,6/18,6,3
Liver,SERPINE1,PlasmaB,NL→CR,NL,CR,0.0016949531,0.06490975,3729.60009765625,↑,0.125047,NS,12/18,6,3
Liver,SERPINE1,PlasmaB,IT→IA,IT,IA,0.0,0.01606979,99999.0,↑,0.423711,NS,5/25,5,5
Liver,SERPINE1,PlasmaB,IA→AR,IA,AR,0.01606979,0.033444487,108.0999984741211,↑,0.69627,NS,5/15,5,3
Liver,SERPINE1,PlasmaB,CR→AR,CR,AR,0.06490975,0.033444487,-48.5,↓,0.642835,NS,5/9,3,3
Liver,SIRT1,Myeloid,NL→IT,NL,IT,0.10886825,0.11671797,7.199999809265137,↑,0.630356,NS,21/36,6,6
Liver,SIRT1,Myeloid,NL→IA,NL,IA,0.10886825,0.09893612,-9.100000381469728,↓,0.714379,NS,17/30,6,5
Liver,SIRT1,Myeloid,NL→AR,NL,AR,0.10886825,0.090391256,-17.0,↓,0.714286,NS,11/18,6,3
Liver,SIRT1,Myeloid,NL→CR,NL,CR,0.10886825,0.1293489,18.799999237060547,↑,0.904762,NS,10/18,6,3
Liver,SIRT1,Myeloid,IT→IA,IT,IA,0.11671797,0.09893612,-15.199999809265137,↓,0.714379,NS,17/30,6,5
Liver,SIRT1,Myeloid,IA→AR,IA,AR,0.09893612,0.090391256,-8.600000381469727,↓,1.0,NS,7/15,5,3
Liver,SIRT1,Myeloid,CR→AR,CR,AR,0.1293489,0.090391256,-30.100000381469727,↓,0.4,NS,7/9,3,3
Liver,SIRT1,CD4_T,NL→IT,NL,IT,0.081146784,0.08531502,5.099999904632568,↑,0.484848,NS,23/36,6,6
Liver,SIRT1,CD4_T,NL→IA,NL,IA,0.081146784,0.07205119,-11.199999809265137,↓,1.0,NS,15/30,6,5
Liver,SIRT1,CD4_T,NL→AR,NL,AR,0.081146784,0.07256652,-10.600000381469728,↓,0.714286,NS,11/18,6,3
Liver,SIRT1,CD4_T,NL→CR,NL,CR,0.081146784,0.07383598,-9.0,↓,0.904762,NS,10/18,6,3
Liver,SIRT1,CD4_T,IT→IA,IT,IA,0.08531502,0.07205119,-15.5,↓,0.536797,NS,19/30,6,5
Liver,SIRT1,CD4_T,IA→AR,IA,AR,0.07205119,0.07256652,0.699999988079071,↑,1.0,NS,8/15,5,3
Liver,SIRT1,CD4_T,CR→AR,CR,AR,0.07383598,0.07256652,-1.7000000476837158,↓,1.0,NS,4/9,3,3
Liver,SIRT1,CD8_T,NL→IT,NL,IT,0.07428003,0.1103484,48.59999847412109,↑,0.132035,NS,28/36,6,6
Liver,SIRT1,CD8_T,NL→IA,NL,IA,0.07428003,0.0867739,16.799999237060547,↑,0.792208,NS,17/30,6,5
Liver,SIRT1,CD8_T,NL→AR,NL,AR,0.07428003,0.08043743,8.300000190734863,↑,1.0,NS,9/18,6,3
Liver,SIRT1,CD8_T,NL→CR,NL,CR,0.07428003,0.08166193,9.899999618530272,↑,0.714286,NS,11/18,6,3
Liver,SIRT1,CD8_T,IT→IA,IT,IA,0.1103484,0.0867739,-21.399999618530277,↓,0.177489,NS,23/30,6,5
Liver,SIRT1,CD8_T,IA→AR,IA,AR,0.0867739,0.08043743,-7.300000190734863,↓,1.0,NS,8/15,5,3
Liver,SIRT1,CD8_T,CR→AR,CR,AR,0.08166193,0.08043743,-1.5,↓,1.0,NS,4/9,3,3
Liver,SIRT1,NK,NL→IT,NL,IT,0.0899374,0.11473704,27.600000381469727,↑,0.699134,NS,21/36,6,6
Liver,SIRT1,NK,NL→IA,NL,IA,0.0899374,0.07598586,-15.5,↓,0.428571,NS,20/30,6,5
Liver,SIRT1,NK,NL→AR,NL,AR,0.0899374,0.07431888,-17.399999618530273,↓,0.547619,NS,12/18,6,3
Liver,SIRT1,NK,NL→CR,NL,CR,0.0899374,0.0683353,-24.0,↓,0.261905,NS,14/18,6,3
Liver,SIRT1,NK,IT→IA,IT,IA,0.11473704,0.07598586,-33.79999923706055,↓,0.329004,NS,21/30,6,5
Liver,SIRT1,NK,IA→AR,IA,AR,0.07598586,0.07431888,-2.200000047683716,↓,0.785714,NS,9/15,5,3
Liver,SIRT1,NK,CR→AR,CR,AR,0.0683353,0.07431888,8.800000190734863,↑,1.0,NS,5/9,3,3
Liver,SIRT1,B,NL→IT,NL,IT,0.07083849,0.15815902,123.3000030517578,↑,0.054681,†,26/30,6,5
Liver,SIRT1,B,NL→IA,NL,IA,0.07083849,0.08590189,21.299999237060547,↑,0.647329,NS,18/30,6,5
Liver,SIRT1,B,NL→AR,NL,AR,0.07083849,0.06492854,-8.300000190734863,↓,0.896851,NS,10/18,6,3
Liver,SIRT1,B,NL→CR,NL,CR,0.07083849,0.10041087,41.70000076293945,↑,0.697334,NS,11/18,6,3
Liver,SIRT1,B,IT→IA,IT,IA,0.15815902,0.08590189,-45.70000076293945,↓,0.055556,†,22/25,5,5
Liver,SIRT1,B,IA→AR,IA,AR,0.08590189,0.06492854,-24.399999618530277,↓,0.785714,NS,9/15,5,3
Liver,SIRT1,B,CR→AR,CR,AR,0.10041087,0.06492854,-35.29999923706055,↓,0.4,NS,7/9,3,3
Liver,SIRT1,PlasmaB,NL→IT,NL,IT,0.07861715,0.081325844,3.400000095367432,↑,0.854805,NS,13/30,6,5
Liver,SIRT1,PlasmaB,NL→IA,NL,IA,0.07861715,0.12981588,65.0999984741211,↑,0.272229,NS,21/30,6,5
Liver,SIRT1,PlasmaB,NL→AR,NL,AR,0.07861715,0.020029701,-74.5,↓,0.299677,NS,13/18,6,3
Liver,SIRT1,PlasmaB,NL→CR,NL,CR,0.07861715,0.055897135,-28.899999618530277,↓,0.904762,NS,10/18,6,3
Liver,SIRT1,PlasmaB,IT→IA,IT,IA,0.081325844,0.12981588,59.59999847412109,↑,0.345742,NS,17/25,5,5
Liver,SIRT1,PlasmaB,IA→AR,IA,AR,0.12981588,0.020029701,-84.5999984741211,↓,0.177113,NS,12/15,5,3
Liver,SIRT1,PlasmaB,CR→AR,CR,AR,0.055897135,0.020029701,-64.19999694824219,↓,0.2,NS,8/9,3,3
Liver,SIRT3,Myeloid,NL→IT,NL,IT,0.038623072,0.026951054,-30.200000762939453,↓,0.80684,NS,18/36,6,6
Liver,SIRT3,Myeloid,NL→IA,NL,IA,0.038623072,0.050738864,31.399999618530277,↑,0.782252,NS,16/30,6,5
Liver,SIRT3,Myeloid,NL→AR,NL,AR,0.038623072,0.049787205,28.899999618530277,↑,0.697334,NS,11/18,6,3
Liver,SIRT3,Myeloid,NL→CR,NL,CR,0.038623072,0.040918816,5.900000095367432,↑,0.896851,NS,10/18,6,3
Liver,SIRT3,Myeloid,IT→IA,IT,IA,0.026951054,0.050738864,88.30000305175781,↑,0.310863,NS,20/30,6,5
Liver,SIRT3,Myeloid,IA→AR,IA,AR,0.050738864,0.049787205,-1.899999976158142,↓,1.0,NS,7/15,5,3
Liver,SIRT3,Myeloid,CR→AR,CR,AR,0.040918816,0.049787205,21.700000762939453,↑,1.0,NS,5/9,3,3
Liver,SIRT3,CD4_T,NL→IT,NL,IT,0.036444318,0.044142395,21.100000381469727,↑,0.24026,NS,26/36,6,6
Liver,SIRT3,CD4_T,NL→IA,NL,IA,0.036444318,0.04845782,33.0,↑,0.125541,NS,24/30,6,5
Liver,SIRT3,CD4_T,NL→AR,NL,AR,0.036444318,0.055793833,53.09999847412109,↑,0.166667,NS,15/18,6,3
Liver,SIRT3,CD4_T,NL→CR,NL,CR,0.036444318,0.049533725,35.900001525878906,↑,0.166667,NS,15/18,6,3
Liver,SIRT3,CD4_T,IT→IA,IT,IA,0.044142395,0.04845782,9.800000190734863,↑,0.930736,NS,14/30,6,5
Liver,SIRT3,CD4_T,IA→AR,IA,AR,0.04845782,0.055793833,15.100000381469728,↑,0.785714,NS,9/15,5,3
Liver,SIRT3,CD4_T,CR→AR,CR,AR,0.049533725,0.055793833,12.600000381469728,↑,1.0,NS,5/9,3,3
Liver,SIRT3,CD8_T,NL→IT,NL,IT,0.040105492,0.06902324,72.0999984741211,↑,0.093074,†,29/36,6,6
Liver,SIRT3,CD8_T,NL→IA,NL,IA,0.040105492,0.053869873,34.29999923706055,↑,0.428571,NS,20/30,6,5
Liver,SIRT3,CD8_T,NL→AR,NL,AR,0.040105492,0.060055524,49.70000076293945,↑,0.047619,*,17/18,6,3
Liver,SIRT3,CD8_T,NL→CR,NL,CR,0.040105492,0.04125425,2.900000095367432,↑,0.904762,NS,8/18,6,3
Liver,SIRT3,CD8_T,IT→IA,IT,IA,0.06902324,0.053869873,-22.0,↓,0.930736,NS,16/30,6,5
Liver,SIRT3,CD8_T,IA→AR,IA,AR,0.053869873,0.060055524,11.5,↑,0.785714,NS,9/15,5,3
Liver,SIRT3,CD8_T,CR→AR,CR,AR,0.04125425,0.060055524,45.59999847412109,↑,0.2,NS,8/9,3,3
Liver,SIRT3,NK,NL→IT,NL,IT,0.039283283,0.047676742,21.399999618530277,↑,0.179654,NS,27/36,6,6
Liver,SIRT3,NK,NL→IA,NL,IA,0.039283283,0.049885012,27.0,↑,0.177489,NS,23/30,6,5
Liver,SIRT3,NK,NL→AR,NL,AR,0.039283283,0.050601274,28.799999237060547,↑,0.380952,NS,13/18,6,3
Liver,SIRT3,NK,NL→CR,NL,CR,0.039283283,0.050496828,28.5,↑,0.380952,NS,13/18,6,3
Liver,SIRT3,NK,IT→IA,IT,IA,0.047676742,0.049885012,4.599999904632568,↑,0.792208,NS,13/30,6,5
Liver,SIRT3,NK,IA→AR,IA,AR,0.049885012,0.050601274,1.399999976158142,↑,0.785714,NS,9/15,5,3
Liver,SIRT3,NK,CR→AR,CR,AR,0.050496828,0.050601274,0.2000000029802322,↑,1.0,NS,4/9,3,3
Liver,SIRT3,B,NL→IT,NL,IT,0.0166114,0.06328111,280.8999938964844,↑,0.134924,NS,22/30,6,5
Liver,SIRT3,B,NL→IA,NL,IA,0.0166114,0.045212306,172.1999969482422,↑,0.117306,NS,24/30,6,5
Liver,SIRT3,B,NL→AR,NL,AR,0.0166114,0.046124816,177.6999969482422,↑,0.087825,†,16/18,6,3
Liver,SIRT3,B,NL→CR,NL,CR,0.0166114,0.058101494,249.8000030517578,↑,0.148635,NS,15/18,6,3
Liver,SIRT3,B,IT→IA,IT,IA,0.06328111,0.045212306,-28.600000381469727,↓,0.420635,NS,17/25,5,5
Liver,SIRT3,B,IA→AR,IA,AR,0.045212306,0.046124816,2.0,↑,0.785714,NS,9/15,5,3
Liver,SIRT3,B,CR→AR,CR,AR,0.058101494,0.046124816,-20.600000381469727,↓,0.7,NS,6/9,3,3
Liver,SIRT3,PlasmaB,NL→IT,NL,IT,0.056497414,0.023234073,-58.900001525878906,↓,0.400394,NS,18/30,6,5
Liver,SIRT3,PlasmaB,NL→IA,NL,IA,0.056497414,0.034247305,-39.400001525878906,↓,0.779243,NS,15/30,6,5
Liver,SIRT3,PlasmaB,NL→AR,NL,AR,0.056497414,0.09405676,66.5,↑,0.895533,NS,9/18,6,3
Liver,SIRT3,PlasmaB,NL→CR,NL,CR,0.056497414,0.04358484,-22.899999618530277,↓,0.895533,NS,9/18,6,3
Liver,SIRT3,PlasmaB,IT→IA,IT,IA,0.023234073,0.034247305,47.400001525878906,↑,0.829357,NS,12/25,5,5
Liver,SIRT3,PlasmaB,IA→AR,IA,AR,0.034247305,0.09405676,174.60000610351562,↑,0.541193,NS,9/15,5,3
Liver,SIRT3,PlasmaB,CR→AR,CR,AR,0.04358484,0.09405676,115.8000030517578,↑,0.824778,NS,5/9,3,3
Liver,SLAMF6,Myeloid,NL→IT,NL,IT,0.0088028135,0.0025661353,-70.80000305175781,↓,0.775029,NS,12/36,6,6
Liver,SLAMF6,Myeloid,NL→IA,NL,IA,0.0088028135,0.00026239484,-97.0,↓,0.56156,NS,10/30,6,5
Liver,SLAMF6,Myeloid,NL→AR,NL,AR,0.0088028135,0.0,-100.0,↓,0.376759,NS,6/18,6,3
Liver,SLAMF6,Myeloid,NL→CR,NL,CR,0.0088028135,0.0,-100.0,↓,0.376759,NS,6/18,6,3
Liver,SLAMF6,Myeloid,IT→IA,IT,IA,0.0025661353,0.00026239484,-89.80000305175781,↓,0.56156,NS,10/30,6,5
Liver,SLAMF6,Myeloid,IA→AR,IA,AR,0.00026239484,0.0,-100.0,↓,0.605577,NS,3/15,5,3
Liver,SLAMF6,Myeloid,CR→AR,CR,AR,0.0,0.0,0.0,↑,1.0,NS,0/9,3,3
Liver,SLAMF6,CD4_T,NL→IT,NL,IT,0.1020461,0.10459199,2.5,↑,0.818182,NS,20/36,6,6
Liver,SLAMF6,CD4_T,NL→IA,NL,IA,0.1020461,0.12212064,19.700000762939453,↑,0.428571,NS,20/30,6,5
Liver,SLAMF6,CD4_T,NL→AR,NL,AR,0.1020461,0.14348514,40.59999847412109,↑,0.380952,NS,13/18,6,3
Liver,SLAMF6,CD4_T,NL→CR,NL,CR,0.1020461,0.12294417,20.5,↑,0.904762,NS,10/18,6,3
Liver,SLAMF6,CD4_T,IT→IA,IT,IA,0.10459199,0.12212064,16.799999237060547,↑,0.792208,NS,17/30,6,5
Liver,SLAMF6,CD4_T,IA→AR,IA,AR,0.12212064,0.14348514,17.5,↑,0.571429,NS,10/15,5,3
Liver,SLAMF6,CD4_T,CR→AR,CR,AR,0.12294417,0.14348514,16.700000762939453,↑,0.4,NS,7/9,3,3
Liver,SLAMF6,CD8_T,NL→IT,NL,IT,0.12311525,0.1272154,3.299999952316284,↑,0.818182,NS,16/36,6,6
Liver,SLAMF6,CD8_T,NL→IA,NL,IA,0.12311525,0.15547857,26.299999237060547,↑,0.428571,NS,20/30,6,5
Liver,SLAMF6,CD8_T,NL→AR,NL,AR,0.12311525,0.21014458,70.69999694824219,↑,0.261905,NS,14/18,6,3
Liver,SLAMF6,CD8_T,NL→CR,NL,CR,0.12311525,0.19317038,56.900001525878906,↑,0.261905,NS,14/18,6,3
Liver,SLAMF6,CD8_T,IT→IA,IT,IA,0.1272154,0.15547857,22.200000762939453,↑,0.536797,NS,19/30,6,5
Liver,SLAMF6,CD8_T,IA→AR,IA,AR,0.15547857,0.21014458,35.20000076293945,↑,0.785714,NS,9/15,5,3
Liver,SLAMF6,CD8_T,CR→AR,CR,AR,0.19317038,0.21014458,8.800000190734863,↑,1.0,NS,5/9,3,3
Liver,SLAMF6,NK,NL→IT,NL,IT,0.15976094,0.103601255,-35.20000076293945,↓,0.179654,NS,27/36,6,6
Liver,SLAMF6,NK,NL→IA,NL,IA,0.15976094,0.1611252,0.8999999761581421,↑,0.930736,NS,16/30,6,5
Liver,SLAMF6,NK,NL→AR,NL,AR,0.15976094,0.2107377,31.899999618530277,↑,0.261905,NS,14/18,6,3
Liver,SLAMF6,NK,NL→CR,NL,CR,0.15976094,0.17101805,7.0,↑,0.547619,NS,12/18,6,3
Liver,SLAMF6,NK,IT→IA,IT,IA,0.103601255,0.1611252,55.5,↑,0.428571,NS,20/30,6,5
Liver,SLAMF6,NK,IA→AR,IA,AR,0.1611252,0.2107377,30.799999237060547,↑,0.25,NS,12/15,5,3
Liver,SLAMF6,NK,CR→AR,CR,AR,0.17101805,0.2107377,23.200000762939453,↑,0.4,NS,7/9,3,3
Liver,SLAMF6,B,NL→IT,NL,IT,0.1338586,0.13665113,2.0999999046325684,↑,0.930736,NS,16/30,6,5
Liver,SLAMF6,B,NL→IA,NL,IA,0.1338586,0.15411004,15.100000381469728,↑,0.792208,NS,17/30,6,5
Liver,SLAMF6,B,NL→AR,NL,AR,0.1338586,0.20590265,53.79999923706055,↑,0.261905,NS,14/18,6,3
Liver,SLAMF6,B,NL→CR,NL,CR,0.1338586,0.13734776,2.5999999046325684,↑,1.0,NS,9/18,6,3
Liver,SLAMF6,B,IT→IA,IT,IA,0.13665113,0.15411004,12.800000190734863,↑,0.690476,NS,15/25,5,5
Liver,SLAMF6,B,IA→AR,IA,AR,0.15411004,0.20590265,33.599998474121094,↑,0.071429,†,14/15,5,3
Liver,SLAMF6,B,CR→AR,CR,AR,0.13734776,0.20590265,49.900001525878906,↑,0.1,NS,9/9,3,3
Liver,SLAMF6,PlasmaB,NL→IT,NL,IT,0.03609106,0.022890305,-36.59999847412109,↓,0.782252,NS,16/30,6,5
Liver,SLAMF6,PlasmaB,NL→IA,NL,IA,0.03609106,0.052327037,45.0,↑,0.407016,NS,19/30,6,5
Liver,SLAMF6,PlasmaB,NL→AR,NL,AR,0.03609106,0.022496933,-37.70000076293945,↓,0.693641,NS,10/18,6,3
Liver,SLAMF6,PlasmaB,NL→CR,NL,CR,0.03609106,0.015126516,-58.09999847412109,↓,0.511482,NS,11/18,6,3
Liver,SLAMF6,PlasmaB,IT→IA,IT,IA,0.022890305,0.052327037,128.60000610351562,↑,0.249153,NS,18/25,5,5
Liver,SLAMF6,PlasmaB,IA→AR,IA,AR,0.052327037,0.022496933,-57.0,↓,0.453356,NS,10/15,5,3
Liver,SLAMF6,PlasmaB,CR→AR,CR,AR,0.015126516,0.022496933,48.70000076293945,↑,0.506555,NS,6/9,3,3
Liver,SNAI1,Myeloid,NL→IT,NL,IT,0.29178044,0.1615249,-44.59999847412109,↓,0.24026,NS,26/36,6,6
Liver,SNAI1,Myeloid,NL→IA,NL,IA,0.29178044,0.07531697,-74.19999694824219,↓,0.030303,*,27/30,6,5
Liver,SNAI1,Myeloid,NL→AR,NL,AR,0.29178044,0.10567937,-63.79999923706055,↓,0.095238,†,16/18,6,3
Liver,SNAI1,Myeloid,NL→CR,NL,CR,0.29178044,0.07366565,-74.80000305175781,↓,0.02381,*,18/18,6,3
Liver,SNAI1,Myeloid,IT→IA,IT,IA,0.1615249,0.07531697,-53.400001525878906,↓,0.272229,NS,21/30,6,5
Liver,SNAI1,Myeloid,IA→AR,IA,AR,0.07531697,0.10567937,40.29999923706055,↑,0.571429,NS,10/15,5,3
Liver,SNAI1,Myeloid,CR→AR,CR,AR,0.07366565,0.10567937,43.5,↑,0.4,NS,7/9,3,3
Liver,SNAI1,CD4_T,NL→IT,NL,IT,0.004836282,0.011934702,146.8000030517578,↑,0.054241,†,30/36,6,6
Liver,SNAI1,CD4_T,NL→IA,NL,IA,0.004836282,0.01619397,234.8000030517578,↑,0.051948,†,26/30,6,5
Liver,SNAI1,CD4_T,NL→AR,NL,AR,0.004836282,0.008317545,72.0,↑,0.904762,NS,10/18,6,3
Liver,SNAI1,CD4_T,NL→CR,NL,CR,0.004836282,0.009722221,101.0,↑,0.261905,NS,14/18,6,3
Liver,SNAI1,CD4_T,IT→IA,IT,IA,0.011934702,0.01619397,35.70000076293945,↑,0.662338,NS,18/30,6,5
Liver,SNAI1,CD4_T,IA→AR,IA,AR,0.01619397,0.008317545,-48.59999847412109,↓,0.25,NS,12/15,5,3
Liver,SNAI1,CD4_T,CR→AR,CR,AR,0.009722221,0.008317545,-14.399999618530272,↓,1.0,NS,5/9,3,3
Liver,SNAI1,CD8_T,NL→IT,NL,IT,0.014968296,0.043362614,189.6999969482422,↑,0.393939,NS,24/36,6,6
Liver,SNAI1,CD8_T,NL→IA,NL,IA,0.014968296,0.012624818,-15.699999809265137,↓,0.930736,NS,16/30,6,5
Liver,SNAI1,CD8_T,NL→AR,NL,AR,0.014968296,0.0074061826,-50.5,↓,0.547619,NS,12/18,6,3
Liver,SNAI1,CD8_T,NL→CR,NL,CR,0.014968296,0.012398076,-17.200000762939453,↓,1.0,NS,9/18,6,3
Liver,SNAI1,CD8_T,IT→IA,IT,IA,0.043362614,0.012624818,-70.9000015258789,↓,0.246753,NS,22/30,6,5
Liver,SNAI1,CD8_T,IA→AR,IA,AR,0.012624818,0.0074061826,-41.29999923706055,↓,0.392857,NS,11/15,5,3
Liver,SNAI1,CD8_T,CR→AR,CR,AR,0.012398076,0.0074061826,-40.29999923706055,↓,0.7,NS,6/9,3,3
Liver,SNAI1,NK,NL→IT,NL,IT,0.007872574,0.008198819,4.099999904632568,↑,0.748349,NS,20/36,6,6
Liver,SNAI1,NK,NL→IA,NL,IA,0.007872574,0.015745036,100.0,↑,0.464192,NS,19/30,6,5
Liver,SNAI1,NK,NL→AR,NL,AR,0.007872574,0.0043639233,-44.59999847412109,↓,0.904762,NS,10/18,6,3
Liver,SNAI1,NK,NL→CR,NL,CR,0.007872574,0.004124056,-47.59999847412109,↓,0.714286,NS,11/18,6,3
Liver,SNAI1,NK,IT→IA,IT,IA,0.008198819,0.015745036,92.0,↑,0.583025,NS,18/30,6,5
Liver,SNAI1,NK,IA→AR,IA,AR,0.015745036,0.0043639233,-72.30000305175781,↓,0.25,NS,12/15,5,3
Liver,SNAI1,NK,CR→AR,CR,AR,0.004124056,0.0043639233,5.800000190734863,↑,1.0,NS,4/9,3,3
Liver,SNAI1,B,NL→IT,NL,IT,0.009856769,0.019229747,95.0999984741211,↑,0.773938,NS,14/30,6,5
Liver,SNAI1,B,NL→IA,NL,IA,0.009856769,0.009483834,-3.799999952316284,↓,1.0,NS,11/30,6,5
Liver,SNAI1,B,NL→AR,NL,AR,0.009856769,0.0,-100.0,↓,0.219768,NS,9/18,6,3
Liver,SNAI1,B,NL→CR,NL,CR,0.009856769,0.0108031705,9.600000381469728,↑,0.787406,NS,9/18,6,3
Liver,SNAI1,B,IT→IA,IT,IA,0.019229747,0.009483834,-50.70000076293945,↓,0.823664,NS,11/25,5,5
Liver,SNAI1,B,IA→AR,IA,AR,0.009483834,0.0,-100.0,↓,0.329114,NS,6/15,5,3
Liver,SNAI1,B,CR→AR,CR,AR,0.0108031705,0.0,-100.0,↓,0.196706,NS,6/9,3,3
Liver,SNAI1,PlasmaB,NL→IT,NL,IT,0.000764841,0.05328191,6866.39990234375,↑,0.044368,*,24/30,6,5
Liver,SNAI1,PlasmaB,NL→IA,NL,IA,0.000764841,0.043728076,5617.2998046875,↑,0.597048,NS,12/30,6,5
Liver,SNAI1,PlasmaB,NL→AR,NL,AR,0.000764841,0.0,-100.0,↓,0.376759,NS,6/18,6,3
Liver,SNAI1,PlasmaB,NL→CR,NL,CR,0.000764841,0.014540219,1801.0999755859375,↑,0.878088,NS,6/18,6,3
Liver,SNAI1,PlasmaB,IT→IA,IT,IA,0.05328191,0.043728076,-17.899999618530273,↓,0.450644,NS,15/25,5,5
Liver,SNAI1,PlasmaB,IA→AR,IA,AR,0.043728076,0.0,-100.0,↓,0.329114,NS,6/15,5,3
Liver,SNAI1,PlasmaB,CR→AR,CR,AR,0.014540219,0.0,-100.0,↓,0.504985,NS,3/9,3,3
Liver,STAT5A,Myeloid,NL→IT,NL,IT,0.13098782,0.1384307,5.699999809265137,↑,0.688404,NS,21/36,6,6
Liver,STAT5A,Myeloid,NL→IA,NL,IA,0.13098782,0.1308219,-0.1000000014901161,↓,0.792208,NS,13/30,6,5
Liver,STAT5A,Myeloid,NL→AR,NL,AR,0.13098782,0.12679775,-3.200000047683716,↓,1.0,NS,9/18,6,3
Liver,STAT5A,Myeloid,NL→CR,NL,CR,0.13098782,0.23666795,80.69999694824219,↑,0.02381,*,18/18,6,3
Liver,STAT5A,Myeloid,IT→IA,IT,IA,0.1384307,0.1308219,-5.5,↓,0.783711,NS,17/30,6,5
Liver,STAT5A,Myeloid,IA→AR,IA,AR,0.1308219,0.12679775,-3.0999999046325684,↓,1.0,NS,8/15,5,3
Liver,STAT5A,Myeloid,CR→AR,CR,AR,0.23666795,0.12679775,-46.400001525878906,↓,0.2,NS,8/9,3,3
Liver,STAT5A,CD4_T,NL→IT,NL,IT,0.16093433,0.17575534,9.199999809265137,↑,0.872559,NS,19/36,6,6
Liver,STAT5A,CD4_T,NL→IA,NL,IA,0.16093433,0.1881744,16.899999618530273,↑,0.792208,NS,17/30,6,5
Liver,STAT5A,CD4_T,NL→AR,NL,AR,0.16093433,0.12988384,-19.299999237060547,↓,0.547619,NS,12/18,6,3
Liver,STAT5A,CD4_T,NL→CR,NL,CR,0.16093433,0.16728188,3.900000095367432,↑,1.0,NS,9/18,6,3
Liver,STAT5A,CD4_T,IT→IA,IT,IA,0.17575534,0.1881744,7.099999904632568,↑,1.0,NS,15/30,6,5
Liver,STAT5A,CD4_T,IA→AR,IA,AR,0.1881744,0.12988384,-31.0,↓,0.25,NS,12/15,5,3
Liver,STAT5A,CD4_T,CR→AR,CR,AR,0.16728188,0.12988384,-22.399999618530277,↓,0.7,NS,6/9,3,3
Liver,STAT5A,CD8_T,NL→IT,NL,IT,0.18547076,0.1848752,-0.3000000119209289,↓,0.937229,NS,17/36,6,6
Liver,STAT5A,CD8_T,NL→IA,NL,IA,0.18547076,0.21893306,18.0,↑,0.662338,NS,18/30,6,5
Liver,STAT5A,CD8_T,NL→AR,NL,AR,0.18547076,0.16061473,-13.399999618530272,↓,1.0,NS,9/18,6,3
Liver,STAT5A,CD8_T,NL→CR,NL,CR,0.18547076,0.16292769,-12.199999809265137,↓,0.904762,NS,10/18,6,3
Liver,STAT5A,CD8_T,IT→IA,IT,IA,0.1848752,0.21893306,18.399999618530277,↑,0.329004,NS,21/30,6,5
Liver,STAT5A,CD8_T,IA→AR,IA,AR,0.21893306,0.16061473,-26.600000381469727,↓,0.25,NS,12/15,5,3
Liver,STAT5A,CD8_T,CR→AR,CR,AR,0.16292769,0.16061473,-1.399999976158142,↓,1.0,NS,5/9,3,3
Liver,STAT5A,NK,NL→IT,NL,IT,0.13990746,0.104625024,-25.200000762939453,↓,0.393939,NS,24/36,6,6
Liver,STAT5A,NK,NL→IA,NL,IA,0.13990746,0.11284949,-19.299999237060547,↓,0.536797,NS,19/30,6,5
Liver,STAT5A,NK,NL→AR,NL,AR,0.13990746,0.105979085,-24.299999237060547,↓,0.380952,NS,13/18,6,3
Liver,STAT5A,NK,NL→CR,NL,CR,0.13990746,0.12078324,-13.699999809265137,↓,0.714286,NS,11/18,6,3
Liver,STAT5A,NK,IT→IA,IT,IA,0.104625024,0.11284949,7.900000095367432,↑,0.792208,NS,17/30,6,5
Liver,STAT5A,NK,IA→AR,IA,AR,0.11284949,0.105979085,-6.099999904632568,↓,0.25,NS,12/15,5,3
Liver,STAT5A,NK,CR→AR,CR,AR,0.12078324,0.105979085,-12.300000190734863,↓,0.4,NS,7/9,3,3
Liver,STAT5A,B,NL→IT,NL,IT,0.092510134,0.056610037,-38.79999923706055,↓,0.782252,NS,16/30,6,5
Liver,STAT5A,B,NL→IA,NL,IA,0.092510134,0.075396925,-18.5,↓,1.0,NS,15/30,6,5
Liver,STAT5A,B,NL→AR,NL,AR,0.092510134,0.06334827,-31.5,↓,0.693641,NS,10/18,6,3
Liver,STAT5A,B,NL→CR,NL,CR,0.092510134,0.08877919,-4.0,↓,1.0,NS,9/18,6,3
Liver,STAT5A,B,IT→IA,IT,IA,0.056610037,0.075396925,33.20000076293945,↑,0.690476,NS,15/25,5,5
Liver,STAT5A,B,IA→AR,IA,AR,0.075396925,0.06334827,-16.0,↓,1.0,NS,8/15,5,3
Liver,STAT5A,B,CR→AR,CR,AR,0.08877919,0.06334827,-28.600000381469727,↓,0.7,NS,6/9,3,3
Liver,STAT5A,PlasmaB,NL→IT,NL,IT,0.051794752,0.02720118,-47.5,↓,1.0,NS,13/30,6,5
Liver,STAT5A,PlasmaB,NL→IA,NL,IA,0.051794752,0.057242922,10.5,↑,1.0,NS,13/30,6,5
Liver,STAT5A,PlasmaB,NL→AR,NL,AR,0.051794752,0.09906598,91.3000030517578,↑,0.693641,NS,10/18,6,3
Liver,STAT5A,PlasmaB,NL→CR,NL,CR,0.051794752,0.05516371,6.5,↑,0.36415,NS,13/18,6,3
Liver,STAT5A,PlasmaB,IT→IA,IT,IA,0.02720118,0.057242922,110.4000015258789,↑,0.66643,NS,13/25,5,5
Liver,STAT5A,PlasmaB,IA→AR,IA,AR,0.057242922,0.09906598,73.0999984741211,↑,1.0,NS,7/15,5,3
Liver,STAT5A,PlasmaB,CR→AR,CR,AR,0.05516371,0.09906598,79.5999984741211,↑,0.7,NS,3/9,3,3
Liver,STAT5B,Myeloid,NL→IT,NL,IT,0.039952848,0.076193504,90.6999969482422,↑,0.253861,NS,24/36,6,6
Liver,STAT5B,Myeloid,NL→IA,NL,IA,0.039952848,0.056536574,41.5,↑,0.632142,NS,15/30,6,5
Liver,STAT5B,Myeloid,NL→AR,NL,AR,0.039952848,0.04578978,14.600000381469728,↑,0.787406,NS,9/18,6,3
Liver,STAT5B,Myeloid,NL→CR,NL,CR,0.039952848,0.08017802,100.6999969482422,↑,0.237302,NS,14/18,6,3
Liver,STAT5B,Myeloid,IT→IA,IT,IA,0.076193504,0.056536574,-25.799999237060547,↓,0.645055,NS,17/30,6,5
Liver,STAT5B,Myeloid,IA→AR,IA,AR,0.056536574,0.04578978,-19.0,↓,0.759982,NS,8/15,5,3
Liver,STAT5B,Myeloid,CR→AR,CR,AR,0.08017802,0.04578978,-42.900001525878906,↓,0.4,NS,7/9,3,3
Liver,STAT5B,CD4_T,NL→IT,NL,IT,0.14888348,0.24263887,63.0,↑,0.132035,NS,28/36,6,6
Liver,STAT5B,CD4_T,NL→IA,NL,IA,0.14888348,0.20276093,36.20000076293945,↑,0.177489,NS,23/30,6,5
Liver,STAT5B,CD4_T,NL→AR,NL,AR,0.14888348,0.18146777,21.899999618530277,↑,0.714286,NS,11/18,6,3
Liver,STAT5B,CD4_T,NL→CR,NL,CR,0.14888348,0.18831521,26.5,↑,0.261905,NS,14/18,6,3
Liver,STAT5B,CD4_T,IT→IA,IT,IA,0.24263887,0.20276093,-16.399999618530273,↓,0.662338,NS,18/30,6,5
Liver,STAT5B,CD4_T,IA→AR,IA,AR,0.20276093,0.18146777,-10.5,↓,0.392857,NS,11/15,5,3
Liver,STAT5B,CD4_T,CR→AR,CR,AR,0.18831521,0.18146777,-3.5999999046325684,↓,1.0,NS,5/9,3,3
Liver,STAT5B,CD8_T,NL→IT,NL,IT,0.12296484,0.1622246,31.899999618530277,↑,0.393939,NS,24/36,6,6
Liver,STAT5B,CD8_T,NL→IA,NL,IA,0.12296484,0.20310757,65.19999694824219,↑,0.082251,†,25/30,6,5
Liver,STAT5B,CD8_T,NL→AR,NL,AR,0.12296484,0.16430743,33.599998474121094,↑,0.380952,NS,13/18,6,3
Liver,STAT5B,CD8_T,NL→CR,NL,CR,0.12296484,0.1515536,23.200000762939453,↑,0.380952,NS,13/18,6,3
Liver,STAT5B,CD8_T,IT→IA,IT,IA,0.1622246,0.20310757,25.200000762939453,↑,0.246753,NS,22/30,6,5
Liver,STAT5B,CD8_T,IA→AR,IA,AR,0.20310757,0.16430743,-19.100000381469727,↓,0.392857,NS,11/15,5,3
Liver,STAT5B,CD8_T,CR→AR,CR,AR,0.1515536,0.16430743,8.399999618530273,↑,1.0,NS,5/9,3,3
Liver,STAT5B,NK,NL→IT,NL,IT,0.10138277,0.111542314,10.0,↑,0.818182,NS,20/36,6,6
Liver,STAT5B,NK,NL→IA,NL,IA,0.10138277,0.1261896,24.5,↑,0.246753,NS,22/30,6,5
Liver,STAT5B,NK,NL→AR,NL,AR,0.10138277,0.12629195,24.600000381469727,↑,0.714286,NS,11/18,6,3
Liver,STAT5B,NK,NL→CR,NL,CR,0.10138277,0.11121935,9.699999809265137,↑,1.0,NS,9/18,6,3
Liver,STAT5B,NK,IT→IA,IT,IA,0.111542314,0.1261896,13.100000381469728,↑,0.792208,NS,17/30,6,5
Liver,STAT5B,NK,IA→AR,IA,AR,0.1261896,0.12629195,0.1000000014901161,↑,0.571429,NS,5/15,5,3
Liver,STAT5B,NK,CR→AR,CR,AR,0.11121935,0.12629195,13.600000381469728,↑,1.0,NS,5/9,3,3
Liver,STAT5B,B,NL→IT,NL,IT,0.037174802,0.0456316,22.700000762939453,↑,0.513081,NS,17/30,6,5
Liver,STAT5B,B,NL→IA,NL,IA,0.037174802,0.0949104,155.3000030517578,↑,0.119846,NS,24/30,6,5
Liver,STAT5B,B,NL→AR,NL,AR,0.037174802,0.110819675,198.1000061035156,↑,0.027532,*,18/18,6,3
Liver,STAT5B,B,NL→CR,NL,CR,0.037174802,0.051409137,38.29999923706055,↑,0.516853,NS,12/18,6,3
Liver,STAT5B,B,IT→IA,IT,IA,0.0456316,0.0949104,108.0,↑,0.294802,NS,18/25,5,5
Liver,STAT5B,B,IA→AR,IA,AR,0.0949104,0.110819675,16.799999237060547,↑,0.571429,NS,10/15,5,3
Liver,STAT5B,B,CR→AR,CR,AR,0.051409137,0.110819675,115.5999984741211,↑,0.1,NS,9/9,3,3
Liver,STAT5B,PlasmaB,NL→IT,NL,IT,0.050818846,0.055299766,8.800000190734863,↑,0.645055,NS,17/30,6,5
Liver,STAT5B,PlasmaB,NL→IA,NL,IA,0.050818846,0.09201367,81.0999984741211,↑,0.16993,NS,23/30,6,5
Liver,STAT5B,PlasmaB,NL→AR,NL,AR,0.050818846,0.040438756,-20.399999618530277,↓,1.0,NS,8/18,6,3
Liver,STAT5B,PlasmaB,NL→CR,NL,CR,0.050818846,0.017221967,-66.0999984741211,↓,1.0,NS,8/18,6,3
Liver,STAT5B,PlasmaB,IT→IA,IT,IA,0.055299766,0.09201367,66.4000015258789,↑,0.420635,NS,17/25,5,5
Liver,STAT5B,PlasmaB,IA→AR,IA,AR,0.09201367,0.040438756,-56.09999847412109,↓,0.392857,NS,11/15,5,3
Liver,STAT5B,PlasmaB,CR→AR,CR,AR,0.017221967,0.040438756,134.8000030517578,↑,0.506555,NS,6/9,3,3
Liver,TBX21,Myeloid,NL→IT,NL,IT,0.002499519,0.0062558916,150.3000030517578,↑,0.180503,NS,21/36,6,6
Liver,TBX21,Myeloid,NL→IA,NL,IA,0.002499519,0.0,-100.0,↓,0.465209,NS,5/30,6,5
Liver,TBX21,Myeloid,NL→AR,NL,AR,0.002499519,0.0,-100.0,↓,0.637352,NS,3/18,6,3
Liver,TBX21,Myeloid,NL→CR,NL,CR,0.002499519,0.0055484897,122.0,↑,0.595883,NS,6/18,6,3
Liver,TBX21,Myeloid,IT→IA,IT,IA,0.0062558916,0.0,-100.0,↓,0.044551,*,20/30,6,5
Liver,TBX21,Myeloid,IA→AR,IA,AR,0.0,0.0,0.0,↑,1.0,NS,0/15,5,3
Liver,TBX21,Myeloid,CR→AR,CR,AR,0.0055484897,0.0,-100.0,↓,0.504985,NS,3/9,3,3
Liver,TBX21,CD4_T,NL→IT,NL,IT,0.20334621,0.256344,26.100000381469727,↑,1.0,NS,18/36,6,6
Liver,TBX21,CD4_T,NL→IA,NL,IA,0.20334621,0.20863812,2.5999999046325684,↑,0.792208,NS,17/30,6,5
Liver,TBX21,CD4_T,NL→AR,NL,AR,0.20334621,0.16745038,-17.700000762939453,↓,0.261905,NS,14/18,6,3
Liver,TBX21,CD4_T,NL→CR,NL,CR,0.20334621,0.19546247,-3.900000095367432,↓,0.714286,NS,11/18,6,3
Liver,TBX21,CD4_T,IT→IA,IT,IA,0.256344,0.20863812,-18.600000381469727,↓,0.536797,NS,19/30,6,5
Liver,TBX21,CD4_T,IA→AR,IA,AR,0.20863812,0.16745038,-19.700000762939453,↓,0.571429,NS,10/15,5,3
Liver,TBX21,CD4_T,CR→AR,CR,AR,0.19546247,0.16745038,-14.300000190734863,↓,0.7,NS,6/9,3,3
Liver,TBX21,CD8_T,NL→IT,NL,IT,0.31629333,0.34144035,8.0,↑,0.818182,NS,20/36,6,6
Liver,TBX21,CD8_T,NL→IA,NL,IA,0.31629333,0.31024334,-1.899999976158142,↓,1.0,NS,15/30,6,5
Liver,TBX21,CD8_T,NL→AR,NL,AR,0.31629333,0.26366484,-16.600000381469727,↓,0.380952,NS,13/18,6,3
Liver,TBX21,CD8_T,NL→CR,NL,CR,0.31629333,0.26766336,-15.399999618530272,↓,0.904762,NS,10/18,6,3
Liver,TBX21,CD8_T,IT→IA,IT,IA,0.34144035,0.31024334,-9.100000381469728,↓,0.792208,NS,17/30,6,5
Liver,TBX21,CD8_T,IA→AR,IA,AR,0.31024334,0.26366484,-15.0,↓,0.785714,NS,9/15,5,3
Liver,TBX21,CD8_T,CR→AR,CR,AR,0.26766336,0.26366484,-1.5,↓,1.0,NS,4/9,3,3
Liver,TBX21,NK,NL→IT,NL,IT,0.4466157,0.532028,19.100000381469727,↑,0.309524,NS,25/36,6,6
Liver,TBX21,NK,NL→IA,NL,IA,0.4466157,0.53322417,19.399999618530277,↑,0.428571,NS,20/30,6,5
Liver,TBX21,NK,NL→AR,NL,AR,0.4466157,0.47028196,5.300000190734863,↑,0.904762,NS,10/18,6,3
Liver,TBX21,NK,NL→CR,NL,CR,0.4466157,0.43202648,-3.299999952316284,↓,0.904762,NS,10/18,6,3
Liver,TBX21,NK,IT→IA,IT,IA,0.532028,0.53322417,0.2000000029802322,↑,0.930736,NS,14/30,6,5
Liver,TBX21,NK,IA→AR,IA,AR,0.53322417,0.47028196,-11.800000190734863,↓,0.785714,NS,9/15,5,3
Liver,TBX21,NK,CR→AR,CR,AR,0.43202648,0.47028196,8.899999618530273,↑,1.0,NS,5/9,3,3
Liver,TBX21,B,NL→IT,NL,IT,0.033002183,0.054697942,65.69999694824219,↑,0.464192,NS,19/30,6,5
Liver,TBX21,B,NL→IA,NL,IA,0.033002183,0.047202434,43.0,↑,0.428571,NS,20/30,6,5
Liver,TBX21,B,NL→AR,NL,AR,0.033002183,0.036736462,11.300000190734863,↑,0.904762,NS,10/18,6,3
Liver,TBX21,B,NL→CR,NL,CR,0.033002183,0.027932355,-15.399999618530272,↓,0.714286,NS,11/18,6,3
Liver,TBX21,B,IT→IA,IT,IA,0.054697942,0.047202434,-13.699999809265137,↓,0.84127,NS,11/25,5,5
Liver,TBX21,B,IA→AR,IA,AR,0.047202434,0.036736462,-22.200000762939453,↓,0.571429,NS,10/15,5,3
Liver,TBX21,B,CR→AR,CR,AR,0.027932355,0.036736462,31.5,↑,1.0,NS,5/9,3,3
Liver,TBX21,PlasmaB,NL→IT,NL,IT,0.1071045,0.034967072,-67.4000015258789,↓,0.407016,NS,19/30,6,5
Liver,TBX21,PlasmaB,NL→IA,NL,IA,0.1071045,0.1149105,7.300000190734863,↑,0.926596,NS,13/30,6,5
Liver,TBX21,PlasmaB,NL→AR,NL,AR,0.1071045,0.0,-100.0,↓,0.059058,†,15/18,6,3
Liver,TBX21,PlasmaB,NL→CR,NL,CR,0.1071045,0.014092393,-86.80000305175781,↓,0.299677,NS,13/18,6,3
Liver,TBX21,PlasmaB,IT→IA,IT,IA,0.034967072,0.1149105,228.6000061035156,↑,0.517904,NS,14/25,5,5
Liver,TBX21,PlasmaB,IA→AR,IA,AR,0.1149105,0.0,-100.0,↓,0.171857,NS,9/15,5,3
Liver,TBX21,PlasmaB,CR→AR,CR,AR,0.014092393,0.0,-100.0,↓,0.196706,NS,6/9,3,3
Liver,TCF7,Myeloid,NL→IT,NL,IT,0.0027236415,0.0039395746,44.59999847412109,↑,0.245785,NS,20/36,6,6
Liver,TCF7,Myeloid,NL→IA,NL,IA,0.0027236415,0.0047574956,74.69999694824219,↑,0.892295,NS,6/30,6,5
Liver,TCF7,Myeloid,NL→AR,NL,AR,0.0027236415,0.0012851212,-52.79999923706055,↓,0.859684,NS,3/18,6,3
Liver,TCF7,Myeloid,NL→CR,NL,CR,0.0027236415,0.0,-100.0,↓,0.637352,NS,3/18,6,3
Liver,TCF7,Myeloid,IT→IA,IT,IA,0.0039395746,0.0047574956,20.799999237060547,↑,0.370287,NS,6/30,6,5
Liver,TCF7,Myeloid,IA→AR,IA,AR,0.0047574956,0.0012851212,-73.0,↓,1.0,NS,3/15,5,3
Liver,TCF7,Myeloid,CR→AR,CR,AR,0.0,0.0012851212,99999.0,↑,0.504985,NS,3/9,3,3
Liver,TCF7,CD4_T,NL→IT,NL,IT,0.24403392,0.40888354,67.5999984741211,↑,0.132035,NS,28/36,6,6
Liver,TCF7,CD4_T,NL→IA,NL,IA,0.24403392,0.5352165,119.3000030517578,↑,0.017316,*,28/30,6,5
Liver,TCF7,CD4_T,NL→AR,NL,AR,0.24403392,0.37947273,55.5,↑,0.261905,NS,14/18,6,3
Liver,TCF7,CD4_T,NL→CR,NL,CR,0.24403392,0.39918223,63.59999847412109,↑,0.095238,†,16/18,6,3
Liver,TCF7,CD4_T,IT→IA,IT,IA,0.40888354,0.5352165,30.899999618530277,↑,0.329004,NS,21/30,6,5
Liver,TCF7,CD4_T,IA→AR,IA,AR,0.5352165,0.37947273,-29.100000381469727,↓,0.571429,NS,10/15,5,3
Liver,TCF7,CD4_T,CR→AR,CR,AR,0.39918223,0.37947273,-4.900000095367432,↓,0.7,NS,6/9,3,3
Liver,TCF7,CD8_T,NL→IT,NL,IT,0.15180983,0.271438,78.80000305175781,↑,0.064935,†,30/36,6,6
Liver,TCF7,CD8_T,NL→IA,NL,IA,0.15180983,0.42575684,180.5,↑,0.051948,†,26/30,6,5
Liver,TCF7,CD8_T,NL→AR,NL,AR,0.15180983,0.22259657,46.59999847412109,↑,0.380952,NS,13/18,6,3
Liver,TCF7,CD8_T,NL→CR,NL,CR,0.15180983,0.22906347,50.900001525878906,↑,0.261905,NS,14/18,6,3
Liver,TCF7,CD8_T,IT→IA,IT,IA,0.271438,0.42575684,56.900001525878906,↑,0.662338,NS,18/30,6,5
Liver,TCF7,CD8_T,IA→AR,IA,AR,0.42575684,0.22259657,-47.70000076293945,↓,0.392857,NS,11/15,5,3
Liver,TCF7,CD8_T,CR→AR,CR,AR,0.22906347,0.22259657,-2.799999952316284,↓,1.0,NS,4/9,3,3
Liver,TCF7,NK,NL→IT,NL,IT,0.098030925,0.19832194,102.3000030517578,↑,0.132035,NS,28/36,6,6
Liver,TCF7,NK,NL→IA,NL,IA,0.098030925,0.21521404,119.5,↑,0.030303,*,27/30,6,5
Liver,TCF7,NK,NL→AR,NL,AR,0.098030925,0.19838285,102.4000015258789,↑,0.02381,*,18/18,6,3
Liver,TCF7,NK,NL→CR,NL,CR,0.098030925,0.19744883,101.4000015258789,↑,0.261905,NS,14/18,6,3
Liver,TCF7,NK,IT→IA,IT,IA,0.19832194,0.21521404,8.5,↑,0.792208,NS,17/30,6,5
Liver,TCF7,NK,IA→AR,IA,AR,0.21521404,0.19838285,-7.800000190734863,↓,0.785714,NS,9/15,5,3
Liver,TCF7,NK,CR→AR,CR,AR,0.19744883,0.19838285,0.5,↑,1.0,NS,4/9,3,3
Liver,TCF7,B,NL→IT,NL,IT,0.019199988,0.022760827,18.5,↑,0.773938,NS,14/30,6,5
Liver,TCF7,B,NL→IA,NL,IA,0.019199988,0.081982166,327.0,↑,0.034094,*,27/30,6,5
Liver,TCF7,B,NL→AR,NL,AR,0.019199988,0.07464566,288.79998779296875,↑,0.087825,†,16/18,6,3
Liver,TCF7,B,NL→CR,NL,CR,0.019199988,0.044305537,130.8000030517578,↑,0.237302,NS,14/18,6,3
Liver,TCF7,B,IT→IA,IT,IA,0.022760827,0.081982166,260.20001220703125,↑,0.059327,†,22/25,5,5
Liver,TCF7,B,IA→AR,IA,AR,0.081982166,0.07464566,-8.899999618530273,↓,0.785714,NS,9/15,5,3
Liver,TCF7,B,CR→AR,CR,AR,0.044305537,0.07464566,68.5,↑,0.4,NS,7/9,3,3
Liver,TCF7,PlasmaB,NL→IT,NL,IT,0.00050850696,0.02691352,5192.7001953125,↑,0.352972,NS,12/30,6,5
Liver,TCF7,PlasmaB,NL→IA,NL,IA,0.00050850696,0.006873984,1251.800048828125,↑,0.892295,NS,6/30,6,5
Liver,TCF7,PlasmaB,NL→AR,NL,AR,0.00050850696,0.07338457,14331.400390625,↑,0.595883,NS,6/18,6,3
Liver,TCF7,PlasmaB,NL→CR,NL,CR,0.00050850696,0.0,-100.0,↓,0.637352,NS,3/18,6,3
Liver,TCF7,PlasmaB,IT→IA,IT,IA,0.02691352,0.006873984,-74.5,↓,0.440686,NS,10/25,5,5
Liver,TCF7,PlasmaB,IA→AR,IA,AR,0.006873984,0.07338457,967.5999755859376,↑,0.69627,NS,5/15,5,3
Liver,TCF7,PlasmaB,CR→AR,CR,AR,0.0,0.07338457,99999.0,↑,0.504985,NS,3/9,3,3
Liver,TET2,Myeloid,NL→IT,NL,IT,0.47056243,0.4953489,5.300000190734863,↑,0.818182,NS,20/36,6,6
Liver,TET2,Myeloid,NL→IA,NL,IA,0.47056243,0.42513943,-9.699999809265137,↓,1.0,NS,15/30,6,5
Liver,TET2,Myeloid,NL→AR,NL,AR,0.47056243,0.4220941,-10.300000190734863,↓,0.904762,NS,10/18,6,3
Liver,TET2,Myeloid,NL→CR,NL,CR,0.47056243,0.5179798,10.100000381469728,↑,0.547619,NS,12/18,6,3
Liver,TET2,Myeloid,IT→IA,IT,IA,0.4953489,0.42513943,-14.199999809265137,↓,0.536797,NS,19/30,6,5
Liver,TET2,Myeloid,IA→AR,IA,AR,0.42513943,0.4220941,-0.699999988079071,↓,0.785714,NS,9/15,5,3
Liver,TET2,Myeloid,CR→AR,CR,AR,0.5179798,0.4220941,-18.5,↓,0.4,NS,7/9,3,3
Liver,TET2,CD4_T,NL→IT,NL,IT,0.043062624,0.068475485,59.0,↑,0.093074,†,29/36,6,6
Liver,TET2,CD4_T,NL→IA,NL,IA,0.043062624,0.072848186,69.19999694824219,↑,0.246753,NS,22/30,6,5
Liver,TET2,CD4_T,NL→AR,NL,AR,0.043062624,0.05226231,21.399999618530277,↑,0.547619,NS,12/18,6,3
Liver,TET2,CD4_T,NL→CR,NL,CR,0.043062624,0.073071055,69.69999694824219,↑,0.261905,NS,14/18,6,3
Liver,TET2,CD4_T,IT→IA,IT,IA,0.068475485,0.072848186,6.400000095367432,↑,0.930736,NS,16/30,6,5
Liver,TET2,CD4_T,IA→AR,IA,AR,0.072848186,0.05226231,-28.299999237060547,↓,0.571429,NS,10/15,5,3
Liver,TET2,CD4_T,CR→AR,CR,AR,0.073071055,0.05226231,-28.5,↓,0.4,NS,7/9,3,3
Liver,TET2,CD8_T,NL→IT,NL,IT,0.04662935,0.07198437,54.400001525878906,↑,0.132035,NS,28/36,6,6
Liver,TET2,CD8_T,NL→IA,NL,IA,0.04662935,0.09060305,94.3000030517578,↑,0.125541,NS,24/30,6,5
Liver,TET2,CD8_T,NL→AR,NL,AR,0.04662935,0.06962854,49.29999923706055,↑,0.095238,†,16/18,6,3
Liver,TET2,CD8_T,NL→CR,NL,CR,0.04662935,0.07214223,54.70000076293945,↑,0.547619,NS,12/18,6,3
Liver,TET2,CD8_T,IT→IA,IT,IA,0.07198437,0.09060305,25.899999618530277,↑,0.583025,NS,18/30,6,5
Liver,TET2,CD8_T,IA→AR,IA,AR,0.09060305,0.06962854,-23.100000381469727,↓,0.392857,NS,11/15,5,3
Liver,TET2,CD8_T,CR→AR,CR,AR,0.07214223,0.06962854,-3.5,↓,1.0,NS,5/9,3,3
Liver,TET2,NK,NL→IT,NL,IT,0.07061282,0.12491855,76.9000015258789,↑,0.093074,†,29/36,6,6
Liver,TET2,NK,NL→IA,NL,IA,0.07061282,0.0973948,37.900001525878906,↑,0.246753,NS,22/30,6,5
Liver,TET2,NK,NL→AR,NL,AR,0.07061282,0.066655844,-5.599999904632568,↓,1.0,NS,9/18,6,3
Liver,TET2,NK,NL→CR,NL,CR,0.07061282,0.12097719,71.30000305175781,↑,0.095238,†,16/18,6,3
Liver,TET2,NK,IT→IA,IT,IA,0.12491855,0.0973948,-22.0,↓,0.662338,NS,18/30,6,5
Liver,TET2,NK,IA→AR,IA,AR,0.0973948,0.066655844,-31.600000381469727,↓,0.392857,NS,11/15,5,3
Liver,TET2,NK,CR→AR,CR,AR,0.12097719,0.066655844,-44.900001525878906,↓,0.2,NS,8/9,3,3
Liver,TET2,B,NL→IT,NL,IT,0.039284237,0.20497403,421.7999877929688,↑,0.007969,**,30/30,6,5
Liver,TET2,B,NL→IA,NL,IA,0.039284237,0.121371806,209.0,↑,0.035344,*,27/30,6,5
Liver,TET2,B,NL→AR,NL,AR,0.039284237,0.08959428,128.10000610351562,↑,0.153854,NS,15/18,6,3
Liver,TET2,B,NL→CR,NL,CR,0.039284237,0.13201979,236.1000061035156,↑,0.091925,†,16/18,6,3
Liver,TET2,B,IT→IA,IT,IA,0.20497403,0.121371806,-40.79999923706055,↓,0.095238,†,21/25,5,5
Liver,TET2,B,IA→AR,IA,AR,0.121371806,0.08959428,-26.200000762939453,↓,0.392857,NS,11/15,5,3
Liver,TET2,B,CR→AR,CR,AR,0.13201979,0.08959428,-32.099998474121094,↓,0.7,NS,6/9,3,3
Liver,TET2,PlasmaB,NL→IT,NL,IT,0.10442563,0.14131346,35.29999923706055,↑,0.714379,NS,17/30,6,5
Liver,TET2,PlasmaB,NL→IA,NL,IA,0.10442563,0.18028814,72.5999984741211,↑,0.428571,NS,20/30,6,5
Liver,TET2,PlasmaB,NL→AR,NL,AR,0.10442563,0.11419276,9.399999618530272,↑,0.904762,NS,10/18,6,3
Liver,TET2,PlasmaB,NL→CR,NL,CR,0.10442563,0.22328258,113.8000030517578,↑,0.261905,NS,14/18,6,3
Liver,TET2,PlasmaB,IT→IA,IT,IA,0.14131346,0.18028814,27.600000381469727,↑,0.690476,NS,15/25,5,5
Liver,TET2,PlasmaB,IA→AR,IA,AR,0.18028814,0.11419276,-36.70000076293945,↓,0.571429,NS,10/15,5,3
Liver,TET2,PlasmaB,CR→AR,CR,AR,0.22328258,0.11419276,-48.900001525878906,↓,0.2,NS,8/9,3,3
Liver,TFAM,Myeloid,NL→IT,NL,IT,0.12523413,0.14824475,18.399999618530277,↑,0.699134,NS,21/36,6,6
Liver,TFAM,Myeloid,NL→IA,NL,IA,0.12523413,0.1859229,48.5,↑,0.536797,NS,19/30,6,5
Liver,TFAM,Myeloid,NL→AR,NL,AR,0.12523413,0.40860212,226.3000030517578,↑,0.261905,NS,14/18,6,3
Liver,TFAM,Myeloid,NL→CR,NL,CR,0.12523413,0.27620164,120.5,↑,0.095238,†,16/18,6,3
Liver,TFAM,Myeloid,IT→IA,IT,IA,0.14824475,0.1859229,25.399999618530277,↑,0.930736,NS,14/30,6,5
Liver,TFAM,Myeloid,IA→AR,IA,AR,0.1859229,0.40860212,119.8000030517578,↑,0.785714,NS,9/15,5,3
Liver,TFAM,Myeloid,CR→AR,CR,AR,0.27620164,0.40860212,47.900001525878906,↑,0.7,NS,3/9,3,3
Liver,TFAM,CD4_T,NL→IT,NL,IT,0.18874258,0.26940343,42.70000076293945,↑,0.025974,*,32/36,6,6
Liver,TFAM,CD4_T,NL→IA,NL,IA,0.18874258,0.22532149,19.399999618530277,↑,0.428571,NS,20/30,6,5
Liver,TFAM,CD4_T,NL→AR,NL,AR,0.18874258,0.24492325,29.799999237060547,↑,0.166667,NS,15/18,6,3
Liver,TFAM,CD4_T,NL→CR,NL,CR,0.18874258,0.32761815,73.5999984741211,↑,0.02381,*,18/18,6,3
Liver,TFAM,CD4_T,IT→IA,IT,IA,0.26940343,0.22532149,-16.399999618530273,↓,0.177489,NS,23/30,6,5
Liver,TFAM,CD4_T,IA→AR,IA,AR,0.22532149,0.24492325,8.699999809265137,↑,0.785714,NS,9/15,5,3
Liver,TFAM,CD4_T,CR→AR,CR,AR,0.32761815,0.24492325,-25.200000762939453,↓,0.4,NS,7/9,3,3
Liver,TFAM,CD8_T,NL→IT,NL,IT,0.16728085,0.25983146,55.29999923706055,↑,0.002165,**,36/36,6,6
Liver,TFAM,CD8_T,NL→IA,NL,IA,0.16728085,0.22369167,33.70000076293945,↑,0.246753,NS,22/30,6,5
Liver,TFAM,CD8_T,NL→AR,NL,AR,0.16728085,0.24028648,43.59999847412109,↑,0.095238,†,16/18,6,3
Liver,TFAM,CD8_T,NL→CR,NL,CR,0.16728085,0.3034142,81.4000015258789,↑,0.02381,*,18/18,6,3
Liver,TFAM,CD8_T,IT→IA,IT,IA,0.25983146,0.22369167,-13.899999618530272,↓,0.329004,NS,21/30,6,5
Liver,TFAM,CD8_T,IA→AR,IA,AR,0.22369167,0.24028648,7.400000095367432,↑,0.785714,NS,9/15,5,3
Liver,TFAM,CD8_T,CR→AR,CR,AR,0.3034142,0.24028648,-20.799999237060547,↓,0.2,NS,8/9,3,3
Liver,TFAM,NK,NL→IT,NL,IT,0.19599338,0.2997904,53.0,↑,0.041126,*,31/36,6,6
Liver,TFAM,NK,NL→IA,NL,IA,0.19599338,0.20584407,5.0,↑,0.792208,NS,17/30,6,5
Liver,TFAM,NK,NL→AR,NL,AR,0.19599338,0.24911249,27.100000381469727,↑,0.166667,NS,15/18,6,3
Liver,TFAM,NK,NL→CR,NL,CR,0.19599338,0.357831,82.5999984741211,↑,0.02381,*,18/18,6,3
Liver,TFAM,NK,IT→IA,IT,IA,0.2997904,0.20584407,-31.299999237060547,↓,0.082251,†,25/30,6,5
Liver,TFAM,NK,IA→AR,IA,AR,0.20584407,0.24911249,21.0,↑,0.392857,NS,11/15,5,3
Liver,TFAM,NK,CR→AR,CR,AR,0.357831,0.24911249,-30.399999618530277,↓,0.1,NS,9/9,3,3
Liver,TFAM,B,NL→IT,NL,IT,0.32215998,0.26369017,-18.100000381469727,↓,0.792208,NS,13/30,6,5
Liver,TFAM,B,NL→IA,NL,IA,0.32215998,0.2298748,-28.600000381469727,↓,0.177489,NS,23/30,6,5
Liver,TFAM,B,NL→AR,NL,AR,0.32215998,0.28222343,-12.399999618530272,↓,0.904762,NS,8/18,6,3
Liver,TFAM,B,NL→CR,NL,CR,0.32215998,0.463761,44.0,↑,0.261905,NS,14/18,6,3
Liver,TFAM,B,IT→IA,IT,IA,0.26369017,0.2298748,-12.800000190734863,↓,0.420635,NS,17/25,5,5
Liver,TFAM,B,IA→AR,IA,AR,0.2298748,0.28222343,22.799999237060547,↑,0.392857,NS,11/15,5,3
Liver,TFAM,B,CR→AR,CR,AR,0.463761,0.28222343,-39.09999847412109,↓,0.2,NS,8/9,3,3
Liver,TFAM,PlasmaB,NL→IT,NL,IT,0.1421626,0.25008422,75.9000015258789,↑,0.246753,NS,22/30,6,5
Liver,TFAM,PlasmaB,NL→IA,NL,IA,0.1421626,0.2111721,48.5,↑,0.125541,NS,24/30,6,5
Liver,TFAM,PlasmaB,NL→AR,NL,AR,0.1421626,0.32917953,131.60000610351562,↑,0.095238,†,16/18,6,3
Liver,TFAM,PlasmaB,NL→CR,NL,CR,0.1421626,0.2516276,77.0,↑,0.166667,NS,15/18,6,3
Liver,TFAM,PlasmaB,IT→IA,IT,IA,0.25008422,0.2111721,-15.600000381469728,↓,0.420635,NS,17/25,5,5
Liver,TFAM,PlasmaB,IA→AR,IA,AR,0.2111721,0.32917953,55.900001525878906,↑,0.142857,NS,13/15,5,3
Liver,TFAM,PlasmaB,CR→AR,CR,AR,0.2516276,0.32917953,30.799999237060547,↑,0.1,NS,9/9,3,3
Liver,TGFB1,Myeloid,NL→IT,NL,IT,0.82392734,0.89903027,9.100000381469728,↑,0.484848,NS,23/36,6,6
Liver,TGFB1,Myeloid,NL→IA,NL,IA,0.82392734,1.2094465,46.79999923706055,↑,0.017316,*,28/30,6,5
Liver,TGFB1,Myeloid,NL→AR,NL,AR,0.82392734,1.1024791,33.79999923706055,↑,0.166667,NS,15/18,6,3
Liver,TGFB1,Myeloid,NL→CR,NL,CR,0.82392734,0.8220994,-0.2000000029802322,↓,1.0,NS,9/18,6,3
Liver,TGFB1,Myeloid,IT→IA,IT,IA,0.89903027,1.2094465,34.5,↑,0.125541,NS,24/30,6,5
Liver,TGFB1,Myeloid,IA→AR,IA,AR,1.2094465,1.1024791,-8.800000190734863,↓,0.571429,NS,10/15,5,3
Liver,TGFB1,Myeloid,CR→AR,CR,AR,0.8220994,1.1024791,34.099998474121094,↑,0.4,NS,7/9,3,3
Liver,TGFB1,CD4_T,NL→IT,NL,IT,1.6182704,1.4233252,-12.0,↓,0.484848,NS,23/36,6,6
Liver,TGFB1,CD4_T,NL→IA,NL,IA,1.6182704,1.6312605,0.800000011920929,↑,0.792208,NS,17/30,6,5
Liver,TGFB1,CD4_T,NL→AR,NL,AR,1.6182704,1.3828769,-14.5,↓,0.547619,NS,12/18,6,3
Liver,TGFB1,CD4_T,NL→CR,NL,CR,1.6182704,0.982405,-39.29999923706055,↓,0.095238,†,16/18,6,3
Liver,TGFB1,CD4_T,IT→IA,IT,IA,1.4233252,1.6312605,14.600000381469728,↑,0.662338,NS,18/30,6,5
Liver,TGFB1,CD4_T,IA→AR,IA,AR,1.6312605,1.3828769,-15.199999809265137,↓,0.571429,NS,10/15,5,3
Liver,TGFB1,CD4_T,CR→AR,CR,AR,0.982405,1.3828769,40.79999923706055,↑,0.7,NS,6/9,3,3
Liver,TGFB1,CD8_T,NL→IT,NL,IT,1.7462553,1.5561415,-10.899999618530272,↓,0.309524,NS,25/36,6,6
Liver,TGFB1,CD8_T,NL→IA,NL,IA,1.7462553,1.7200692,-1.5,↓,1.0,NS,15/30,6,5
Liver,TGFB1,CD8_T,NL→AR,NL,AR,1.7462553,1.4450747,-17.200000762939453,↓,0.380952,NS,13/18,6,3
Liver,TGFB1,CD8_T,NL→CR,NL,CR,1.7462553,1.0700155,-38.70000076293945,↓,0.166667,NS,15/18,6,3
Liver,TGFB1,CD8_T,IT→IA,IT,IA,1.5561415,1.7200692,10.5,↑,0.662338,NS,18/30,6,5
Liver,TGFB1,CD8_T,IA→AR,IA,AR,1.7200692,1.4450747,-16.0,↓,0.571429,NS,10/15,5,3
Liver,TGFB1,CD8_T,CR→AR,CR,AR,1.0700155,1.4450747,35.099998474121094,↑,0.7,NS,6/9,3,3
Liver,TGFB1,NK,NL→IT,NL,IT,1.826101,1.8898643,3.5,↑,0.818182,NS,20/36,6,6
Liver,TGFB1,NK,NL→IA,NL,IA,1.826101,2.0792282,13.899999618530272,↑,0.536797,NS,19/30,6,5
Liver,TGFB1,NK,NL→AR,NL,AR,1.826101,1.7747984,-2.799999952316284,↓,0.904762,NS,10/18,6,3
Liver,TGFB1,NK,NL→CR,NL,CR,1.826101,1.2779485,-30.0,↓,0.166667,NS,15/18,6,3
Liver,TGFB1,NK,IT→IA,IT,IA,1.8898643,2.0792282,10.0,↑,0.536797,NS,19/30,6,5
Liver,TGFB1,NK,IA→AR,IA,AR,2.0792282,1.7747984,-14.600000381469728,↓,0.392857,NS,11/15,5,3
Liver,TGFB1,NK,CR→AR,CR,AR,1.2779485,1.7747984,38.900001525878906,↑,0.4,NS,7/9,3,3
Liver,TGFB1,B,NL→IT,NL,IT,0.78106636,0.94330627,20.799999237060547,↑,0.792208,NS,17/30,6,5
Liver,TGFB1,B,NL→IA,NL,IA,0.78106636,1.1027807,41.20000076293945,↑,0.428571,NS,20/30,6,5
Liver,TGFB1,B,NL→AR,NL,AR,0.78106636,0.7793916,-0.2000000029802322,↓,0.904762,NS,10/18,6,3
Liver,TGFB1,B,NL→CR,NL,CR,0.78106636,0.49721602,-36.29999923706055,↓,0.166667,NS,15/18,6,3
Liver,TGFB1,B,IT→IA,IT,IA,0.94330627,1.1027807,16.899999618530273,↑,0.84127,NS,14/25,5,5
Liver,TGFB1,B,IA→AR,IA,AR,1.1027807,0.7793916,-29.299999237060547,↓,0.785714,NS,9/15,5,3
Liver,TGFB1,B,CR→AR,CR,AR,0.49721602,0.7793916,56.79999923706055,↑,1.0,NS,5/9,3,3
Liver,TGFB1,PlasmaB,NL→IT,NL,IT,0.59322613,0.88510704,49.20000076293945,↑,0.082251,†,25/30,6,5
Liver,TGFB1,PlasmaB,NL→IA,NL,IA,0.59322613,1.2166469,105.0999984741211,↑,0.177489,NS,23/30,6,5
Liver,TGFB1,PlasmaB,NL→AR,NL,AR,0.59322613,0.88257486,48.79999923706055,↑,0.095238,†,16/18,6,3
Liver,TGFB1,PlasmaB,NL→CR,NL,CR,0.59322613,0.65557736,10.5,↑,1.0,NS,9/18,6,3
Liver,TGFB1,PlasmaB,IT→IA,IT,IA,0.88510704,1.2166469,37.5,↑,0.690476,NS,15/25,5,5
Liver,TGFB1,PlasmaB,IA→AR,IA,AR,1.2166469,0.88257486,-27.5,↓,0.785714,NS,9/15,5,3
Liver,TGFB1,PlasmaB,CR→AR,CR,AR,0.65557736,0.88257486,34.599998474121094,↑,0.4,NS,7/9,3,3
Liver,TGFB2,Myeloid,NL→IT,NL,IT,0.0,0.0006229552,99999.0,↑,0.404657,NS,6/36,6,6
Liver,TGFB2,Myeloid,NL→IA,NL,IA,0.0,0.0012883622,99999.0,↑,0.36131,NS,6/30,6,5
Liver,TGFB2,Myeloid,NL→AR,NL,AR,0.0,0.0,0.0,↑,1.0,NS,0/18,6,3
Liver,TGFB2,Myeloid,NL→CR,NL,CR,0.0,0.0064683766,99999.0,↑,0.05183,†,12/18,6,3
Liver,TGFB2,Myeloid,IT→IA,IT,IA,0.0006229552,0.0012883622,106.8000030517578,↑,0.892295,NS,6/30,6,5
Liver,TGFB2,Myeloid,IA→AR,IA,AR,0.0012883622,0.0,-100.0,↓,0.605577,NS,3/15,5,3
Liver,TGFB2,Myeloid,CR→AR,CR,AR,0.0064683766,0.0,-100.0,↓,0.196706,NS,6/9,3,3
Liver,TGFB2,CD4_T,NL→IT,NL,IT,5.741965e-05,0.00014739741,156.6999969482422,↑,1.0,NS,6/36,6,6
Liver,TGFB2,CD4_T,NL→IA,NL,IA,5.741965e-05,0.00026738996,365.7000122070313,↑,0.892295,NS,6/30,6,5
Liver,TGFB2,CD4_T,NL→AR,NL,AR,5.741965e-05,0.0,-100.0,↓,0.637352,NS,3/18,6,3
Liver,TGFB2,CD4_T,NL→CR,NL,CR,5.741965e-05,0.0,-100.0,↓,0.637352,NS,3/18,6,3
Liver,TGFB2,CD4_T,IT→IA,IT,IA,0.00014739741,0.00026738996,81.4000015258789,↑,0.892295,NS,6/30,6,5
Liver,TGFB2,CD4_T,IA→AR,IA,AR,0.00026738996,0.0,-100.0,↓,0.605577,NS,3/15,5,3
Liver,TGFB2,CD4_T,CR→AR,CR,AR,0.0,0.0,0.0,↑,1.0,NS,0/9,3,3
Liver,TGFB2,CD8_T,NL→IT,NL,IT,0.0003284183,0.00056047377,70.69999694824219,↑,0.752554,NS,6/36,6,6
Liver,TGFB2,CD8_T,NL→IA,NL,IA,0.0003284183,0.00010541803,-67.9000015258789,↓,0.56156,NS,10/30,6,5
Liver,TGFB2,CD8_T,NL→AR,NL,AR,0.0003284183,0.0,-100.0,↓,0.376759,NS,6/18,6,3
Liver,TGFB2,CD8_T,NL→CR,NL,CR,0.0003284183,0.00022022292,-32.900001525878906,↓,0.878088,NS,6/18,6,3
Liver,TGFB2,CD8_T,IT→IA,IT,IA,0.00056047377,0.00010541803,-81.19999694824219,↓,1.0,NS,5/30,6,5
Liver,TGFB2,CD8_T,IA→AR,IA,AR,0.00010541803,0.0,-100.0,↓,0.605577,NS,3/15,5,3
Liver,TGFB2,CD8_T,CR→AR,CR,AR,0.00022022292,0.0,-100.0,↓,0.504985,NS,3/9,3,3
Liver,TGFB2,NK,NL→IT,NL,IT,0.0,0.0,0.0,↑,1.0,NS,0/36,6,6
Liver,TGFB2,NK,NL→IA,NL,IA,0.0,0.0,0.0,↑,1.0,NS,0/30,6,5
Liver,TGFB2,NK,NL→AR,NL,AR,0.0,0.0006162219,99999.0,↑,0.238593,NS,6/18,6,3
Liver,TGFB2,NK,NL→CR,NL,CR,0.0,0.0,0.0,↑,1.0,NS,0/18,6,3
Liver,TGFB2,NK,IT→IA,IT,IA,0.0,0.0,0.0,↑,1.0,NS,0/30,6,5
Liver,TGFB2,NK,IA→AR,IA,AR,0.0,0.0006162219,99999.0,↑,0.3017,NS,5/15,5,3
Liver,TGFB2,NK,CR→AR,CR,AR,0.0,0.0006162219,99999.0,↑,0.504985,NS,3/9,3,3
Liver,TGFB2,B,NL→IT,NL,IT,0.013507481,0.0012316526,-90.9000015258789,↓,0.341314,NS,14/30,6,5
Liver,TGFB2,B,NL→IA,NL,IA,0.013507481,0.006702212,-50.400001525878906,↓,0.459233,NS,13/30,6,5
Liver,TGFB2,B,NL→AR,NL,AR,0.013507481,0.015448421,14.399999618530272,↑,0.589639,NS,10/18,6,3
Liver,TGFB2,B,NL→CR,NL,CR,0.013507481,0.006095207,-54.900001525878906,↓,1.0,NS,7/18,6,3
Liver,TGFB2,B,IT→IA,IT,IA,0.0012316526,0.006702212,444.2000122070313,↑,1.0,NS,5/25,5,5
Liver,TGFB2,B,IA→AR,IA,AR,0.006702212,0.015448421,130.5,↑,0.494525,NS,8/15,5,3
Liver,TGFB2,B,CR→AR,CR,AR,0.006095207,0.015448421,153.5,↑,0.506555,NS,6/9,3,3
Liver,TGFB2,PlasmaB,NL→IT,NL,IT,0.0,0.0,0.0,↑,1.0,NS,0/30,6,5
Liver,TGFB2,PlasmaB,NL→IA,NL,IA,0.0,0.0,0.0,↑,1.0,NS,0/30,6,5
Liver,TGFB2,PlasmaB,NL→AR,NL,AR,0.0,0.0,0.0,↑,1.0,NS,0/18,6,3
Liver,TGFB2,PlasmaB,NL→CR,NL,CR,0.0,0.0,0.0,↑,1.0,NS,0/18,6,3
Liver,TGFB2,PlasmaB,IT→IA,IT,IA,0.0,0.0,0.0,↑,1.0,NS,0/25,5,5
Liver,TGFB2,PlasmaB,IA→AR,IA,AR,0.0,0.0,0.0,↑,1.0,NS,0/15,5,3
Liver,TGFB2,PlasmaB,CR→AR,CR,AR,0.0,0.0,0.0,↑,1.0,NS,0/9,3,3
Liver,TGFBR1,Myeloid,NL→IT,NL,IT,0.08296704,0.1533448,84.80000305175781,↑,0.199397,NS,26/36,6,6
Liver,TGFBR1,Myeloid,NL→IA,NL,IA,0.08296704,0.13754682,65.80000305175781,↑,0.428571,NS,20/30,6,5
Liver,TGFBR1,Myeloid,NL→AR,NL,AR,0.08296704,0.1389903,67.5,↑,0.604066,NS,11/18,6,3
Liver,TGFBR1,Myeloid,NL→CR,NL,CR,0.08296704,0.14367157,73.19999694824219,↑,0.380952,NS,13/18,6,3
Liver,TGFBR1,Myeloid,IT→IA,IT,IA,0.1533448,0.13754682,-10.300000190734863,↓,0.536797,NS,19/30,6,5
Liver,TGFBR1,Myeloid,IA→AR,IA,AR,0.13754682,0.1389903,1.0,↑,1.0,NS,8/15,5,3
Liver,TGFBR1,Myeloid,CR→AR,CR,AR,0.14367157,0.1389903,-3.299999952316284,↓,1.0,NS,4/9,3,3
Liver,TGFBR1,CD4_T,NL→IT,NL,IT,0.069221854,0.08030412,16.0,↑,0.484848,NS,23/36,6,6
Liver,TGFBR1,CD4_T,NL→IA,NL,IA,0.069221854,0.083512165,20.600000381469727,↑,0.662338,NS,18/30,6,5
Liver,TGFBR1,CD4_T,NL→AR,NL,AR,0.069221854,0.08334911,20.399999618530277,↑,0.714286,NS,11/18,6,3
Liver,TGFBR1,CD4_T,NL→CR,NL,CR,0.069221854,0.094914466,37.09999847412109,↑,0.380952,NS,13/18,6,3
Liver,TGFBR1,CD4_T,IT→IA,IT,IA,0.08030412,0.083512165,4.0,↑,1.0,NS,15/30,6,5
Liver,TGFBR1,CD4_T,IA→AR,IA,AR,0.083512165,0.08334911,-0.2000000029802322,↓,1.0,NS,7/15,5,3
Liver,TGFBR1,CD4_T,CR→AR,CR,AR,0.094914466,0.08334911,-12.199999809265137,↓,0.7,NS,6/9,3,3
Liver,TGFBR1,CD8_T,NL→IT,NL,IT,0.08755753,0.09649628,10.199999809265137,↑,0.699134,NS,21/36,6,6
Liver,TGFBR1,CD8_T,NL→IA,NL,IA,0.08755753,0.09581666,9.399999618530272,↑,0.792208,NS,17/30,6,5
Liver,TGFBR1,CD8_T,NL→AR,NL,AR,0.08755753,0.110039435,25.700000762939453,↑,0.380952,NS,13/18,6,3
Liver,TGFBR1,CD8_T,NL→CR,NL,CR,0.08755753,0.13840695,58.09999847412109,↑,0.02381,*,18/18,6,3
Liver,TGFBR1,CD8_T,IT→IA,IT,IA,0.09649628,0.09581666,-0.699999988079071,↓,1.0,NS,15/30,6,5
Liver,TGFBR1,CD8_T,IA→AR,IA,AR,0.09581666,0.110039435,14.800000190734863,↑,0.571429,NS,10/15,5,3
Liver,TGFBR1,CD8_T,CR→AR,CR,AR,0.13840695,0.110039435,-20.5,↓,0.4,NS,7/9,3,3
Liver,TGFBR1,NK,NL→IT,NL,IT,0.13320853,0.12111059,-9.100000381469728,↓,1.0,NS,18/36,6,6
Liver,TGFBR1,NK,NL→IA,NL,IA,0.13320853,0.1411478,6.0,↑,0.662338,NS,18/30,6,5
Liver,TGFBR1,NK,NL→AR,NL,AR,0.13320853,0.1680982,26.200000762939453,↑,0.095238,†,16/18,6,3
Liver,TGFBR1,NK,NL→CR,NL,CR,0.13320853,0.18422526,38.29999923706055,↑,0.095238,†,16/18,6,3
Liver,TGFBR1,NK,IT→IA,IT,IA,0.12111059,0.1411478,16.5,↑,0.662338,NS,18/30,6,5
Liver,TGFBR1,NK,IA→AR,IA,AR,0.1411478,0.1680982,19.100000381469727,↑,0.392857,NS,11/15,5,3
Liver,TGFBR1,NK,CR→AR,CR,AR,0.18422526,0.1680982,-8.800000190734863,↓,0.4,NS,7/9,3,3
Liver,TGFBR1,B,NL→IT,NL,IT,0.13569404,0.16613238,22.399999618530277,↑,0.329004,NS,21/30,6,5
Liver,TGFBR1,B,NL→IA,NL,IA,0.13569404,0.10297446,-24.100000381469727,↓,0.536797,NS,19/30,6,5
Liver,TGFBR1,B,NL→AR,NL,AR,0.13569404,0.13390027,-1.2999999523162842,↓,0.904762,NS,10/18,6,3
Liver,TGFBR1,B,NL→CR,NL,CR,0.13569404,0.08928811,-34.20000076293945,↓,0.714286,NS,11/18,6,3
Liver,TGFBR1,B,IT→IA,IT,IA,0.16613238,0.10297446,-38.0,↓,0.031746,*,23/25,5,5
Liver,TGFBR1,B,IA→AR,IA,AR,0.10297446,0.13390027,30.0,↑,1.0,NS,8/15,5,3
Liver,TGFBR1,B,CR→AR,CR,AR,0.08928811,0.13390027,50.0,↑,1.0,NS,5/9,3,3
Liver,TGFBR1,PlasmaB,NL→IT,NL,IT,0.2117552,0.3295842,55.59999847412109,↑,0.536797,NS,19/30,6,5
Liver,TGFBR1,PlasmaB,NL→IA,NL,IA,0.2117552,0.3631879,71.5,↑,0.464192,NS,19/30,6,5
Liver,TGFBR1,PlasmaB,NL→AR,NL,AR,0.2117552,0.2424516,14.5,↑,0.714286,NS,11/18,6,3
Liver,TGFBR1,PlasmaB,NL→CR,NL,CR,0.2117552,0.28292003,33.599998474121094,↑,0.547619,NS,12/18,6,3
Liver,TGFBR1,PlasmaB,IT→IA,IT,IA,0.3295842,0.3631879,10.199999809265137,↑,1.0,NS,13/25,5,5
Liver,TGFBR1,PlasmaB,IA→AR,IA,AR,0.3631879,0.2424516,-33.20000076293945,↓,0.785714,NS,9/15,5,3
Liver,TGFBR1,PlasmaB,CR→AR,CR,AR,0.28292003,0.2424516,-14.300000190734863,↓,1.0,NS,5/9,3,3
Liver,TGFBR2,Myeloid,NL→IT,NL,IT,0.22503202,0.2325571,3.299999952316284,↑,0.818182,NS,20/36,6,6
Liver,TGFBR2,Myeloid,NL→IA,NL,IA,0.22503202,0.26806688,19.100000381469727,↑,0.428571,NS,20/30,6,5
Liver,TGFBR2,Myeloid,NL→AR,NL,AR,0.22503202,0.36680797,63.0,↑,0.047619,*,17/18,6,3
Liver,TGFBR2,Myeloid,NL→CR,NL,CR,0.22503202,0.32138607,42.79999923706055,↑,0.166667,NS,15/18,6,3
Liver,TGFBR2,Myeloid,IT→IA,IT,IA,0.2325571,0.26806688,15.300000190734863,↑,0.930736,NS,14/30,6,5
Liver,TGFBR2,Myeloid,IA→AR,IA,AR,0.26806688,0.36680797,36.79999923706055,↑,0.25,NS,12/15,5,3
Liver,TGFBR2,Myeloid,CR→AR,CR,AR,0.32138607,0.36680797,14.100000381469728,↑,0.2,NS,8/9,3,3
Liver,TGFBR2,CD4_T,NL→IT,NL,IT,0.24837069,0.36342528,46.29999923706055,↑,0.041126,*,31/36,6,6
Liver,TGFBR2,CD4_T,NL→IA,NL,IA,0.24837069,0.33443516,34.70000076293945,↑,0.082251,†,25/30,6,5
Liver,TGFBR2,CD4_T,NL→AR,NL,AR,0.24837069,0.35489622,42.900001525878906,↑,0.261905,NS,14/18,6,3
Liver,TGFBR2,CD4_T,NL→CR,NL,CR,0.24837069,0.36423436,46.59999847412109,↑,0.02381,*,18/18,6,3
Liver,TGFBR2,CD4_T,IT→IA,IT,IA,0.36342528,0.33443516,-8.0,↓,0.930736,NS,16/30,6,5
Liver,TGFBR2,CD4_T,IA→AR,IA,AR,0.33443516,0.35489622,6.099999904632568,↑,1.0,NS,8/15,5,3
Liver,TGFBR2,CD4_T,CR→AR,CR,AR,0.36423436,0.35489622,-2.5999999046325684,↓,1.0,NS,4/9,3,3
Liver,TGFBR2,CD8_T,NL→IT,NL,IT,0.24383724,0.33139727,35.900001525878906,↑,0.484848,NS,23/36,6,6
Liver,TGFBR2,CD8_T,NL→IA,NL,IA,0.24383724,0.35121924,44.0,↑,0.125541,NS,24/30,6,5
Liver,TGFBR2,CD8_T,NL→AR,NL,AR,0.24383724,0.41145828,68.69999694824219,↑,0.02381,*,18/18,6,3
Liver,TGFBR2,CD8_T,NL→CR,NL,CR,0.24383724,0.39248776,61.0,↑,0.02381,*,18/18,6,3
Liver,TGFBR2,CD8_T,IT→IA,IT,IA,0.33139727,0.35121924,6.0,↑,0.792208,NS,17/30,6,5
Liver,TGFBR2,CD8_T,IA→AR,IA,AR,0.35121924,0.41145828,17.200000762939453,↑,0.785714,NS,9/15,5,3
Liver,TGFBR2,CD8_T,CR→AR,CR,AR,0.39248776,0.41145828,4.800000190734863,↑,0.7,NS,6/9,3,3
Liver,TGFBR2,NK,NL→IT,NL,IT,0.27630675,0.363632,31.600000381469727,↑,0.132035,NS,28/36,6,6
Liver,TGFBR2,NK,NL→IA,NL,IA,0.27630675,0.32023916,15.899999618530272,↑,0.246753,NS,22/30,6,5
Liver,TGFBR2,NK,NL→AR,NL,AR,0.27630675,0.35284355,27.700000762939453,↑,0.380952,NS,13/18,6,3
Liver,TGFBR2,NK,NL→CR,NL,CR,0.27630675,0.4276987,54.79999923706055,↑,0.047619,*,17/18,6,3
Liver,TGFBR2,NK,IT→IA,IT,IA,0.363632,0.32023916,-11.899999618530272,↓,0.662338,NS,18/30,6,5
Liver,TGFBR2,NK,IA→AR,IA,AR,0.32023916,0.35284355,10.199999809265137,↑,1.0,NS,8/15,5,3
Liver,TGFBR2,NK,CR→AR,CR,AR,0.4276987,0.35284355,-17.5,↓,0.4,NS,7/9,3,3
Liver,TGFBR2,B,NL→IT,NL,IT,0.28305066,0.5174677,82.80000305175781,↑,0.200217,NS,22/30,6,5
Liver,TGFBR2,B,NL→IA,NL,IA,0.28305066,0.4277671,51.09999847412109,↑,0.177489,NS,23/30,6,5
Liver,TGFBR2,B,NL→AR,NL,AR,0.28305066,0.40431306,42.79999923706055,↑,0.380952,NS,13/18,6,3
Liver,TGFBR2,B,NL→CR,NL,CR,0.28305066,0.5036628,77.9000015258789,↑,0.095238,†,16/18,6,3
Liver,TGFBR2,B,IT→IA,IT,IA,0.5174677,0.4277671,-17.299999237060547,↓,0.547619,NS,16/25,5,5
Liver,TGFBR2,B,IA→AR,IA,AR,0.4277671,0.40431306,-5.5,↓,1.0,NS,7/15,5,3
Liver,TGFBR2,B,CR→AR,CR,AR,0.5036628,0.40431306,-19.700000762939453,↓,0.7,NS,6/9,3,3
Liver,TGFBR2,PlasmaB,NL→IT,NL,IT,0.22190161,0.50627506,128.1999969482422,↑,0.125541,NS,24/30,6,5
Liver,TGFBR2,PlasmaB,NL→IA,NL,IA,0.22190161,0.604552,172.39999389648438,↑,0.082251,†,25/30,6,5
Liver,TGFBR2,PlasmaB,NL→AR,NL,AR,0.22190161,0.46363303,108.9000015258789,↑,0.261905,NS,14/18,6,3
Liver,TGFBR2,PlasmaB,NL→CR,NL,CR,0.22190161,0.51037353,130.0,↑,0.095238,†,16/18,6,3
Liver,TGFBR2,PlasmaB,IT→IA,IT,IA,0.50627506,0.604552,19.399999618530277,↑,0.547619,NS,16/25,5,5
Liver,TGFBR2,PlasmaB,IA→AR,IA,AR,0.604552,0.46363303,-23.299999237060547,↓,0.392857,NS,11/15,5,3
Liver,TGFBR2,PlasmaB,CR→AR,CR,AR,0.51037353,0.46363303,-9.199999809265137,↓,0.7,NS,6/9,3,3
Liver,TIGIT,Myeloid,NL→IT,NL,IT,0.0,0.006766066,99999.0,↑,0.07401,†,18/36,6,6
Liver,TIGIT,Myeloid,NL→IA,NL,IA,0.0,0.051539242,99999.0,↑,0.13638,NS,12/30,6,5
Liver,TIGIT,Myeloid,NL→AR,NL,AR,0.0,0.00861359,99999.0,↑,0.05183,†,12/18,6,3
Liver,TIGIT,Myeloid,NL→CR,NL,CR,0.0,0.0011263475,99999.0,↑,0.238593,NS,6/18,6,3
Liver,TIGIT,Myeloid,IT→IA,IT,IA,0.006766066,0.051539242,661.7000122070312,↑,0.842187,NS,12/30,6,5
Liver,TIGIT,Myeloid,IA→AR,IA,AR,0.051539242,0.00861359,-83.30000305175781,↓,1.0,NS,6/15,5,3
Liver,TIGIT,Myeloid,CR→AR,CR,AR,0.0011263475,0.00861359,664.7000122070312,↑,0.353679,NS,6/9,3,3
Liver,TIGIT,CD4_T,NL→IT,NL,IT,0.17953838,0.4017423,123.8000030517578,↑,0.015152,*,33/36,6,6
Liver,TIGIT,CD4_T,NL→IA,NL,IA,0.17953838,0.4621137,157.39999389648438,↑,0.008658,**,29/30,6,5
Liver,TIGIT,CD4_T,NL→AR,NL,AR,0.17953838,0.41569886,131.5,↑,0.095238,†,16/18,6,3
Liver,TIGIT,CD4_T,NL→CR,NL,CR,0.17953838,0.35478774,97.5999984741211,↑,0.166667,NS,15/18,6,3
Liver,TIGIT,CD4_T,IT→IA,IT,IA,0.4017423,0.4621137,15.0,↑,0.536797,NS,19/30,6,5
Liver,TIGIT,CD4_T,IA→AR,IA,AR,0.4621137,0.41569886,-10.0,↓,1.0,NS,8/15,5,3
Liver,TIGIT,CD4_T,CR→AR,CR,AR,0.35478774,0.41569886,17.200000762939453,↑,1.0,NS,5/9,3,3
Liver,TIGIT,CD8_T,NL→IT,NL,IT,0.2364207,0.5945039,151.5,↑,0.004329,**,35/36,6,6
Liver,TIGIT,CD8_T,NL→IA,NL,IA,0.2364207,0.67608196,186.0,↑,0.082251,†,25/30,6,5
Liver,TIGIT,CD8_T,NL→AR,NL,AR,0.2364207,0.7047119,198.1000061035156,↑,0.02381,*,18/18,6,3
Liver,TIGIT,CD8_T,NL→CR,NL,CR,0.2364207,0.42555487,80.0,↑,0.095238,†,16/18,6,3
Liver,TIGIT,CD8_T,IT→IA,IT,IA,0.5945039,0.67608196,13.699999809265137,↑,0.428571,NS,20/30,6,5
Liver,TIGIT,CD8_T,IA→AR,IA,AR,0.67608196,0.7047119,4.199999809265137,↑,0.785714,NS,6/15,5,3
Liver,TIGIT,CD8_T,CR→AR,CR,AR,0.42555487,0.7047119,65.5999984741211,↑,0.2,NS,8/9,3,3
Liver,TIGIT,NK,NL→IT,NL,IT,0.55959904,0.7341974,31.200000762939453,↑,0.393939,NS,24/36,6,6
Liver,TIGIT,NK,NL→IA,NL,IA,0.55959904,0.6669252,19.200000762939453,↑,0.329004,NS,21/30,6,5
Liver,TIGIT,NK,NL→AR,NL,AR,0.55959904,0.620667,10.899999618530272,↑,0.380952,NS,13/18,6,3
Liver,TIGIT,NK,NL→CR,NL,CR,0.55959904,0.8947131,59.900001525878906,↑,0.095238,†,16/18,6,3
Liver,TIGIT,NK,IT→IA,IT,IA,0.7341974,0.6669252,-9.199999809265137,↓,0.662338,NS,18/30,6,5
Liver,TIGIT,NK,IA→AR,IA,AR,0.6669252,0.620667,-6.900000095367432,↓,0.571429,NS,10/15,5,3
Liver,TIGIT,NK,CR→AR,CR,AR,0.8947131,0.620667,-30.600000381469727,↓,0.4,NS,7/9,3,3
Liver,TIGIT,B,NL→IT,NL,IT,0.002589565,0.012097659,367.2000122070313,↑,0.169289,NS,17/30,6,5
Liver,TIGIT,B,NL→IA,NL,IA,0.002589565,0.039816655,1437.5999755859375,↑,0.028519,*,24/30,6,5
Liver,TIGIT,B,NL→AR,NL,AR,0.002589565,0.024755558,856.0,↑,0.219768,NS,11/18,6,3
Liver,TIGIT,B,NL→CR,NL,CR,0.002589565,0.019440686,650.7000122070312,↑,0.065992,†,16/18,6,3
Liver,TIGIT,B,IT→IA,IT,IA,0.012097659,0.039816655,229.1000061035156,↑,0.204501,NS,18/25,5,5
Liver,TIGIT,B,IA→AR,IA,AR,0.039816655,0.024755558,-37.79999923706055,↓,0.453356,NS,10/15,5,3
Liver,TIGIT,B,CR→AR,CR,AR,0.019440686,0.024755558,27.299999237060547,↑,1.0,NS,5/9,3,3
Liver,TIGIT,PlasmaB,NL→IT,NL,IT,0.039699193,0.024233144,-39.0,↓,1.0,NS,11/30,6,5
Liver,TIGIT,PlasmaB,NL→IA,NL,IA,0.039699193,0.0959778,141.8000030517578,↑,0.350122,NS,19/30,6,5
Liver,TIGIT,PlasmaB,NL→AR,NL,AR,0.039699193,0.007305879,-81.5999984741211,↓,0.887537,NS,7/18,6,3
Liver,TIGIT,PlasmaB,NL→CR,NL,CR,0.039699193,0.0,-100.0,↓,0.219768,NS,9/18,6,3
Liver,TIGIT,PlasmaB,IT→IA,IT,IA,0.024233144,0.0959778,296.1000061035156,↑,0.332112,NS,16/25,5,5
Liver,TIGIT,PlasmaB,IA→AR,IA,AR,0.0959778,0.007305879,-92.4000015258789,↓,0.359397,NS,10/15,5,3
Liver,TIGIT,PlasmaB,CR→AR,CR,AR,0.0,0.007305879,99999.0,↑,0.504985,NS,3/9,3,3
Liver,TIMP1,Myeloid,NL→IT,NL,IT,2.9509811,2.5332377,-14.199999809265137,↓,0.484848,NS,23/36,6,6
Liver,TIMP1,Myeloid,NL→IA,NL,IA,2.9509811,2.1932206,-25.700000762939453,↓,0.082251,†,25/30,6,5
Liver,TIMP1,Myeloid,NL→AR,NL,AR,2.9509811,2.281686,-22.700000762939453,↓,0.380952,NS,13/18,6,3
Liver,TIMP1,Myeloid,NL→CR,NL,CR,2.9509811,2.4954703,-15.399999618530272,↓,0.547619,NS,12/18,6,3
Liver,TIMP1,Myeloid,IT→IA,IT,IA,2.5332377,2.1932206,-13.399999618530272,↓,0.428571,NS,20/30,6,5
Liver,TIMP1,Myeloid,IA→AR,IA,AR,2.1932206,2.281686,4.0,↑,1.0,NS,8/15,5,3
Liver,TIMP1,Myeloid,CR→AR,CR,AR,2.4954703,2.281686,-8.600000381469727,↓,0.4,NS,7/9,3,3
Liver,TIMP1,CD4_T,NL→IT,NL,IT,0.2417574,0.3240048,34.0,↑,0.393939,NS,24/36,6,6
Liver,TIMP1,CD4_T,NL→IA,NL,IA,0.2417574,0.33416483,38.20000076293945,↑,0.246753,NS,22/30,6,5
Liver,TIMP1,CD4_T,NL→AR,NL,AR,0.2417574,0.3321766,37.400001525878906,↑,0.166667,NS,15/18,6,3
Liver,TIMP1,CD4_T,NL→CR,NL,CR,0.2417574,0.40739417,68.5,↑,0.047619,*,17/18,6,3
Liver,TIMP1,CD4_T,IT→IA,IT,IA,0.3240048,0.33416483,3.0999999046325684,↑,0.792208,NS,13/30,6,5
Liver,TIMP1,CD4_T,IA→AR,IA,AR,0.33416483,0.3321766,-0.6000000238418579,↓,1.0,NS,7/15,5,3
Liver,TIMP1,CD4_T,CR→AR,CR,AR,0.40739417,0.3321766,-18.5,↓,0.4,NS,7/9,3,3
Liver,TIMP1,CD8_T,NL→IT,NL,IT,0.11466074,0.19546217,70.5,↑,0.132035,NS,28/36,6,6
Liver,TIMP1,CD8_T,NL→IA,NL,IA,0.11466074,0.13621172,18.799999237060547,↑,1.0,NS,15/30,6,5
Liver,TIMP1,CD8_T,NL→AR,NL,AR,0.11466074,0.10394066,-9.300000190734863,↓,0.904762,NS,10/18,6,3
Liver,TIMP1,CD8_T,NL→CR,NL,CR,0.11466074,0.1466165,27.899999618530277,↑,0.547619,NS,12/18,6,3
Liver,TIMP1,CD8_T,IT→IA,IT,IA,0.19546217,0.13621172,-30.299999237060547,↓,0.246753,NS,22/30,6,5
Liver,TIMP1,CD8_T,IA→AR,IA,AR,0.13621172,0.10394066,-23.700000762939453,↓,0.785714,NS,9/15,5,3
Liver,TIMP1,CD8_T,CR→AR,CR,AR,0.1466165,0.10394066,-29.100000381469727,↓,0.4,NS,7/9,3,3
Liver,TIMP1,NK,NL→IT,NL,IT,0.17250256,0.18209998,5.599999904632568,↑,0.818182,NS,20/36,6,6
Liver,TIMP1,NK,NL→IA,NL,IA,0.17250256,0.20035593,16.100000381469727,↑,0.792208,NS,17/30,6,5
Liver,TIMP1,NK,NL→AR,NL,AR,0.17250256,0.23156764,34.20000076293945,↑,0.166667,NS,15/18,6,3
Liver,TIMP1,NK,NL→CR,NL,CR,0.17250256,0.18821757,9.100000381469728,↑,0.166667,NS,15/18,6,3
Liver,TIMP1,NK,IT→IA,IT,IA,0.18209998,0.20035593,10.0,↑,0.792208,NS,17/30,6,5
Liver,TIMP1,NK,IA→AR,IA,AR,0.20035593,0.23156764,15.600000381469728,↑,0.785714,NS,9/15,5,3
Liver,TIMP1,NK,CR→AR,CR,AR,0.18821757,0.23156764,23.0,↑,0.7,NS,6/9,3,3
Liver,TIMP1,B,NL→IT,NL,IT,0.036564164,0.12862459,251.8000030517578,↑,0.054681,†,26/30,6,5
Liver,TIMP1,B,NL→IA,NL,IA,0.036564164,0.04420138,20.899999618530277,↑,0.16993,NS,23/30,6,5
Liver,TIMP1,B,NL→AR,NL,AR,0.036564164,0.04468325,22.200000762939453,↑,0.895533,NS,9/18,6,3
Liver,TIMP1,B,NL→CR,NL,CR,0.036564164,0.047203925,29.100000381469727,↑,0.243305,NS,14/18,6,3
Liver,TIMP1,B,IT→IA,IT,IA,0.12862459,0.04420138,-65.5999984741211,↓,0.007937,**,25/25,5,5
Liver,TIMP1,B,IA→AR,IA,AR,0.04420138,0.04468325,1.100000023841858,↑,0.785714,NS,6/15,5,3
Liver,TIMP1,B,CR→AR,CR,AR,0.047203925,0.04468325,-5.300000190734863,↓,1.0,NS,5/9,3,3
Liver,TIMP1,PlasmaB,NL→IT,NL,IT,0.081117004,0.21247122,161.89999389648438,↑,0.119846,NS,24/30,6,5
Liver,TIMP1,PlasmaB,NL→IA,NL,IA,0.081117004,0.07133446,-12.100000381469728,↓,1.0,NS,14/30,6,5
Liver,TIMP1,PlasmaB,NL→AR,NL,AR,0.081117004,0.33069417,307.70001220703125,↑,0.243305,NS,14/18,6,3
Liver,TIMP1,PlasmaB,NL→CR,NL,CR,0.081117004,0.22151558,173.10000610351562,↑,0.153854,NS,15/18,6,3
Liver,TIMP1,PlasmaB,IT→IA,IT,IA,0.21247122,0.07133446,-66.4000015258789,↓,0.055556,†,22/25,5,5
Liver,TIMP1,PlasmaB,IA→AR,IA,AR,0.07133446,0.33069417,363.6000061035156,↑,0.25,NS,12/15,5,3
Liver,TIMP1,PlasmaB,CR→AR,CR,AR,0.22151558,0.33069417,49.29999923706055,↑,0.7,NS,3/9,3,3
Liver,TNFAIP3,Myeloid,NL→IT,NL,IT,0.6321596,0.7701561,21.799999237060547,↑,0.588745,NS,22/36,6,6
Liver,TNFAIP3,Myeloid,NL→IA,NL,IA,0.6321596,0.758288,20.0,↑,0.662338,NS,18/30,6,5
Liver,TNFAIP3,Myeloid,NL→AR,NL,AR,0.6321596,0.66859335,5.800000190734863,↑,1.0,NS,9/18,6,3
Liver,TNFAIP3,Myeloid,NL→CR,NL,CR,0.6321596,0.604466,-4.400000095367432,↓,1.0,NS,9/18,6,3
Liver,TNFAIP3,Myeloid,IT→IA,IT,IA,0.7701561,0.758288,-1.5,↓,1.0,NS,15/30,6,5
Liver,TNFAIP3,Myeloid,IA→AR,IA,AR,0.758288,0.66859335,-11.800000190734863,↓,0.785714,NS,9/15,5,3
Liver,TNFAIP3,Myeloid,CR→AR,CR,AR,0.604466,0.66859335,10.600000381469728,↑,1.0,NS,5/9,3,3
Liver,TNFAIP3,CD4_T,NL→IT,NL,IT,2.040573,2.0537548,0.6000000238418579,↑,0.937229,NS,19/36,6,6
Liver,TNFAIP3,CD4_T,NL→IA,NL,IA,2.040573,1.7424253,-14.600000381469728,↓,0.792208,NS,17/30,6,5
Liver,TNFAIP3,CD4_T,NL→AR,NL,AR,2.040573,1.6177979,-20.700000762939453,↓,0.904762,NS,10/18,6,3
Liver,TNFAIP3,CD4_T,NL→CR,NL,CR,2.040573,1.5289541,-25.100000381469727,↓,0.714286,NS,11/18,6,3
Liver,TNFAIP3,CD4_T,IT→IA,IT,IA,2.0537548,1.7424253,-15.199999809265137,↓,0.930736,NS,16/30,6,5
Liver,TNFAIP3,CD4_T,IA→AR,IA,AR,1.7424253,1.6177979,-7.199999809265137,↓,1.0,NS,7/15,5,3
Liver,TNFAIP3,CD4_T,CR→AR,CR,AR,1.5289541,1.6177979,5.800000190734863,↑,1.0,NS,5/9,3,3
Liver,TNFAIP3,CD8_T,NL→IT,NL,IT,2.1414883,2.0095043,-6.199999809265137,↓,0.484848,NS,23/36,6,6
Liver,TNFAIP3,CD8_T,NL→IA,NL,IA,2.1414883,1.7158387,-19.899999618530277,↓,0.428571,NS,20/30,6,5
Liver,TNFAIP3,CD8_T,NL→AR,NL,AR,2.1414883,1.4507154,-32.29999923706055,↓,0.095238,†,16/18,6,3
Liver,TNFAIP3,CD8_T,NL→CR,NL,CR,2.1414883,1.4652196,-31.600000381469727,↓,0.380952,NS,13/18,6,3
Liver,TNFAIP3,CD8_T,IT→IA,IT,IA,2.0095043,1.7158387,-14.600000381469728,↓,0.662338,NS,18/30,6,5
Liver,TNFAIP3,CD8_T,IA→AR,IA,AR,1.7158387,1.4507154,-15.5,↓,1.0,NS,8/15,5,3
Liver,TNFAIP3,CD8_T,CR→AR,CR,AR,1.4652196,1.4507154,-1.0,↓,1.0,NS,5/9,3,3
Liver,TNFAIP3,NK,NL→IT,NL,IT,1.5830187,1.7440786,10.199999809265137,↑,0.818182,NS,20/36,6,6
Liver,TNFAIP3,NK,NL→IA,NL,IA,1.5830187,1.3478165,-14.899999618530272,↓,0.536797,NS,19/30,6,5
Liver,TNFAIP3,NK,NL→AR,NL,AR,1.5830187,1.114184,-29.600000381469727,↓,0.380952,NS,13/18,6,3
Liver,TNFAIP3,NK,NL→CR,NL,CR,1.5830187,1.2285888,-22.399999618530277,↓,0.904762,NS,10/18,6,3
Liver,TNFAIP3,NK,IT→IA,IT,IA,1.7440786,1.3478165,-22.700000762939453,↓,0.662338,NS,18/30,6,5
Liver,TNFAIP3,NK,IA→AR,IA,AR,1.3478165,1.114184,-17.299999237060547,↓,0.571429,NS,10/15,5,3
Liver,TNFAIP3,NK,CR→AR,CR,AR,1.2285888,1.114184,-9.300000190734863,↓,0.7,NS,6/9,3,3
Liver,TNFAIP3,B,NL→IT,NL,IT,0.29617026,0.44278917,49.5,↑,0.177489,NS,23/30,6,5
Liver,TNFAIP3,B,NL→IA,NL,IA,0.29617026,0.31899798,7.699999809265137,↑,0.536797,NS,19/30,6,5
Liver,TNFAIP3,B,NL→AR,NL,AR,0.29617026,0.2644702,-10.699999809265137,↓,0.714286,NS,7/18,6,3
Liver,TNFAIP3,B,NL→CR,NL,CR,0.29617026,0.22821586,-22.899999618530277,↓,0.904762,NS,10/18,6,3
Liver,TNFAIP3,B,IT→IA,IT,IA,0.44278917,0.31899798,-28.0,↓,0.420635,NS,17/25,5,5
Liver,TNFAIP3,B,IA→AR,IA,AR,0.31899798,0.2644702,-17.100000381469727,↓,0.571429,NS,10/15,5,3
Liver,TNFAIP3,B,CR→AR,CR,AR,0.22821586,0.2644702,15.899999618530272,↑,0.4,NS,7/9,3,3
Liver,TNFAIP3,PlasmaB,NL→IT,NL,IT,0.42873836,0.3943004,-8.0,↓,0.930736,NS,14/30,6,5
Liver,TNFAIP3,PlasmaB,NL→IA,NL,IA,0.42873836,0.43411788,1.2999999523162842,↑,0.930736,NS,14/30,6,5
Liver,TNFAIP3,PlasmaB,NL→AR,NL,AR,0.42873836,0.40185523,-6.300000190734863,↓,1.0,NS,9/18,6,3
Liver,TNFAIP3,PlasmaB,NL→CR,NL,CR,0.42873836,0.18098061,-57.79999923706055,↓,0.261905,NS,14/18,6,3
Liver,TNFAIP3,PlasmaB,IT→IA,IT,IA,0.3943004,0.43411788,10.100000381469728,↑,1.0,NS,12/25,5,5
Liver,TNFAIP3,PlasmaB,IA→AR,IA,AR,0.43411788,0.40185523,-7.400000095367432,↓,1.0,NS,8/15,5,3
Liver,TNFAIP3,PlasmaB,CR→AR,CR,AR,0.18098061,0.40185523,122.0,↑,0.2,NS,8/9,3,3
Liver,TOP2A,Myeloid,NL→IT,NL,IT,0.0077767945,0.035589375,357.6000061035156,↑,0.081262,†,27/36,6,6
Liver,TOP2A,Myeloid,NL→IA,NL,IA,0.0077767945,0.023805182,206.1000061035156,↑,0.213259,NS,20/30,6,5
Liver,TOP2A,Myeloid,NL→AR,NL,AR,0.0077767945,0.0027417473,-64.69999694824219,↓,0.878088,NS,6/18,6,3
Liver,TOP2A,Myeloid,NL→CR,NL,CR,0.0077767945,0.0,-100.0,↓,0.376759,NS,6/18,6,3
Liver,TOP2A,Myeloid,IT→IA,IT,IA,0.035589375,0.023805182,-33.099998474121094,↓,0.714379,NS,17/30,6,5
Liver,TOP2A,Myeloid,IA→AR,IA,AR,0.023805182,0.0027417473,-88.5,↓,0.359397,NS,10/15,5,3
Liver,TOP2A,Myeloid,CR→AR,CR,AR,0.0,0.0027417473,99999.0,↑,0.504985,NS,3/9,3,3
Liver,TOP2A,CD4_T,NL→IT,NL,IT,0.025432812,0.017560394,-31.0,↓,0.484848,NS,23/36,6,6
Liver,TOP2A,CD4_T,NL→IA,NL,IA,0.025432812,0.01327389,-47.79999923706055,↓,0.329004,NS,21/30,6,5
Liver,TOP2A,CD4_T,NL→AR,NL,AR,0.025432812,0.012010059,-52.79999923706055,↓,0.261905,NS,14/18,6,3
Liver,TOP2A,CD4_T,NL→CR,NL,CR,0.025432812,0.016060883,-36.79999923706055,↓,0.380952,NS,13/18,6,3
Liver,TOP2A,CD4_T,IT→IA,IT,IA,0.017560394,0.01327389,-24.399999618530277,↓,0.792208,NS,17/30,6,5
Liver,TOP2A,CD4_T,IA→AR,IA,AR,0.01327389,0.012010059,-9.5,↓,0.785714,NS,9/15,5,3
Liver,TOP2A,CD4_T,CR→AR,CR,AR,0.016060883,0.012010059,-25.200000762939453,↓,0.7,NS,6/9,3,3
Liver,TOP2A,CD8_T,NL→IT,NL,IT,0.020174889,0.012310441,-39.0,↓,0.748349,NS,20/36,6,6
Liver,TOP2A,CD8_T,NL→IA,NL,IA,0.020174889,0.013086562,-35.099998474121094,↓,0.662338,NS,18/30,6,5
Liver,TOP2A,CD8_T,NL→AR,NL,AR,0.020174889,0.014424335,-28.5,↓,1.0,NS,9/18,6,3
Liver,TOP2A,CD8_T,NL→CR,NL,CR,0.020174889,0.014512226,-28.100000381469727,↓,0.714286,NS,11/18,6,3
Liver,TOP2A,CD8_T,IT→IA,IT,IA,0.012310441,0.013086562,6.300000190734863,↑,0.930736,NS,14/30,6,5
Liver,TOP2A,CD8_T,IA→AR,IA,AR,0.013086562,0.014424335,10.199999809265137,↑,0.785714,NS,9/15,5,3
Liver,TOP2A,CD8_T,CR→AR,CR,AR,0.014512226,0.014424335,-0.6000000238418579,↓,1.0,NS,5/9,3,3
Liver,TOP2A,NK,NL→IT,NL,IT,0.042771477,0.1521465,255.6999969482422,↑,0.818182,NS,20/36,6,6
Liver,TOP2A,NK,NL→IA,NL,IA,0.042771477,0.0104719,-75.5,↓,0.428571,NS,20/30,6,5
Liver,TOP2A,NK,NL→AR,NL,AR,0.042771477,0.006102285,-85.69999694824219,↓,0.380952,NS,13/18,6,3
Liver,TOP2A,NK,NL→CR,NL,CR,0.042771477,0.017643303,-58.70000076293945,↓,0.904762,NS,8/18,6,3
Liver,TOP2A,NK,IT→IA,IT,IA,0.1521465,0.0104719,-93.0999984741211,↓,0.177489,NS,23/30,6,5
Liver,TOP2A,NK,IA→AR,IA,AR,0.0104719,0.006102285,-41.70000076293945,↓,1.0,NS,7/15,5,3
Liver,TOP2A,NK,CR→AR,CR,AR,0.017643303,0.006102285,-65.4000015258789,↓,0.1,NS,9/9,3,3
Liver,TOP2A,B,NL→IT,NL,IT,0.009480897,0.0075761178,-20.100000381469727,↓,1.0,NS,9/30,6,5
Liver,TOP2A,B,NL→IA,NL,IA,0.009480897,0.0057095834,-39.79999923706055,↓,0.915796,NS,10/30,6,5
Liver,TOP2A,B,NL→AR,NL,AR,0.009480897,0.0,-100.0,↓,0.376759,NS,6/18,6,3
Liver,TOP2A,B,NL→CR,NL,CR,0.009480897,0.0110997865,17.100000381469727,↑,0.671373,NS,9/18,6,3
Liver,TOP2A,B,IT→IA,IT,IA,0.0075761178,0.0057095834,-24.600000381469727,↓,1.0,NS,8/25,5,5
Liver,TOP2A,B,IA→AR,IA,AR,0.0057095834,0.0,-100.0,↓,0.329114,NS,6/15,5,3
Liver,TOP2A,B,CR→AR,CR,AR,0.0110997865,0.0,-100.0,↓,0.196706,NS,6/9,3,3
Liver,TOP2A,PlasmaB,NL→IT,NL,IT,0.034467444,0.022564951,-34.5,↓,0.459233,NS,13/30,6,5
Liver,TOP2A,PlasmaB,NL→IA,NL,IA,0.034467444,0.0274759,-20.299999237060547,↓,0.923725,NS,11/30,6,5
Liver,TOP2A,PlasmaB,NL→AR,NL,AR,0.034467444,0.007556634,-78.0999984741211,↓,0.671373,NS,8/18,6,3
Liver,TOP2A,PlasmaB,NL→CR,NL,CR,0.034467444,0.0,-100.0,↓,0.219768,NS,9/18,6,3
Liver,TOP2A,PlasmaB,IT→IA,IT,IA,0.022564951,0.0274759,21.799999237060547,↑,0.480177,NS,12/25,5,5
Liver,TOP2A,PlasmaB,IA→AR,IA,AR,0.0274759,0.007556634,-72.5,↓,0.525234,NS,8/15,5,3
Liver,TOP2A,PlasmaB,CR→AR,CR,AR,0.0,0.007556634,99999.0,↑,0.504985,NS,3/9,3,3
Liver,TOX,Myeloid,NL→IT,NL,IT,0.004393392,0.08596864,1856.800048828125,↑,0.004337,**,36/36,6,6
Liver,TOX,Myeloid,NL→IA,NL,IA,0.004393392,0.003312836,-24.600000381469727,↓,0.907569,NS,8/30,6,5
Liver,TOX,Myeloid,NL→AR,NL,AR,0.004393392,0.01753462,299.1000061035156,↑,0.203092,NS,12/18,6,3
Liver,TOX,Myeloid,NL→CR,NL,CR,0.004393392,0.017763268,304.29998779296875,↑,0.224916,NS,14/18,6,3
Liver,TOX,Myeloid,IT→IA,IT,IA,0.08596864,0.003312836,-96.0999984741211,↓,0.006736,**,30/30,6,5
Liver,TOX,Myeloid,IA→AR,IA,AR,0.003312836,0.01753462,429.2999877929688,↑,0.171857,NS,10/15,5,3
Liver,TOX,Myeloid,CR→AR,CR,AR,0.017763268,0.01753462,-1.2999999523162842,↓,1.0,NS,5/9,3,3
Liver,TOX,CD4_T,NL→IT,NL,IT,0.15769193,0.31641915,100.6999969482422,↑,0.008658,**,34/36,6,6
Liver,TOX,CD4_T,NL→IA,NL,IA,0.15769193,0.2683464,70.19999694824219,↑,0.125541,NS,24/30,6,5
Liver,TOX,CD4_T,NL→AR,NL,AR,0.15769193,0.26337692,67.0,↑,0.02381,*,18/18,6,3
Liver,TOX,CD4_T,NL→CR,NL,CR,0.15769193,0.22513412,42.79999923706055,↑,0.095238,†,16/18,6,3
Liver,TOX,CD4_T,IT→IA,IT,IA,0.31641915,0.2683464,-15.199999809265137,↓,0.930736,NS,14/30,6,5
Liver,TOX,CD4_T,IA→AR,IA,AR,0.2683464,0.26337692,-1.899999976158142,↓,0.571429,NS,10/15,5,3
Liver,TOX,CD4_T,CR→AR,CR,AR,0.22513412,0.26337692,17.0,↑,0.4,NS,7/9,3,3
Liver,TOX,CD8_T,NL→IT,NL,IT,0.2280252,0.42543235,86.5999984741211,↑,0.002165,**,36/36,6,6
Liver,TOX,CD8_T,NL→IA,NL,IA,0.2280252,0.44280845,94.1999969482422,↑,0.125541,NS,24/30,6,5
Liver,TOX,CD8_T,NL→AR,NL,AR,0.2280252,0.42388687,85.9000015258789,↑,0.02381,*,18/18,6,3
Liver,TOX,CD8_T,NL→CR,NL,CR,0.2280252,0.3281373,43.900001525878906,↑,0.02381,*,18/18,6,3
Liver,TOX,CD8_T,IT→IA,IT,IA,0.42543235,0.44280845,4.099999904632568,↑,0.329004,NS,21/30,6,5
Liver,TOX,CD8_T,IA→AR,IA,AR,0.44280845,0.42388687,-4.300000190734863,↓,0.571429,NS,10/15,5,3
Liver,TOX,CD8_T,CR→AR,CR,AR,0.3281373,0.42388687,29.200000762939453,↑,0.2,NS,8/9,3,3
Liver,TOX,NK,NL→IT,NL,IT,0.33116254,0.46490756,40.400001525878906,↑,0.24026,NS,26/36,6,6
Liver,TOX,NK,NL→IA,NL,IA,0.33116254,0.33506846,1.2000000476837158,↑,0.930736,NS,16/30,6,5
Liver,TOX,NK,NL→AR,NL,AR,0.33116254,0.30392638,-8.199999809265137,↓,0.714286,NS,11/18,6,3
Liver,TOX,NK,NL→CR,NL,CR,0.33116254,0.41457453,25.200000762939453,↑,0.261905,NS,14/18,6,3
Liver,TOX,NK,IT→IA,IT,IA,0.46490756,0.33506846,-27.899999618530277,↓,0.329004,NS,21/30,6,5
Liver,TOX,NK,IA→AR,IA,AR,0.33506846,0.30392638,-9.300000190734863,↓,0.571429,NS,10/15,5,3
Liver,TOX,NK,CR→AR,CR,AR,0.41457453,0.30392638,-26.700000762939453,↓,0.4,NS,7/9,3,3
Liver,TOX,B,NL→IT,NL,IT,0.028178876,0.054809023,94.5,↑,0.310863,NS,20/30,6,5
Liver,TOX,B,NL→IA,NL,IA,0.028178876,0.09697544,244.1000061035156,↑,0.035344,*,27/30,6,5
Liver,TOX,B,NL→AR,NL,AR,0.028178876,0.07347404,160.6999969482422,↑,0.153854,NS,15/18,6,3
Liver,TOX,B,NL→CR,NL,CR,0.028178876,0.045784842,62.5,↑,0.511482,NS,11/18,6,3
Liver,TOX,B,IT→IA,IT,IA,0.054809023,0.09697544,76.9000015258789,↑,0.547619,NS,16/25,5,5
Liver,TOX,B,IA→AR,IA,AR,0.09697544,0.07347404,-24.200000762939453,↓,0.785714,NS,9/15,5,3
Liver,TOX,B,CR→AR,CR,AR,0.045784842,0.07347404,60.5,↑,0.7,NS,6/9,3,3
Liver,TOX,PlasmaB,NL→IT,NL,IT,0.02531678,0.029094238,14.899999618530272,↑,0.923725,NS,13/30,6,5
Liver,TOX,PlasmaB,NL→IA,NL,IA,0.02531678,0.030453598,20.299999237060547,↑,1.0,NS,10/30,6,5
Liver,TOX,PlasmaB,NL→AR,NL,AR,0.02531678,0.013845351,-45.29999923706055,↓,1.0,NS,8/18,6,3
Liver,TOX,PlasmaB,NL→CR,NL,CR,0.02531678,0.026195804,3.5,↑,1.0,NS,8/18,6,3
Liver,TOX,PlasmaB,IT→IA,IT,IA,0.029094238,0.030453598,4.699999809265137,↑,1.0,NS,9/25,5,5
Liver,TOX,PlasmaB,IA→AR,IA,AR,0.030453598,0.013845351,-54.5,↓,1.0,NS,6/15,5,3
Liver,TOX,PlasmaB,CR→AR,CR,AR,0.026195804,0.013845351,-47.09999847412109,↓,0.506555,NS,6/9,3,3
Liver,TOX2,Myeloid,NL→IT,NL,IT,0.0,0.0022037863,99999.0,↑,0.07401,†,18/36,6,6
Liver,TOX2,Myeloid,NL→IA,NL,IA,0.0,0.0028149316,99999.0,↑,0.13638,NS,12/30,6,5
Liver,TOX2,Myeloid,NL→AR,NL,AR,0.0,0.0,0.0,↑,1.0,NS,0/18,6,3
Liver,TOX2,Myeloid,NL→CR,NL,CR,0.0,0.0,0.0,↑,1.0,NS,0/18,6,3
Liver,TOX2,Myeloid,IT→IA,IT,IA,0.0022037863,0.0028149316,27.700000762939453,↑,0.842187,NS,9/30,6,5
Liver,TOX2,Myeloid,IA→AR,IA,AR,0.0028149316,0.0,-100.0,↓,0.329114,NS,6/15,5,3
Liver,TOX2,Myeloid,CR→AR,CR,AR,0.0,0.0,0.0,↑,1.0,NS,0/9,3,3
Liver,TOX2,CD4_T,NL→IT,NL,IT,0.029588051,0.10122948,242.1000061035156,↑,0.008658,**,34/36,6,6
Liver,TOX2,CD4_T,NL→IA,NL,IA,0.029588051,0.10378493,250.8000030517578,↑,0.030303,*,27/30,6,5
Liver,TOX2,CD4_T,NL→AR,NL,AR,0.029588051,0.09952063,236.3999938964844,↑,0.047619,*,17/18,6,3
Liver,TOX2,CD4_T,NL→CR,NL,CR,0.029588051,0.035265196,19.200000762939453,↑,0.714286,NS,11/18,6,3
Liver,TOX2,CD4_T,IT→IA,IT,IA,0.10122948,0.10378493,2.5,↑,0.930736,NS,16/30,6,5
Liver,TOX2,CD4_T,IA→AR,IA,AR,0.10378493,0.09952063,-4.099999904632568,↓,1.0,NS,8/15,5,3
Liver,TOX2,CD4_T,CR→AR,CR,AR,0.035265196,0.09952063,182.1999969482422,↑,0.2,NS,8/9,3,3
Liver,TOX2,CD8_T,NL→IT,NL,IT,0.04410486,0.05574937,26.399999618530277,↑,0.699134,NS,21/36,6,6
Liver,TOX2,CD8_T,NL→IA,NL,IA,0.04410486,0.13194716,199.1999969482422,↑,0.125541,NS,24/30,6,5
Liver,TOX2,CD8_T,NL→AR,NL,AR,0.04410486,0.09316226,111.1999969482422,↑,0.166667,NS,15/18,6,3
Liver,TOX2,CD8_T,NL→CR,NL,CR,0.04410486,0.060750544,37.70000076293945,↑,0.547619,NS,12/18,6,3
Liver,TOX2,CD8_T,IT→IA,IT,IA,0.05574937,0.13194716,136.6999969482422,↑,0.082251,†,25/30,6,5
Liver,TOX2,CD8_T,IA→AR,IA,AR,0.13194716,0.09316226,-29.399999618530277,↓,0.25,NS,12/15,5,3
Liver,TOX2,CD8_T,CR→AR,CR,AR,0.060750544,0.09316226,53.400001525878906,↑,0.4,NS,7/9,3,3
Liver,TOX2,NK,NL→IT,NL,IT,0.22065507,0.25505635,15.600000381469728,↑,0.818182,NS,16/36,6,6
Liver,TOX2,NK,NL→IA,NL,IA,0.22065507,0.26218215,18.799999237060547,↑,0.662338,NS,18/30,6,5
Liver,TOX2,NK,NL→AR,NL,AR,0.22065507,0.17082421,-22.600000381469727,↓,0.714286,NS,11/18,6,3
Liver,TOX2,NK,NL→CR,NL,CR,0.22065507,0.3125644,41.70000076293945,↑,0.547619,NS,12/18,6,3
Liver,TOX2,NK,IT→IA,IT,IA,0.25505635,0.26218215,2.799999952316284,↑,0.792208,NS,17/30,6,5
Liver,TOX2,NK,IA→AR,IA,AR,0.26218215,0.17082421,-34.79999923706055,↓,0.25,NS,12/15,5,3
Liver,TOX2,NK,CR→AR,CR,AR,0.3125644,0.17082421,-45.29999923706055,↓,0.2,NS,8/9,3,3
Liver,TOX2,B,NL→IT,NL,IT,0.015382268,0.023468647,52.59999847412109,↑,0.640374,NS,16/30,6,5
Liver,TOX2,B,NL→IA,NL,IA,0.015382268,0.026005343,69.0999984741211,↑,0.3142,NS,21/30,6,5
Liver,TOX2,B,NL→AR,NL,AR,0.015382268,0.007007549,-54.400001525878906,↓,0.500184,NS,10/18,6,3
Liver,TOX2,B,NL→CR,NL,CR,0.015382268,0.005449955,-64.5999984741211,↓,0.511482,NS,11/18,6,3
Liver,TOX2,B,IT→IA,IT,IA,0.023468647,0.026005343,10.800000190734863,↑,0.834035,NS,14/25,5,5
Liver,TOX2,B,IA→AR,IA,AR,0.026005343,0.007007549,-73.0999984741211,↓,0.230243,NS,12/15,5,3
Liver,TOX2,B,CR→AR,CR,AR,0.005449955,0.007007549,28.600000381469727,↑,1.0,NS,3/9,3,3
Liver,TOX2,PlasmaB,NL→IT,NL,IT,0.05720675,0.1842556,222.1000061035156,↑,0.119846,NS,24/30,6,5
Liver,TOX2,PlasmaB,NL→IA,NL,IA,0.05720675,0.1546056,170.3000030517578,↑,0.166994,NS,22/30,6,5
Liver,TOX2,PlasmaB,NL→AR,NL,AR,0.05720675,0.15390654,169.0,↑,0.511482,NS,11/18,6,3
Liver,TOX2,PlasmaB,NL→CR,NL,CR,0.05720675,0.10186293,78.0999984741211,↑,0.697334,NS,11/18,6,3
Liver,TOX2,PlasmaB,IT→IA,IT,IA,0.1842556,0.1546056,-16.100000381469727,↓,0.690476,NS,15/25,5,5
Liver,TOX2,PlasmaB,IA→AR,IA,AR,0.1546056,0.15390654,-0.5,↓,1.0,NS,7/15,5,3
Liver,TOX2,PlasmaB,CR→AR,CR,AR,0.10186293,0.15390654,51.09999847412109,↑,1.0,NS,5/9,3,3
Liver,TP53,Myeloid,NL→IT,NL,IT,0.10184757,0.16120254,58.29999923706055,↑,0.24026,NS,26/36,6,6
Liver,TP53,Myeloid,NL→IA,NL,IA,0.10184757,0.17536226,72.19999694824219,↑,0.792208,NS,17/30,6,5
Liver,TP53,Myeloid,NL→AR,NL,AR,0.10184757,0.12047095,18.299999237060547,↑,1.0,NS,9/18,6,3
Liver,TP53,Myeloid,NL→CR,NL,CR,0.10184757,0.15286647,50.09999847412109,↑,0.380952,NS,13/18,6,3
Liver,TP53,Myeloid,IT→IA,IT,IA,0.16120254,0.17536226,8.800000190734863,↑,0.536797,NS,11/30,6,5
Liver,TP53,Myeloid,IA→AR,IA,AR,0.17536226,0.12047095,-31.299999237060547,↓,1.0,NS,7/15,5,3
Liver,TP53,Myeloid,CR→AR,CR,AR,0.15286647,0.12047095,-21.200000762939453,↓,0.7,NS,6/9,3,3
Liver,TP53,CD4_T,NL→IT,NL,IT,0.04574504,0.06755354,47.70000076293945,↑,0.132035,NS,28/36,6,6
Liver,TP53,CD4_T,NL→IA,NL,IA,0.04574504,0.055833083,22.100000381469727,↑,0.177489,NS,23/30,6,5
Liver,TP53,CD4_T,NL→AR,NL,AR,0.04574504,0.0437932,-4.300000190734863,↓,0.904762,NS,8/18,6,3
Liver,TP53,CD4_T,NL→CR,NL,CR,0.04574504,0.07216524,57.79999923706055,↑,0.02381,*,18/18,6,3
Liver,TP53,CD4_T,IT→IA,IT,IA,0.06755354,0.055833083,-17.299999237060547,↓,0.329004,NS,21/30,6,5
Liver,TP53,CD4_T,IA→AR,IA,AR,0.055833083,0.0437932,-21.600000381469727,↓,0.392857,NS,11/15,5,3
Liver,TP53,CD4_T,CR→AR,CR,AR,0.07216524,0.0437932,-39.29999923706055,↓,0.2,NS,8/9,3,3
Liver,TP53,CD8_T,NL→IT,NL,IT,0.037364177,0.06181705,65.4000015258789,↑,0.025974,*,32/36,6,6
Liver,TP53,CD8_T,NL→IA,NL,IA,0.037364177,0.055493742,48.5,↑,0.082251,†,25/30,6,5
Liver,TP53,CD8_T,NL→AR,NL,AR,0.037364177,0.046868443,25.399999618530277,↑,0.714286,NS,11/18,6,3
Liver,TP53,CD8_T,NL→CR,NL,CR,0.037364177,0.051097125,36.79999923706055,↑,0.166667,NS,15/18,6,3
Liver,TP53,CD8_T,IT→IA,IT,IA,0.06181705,0.055493742,-10.199999809265137,↓,0.536797,NS,19/30,6,5
Liver,TP53,CD8_T,IA→AR,IA,AR,0.055493742,0.046868443,-15.5,↓,0.571429,NS,10/15,5,3
Liver,TP53,CD8_T,CR→AR,CR,AR,0.051097125,0.046868443,-8.300000190734863,↓,0.7,NS,6/9,3,3
Liver,TP53,NK,NL→IT,NL,IT,0.053875193,0.06043913,12.199999809265137,↑,0.699134,NS,21/36,6,6
Liver,TP53,NK,NL→IA,NL,IA,0.053875193,0.051919054,-3.5999999046325684,↓,0.930736,NS,14/30,6,5
Liver,TP53,NK,NL→AR,NL,AR,0.053875193,0.05388407,0.0,↑,0.714286,NS,11/18,6,3
Liver,TP53,NK,NL→CR,NL,CR,0.053875193,0.06924954,28.5,↑,0.380952,NS,13/18,6,3
Liver,TP53,NK,IT→IA,IT,IA,0.06043913,0.051919054,-14.100000381469728,↓,0.536797,NS,19/30,6,5
Liver,TP53,NK,IA→AR,IA,AR,0.051919054,0.05388407,3.799999952316284,↑,1.0,NS,7/15,5,3
Liver,TP53,NK,CR→AR,CR,AR,0.06924954,0.05388407,-22.200000762939453,↓,0.2,NS,8/9,3,3
Liver,TP53,B,NL→IT,NL,IT,0.11291456,0.10511877,-6.900000095367432,↓,0.792208,NS,13/30,6,5
Liver,TP53,B,NL→IA,NL,IA,0.11291456,0.06278088,-44.400001525878906,↓,0.246753,NS,22/30,6,5
Liver,TP53,B,NL→AR,NL,AR,0.11291456,0.09232008,-18.200000762939453,↓,0.904762,NS,8/18,6,3
Liver,TP53,B,NL→CR,NL,CR,0.11291456,0.08332374,-26.200000762939453,↓,0.714286,NS,11/18,6,3
Liver,TP53,B,IT→IA,IT,IA,0.10511877,0.06278088,-40.29999923706055,↓,0.095238,†,21/25,5,5
Liver,TP53,B,IA→AR,IA,AR,0.06278088,0.09232008,47.09999847412109,↑,0.25,NS,12/15,5,3
Liver,TP53,B,CR→AR,CR,AR,0.08332374,0.09232008,10.800000190734863,↑,1.0,NS,5/9,3,3
Liver,TP53,PlasmaB,NL→IT,NL,IT,0.025457831,0.12224494,380.2000122070313,↑,0.007969,**,30/30,6,5
Liver,TP53,PlasmaB,NL→IA,NL,IA,0.025457831,0.08974179,252.5,↑,0.117306,NS,23/30,6,5
Liver,TP53,PlasmaB,NL→AR,NL,AR,0.025457831,0.07973333,213.1999969482422,↑,0.35802,NS,12/18,6,3
Liver,TP53,PlasmaB,NL→CR,NL,CR,0.025457831,0.07612982,199.0,↑,0.35802,NS,12/18,6,3
Liver,TP53,PlasmaB,IT→IA,IT,IA,0.12224494,0.08974179,-26.600000381469727,↓,0.690476,NS,15/25,5,5
Liver,TP53,PlasmaB,IA→AR,IA,AR,0.08974179,0.07973333,-11.199999809265137,↓,0.880791,NS,8/15,5,3
Liver,TP53,PlasmaB,CR→AR,CR,AR,0.07612982,0.07973333,4.699999809265137,↑,0.824778,NS,5/9,3,3
Liver,TYROBP,Myeloid,NL→IT,NL,IT,3.0427701,2.6566517,-12.699999809265137,↓,0.24026,NS,26/36,6,6
Liver,TYROBP,Myeloid,NL→IA,NL,IA,3.0427701,2.9701495,-2.400000095367432,↓,0.536797,NS,19/30,6,5
Liver,TYROBP,Myeloid,NL→AR,NL,AR,3.0427701,3.1827762,4.599999904632568,↑,0.547619,NS,12/18,6,3
Liver,TYROBP,Myeloid,NL→CR,NL,CR,3.0427701,3.077468,1.100000023841858,↑,0.904762,NS,8/18,6,3
Liver,TYROBP,Myeloid,IT→IA,IT,IA,2.6566517,2.9701495,11.800000190734863,↑,0.536797,NS,19/30,6,5
Liver,TYROBP,Myeloid,IA→AR,IA,AR,2.9701495,3.1827762,7.199999809265137,↑,0.571429,NS,10/15,5,3
Liver,TYROBP,Myeloid,CR→AR,CR,AR,3.077468,3.1827762,3.400000095367432,↑,0.7,NS,6/9,3,3
Liver,TYROBP,CD4_T,NL→IT,NL,IT,0.33383775,0.28170353,-15.600000381469728,↓,0.699134,NS,21/36,6,6
Liver,TYROBP,CD4_T,NL→IA,NL,IA,0.33383775,0.17700978,-47.0,↓,0.017316,*,28/30,6,5
Liver,TYROBP,CD4_T,NL→AR,NL,AR,0.33383775,0.17226136,-48.400001525878906,↓,0.047619,*,17/18,6,3
Liver,TYROBP,CD4_T,NL→CR,NL,CR,0.33383775,0.28166044,-15.600000381469728,↓,0.714286,NS,11/18,6,3
Liver,TYROBP,CD4_T,IT→IA,IT,IA,0.28170353,0.17700978,-37.20000076293945,↓,0.428571,NS,20/30,6,5
Liver,TYROBP,CD4_T,IA→AR,IA,AR,0.17700978,0.17226136,-2.700000047683716,↓,1.0,NS,7/15,5,3
Liver,TYROBP,CD4_T,CR→AR,CR,AR,0.28166044,0.17226136,-38.79999923706055,↓,0.4,NS,7/9,3,3
Liver,TYROBP,CD8_T,NL→IT,NL,IT,0.5575734,0.3927952,-29.600000381469727,↓,0.588745,NS,22/36,6,6
Liver,TYROBP,CD8_T,NL→IA,NL,IA,0.5575734,0.1468103,-73.69999694824219,↓,0.017316,*,28/30,6,5
Liver,TYROBP,CD8_T,NL→AR,NL,AR,0.5575734,0.19451268,-65.0999984741211,↓,0.166667,NS,15/18,6,3
Liver,TYROBP,CD8_T,NL→CR,NL,CR,0.5575734,0.17576559,-68.5,↓,0.095238,†,16/18,6,3
Liver,TYROBP,CD8_T,IT→IA,IT,IA,0.3927952,0.1468103,-62.59999847412109,↓,0.125541,NS,24/30,6,5
Liver,TYROBP,CD8_T,IA→AR,IA,AR,0.1468103,0.19451268,32.5,↑,0.571429,NS,10/15,5,3
Liver,TYROBP,CD8_T,CR→AR,CR,AR,0.17576559,0.19451268,10.699999809265137,↑,0.7,NS,6/9,3,3
Liver,TYROBP,NK,NL→IT,NL,IT,2.3733242,2.2384338,-5.699999809265137,↓,0.937229,NS,19/36,6,6
Liver,TYROBP,NK,NL→IA,NL,IA,2.3733242,2.1765637,-8.300000190734863,↓,0.428571,NS,20/30,6,5
Liver,TYROBP,NK,NL→AR,NL,AR,2.3733242,1.9179958,-19.200000762939453,↓,0.095238,†,16/18,6,3
Liver,TYROBP,NK,NL→CR,NL,CR,2.3733242,2.3462827,-1.100000023841858,↓,1.0,NS,9/18,6,3
Liver,TYROBP,NK,IT→IA,IT,IA,2.2384338,2.1765637,-2.799999952316284,↓,0.536797,NS,19/30,6,5
Liver,TYROBP,NK,IA→AR,IA,AR,2.1765637,1.9179958,-11.899999618530272,↓,0.25,NS,12/15,5,3
Liver,TYROBP,NK,CR→AR,CR,AR,2.3462827,1.9179958,-18.299999237060547,↓,0.1,NS,9/9,3,3
Liver,TYROBP,B,NL→IT,NL,IT,0.07995536,0.085651234,7.099999904632568,↑,1.0,NS,15/30,6,5
Liver,TYROBP,B,NL→IA,NL,IA,0.07995536,0.03214223,-59.79999923706055,↓,0.428571,NS,20/30,6,5
Liver,TYROBP,B,NL→AR,NL,AR,0.07995536,0.0,-100.0,↓,0.059058,†,15/18,6,3
Liver,TYROBP,B,NL→CR,NL,CR,0.07995536,0.024920667,-68.80000305175781,↓,0.261905,NS,14/18,6,3
Liver,TYROBP,B,IT→IA,IT,IA,0.085651234,0.03214223,-62.5,↓,0.420635,NS,17/25,5,5
Liver,TYROBP,B,IA→AR,IA,AR,0.03214223,0.0,-100.0,↓,0.032473,*,15/15,5,3
Liver,TYROBP,B,CR→AR,CR,AR,0.024920667,0.0,-100.0,↓,0.063603,†,9/9,3,3
Liver,TYROBP,PlasmaB,NL→IT,NL,IT,0.45246375,1.5277135,237.6000061035156,↑,0.008658,**,29/30,6,5
Liver,TYROBP,PlasmaB,NL→IA,NL,IA,0.45246375,1.3827349,205.6000061035156,↑,0.082251,†,25/30,6,5
Liver,TYROBP,PlasmaB,NL→AR,NL,AR,0.45246375,1.5195875,235.8000030517578,↑,0.047619,*,17/18,6,3
Liver,TYROBP,PlasmaB,NL→CR,NL,CR,0.45246375,1.2745992,181.6999969482422,↑,0.02381,*,18/18,6,3
Liver,TYROBP,PlasmaB,IT→IA,IT,IA,1.5277135,1.3827349,-9.5,↓,0.690476,NS,15/25,5,5
Liver,TYROBP,PlasmaB,IA→AR,IA,AR,1.3827349,1.5195875,9.899999618530272,↑,0.785714,NS,9/15,5,3
Liver,TYROBP,PlasmaB,CR→AR,CR,AR,1.2745992,1.5195875,19.200000762939453,↑,1.0,NS,5/9,3,3
Liver,UQCRC1,Myeloid,NL→IT,NL,IT,0.6859819,0.703758,2.5999999046325684,↑,0.818182,NS,20/36,6,6
Liver,UQCRC1,Myeloid,NL→IA,NL,IA,0.6859819,0.79303825,15.600000381469728,↑,0.536797,NS,19/30,6,5
Liver,UQCRC1,Myeloid,NL→AR,NL,AR,0.6859819,0.91409796,33.29999923706055,↑,0.261905,NS,14/18,6,3
Liver,UQCRC1,Myeloid,NL→CR,NL,CR,0.6859819,0.8359707,21.899999618530277,↑,0.380952,NS,13/18,6,3
Liver,UQCRC1,Myeloid,IT→IA,IT,IA,0.703758,0.79303825,12.699999809265137,↑,1.0,NS,15/30,6,5
Liver,UQCRC1,Myeloid,IA→AR,IA,AR,0.79303825,0.91409796,15.300000190734863,↑,0.25,NS,12/15,5,3
Liver,UQCRC1,Myeloid,CR→AR,CR,AR,0.8359707,0.91409796,9.300000190734863,↑,0.7,NS,6/9,3,3
Liver,UQCRC1,CD4_T,NL→IT,NL,IT,0.27864376,0.31474742,13.0,↑,0.132035,NS,28/36,6,6
Liver,UQCRC1,CD4_T,NL→IA,NL,IA,0.27864376,0.35482737,27.299999237060547,↑,0.082251,†,25/30,6,5
Liver,UQCRC1,CD4_T,NL→AR,NL,AR,0.27864376,0.37501827,34.599998474121094,↑,0.166667,NS,15/18,6,3
Liver,UQCRC1,CD4_T,NL→CR,NL,CR,0.27864376,0.35437202,27.200000762939453,↑,0.261905,NS,14/18,6,3
Liver,UQCRC1,CD4_T,IT→IA,IT,IA,0.31474742,0.35482737,12.699999809265137,↑,1.0,NS,15/30,6,5
Liver,UQCRC1,CD4_T,IA→AR,IA,AR,0.35482737,0.37501827,5.699999809265137,↑,0.571429,NS,10/15,5,3
Liver,UQCRC1,CD4_T,CR→AR,CR,AR,0.35437202,0.37501827,5.800000190734863,↑,1.0,NS,5/9,3,3
Liver,UQCRC1,CD8_T,NL→IT,NL,IT,0.28657928,0.37296,30.100000381469727,↑,0.015152,*,33/36,6,6
Liver,UQCRC1,CD8_T,NL→IA,NL,IA,0.28657928,0.38276997,33.599998474121094,↑,0.030303,*,27/30,6,5
Liver,UQCRC1,CD8_T,NL→AR,NL,AR,0.28657928,0.39230368,36.900001525878906,↑,0.047619,*,17/18,6,3
Liver,UQCRC1,CD8_T,NL→CR,NL,CR,0.28657928,0.3503634,22.299999237060547,↑,0.095238,†,16/18,6,3
Liver,UQCRC1,CD8_T,IT→IA,IT,IA,0.37296,0.38276997,2.5999999046325684,↑,0.536797,NS,19/30,6,5
Liver,UQCRC1,CD8_T,IA→AR,IA,AR,0.38276997,0.39230368,2.5,↑,0.785714,NS,9/15,5,3
Liver,UQCRC1,CD8_T,CR→AR,CR,AR,0.3503634,0.39230368,12.0,↑,0.7,NS,6/9,3,3
Liver,UQCRC1,NK,NL→IT,NL,IT,0.3435916,0.3990644,16.100000381469727,↑,0.393939,NS,24/36,6,6
Liver,UQCRC1,NK,NL→IA,NL,IA,0.3435916,0.36449498,6.099999904632568,↑,0.662338,NS,18/30,6,5
Liver,UQCRC1,NK,NL→AR,NL,AR,0.3435916,0.39930868,16.200000762939453,↑,0.261905,NS,14/18,6,3
Liver,UQCRC1,NK,NL→CR,NL,CR,0.3435916,0.4180584,21.700000762939453,↑,0.261905,NS,14/18,6,3
Liver,UQCRC1,NK,IT→IA,IT,IA,0.3990644,0.36449498,-8.699999809265137,↓,0.536797,NS,19/30,6,5
Liver,UQCRC1,NK,IA→AR,IA,AR,0.36449498,0.39930868,9.600000381469728,↑,0.785714,NS,9/15,5,3
Liver,UQCRC1,NK,CR→AR,CR,AR,0.4180584,0.39930868,-4.5,↓,1.0,NS,5/9,3,3
Liver,UQCRC1,B,NL→IT,NL,IT,0.27025175,0.25805312,-4.5,↓,0.792208,NS,13/30,6,5
Liver,UQCRC1,B,NL→IA,NL,IA,0.27025175,0.34067637,26.100000381469727,↑,0.246753,NS,22/30,6,5
Liver,UQCRC1,B,NL→AR,NL,AR,0.27025175,0.39791784,47.20000076293945,↑,0.261905,NS,14/18,6,3
Liver,UQCRC1,B,NL→CR,NL,CR,0.27025175,0.38792276,43.5,↑,0.095238,†,16/18,6,3
Liver,UQCRC1,B,IT→IA,IT,IA,0.25805312,0.34067637,32.0,↑,0.547619,NS,16/25,5,5
Liver,UQCRC1,B,IA→AR,IA,AR,0.34067637,0.39791784,16.799999237060547,↑,0.571429,NS,10/15,5,3
Liver,UQCRC1,B,CR→AR,CR,AR,0.38792276,0.39791784,2.5999999046325684,↑,1.0,NS,5/9,3,3
Liver,UQCRC1,PlasmaB,NL→IT,NL,IT,0.36361995,0.38433608,5.699999809265137,↑,0.662338,NS,18/30,6,5
Liver,UQCRC1,PlasmaB,NL→IA,NL,IA,0.36361995,0.5805268,59.70000076293945,↑,0.082251,†,25/30,6,5
Liver,UQCRC1,PlasmaB,NL→AR,NL,AR,0.36361995,0.44098052,21.299999237060547,↑,0.547619,NS,12/18,6,3
Liver,UQCRC1,PlasmaB,NL→CR,NL,CR,0.36361995,0.46262002,27.200000762939453,↑,0.380952,NS,13/18,6,3
Liver,UQCRC1,PlasmaB,IT→IA,IT,IA,0.38433608,0.5805268,51.0,↑,0.095238,†,21/25,5,5
Liver,UQCRC1,PlasmaB,IA→AR,IA,AR,0.5805268,0.44098052,-24.0,↓,0.785714,NS,9/15,5,3
Liver,UQCRC1,PlasmaB,CR→AR,CR,AR,0.46262002,0.44098052,-4.699999809265137,↓,1.0,NS,4/9,3,3
Liver,VEGFA,Myeloid,NL→IT,NL,IT,0.4776695,0.15079856,-68.4000015258789,↓,0.041126,*,31/36,6,6
Liver,VEGFA,Myeloid,NL→IA,NL,IA,0.4776695,0.10789484,-77.4000015258789,↓,0.082251,†,25/30,6,5
Liver,VEGFA,Myeloid,NL→AR,NL,AR,0.4776695,0.17509462,-63.29999923706055,↓,0.166667,NS,15/18,6,3
Liver,VEGFA,Myeloid,NL→CR,NL,CR,0.4776695,0.15307568,-68.0,↓,0.095238,†,16/18,6,3
Liver,VEGFA,Myeloid,IT→IA,IT,IA,0.15079856,0.10789484,-28.5,↓,0.177489,NS,23/30,6,5
Liver,VEGFA,Myeloid,IA→AR,IA,AR,0.10789484,0.17509462,62.29999923706055,↑,0.571429,NS,10/15,5,3
Liver,VEGFA,Myeloid,CR→AR,CR,AR,0.15307568,0.17509462,14.399999618530272,↑,1.0,NS,4/9,3,3
Liver,VEGFA,CD4_T,NL→IT,NL,IT,0.0033901182,0.0067194495,98.1999969482422,↑,0.142368,NS,26/36,6,6
Liver,VEGFA,CD4_T,NL→IA,NL,IA,0.0033901182,0.0022195196,-34.5,↓,0.708597,NS,11/30,6,5
Liver,VEGFA,CD4_T,NL→AR,NL,AR,0.0033901182,0.0007133225,-79.0,↓,0.787406,NS,9/18,6,3
Liver,VEGFA,CD4_T,NL→CR,NL,CR,0.0033901182,0.0033054447,-2.5,↓,1.0,NS,7/18,6,3
Liver,VEGFA,CD4_T,IT→IA,IT,IA,0.0067194495,0.0022195196,-67.0,↓,0.143215,NS,23/30,6,5
Liver,VEGFA,CD4_T,IA→AR,IA,AR,0.0022195196,0.0007133225,-67.9000015258789,↓,0.293826,NS,11/15,5,3
Liver,VEGFA,CD4_T,CR→AR,CR,AR,0.0033054447,0.0007133225,-78.4000015258789,↓,0.824778,NS,5/9,3,3
Liver,VEGFA,CD8_T,NL→IT,NL,IT,0.003138243,0.0025460077,-18.899999618530277,↓,0.935736,NS,16/36,6,6
Liver,VEGFA,CD8_T,NL→IA,NL,IA,0.003138243,0.0025208245,-19.700000762939453,↓,0.926596,NS,13/30,6,5
Liver,VEGFA,CD8_T,NL→AR,NL,AR,0.003138243,0.0016049925,-48.900001525878906,↓,0.896851,NS,10/18,6,3
Liver,VEGFA,CD8_T,NL→CR,NL,CR,0.003138243,0.0014958428,-52.29999923706055,↓,0.895533,NS,9/18,6,3
Liver,VEGFA,CD8_T,IT→IA,IT,IA,0.0025460077,0.0025208245,-1.0,↓,1.0,NS,15/30,6,5
Liver,VEGFA,CD8_T,IA→AR,IA,AR,0.0025208245,0.0016049925,-36.29999923706055,↓,0.571429,NS,10/15,5,3
Liver,VEGFA,CD8_T,CR→AR,CR,AR,0.0014958428,0.0016049925,7.300000190734863,↑,1.0,NS,5/9,3,3
Liver,VEGFA,NK,NL→IT,NL,IT,0.02556627,0.022333471,-12.600000381469728,↓,0.588745,NS,22/36,6,6
Liver,VEGFA,NK,NL→IA,NL,IA,0.02556627,0.020427333,-20.100000381469727,↓,0.662338,NS,18/30,6,5
Liver,VEGFA,NK,NL→AR,NL,AR,0.02556627,0.013094631,-48.79999923706055,↓,0.261905,NS,14/18,6,3
Liver,VEGFA,NK,NL→CR,NL,CR,0.02556627,0.02472171,-3.299999952316284,↓,1.0,NS,9/18,6,3
Liver,VEGFA,NK,IT→IA,IT,IA,0.022333471,0.020427333,-8.5,↓,1.0,NS,15/30,6,5
Liver,VEGFA,NK,IA→AR,IA,AR,0.020427333,0.013094631,-35.900001525878906,↓,0.785714,NS,9/15,5,3
Liver,VEGFA,NK,CR→AR,CR,AR,0.02472171,0.013094631,-47.0,↓,0.7,NS,6/9,3,3
Liver,VEGFA,B,NL→IT,NL,IT,0.0009592781,0.006788133,607.5999755859375,↑,0.352972,NS,12/30,6,5
Liver,VEGFA,B,NL→IA,NL,IA,0.0009592781,0.004566169,376.0,↑,0.352972,NS,12/30,6,5
Liver,VEGFA,B,NL→AR,NL,AR,0.0009592781,0.0,-100.0,↓,0.637352,NS,3/18,6,3
Liver,VEGFA,B,NL→CR,NL,CR,0.0009592781,0.00186572,94.5,↑,0.859684,NS,5/18,6,3
Liver,VEGFA,B,IT→IA,IT,IA,0.006788133,0.004566169,-32.70000076293945,↓,0.724082,NS,10/25,5,5
Liver,VEGFA,B,IA→AR,IA,AR,0.004566169,0.0,-100.0,↓,0.329114,NS,6/15,5,3
Liver,VEGFA,B,CR→AR,CR,AR,0.00186572,0.0,-100.0,↓,0.504985,NS,3/9,3,3
Liver,VEGFA,PlasmaB,NL→IT,NL,IT,0.065418385,0.004295649,-93.4000015258789,↓,0.027659,*,25/30,6,5
Liver,VEGFA,PlasmaB,NL→IA,NL,IA,0.065418385,0.0068516517,-89.5,↓,0.061664,†,24/30,6,5
Liver,VEGFA,PlasmaB,NL→AR,NL,AR,0.065418385,0.0,-100.0,↓,0.059058,†,15/18,6,3
Liver,VEGFA,PlasmaB,NL→CR,NL,CR,0.065418385,0.0,-100.0,↓,0.059058,†,15/18,6,3
Liver,VEGFA,PlasmaB,IT→IA,IT,IA,0.004295649,0.0068516517,59.5,↑,0.607236,NS,9/25,5,5
Liver,VEGFA,PlasmaB,IA→AR,IA,AR,0.0068516517,0.0,-100.0,↓,0.329114,NS,6/15,5,3
Liver,VEGFA,PlasmaB,CR→AR,CR,AR,0.0,0.0,0.0,↑,1.0,NS,0/9,3,3
Liver,VEGFB,Myeloid,NL→IT,NL,IT,0.044421956,0.046264615,4.099999904632568,↑,1.0,NS,18/36,6,6
Liver,VEGFB,Myeloid,NL→IA,NL,IA,0.044421956,0.010139213,-77.19999694824219,↓,0.080042,†,24/30,6,5
Liver,VEGFB,Myeloid,NL→AR,NL,AR,0.044421956,0.017782664,-60.0,↓,0.299677,NS,13/18,6,3
Liver,VEGFB,Myeloid,NL→CR,NL,CR,0.044421956,0.06856581,54.400001525878906,↑,0.547619,NS,12/18,6,3
Liver,VEGFB,Myeloid,IT→IA,IT,IA,0.046264615,0.010139213,-78.0999984741211,↓,0.053027,†,25/30,6,5
Liver,VEGFB,Myeloid,IA→AR,IA,AR,0.010139213,0.017782664,75.4000015258789,↑,0.759982,NS,8/15,5,3
Liver,VEGFB,Myeloid,CR→AR,CR,AR,0.06856581,0.017782664,-74.0999984741211,↓,0.2,NS,8/9,3,3
Liver,VEGFB,CD4_T,NL→IT,NL,IT,0.016890965,0.040269587,138.39999389648438,↑,0.393939,NS,24/36,6,6
Liver,VEGFB,CD4_T,NL→IA,NL,IA,0.016890965,0.022043576,30.5,↑,0.792208,NS,17/30,6,5
Liver,VEGFB,CD4_T,NL→AR,NL,AR,0.016890965,0.03500766,107.3000030517578,↑,0.261905,NS,14/18,6,3
Liver,VEGFB,CD4_T,NL→CR,NL,CR,0.016890965,0.037354667,121.1999969482422,↑,0.166667,NS,15/18,6,3
Liver,VEGFB,CD4_T,IT→IA,IT,IA,0.040269587,0.022043576,-45.29999923706055,↓,0.792208,NS,17/30,6,5
Liver,VEGFB,CD4_T,IA→AR,IA,AR,0.022043576,0.03500766,58.79999923706055,↑,0.392857,NS,11/15,5,3
Liver,VEGFB,CD4_T,CR→AR,CR,AR,0.037354667,0.03500766,-6.300000190734863,↓,1.0,NS,5/9,3,3
Liver,VEGFB,CD8_T,NL→IT,NL,IT,0.03347272,0.047546554,42.0,↑,0.393939,NS,24/36,6,6
Liver,VEGFB,CD8_T,NL→IA,NL,IA,0.03347272,0.019706195,-41.09999847412109,↓,0.329004,NS,21/30,6,5
Liver,VEGFB,CD8_T,NL→AR,NL,AR,0.03347272,0.027821653,-16.899999618530273,↓,0.714286,NS,7/18,6,3
Liver,VEGFB,CD8_T,NL→CR,NL,CR,0.03347272,0.03930709,17.399999618530273,↑,0.261905,NS,14/18,6,3
Liver,VEGFB,CD8_T,IT→IA,IT,IA,0.047546554,0.019706195,-58.59999847412109,↓,0.082251,†,25/30,6,5
Liver,VEGFB,CD8_T,IA→AR,IA,AR,0.019706195,0.027821653,41.20000076293945,↑,0.392857,NS,11/15,5,3
Liver,VEGFB,CD8_T,CR→AR,CR,AR,0.03930709,0.027821653,-29.200000762939453,↓,0.7,NS,6/9,3,3
Liver,VEGFB,NK,NL→IT,NL,IT,0.02323251,0.02017714,-13.199999809265137,↓,0.818182,NS,16/36,6,6
Liver,VEGFB,NK,NL→IA,NL,IA,0.02323251,0.018110406,-22.0,↓,0.246753,NS,22/30,6,5
Liver,VEGFB,NK,NL→AR,NL,AR,0.02323251,0.029400362,26.5,↑,0.380952,NS,13/18,6,3
Liver,VEGFB,NK,NL→CR,NL,CR,0.02323251,0.028656999,23.299999237060547,↑,0.380952,NS,13/18,6,3
Liver,VEGFB,NK,IT→IA,IT,IA,0.02017714,0.018110406,-10.199999809265137,↓,0.428571,NS,20/30,6,5
Liver,VEGFB,NK,IA→AR,IA,AR,0.018110406,0.029400362,62.29999923706055,↑,0.142857,NS,13/15,5,3
Liver,VEGFB,NK,CR→AR,CR,AR,0.028656999,0.029400362,2.5999999046325684,↑,1.0,NS,5/9,3,3
Liver,VEGFB,B,NL→IT,NL,IT,0.028596587,0.041603386,45.5,↑,0.779243,NS,15/30,6,5
Liver,VEGFB,B,NL→IA,NL,IA,0.028596587,0.028923249,1.100000023841858,↑,0.647329,NS,18/30,6,5
Liver,VEGFB,B,NL→AR,NL,AR,0.028596587,0.06763745,136.5,↑,0.36415,NS,13/18,6,3
Liver,VEGFB,B,NL→CR,NL,CR,0.028596587,0.07094634,148.10000610351562,↑,0.091925,†,16/18,6,3
Liver,VEGFB,B,IT→IA,IT,IA,0.041603386,0.028923249,-30.5,↓,0.834035,NS,14/25,5,5
Liver,VEGFB,B,IA→AR,IA,AR,0.028923249,0.06763745,133.89999389648438,↑,0.392857,NS,11/15,5,3
Liver,VEGFB,B,CR→AR,CR,AR,0.07094634,0.06763745,-4.699999809265137,↓,0.7,NS,6/9,3,3
Liver,VEGFB,PlasmaB,NL→IT,NL,IT,0.14216056,0.3114789,119.0999984741211,↑,0.177489,NS,23/30,6,5
Liver,VEGFB,PlasmaB,NL→IA,NL,IA,0.14216056,0.2990293,110.3000030517578,↑,0.329004,NS,21/30,6,5
Liver,VEGFB,PlasmaB,NL→AR,NL,AR,0.14216056,0.39271626,176.1999969482422,↑,0.166667,NS,15/18,6,3
Liver,VEGFB,PlasmaB,NL→CR,NL,CR,0.14216056,0.37467656,163.60000610351562,↑,0.261905,NS,14/18,6,3
Liver,VEGFB,PlasmaB,IT→IA,IT,IA,0.3114789,0.2990293,-4.0,↓,0.690476,NS,15/25,5,5
Liver,VEGFB,PlasmaB,IA→AR,IA,AR,0.2990293,0.39271626,31.299999237060547,↑,0.571429,NS,10/15,5,3
Liver,VEGFB,PlasmaB,CR→AR,CR,AR,0.37467656,0.39271626,4.800000190734863,↑,1.0,NS,4/9,3,3
Liver,VIM,Myeloid,NL→IT,NL,IT,3.7182264,3.9201858,5.400000095367432,↑,0.179654,NS,27/36,6,6
Liver,VIM,Myeloid,NL→IA,NL,IA,3.7182264,3.5362937,-4.900000095367432,↓,0.428571,NS,20/30,6,5
Liver,VIM,Myeloid,NL→AR,NL,AR,3.7182264,3.5883057,-3.5,↓,0.547619,NS,12/18,6,3
Liver,VIM,Myeloid,NL→CR,NL,CR,3.7182264,3.5624778,-4.199999809265137,↓,0.380952,NS,13/18,6,3
Liver,VIM,Myeloid,IT→IA,IT,IA,3.9201858,3.5362937,-9.800000190734863,↓,0.082251,†,25/30,6,5
Liver,VIM,Myeloid,IA→AR,IA,AR,3.5362937,3.5883057,1.5,↑,1.0,NS,8/15,5,3
Liver,VIM,Myeloid,CR→AR,CR,AR,3.5624778,3.5883057,0.699999988079071,↑,1.0,NS,5/9,3,3
Liver,VIM,CD4_T,NL→IT,NL,IT,2.6013553,2.4195006,-7.0,↓,0.818182,NS,20/36,6,6
Liver,VIM,CD4_T,NL→IA,NL,IA,2.6013553,2.5413058,-2.299999952316284,↓,0.930736,NS,16/30,6,5
Liver,VIM,CD4_T,NL→AR,NL,AR,2.6013553,2.4307766,-6.599999904632568,↓,0.904762,NS,10/18,6,3
Liver,VIM,CD4_T,NL→CR,NL,CR,2.6013553,2.628621,1.0,↑,0.904762,NS,10/18,6,3
Liver,VIM,CD4_T,IT→IA,IT,IA,2.4195006,2.5413058,5.0,↑,0.792208,NS,17/30,6,5
Liver,VIM,CD4_T,IA→AR,IA,AR,2.5413058,2.4307766,-4.300000190734863,↓,1.0,NS,8/15,5,3
Liver,VIM,CD4_T,CR→AR,CR,AR,2.628621,2.4307766,-7.5,↓,0.7,NS,6/9,3,3
Liver,VIM,CD8_T,NL→IT,NL,IT,2.440776,2.504557,2.5999999046325684,↑,0.699134,NS,21/36,6,6
Liver,VIM,CD8_T,NL→IA,NL,IA,2.440776,2.2245321,-8.899999618530273,↓,0.662338,NS,18/30,6,5
Liver,VIM,CD8_T,NL→AR,NL,AR,2.440776,1.9271284,-21.0,↓,0.166667,NS,15/18,6,3
Liver,VIM,CD8_T,NL→CR,NL,CR,2.440776,2.2360783,-8.399999618530273,↓,1.0,NS,9/18,6,3
Liver,VIM,CD8_T,IT→IA,IT,IA,2.504557,2.2245321,-11.199999809265137,↓,0.792208,NS,17/30,6,5
Liver,VIM,CD8_T,IA→AR,IA,AR,2.2245321,1.9271284,-13.399999618530272,↓,0.571429,NS,10/15,5,3
Liver,VIM,CD8_T,CR→AR,CR,AR,2.2360783,1.9271284,-13.800000190734863,↓,0.4,NS,7/9,3,3
Liver,VIM,NK,NL→IT,NL,IT,1.7069408,1.637176,-4.099999904632568,↓,0.937229,NS,19/36,6,6
Liver,VIM,NK,NL→IA,NL,IA,1.7069408,1.5647519,-8.300000190734863,↓,0.792208,NS,17/30,6,5
Liver,VIM,NK,NL→AR,NL,AR,1.7069408,1.5748072,-7.699999809265137,↓,1.0,NS,9/18,6,3
Liver,VIM,NK,NL→CR,NL,CR,1.7069408,1.3326324,-21.899999618530277,↓,0.380952,NS,13/18,6,3
Liver,VIM,NK,IT→IA,IT,IA,1.637176,1.5647519,-4.400000095367432,↓,0.536797,NS,19/30,6,5
Liver,VIM,NK,IA→AR,IA,AR,1.5647519,1.5748072,0.6000000238418579,↑,0.571429,NS,10/15,5,3
Liver,VIM,NK,CR→AR,CR,AR,1.3326324,1.5748072,18.200000762939453,↑,0.7,NS,6/9,3,3
Liver,VIM,B,NL→IT,NL,IT,1.3186165,1.599425,21.299999237060547,↑,0.246753,NS,22/30,6,5
Liver,VIM,B,NL→IA,NL,IA,1.3186165,1.4898474,13.0,↑,0.536797,NS,19/30,6,5
Liver,VIM,B,NL→AR,NL,AR,1.3186165,1.6285499,23.5,↑,0.261905,NS,14/18,6,3
Liver,VIM,B,NL→CR,NL,CR,1.3186165,1.3302169,0.8999999761581421,↑,0.714286,NS,11/18,6,3
Liver,VIM,B,IT→IA,IT,IA,1.599425,1.4898474,-6.900000095367432,↓,1.0,NS,13/25,5,5
Liver,VIM,B,IA→AR,IA,AR,1.4898474,1.6285499,9.300000190734863,↑,0.571429,NS,10/15,5,3
Liver,VIM,B,CR→AR,CR,AR,1.3302169,1.6285499,22.399999618530277,↑,0.2,NS,8/9,3,3
Liver,VIM,PlasmaB,NL→IT,NL,IT,2.0608087,3.0383124,47.400001525878906,↑,0.008658,**,29/30,6,5
Liver,VIM,PlasmaB,NL→IA,NL,IA,2.0608087,3.0692687,48.900001525878906,↑,0.004329,**,30/30,6,5
Liver,VIM,PlasmaB,NL→AR,NL,AR,2.0608087,2.8600798,38.79999923706055,↑,0.02381,*,18/18,6,3
Liver,VIM,PlasmaB,NL→CR,NL,CR,2.0608087,2.899936,40.70000076293945,↑,0.166667,NS,15/18,6,3
Liver,VIM,PlasmaB,IT→IA,IT,IA,3.0383124,3.0692687,1.0,↑,1.0,NS,13/25,5,5
Liver,VIM,PlasmaB,IA→AR,IA,AR,3.0692687,2.8600798,-6.800000190734863,↓,0.571429,NS,10/15,5,3
Liver,VIM,PlasmaB,CR→AR,CR,AR,2.899936,2.8600798,-1.399999976158142,↓,1.0,NS,5/9,3,3
Liver,VTCN1,Myeloid,NL→IT,NL,IT,0.0,0.0,0.0,↑,1.0,NS,0/36,6,6
Liver,VTCN1,Myeloid,NL→IA,NL,IA,0.0,0.0,0.0,↑,1.0,NS,0/30,6,5
Liver,VTCN1,Myeloid,NL→AR,NL,AR,0.0,0.0,0.0,↑,1.0,NS,0/18,6,3
Liver,VTCN1,Myeloid,NL→CR,NL,CR,0.0,0.0,0.0,↑,1.0,NS,0/18,6,3
Liver,VTCN1,Myeloid,IT→IA,IT,IA,0.0,0.0,0.0,↑,1.0,NS,0/30,6,5
Liver,VTCN1,Myeloid,IA→AR,IA,AR,0.0,0.0,0.0,↑,1.0,NS,0/15,5,3
Liver,VTCN1,Myeloid,CR→AR,CR,AR,0.0,0.0,0.0,↑,1.0,NS,0/9,3,3
Liver,VTCN1,CD4_T,NL→IT,NL,IT,0.0,0.0,0.0,↑,1.0,NS,0/36,6,6
Liver,VTCN1,CD4_T,NL→IA,NL,IA,0.0,0.0,0.0,↑,1.0,NS,0/30,6,5
Liver,VTCN1,CD4_T,NL→AR,NL,AR,0.0,0.0,0.0,↑,1.0,NS,0/18,6,3
Liver,VTCN1,CD4_T,NL→CR,NL,CR,0.0,0.0,0.0,↑,1.0,NS,0/18,6,3
Liver,VTCN1,CD4_T,IT→IA,IT,IA,0.0,0.0,0.0,↑,1.0,NS,0/30,6,5
Liver,VTCN1,CD4_T,IA→AR,IA,AR,0.0,0.0,0.0,↑,1.0,NS,0/15,5,3
Liver,VTCN1,CD4_T,CR→AR,CR,AR,0.0,0.0,0.0,↑,1.0,NS,0/9,3,3
Liver,VTCN1,CD8_T,NL→IT,NL,IT,0.0,0.0,0.0,↑,1.0,NS,0/36,6,6
Liver,VTCN1,CD8_T,NL→IA,NL,IA,0.0,0.0,0.0,↑,1.0,NS,0/30,6,5
Liver,VTCN1,CD8_T,NL→AR,NL,AR,0.0,0.0,0.0,↑,1.0,NS,0/18,6,3
Liver,VTCN1,CD8_T,NL→CR,NL,CR,0.0,0.0,0.0,↑,1.0,NS,0/18,6,3
Liver,VTCN1,CD8_T,IT→IA,IT,IA,0.0,0.0,0.0,↑,1.0,NS,0/30,6,5
Liver,VTCN1,CD8_T,IA→AR,IA,AR,0.0,0.0,0.0,↑,1.0,NS,0/15,5,3
Liver,VTCN1,CD8_T,CR→AR,CR,AR,0.0,0.0,0.0,↑,1.0,NS,0/9,3,3
Liver,VTCN1,NK,NL→IT,NL,IT,0.0,0.0,0.0,↑,1.0,NS,0/36,6,6
Liver,VTCN1,NK,NL→IA,NL,IA,0.0,0.0,0.0,↑,1.0,NS,0/30,6,5
Liver,VTCN1,NK,NL→AR,NL,AR,0.0,0.0,0.0,↑,1.0,NS,0/18,6,3
Liver,VTCN1,NK,NL→CR,NL,CR,0.0,0.0,0.0,↑,1.0,NS,0/18,6,3
Liver,VTCN1,NK,IT→IA,IT,IA,0.0,0.0,0.0,↑,1.0,NS,0/30,6,5
Liver,VTCN1,NK,IA→AR,IA,AR,0.0,0.0,0.0,↑,1.0,NS,0/15,5,3
Liver,VTCN1,NK,CR→AR,CR,AR,0.0,0.0,0.0,↑,1.0,NS,0/9,3,3
Liver,VTCN1,B,NL→IT,NL,IT,0.0,0.0,0.0,↑,1.0,NS,0/30,6,5
Liver,VTCN1,B,NL→IA,NL,IA,0.0,0.0,0.0,↑,1.0,NS,0/30,6,5
Liver,VTCN1,B,NL→AR,NL,AR,0.0,0.0,0.0,↑,1.0,NS,0/18,6,3
Liver,VTCN1,B,NL→CR,NL,CR,0.0,0.0,0.0,↑,1.0,NS,0/18,6,3
Liver,VTCN1,B,IT→IA,IT,IA,0.0,0.0,0.0,↑,1.0,NS,0/25,5,5
Liver,VTCN1,B,IA→AR,IA,AR,0.0,0.0,0.0,↑,1.0,NS,0/15,5,3
Liver,VTCN1,B,CR→AR,CR,AR,0.0,0.0,0.0,↑,1.0,NS,0/9,3,3
Liver,VTCN1,PlasmaB,NL→IT,NL,IT,0.0,0.0,0.0,↑,1.0,NS,0/30,6,5
Liver,VTCN1,PlasmaB,NL→IA,NL,IA,0.0,0.0,0.0,↑,1.0,NS,0/30,6,5
Liver,VTCN1,PlasmaB,NL→AR,NL,AR,0.0,0.0,0.0,↑,1.0,NS,0/18,6,3
Liver,VTCN1,PlasmaB,NL→CR,NL,CR,0.0,0.0,0.0,↑,1.0,NS,0/18,6,3
Liver,VTCN1,PlasmaB,IT→IA,IT,IA,0.0,0.0,0.0,↑,1.0,NS,0/25,5,5
Liver,VTCN1,PlasmaB,IA→AR,IA,AR,0.0,0.0,0.0,↑,1.0,NS,0/15,5,3
Liver,VTCN1,PlasmaB,CR→AR,CR,AR,0.0,0.0,0.0,↑,1.0,NS,0/9,3,3
Liver,ZEB1,Myeloid,NL→IT,NL,IT,0.020051975,0.052635003,162.5,↑,0.142368,NS,26/36,6,6
Liver,ZEB1,Myeloid,NL→IA,NL,IA,0.020051975,0.027754534,38.400001525878906,↑,0.923725,NS,13/30,6,5
Liver,ZEB1,Myeloid,NL→AR,NL,AR,0.020051975,0.047088396,134.8000030517578,↑,0.148635,NS,15/18,6,3
Liver,ZEB1,Myeloid,NL→CR,NL,CR,0.020051975,0.057779714,188.1000061035156,↑,0.148635,NS,15/18,6,3
Liver,ZEB1,Myeloid,IT→IA,IT,IA,0.052635003,0.027754534,-47.29999923706055,↓,0.310863,NS,20/30,6,5
Liver,ZEB1,Myeloid,IA→AR,IA,AR,0.027754534,0.047088396,69.69999694824219,↑,0.368227,NS,11/15,5,3
Liver,ZEB1,Myeloid,CR→AR,CR,AR,0.057779714,0.047088396,-18.5,↓,1.0,NS,5/9,3,3
Liver,ZEB1,CD4_T,NL→IT,NL,IT,0.1135844,0.16315976,43.59999847412109,↑,0.179654,NS,27/36,6,6
Liver,ZEB1,CD4_T,NL→IA,NL,IA,0.1135844,0.1389842,22.399999618530277,↑,0.536797,NS,19/30,6,5
Liver,ZEB1,CD4_T,NL→AR,NL,AR,0.1135844,0.14654781,29.0,↑,0.166667,NS,15/18,6,3
Liver,ZEB1,CD4_T,NL→CR,NL,CR,0.1135844,0.1514904,33.400001525878906,↑,0.261905,NS,14/18,6,3
Liver,ZEB1,CD4_T,IT→IA,IT,IA,0.16315976,0.1389842,-14.800000190734863,↓,0.536797,NS,19/30,6,5
Liver,ZEB1,CD4_T,IA→AR,IA,AR,0.1389842,0.14654781,5.400000095367432,↑,0.785714,NS,9/15,5,3
Liver,ZEB1,CD4_T,CR→AR,CR,AR,0.1514904,0.14654781,-3.299999952316284,↓,1.0,NS,4/9,3,3
Liver,ZEB1,CD8_T,NL→IT,NL,IT,0.091990024,0.1479603,60.79999923706055,↑,0.132035,NS,28/36,6,6
Liver,ZEB1,CD8_T,NL→IA,NL,IA,0.091990024,0.13311243,44.70000076293945,↑,0.329004,NS,21/30,6,5
Liver,ZEB1,CD8_T,NL→AR,NL,AR,0.091990024,0.13860035,50.70000076293945,↑,0.166667,NS,15/18,6,3
Liver,ZEB1,CD8_T,NL→CR,NL,CR,0.091990024,0.13211074,43.59999847412109,↑,0.261905,NS,14/18,6,3
Liver,ZEB1,CD8_T,IT→IA,IT,IA,0.1479603,0.13311243,-10.0,↓,0.536797,NS,19/30,6,5
Liver,ZEB1,CD8_T,IA→AR,IA,AR,0.13311243,0.13860035,4.099999904632568,↑,1.0,NS,8/15,5,3
Liver,ZEB1,CD8_T,CR→AR,CR,AR,0.13211074,0.13860035,4.900000095367432,↑,1.0,NS,5/9,3,3
Liver,ZEB1,NK,NL→IT,NL,IT,0.059469983,0.061434556,3.299999952316284,↑,0.818182,NS,20/36,6,6
Liver,ZEB1,NK,NL→IA,NL,IA,0.059469983,0.07441314,25.100000381469727,↑,0.428571,NS,20/30,6,5
Liver,ZEB1,NK,NL→AR,NL,AR,0.059469983,0.07051585,18.600000381469727,↑,0.547619,NS,12/18,6,3
Liver,ZEB1,NK,NL→CR,NL,CR,0.059469983,0.08189077,37.70000076293945,↑,0.547619,NS,12/18,6,3
Liver,ZEB1,NK,IT→IA,IT,IA,0.061434556,0.07441314,21.100000381469727,↑,0.662338,NS,18/30,6,5
Liver,ZEB1,NK,IA→AR,IA,AR,0.07441314,0.07051585,-5.199999809265137,↓,1.0,NS,8/15,5,3
Liver,ZEB1,NK,CR→AR,CR,AR,0.08189077,0.07051585,-13.899999618530272,↓,0.7,NS,3/9,3,3
Liver,ZEB1,B,NL→IT,NL,IT,0.22938485,0.17849557,-22.200000762939453,↓,0.662338,NS,18/30,6,5
Liver,ZEB1,B,NL→IA,NL,IA,0.22938485,0.124289155,-45.79999923706055,↓,0.125541,NS,24/30,6,5
Liver,ZEB1,B,NL→AR,NL,AR,0.22938485,0.10919679,-52.400001525878906,↓,0.166667,NS,15/18,6,3
Liver,ZEB1,B,NL→CR,NL,CR,0.22938485,0.16556801,-27.799999237060547,↓,0.714286,NS,11/18,6,3
Liver,ZEB1,B,IT→IA,IT,IA,0.17849557,0.124289155,-30.399999618530277,↓,0.420635,NS,17/25,5,5
Liver,ZEB1,B,IA→AR,IA,AR,0.124289155,0.10919679,-12.100000381469728,↓,0.785714,NS,9/15,5,3
Liver,ZEB1,B,CR→AR,CR,AR,0.16556801,0.10919679,-34.0,↓,0.7,NS,6/9,3,3
Liver,ZEB1,PlasmaB,NL→IT,NL,IT,0.116053395,0.082722954,-28.700000762939453,↓,0.782252,NS,12/30,6,5
Liver,ZEB1,PlasmaB,NL→IA,NL,IA,0.116053395,0.110951826,-4.400000095367432,↓,1.0,NS,14/30,6,5
Liver,ZEB1,PlasmaB,NL→AR,NL,AR,0.116053395,0.23182142,99.8000030517578,↑,0.516853,NS,12/18,6,3
Liver,ZEB1,PlasmaB,NL→CR,NL,CR,0.116053395,0.1648751,42.09999847412109,↑,0.516853,NS,12/18,6,3
Liver,ZEB1,PlasmaB,IT→IA,IT,IA,0.082722954,0.110951826,34.099998474121094,↑,0.753298,NS,14/25,5,5
Liver,ZEB1,PlasmaB,IA→AR,IA,AR,0.110951826,0.23182142,108.9000015258789,↑,0.142857,NS,13/15,5,3
Liver,ZEB1,PlasmaB,CR→AR,CR,AR,0.1648751,0.23182142,40.59999847412109,↑,0.4,NS,7/9,3,3
Liver,ZNF683,Myeloid,NL→IT,NL,IT,0.0,0.0005253214,99999.0,↑,0.404657,NS,6/36,6,6
Liver,ZNF683,Myeloid,NL→IA,NL,IA,0.0,0.04457071,99999.0,↑,0.36131,NS,6/30,6,5
Liver,ZNF683,Myeloid,NL→AR,NL,AR,0.0,0.005973588,99999.0,↑,0.238593,NS,6/18,6,3
Liver,ZNF683,Myeloid,NL→CR,NL,CR,0.0,0.0,0.0,↑,1.0,NS,0/18,6,3
Liver,ZNF683,Myeloid,IT→IA,IT,IA,0.0005253214,0.04457071,8384.5,↑,0.892295,NS,6/30,6,5
Liver,ZNF683,Myeloid,IA→AR,IA,AR,0.04457071,0.005973588,-86.5999984741211,↓,1.0,NS,3/15,5,3
Liver,ZNF683,Myeloid,CR→AR,CR,AR,0.0,0.005973588,99999.0,↑,0.504985,NS,3/9,3,3
Liver,ZNF683,CD4_T,NL→IT,NL,IT,0.013985753,0.028782867,105.8000030517578,↑,0.630356,NS,21/36,6,6
Liver,ZNF683,CD4_T,NL→IA,NL,IA,0.013985753,0.027365651,95.6999969482422,↑,0.177489,NS,23/30,6,5
Liver,ZNF683,CD4_T,NL→AR,NL,AR,0.013985753,0.020179374,44.29999923706055,↑,0.714286,NS,11/18,6,3
Liver,ZNF683,CD4_T,NL→CR,NL,CR,0.013985753,0.02139238,53.0,↑,0.547619,NS,12/18,6,3
Liver,ZNF683,CD4_T,IT→IA,IT,IA,0.028782867,0.027365651,-4.900000095367432,↓,0.662338,NS,12/30,6,5
Liver,ZNF683,CD4_T,IA→AR,IA,AR,0.027365651,0.020179374,-26.299999237060547,↓,0.571429,NS,10/15,5,3
Liver,ZNF683,CD4_T,CR→AR,CR,AR,0.02139238,0.020179374,-5.699999809265137,↓,1.0,NS,5/9,3,3
Liver,ZNF683,CD8_T,NL→IT,NL,IT,0.06696514,0.046852756,-30.0,↓,0.818182,NS,20/36,6,6
Liver,ZNF683,CD8_T,NL→IA,NL,IA,0.06696514,0.05927048,-11.5,↓,1.0,NS,15/30,6,5
Liver,ZNF683,CD8_T,NL→AR,NL,AR,0.06696514,0.08199359,22.399999618530277,↑,0.714286,NS,11/18,6,3
Liver,ZNF683,CD8_T,NL→CR,NL,CR,0.06696514,0.04975416,-25.700000762939453,↓,0.547619,NS,12/18,6,3
Liver,ZNF683,CD8_T,IT→IA,IT,IA,0.046852756,0.05927048,26.5,↑,0.536797,NS,19/30,6,5
Liver,ZNF683,CD8_T,IA→AR,IA,AR,0.05927048,0.08199359,38.29999923706055,↑,0.571429,NS,10/15,5,3
Liver,ZNF683,CD8_T,CR→AR,CR,AR,0.04975416,0.08199359,64.80000305175781,↑,0.7,NS,6/9,3,3
Liver,ZNF683,NK,NL→IT,NL,IT,0.031663407,0.080429316,154.0,↑,0.588745,NS,22/36,6,6
Liver,ZNF683,NK,NL→IA,NL,IA,0.031663407,0.11819239,273.29998779296875,↑,0.008658,**,29/30,6,5
Liver,ZNF683,NK,NL→AR,NL,AR,0.031663407,0.20195585,537.7999877929688,↑,0.02381,*,18/18,6,3
Liver,ZNF683,NK,NL→CR,NL,CR,0.031663407,0.039021537,23.200000762939453,↑,0.547619,NS,12/18,6,3
Liver,ZNF683,NK,IT→IA,IT,IA,0.080429316,0.11819239,47.0,↑,0.662338,NS,18/30,6,5
Liver,ZNF683,NK,IA→AR,IA,AR,0.11819239,0.20195585,70.9000015258789,↑,0.25,NS,12/15,5,3
Liver,ZNF683,NK,CR→AR,CR,AR,0.039021537,0.20195585,417.5,↑,0.1,NS,9/9,3,3
Liver,ZNF683,B,NL→IT,NL,IT,0.00056337257,0.0010894086,93.4000015258789,↑,0.892295,NS,6/30,6,5
Liver,ZNF683,B,NL→IA,NL,IA,0.00056337257,0.0065888176,1069.5,↑,0.11275,NS,18/30,6,5
Liver,ZNF683,B,NL→AR,NL,AR,0.00056337257,0.0,-100.0,↓,0.637352,NS,3/18,6,3
Liver,ZNF683,B,NL→CR,NL,CR,0.00056337257,0.0,-100.0,↓,0.637352,NS,3/18,6,3
Liver,ZNF683,B,IT→IA,IT,IA,0.0010894086,0.0065888176,504.7999877929688,↑,0.157939,NS,15/25,5,5
Liver,ZNF683,B,IA→AR,IA,AR,0.0065888176,0.0,-100.0,↓,0.171857,NS,9/15,5,3
Liver,ZNF683,B,CR→AR,CR,AR,0.0,0.0,0.0,↑,1.0,NS,0/9,3,3
Liver,ZNF683,PlasmaB,NL→IT,NL,IT,0.00038126158,0.0,-100.0,↓,0.222994,NS,10/30,6,5
Liver,ZNF683,PlasmaB,NL→IA,NL,IA,0.00038126158,0.029812794,7719.5,↑,0.907569,NS,6/30,6,5
Liver,ZNF683,PlasmaB,NL→AR,NL,AR,0.00038126158,0.0,-100.0,↓,0.376759,NS,6/18,6,3
Liver,ZNF683,PlasmaB,NL→CR,NL,CR,0.00038126158,0.0,-100.0,↓,0.376759,NS,6/18,6,3
Liver,ZNF683,PlasmaB,IT→IA,IT,IA,0.0,0.029812794,99999.0,↑,0.423711,NS,5/25,5,5
Liver,ZNF683,PlasmaB,IA→AR,IA,AR,0.029812794,0.0,-100.0,↓,0.605577,NS,3/15,5,3
Liver,ZNF683,PlasmaB,CR→AR,CR,AR,0.0,0.0,0.0,↑,1.0,NS,0/9,3,3
