tissue,gene,lineage,comparison,stage1,stage2,mean_s1,mean_s2,pct_change,direction,p_value,sig,consistency,n_s1,n_s2
Blood,ACTA2,Myeloid,NL→IT,NL,IT,0.024934513,0.03910784,56.79999923706055,↑,0.420635,NS,17/25,5,5
Blood,ACTA2,Myeloid,NL→IA,NL,IA,0.024934513,0.045731,83.4000015258789,↑,0.285714,NS,15/20,5,4
Blood,ACTA2,Myeloid,NL→AR,NL,AR,0.024934513,0.062746875,151.60000610351562,↑,0.142857,NS,13/15,5,3
Blood,ACTA2,Myeloid,NL→CR,NL,CR,0.024934513,0.037297487,49.59999847412109,↑,0.392857,NS,11/15,5,3
Blood,ACTA2,Myeloid,IT→IA,IT,IA,0.03910784,0.045731,16.899999618530273,↑,0.412698,NS,14/20,5,4
Blood,ACTA2,Myeloid,IA→AR,IA,AR,0.045731,0.062746875,37.20000076293945,↑,0.628571,NS,8/12,4,3
Blood,ACTA2,Myeloid,CR→AR,CR,AR,0.037297487,0.062746875,68.19999694824219,↑,0.2,NS,8/9,3,3
Blood,ACTA2,CD4_T,NL→IT,NL,IT,0.03559365,0.042838253,20.399999618530277,↑,0.547619,NS,16/25,5,5
Blood,ACTA2,CD4_T,NL→IA,NL,IA,0.03559365,0.056557544,58.900001525878906,↑,0.412698,NS,14/20,5,4
Blood,ACTA2,CD4_T,NL→AR,NL,AR,0.03559365,0.044705674,25.600000381469727,↑,0.392857,NS,11/15,5,3
Blood,ACTA2,CD4_T,NL→CR,NL,CR,0.03559365,0.03149599,-11.5,↓,1.0,NS,7/15,5,3
Blood,ACTA2,CD4_T,IT→IA,IT,IA,0.042838253,0.056557544,32.0,↑,0.730159,NS,12/20,5,4
Blood,ACTA2,CD4_T,IA→AR,IA,AR,0.056557544,0.044705674,-21.0,↓,0.857143,NS,7/12,4,3
Blood,ACTA2,CD4_T,CR→AR,CR,AR,0.03149599,0.044705674,41.900001525878906,↑,0.2,NS,8/9,3,3
Blood,ACTA2,CD8_T,NL→IT,NL,IT,0.03861019,0.05195223,34.599998474121094,↑,0.204501,NS,19/25,5,5
Blood,ACTA2,CD8_T,NL→IA,NL,IA,0.03861019,0.08593157,122.5999984741211,↑,0.170609,NS,16/20,5,4
Blood,ACTA2,CD8_T,NL→AR,NL,AR,0.03861019,0.0783522,102.9000015258789,↑,0.2217,NS,12/15,5,3
Blood,ACTA2,CD8_T,NL→CR,NL,CR,0.03861019,0.038425524,-0.5,↓,0.2217,NS,3/15,5,3
Blood,ACTA2,CD8_T,IT→IA,IT,IA,0.05195223,0.08593157,65.4000015258789,↑,0.285714,NS,15/20,5,4
Blood,ACTA2,CD8_T,IA→AR,IA,AR,0.08593157,0.0783522,-8.800000190734863,↓,0.857143,NS,7/12,4,3
Blood,ACTA2,CD8_T,CR→AR,CR,AR,0.038425524,0.0783522,103.9000015258789,↑,0.7,NS,6/9,3,3
Blood,ACTA2,NK,NL→IT,NL,IT,0.06825206,0.08924426,30.799999237060547,↑,0.150794,NS,20/25,5,5
Blood,ACTA2,NK,NL→IA,NL,IA,0.06825206,0.10313147,51.09999847412109,↑,0.111111,NS,17/20,5,4
Blood,ACTA2,NK,NL→AR,NL,AR,0.06825206,0.11615033,70.19999694824219,↑,0.25,NS,12/15,5,3
Blood,ACTA2,NK,NL→CR,NL,CR,0.06825206,0.05320217,-22.100000381469727,↓,1.0,NS,7/15,5,3
Blood,ACTA2,NK,IT→IA,IT,IA,0.08924426,0.10313147,15.600000381469728,↑,0.555556,NS,13/20,5,4
Blood,ACTA2,NK,IA→AR,IA,AR,0.10313147,0.11615033,12.600000381469728,↑,0.628571,NS,8/12,4,3
Blood,ACTA2,NK,CR→AR,CR,AR,0.05320217,0.11615033,118.3000030517578,↑,0.1,NS,9/9,3,3
Blood,ACTA2,B,NL→IT,NL,IT,0.015656132,0.018653074,19.100000381469727,↑,0.529619,NS,16/25,5,5
Blood,ACTA2,B,NL→IA,NL,IA,0.015656132,0.022691054,44.900001525878906,↑,0.538594,NS,13/20,5,4
Blood,ACTA2,B,NL→AR,NL,AR,0.015656132,0.030558566,95.1999969482422,↑,0.368227,NS,11/15,5,3
Blood,ACTA2,B,NL→CR,NL,CR,0.015656132,0.00711556,-54.59999847412109,↓,1.0,NS,7/15,5,3
Blood,ACTA2,B,IT→IA,IT,IA,0.018653074,0.022691054,21.600000381469727,↑,0.555556,NS,13/20,5,4
Blood,ACTA2,B,IA→AR,IA,AR,0.022691054,0.030558566,34.70000076293945,↑,1.0,NS,6/12,4,3
Blood,ACTA2,B,CR→AR,CR,AR,0.00711556,0.030558566,329.5,↑,0.1,NS,9/9,3,3
Blood,ACTA2,PlasmaB,NL→IT,NL,IT,0.037563335,0.049262732,31.100000381469727,↑,0.131379,NS,20/25,5,5
Blood,ACTA2,PlasmaB,NL→IA,NL,IA,0.037563335,0.015669374,-58.29999923706055,↓,0.347654,NS,4/20,5,4
Blood,ACTA2,PlasmaB,NL→AR,NL,AR,0.037563335,0.06230736,65.9000015258789,↑,0.203872,NS,12/15,5,3
Blood,ACTA2,PlasmaB,NL→CR,NL,CR,0.037563335,0.04339649,15.5,↑,0.203872,NS,12/15,5,3
Blood,ACTA2,PlasmaB,IT→IA,IT,IA,0.049262732,0.015669374,-68.19999694824219,↓,0.111111,NS,17/20,5,4
Blood,ACTA2,PlasmaB,IA→AR,IA,AR,0.015669374,0.06230736,297.6000061035156,↑,0.114286,NS,11/12,4,3
Blood,ACTA2,PlasmaB,CR→AR,CR,AR,0.04339649,0.06230736,43.59999847412109,↑,0.4,NS,7/9,3,3
Blood,AIM2,Myeloid,NL→IT,NL,IT,0.004340162,0.066457726,1431.199951171875,↑,0.011159,*,25/25,5,5
Blood,AIM2,Myeloid,NL→IA,NL,IA,0.004340162,0.07835226,1705.300048828125,↑,0.017943,*,20/20,5,4
Blood,AIM2,Myeloid,NL→AR,NL,AR,0.004340162,0.06332328,1359.0,↑,0.032473,*,15/15,5,3
Blood,AIM2,Myeloid,NL→CR,NL,CR,0.004340162,0.03948762,809.7999877929688,↑,0.032473,*,15/15,5,3
Blood,AIM2,Myeloid,IT→IA,IT,IA,0.066457726,0.07835226,17.899999618530273,↑,0.555556,NS,13/20,5,4
Blood,AIM2,Myeloid,IA→AR,IA,AR,0.07835226,0.06332328,-19.200000762939453,↓,0.628571,NS,8/12,4,3
Blood,AIM2,Myeloid,CR→AR,CR,AR,0.03948762,0.06332328,60.400001525878906,↑,0.7,NS,6/9,3,3
Blood,AIM2,CD4_T,NL→IT,NL,IT,0.0128465025,0.014413637,12.199999809265137,↑,0.290347,NS,18/25,5,5
Blood,AIM2,CD4_T,NL→IA,NL,IA,0.0128465025,0.020948345,63.09999847412109,↑,0.170609,NS,16/20,5,4
Blood,AIM2,CD4_T,NL→AR,NL,AR,0.0128465025,0.01820974,41.70000076293945,↑,0.2217,NS,12/15,5,3
Blood,AIM2,CD4_T,NL→CR,NL,CR,0.0128465025,0.026044348,102.6999969482422,↑,0.2217,NS,12/15,5,3
Blood,AIM2,CD4_T,IT→IA,IT,IA,0.014413637,0.020948345,45.29999923706055,↑,0.555556,NS,13/20,5,4
Blood,AIM2,CD4_T,IA→AR,IA,AR,0.020948345,0.01820974,-13.100000381469728,↓,1.0,NS,6/12,4,3
Blood,AIM2,CD4_T,CR→AR,CR,AR,0.026044348,0.01820974,-30.100000381469727,↓,0.1,NS,9/9,3,3
Blood,AIM2,CD8_T,NL→IT,NL,IT,0.021328783,0.0101079885,-52.59999847412109,↓,0.746476,NS,9/25,5,5
Blood,AIM2,CD8_T,NL→IA,NL,IA,0.021328783,0.02836883,33.0,↑,0.262239,NS,15/20,5,4
Blood,AIM2,CD8_T,NL→AR,NL,AR,0.021328783,0.01676759,-21.399999618530277,↓,0.359397,NS,4/15,5,3
Blood,AIM2,CD8_T,NL→CR,NL,CR,0.021328783,0.021732083,1.899999976158142,↑,0.359397,NS,11/15,5,3
Blood,AIM2,CD8_T,IT→IA,IT,IA,0.0101079885,0.02836883,180.6999969482422,↑,0.063492,†,18/20,5,4
Blood,AIM2,CD8_T,IA→AR,IA,AR,0.02836883,0.01676759,-40.900001525878906,↓,0.628571,NS,8/12,4,3
Blood,AIM2,CD8_T,CR→AR,CR,AR,0.021732083,0.01676759,-22.799999237060547,↓,0.4,NS,7/9,3,3
Blood,AIM2,NK,NL→IT,NL,IT,0.009581063,0.008943019,-6.699999809265137,↓,0.525809,NS,9/25,5,5
Blood,AIM2,NK,NL→IA,NL,IA,0.009581063,0.012905424,34.70000076293945,↑,0.533389,NS,13/20,5,4
Blood,AIM2,NK,NL→AR,NL,AR,0.009581063,0.014053519,46.70000076293945,↑,0.541193,NS,10/15,5,3
Blood,AIM2,NK,NL→CR,NL,CR,0.009581063,0.010902147,13.800000190734863,↑,0.541193,NS,10/15,5,3
Blood,AIM2,NK,IT→IA,IT,IA,0.008943019,0.012905424,44.29999923706055,↑,0.412698,NS,14/20,5,4
Blood,AIM2,NK,IA→AR,IA,AR,0.012905424,0.014053519,8.899999618530273,↑,0.628571,NS,8/12,4,3
Blood,AIM2,NK,CR→AR,CR,AR,0.010902147,0.014053519,28.899999618530277,↑,1.0,NS,5/9,3,3
Blood,AIM2,B,NL→IT,NL,IT,0.27280563,0.44560903,63.29999923706055,↑,0.055556,†,22/25,5,5
Blood,AIM2,B,NL→IA,NL,IA,0.27280563,0.40659183,49.0,↑,0.412698,NS,14/20,5,4
Blood,AIM2,B,NL→AR,NL,AR,0.27280563,0.62366885,128.60000610351562,↑,0.071429,†,14/15,5,3
Blood,AIM2,B,NL→CR,NL,CR,0.27280563,0.2222353,-18.5,↓,1.0,NS,8/15,5,3
Blood,AIM2,B,IT→IA,IT,IA,0.44560903,0.40659183,-8.800000190734863,↓,1.0,NS,10/20,5,4
Blood,AIM2,B,IA→AR,IA,AR,0.40659183,0.62366885,53.400001525878906,↑,0.228571,NS,10/12,4,3
Blood,AIM2,B,CR→AR,CR,AR,0.2222353,0.62366885,180.6000061035156,↑,0.2,NS,8/9,3,3
Blood,AIM2,PlasmaB,NL→IT,NL,IT,0.06262462,0.22419004,258.0,↑,0.057008,†,22/25,5,5
Blood,AIM2,PlasmaB,NL→IA,NL,IA,0.06262462,0.2326929,271.6000061035156,↑,0.061689,†,18/20,5,4
Blood,AIM2,PlasmaB,NL→AR,NL,AR,0.06262462,0.36602405,484.5,↑,0.032473,*,15/15,5,3
Blood,AIM2,PlasmaB,NL→CR,NL,CR,0.06262462,0.1902222,203.6999969482422,↑,0.12663,NS,13/15,5,3
Blood,AIM2,PlasmaB,IT→IA,IT,IA,0.22419004,0.2326929,3.799999952316284,↑,0.730159,NS,12/20,5,4
Blood,AIM2,PlasmaB,IA→AR,IA,AR,0.2326929,0.36602405,57.29999923706055,↑,0.228571,NS,10/12,4,3
Blood,AIM2,PlasmaB,CR→AR,CR,AR,0.1902222,0.36602405,92.4000015258789,↑,0.1,NS,9/9,3,3
Blood,ANGPT2,Myeloid,NL→IT,NL,IT,0.0,0.0001626462,99999.0,↑,0.423711,NS,5/25,5,5
Blood,ANGPT2,Myeloid,NL→IA,NL,IA,0.0,0.0005462555,99999.0,↑,0.13121,NS,10/20,5,4
Blood,ANGPT2,Myeloid,NL→AR,NL,AR,0.0,0.00040951607,99999.0,↑,0.078983,†,10/15,5,3
Blood,ANGPT2,Myeloid,NL→CR,NL,CR,0.0,0.0010740478,99999.0,↑,0.016805,*,15/15,5,3
Blood,ANGPT2,Myeloid,IT→IA,IT,IA,0.0001626462,0.0005462555,235.8999938964844,↑,0.308369,NS,10/20,5,4
Blood,ANGPT2,Myeloid,IA→AR,IA,AR,0.0005462555,0.00040951607,-25.0,↓,0.854445,NS,6/12,4,3
Blood,ANGPT2,Myeloid,CR→AR,CR,AR,0.0010740478,0.00040951607,-61.900001525878906,↓,0.1,NS,9/9,3,3
Blood,ANGPT2,CD4_T,NL→IT,NL,IT,0.000262135,0.002460879,838.7999877929688,↑,0.01775,*,24/25,5,5
Blood,ANGPT2,CD4_T,NL→IA,NL,IA,0.000262135,0.00091600895,249.3999938964844,↑,0.139996,NS,14/20,5,4
Blood,ANGPT2,CD4_T,NL→AR,NL,AR,0.000262135,0.0011203493,327.3999938964844,↑,0.305507,NS,9/15,5,3
Blood,ANGPT2,CD4_T,NL→CR,NL,CR,0.000262135,0.0017055661,550.5999755859375,↑,0.112231,NS,13/15,5,3
Blood,ANGPT2,CD4_T,IT→IA,IT,IA,0.002460879,0.00091600895,-62.79999923706055,↓,0.063492,†,18/20,5,4
Blood,ANGPT2,CD4_T,IA→AR,IA,AR,0.00091600895,0.0011203493,22.299999237060547,↑,1.0,NS,6/12,4,3
Blood,ANGPT2,CD4_T,CR→AR,CR,AR,0.0017055661,0.0011203493,-34.29999923706055,↓,0.4,NS,7/9,3,3
Blood,ANGPT2,CD8_T,NL→IT,NL,IT,0.0005704771,0.00027444985,-51.900001525878906,↓,0.607236,NS,9/25,5,5
Blood,ANGPT2,CD8_T,NL→IA,NL,IA,0.0005704771,0.0019177832,236.1999969482422,↑,0.608874,NS,11/20,5,4
Blood,ANGPT2,CD8_T,NL→AR,NL,AR,0.0005704771,0.0008618543,51.09999847412109,↑,0.873807,NS,7/15,5,3
Blood,ANGPT2,CD8_T,NL→CR,NL,CR,0.0005704771,0.0011537949,102.3000030517578,↑,1.0,NS,5/15,5,3
Blood,ANGPT2,CD8_T,IT→IA,IT,IA,0.00027444985,0.0019177832,598.7999877929688,↑,0.227249,NS,13/20,5,4
Blood,ANGPT2,CD8_T,IA→AR,IA,AR,0.0019177832,0.0008618543,-55.09999847412109,↓,1.0,NS,6/12,4,3
Blood,ANGPT2,CD8_T,CR→AR,CR,AR,0.0011537949,0.0008618543,-25.299999237060547,↓,1.0,NS,3/9,3,3
Blood,ANGPT2,NK,NL→IT,NL,IT,0.0040802024,0.0013635419,-66.5999984741211,↓,0.397615,NS,7/25,5,5
Blood,ANGPT2,NK,NL→IA,NL,IA,0.0040802024,0.0031217146,-23.5,↓,0.533389,NS,6/20,5,4
Blood,ANGPT2,NK,NL→AR,NL,AR,0.0040802024,0.0017248039,-57.70000076293945,↓,0.230243,NS,3/15,5,3
Blood,ANGPT2,NK,NL→CR,NL,CR,0.0040802024,0.0015038317,-63.09999847412109,↓,0.759982,NS,5/15,5,3
Blood,ANGPT2,NK,IT→IA,IT,IA,0.0013635419,0.0031217146,128.89999389648438,↑,0.325163,NS,14/20,5,4
Blood,ANGPT2,NK,IA→AR,IA,AR,0.0031217146,0.0017248039,-44.70000076293945,↓,0.628571,NS,8/12,4,3
Blood,ANGPT2,NK,CR→AR,CR,AR,0.0015038317,0.0017248039,14.699999809265137,↑,1.0,NS,5/9,3,3
Blood,ANGPT2,B,NL→IT,NL,IT,0.0,0.0027085668,99999.0,↑,0.072006,†,15/25,5,5
Blood,ANGPT2,B,NL→IA,NL,IA,0.0,0.0015987663,99999.0,↑,0.04162,*,15/20,5,4
Blood,ANGPT2,B,NL→AR,NL,AR,0.0,0.0,0.0,↑,1.0,NS,0/15,5,3
Blood,ANGPT2,B,NL→CR,NL,CR,0.0,0.0018725699,99999.0,↑,0.078983,†,10/15,5,3
Blood,ANGPT2,B,IT→IA,IT,IA,0.0027085668,0.0015987663,-41.0,↓,0.533389,NS,12/20,5,4
Blood,ANGPT2,B,IA→AR,IA,AR,0.0015987663,0.0,-100.0,↓,0.11867,NS,9/12,4,3
Blood,ANGPT2,B,CR→AR,CR,AR,0.0018725699,0.0,-100.0,↓,0.196706,NS,6/9,3,3
Blood,ANGPT2,PlasmaB,NL→IT,NL,IT,0.0,0.0,0.0,↑,1.0,NS,0/25,5,5
Blood,ANGPT2,PlasmaB,NL→IA,NL,IA,0.0,0.0011395856,99999.0,↑,0.371093,NS,5/20,5,4
Blood,ANGPT2,PlasmaB,NL→AR,NL,AR,0.0,0.0014357162,99999.0,↑,0.3017,NS,5/15,5,3
Blood,ANGPT2,PlasmaB,NL→CR,NL,CR,0.0,0.0,0.0,↑,1.0,NS,0/15,5,3
Blood,ANGPT2,PlasmaB,IT→IA,IT,IA,0.0,0.0011395856,99999.0,↑,0.371093,NS,5/20,5,4
Blood,ANGPT2,PlasmaB,IA→AR,IA,AR,0.0011395856,0.0014357162,26.0,↑,1.0,NS,3/12,4,3
Blood,ANGPT2,PlasmaB,CR→AR,CR,AR,0.0,0.0014357162,99999.0,↑,0.504985,NS,3/9,3,3
Blood,ATM,Myeloid,NL→IT,NL,IT,0.21587276,0.42699647,97.8000030517578,↑,0.055556,†,22/25,5,5
Blood,ATM,Myeloid,NL→IA,NL,IA,0.21587276,0.39364016,82.30000305175781,↑,0.285714,NS,15/20,5,4
Blood,ATM,Myeloid,NL→AR,NL,AR,0.21587276,0.46544757,115.5999984741211,↑,0.071429,†,14/15,5,3
Blood,ATM,Myeloid,NL→CR,NL,CR,0.21587276,0.38927245,80.30000305175781,↑,0.25,NS,12/15,5,3
Blood,ATM,Myeloid,IT→IA,IT,IA,0.42699647,0.39364016,-7.800000190734863,↓,0.904762,NS,11/20,5,4
Blood,ATM,Myeloid,IA→AR,IA,AR,0.39364016,0.46544757,18.200000762939453,↑,0.4,NS,9/12,4,3
Blood,ATM,Myeloid,CR→AR,CR,AR,0.38927245,0.46544757,19.600000381469727,↑,0.1,NS,9/9,3,3
Blood,ATM,CD4_T,NL→IT,NL,IT,0.4964468,0.78244716,57.59999847412109,↑,0.007937,**,25/25,5,5
Blood,ATM,CD4_T,NL→IA,NL,IA,0.4964468,0.6953696,40.09999847412109,↑,0.285714,NS,15/20,5,4
Blood,ATM,CD4_T,NL→AR,NL,AR,0.4964468,0.7708594,55.29999923706055,↑,0.035714,*,15/15,5,3
Blood,ATM,CD4_T,NL→CR,NL,CR,0.4964468,0.8178036,64.69999694824219,↑,0.035714,*,15/15,5,3
Blood,ATM,CD4_T,IT→IA,IT,IA,0.78244716,0.6953696,-11.100000381469728,↓,0.904762,NS,9/20,5,4
Blood,ATM,CD4_T,IA→AR,IA,AR,0.6953696,0.7708594,10.899999618530272,↑,1.0,NS,6/12,4,3
Blood,ATM,CD4_T,CR→AR,CR,AR,0.8178036,0.7708594,-5.699999809265137,↓,0.4,NS,7/9,3,3
Blood,ATM,CD8_T,NL→IT,NL,IT,0.51311785,0.92769843,80.80000305175781,↑,0.007937,**,25/25,5,5
Blood,ATM,CD8_T,NL→IA,NL,IA,0.51311785,0.788566,53.70000076293945,↑,0.285714,NS,15/20,5,4
Blood,ATM,CD8_T,NL→AR,NL,AR,0.51311785,0.8590179,67.4000015258789,↑,0.035714,*,15/15,5,3
Blood,ATM,CD8_T,NL→CR,NL,CR,0.51311785,0.9645584,88.0,↑,0.035714,*,15/15,5,3
Blood,ATM,CD8_T,IT→IA,IT,IA,0.92769843,0.788566,-15.0,↓,1.0,NS,10/20,5,4
Blood,ATM,CD8_T,IA→AR,IA,AR,0.788566,0.8590179,8.899999618530273,↑,1.0,NS,6/12,4,3
Blood,ATM,CD8_T,CR→AR,CR,AR,0.9645584,0.8590179,-10.899999618530272,↓,0.7,NS,6/9,3,3
Blood,ATM,NK,NL→IT,NL,IT,0.46185082,0.8113922,75.69999694824219,↑,0.007937,**,25/25,5,5
Blood,ATM,NK,NL→IA,NL,IA,0.46185082,0.73270726,58.59999847412109,↑,0.285714,NS,15/20,5,4
Blood,ATM,NK,NL→AR,NL,AR,0.46185082,0.7818257,69.30000305175781,↑,0.035714,*,15/15,5,3
Blood,ATM,NK,NL→CR,NL,CR,0.46185082,0.8461137,83.19999694824219,↑,0.035714,*,15/15,5,3
Blood,ATM,NK,IT→IA,IT,IA,0.8113922,0.73270726,-9.699999809265137,↓,1.0,NS,10/20,5,4
Blood,ATM,NK,IA→AR,IA,AR,0.73270726,0.7818257,6.699999809265137,↑,0.857143,NS,5/12,4,3
Blood,ATM,NK,CR→AR,CR,AR,0.8461137,0.7818257,-7.599999904632568,↓,0.7,NS,3/9,3,3
Blood,ATM,B,NL→IT,NL,IT,0.5179061,0.61409664,18.600000381469727,↑,0.222222,NS,19/25,5,5
Blood,ATM,B,NL→IA,NL,IA,0.5179061,0.51940846,0.3000000119209289,↑,0.904762,NS,9/20,5,4
Blood,ATM,B,NL→AR,NL,AR,0.5179061,0.5889255,13.699999809265137,↑,0.392857,NS,11/15,5,3
Blood,ATM,B,NL→CR,NL,CR,0.5179061,0.5985321,15.600000381469728,↑,0.392857,NS,11/15,5,3
Blood,ATM,B,IT→IA,IT,IA,0.61409664,0.51940846,-15.399999618530272,↓,0.730159,NS,12/20,5,4
Blood,ATM,B,IA→AR,IA,AR,0.51940846,0.5889255,13.399999618530272,↑,1.0,NS,6/12,4,3
Blood,ATM,B,CR→AR,CR,AR,0.5985321,0.5889255,-1.600000023841858,↓,1.0,NS,5/9,3,3
Blood,ATM,PlasmaB,NL→IT,NL,IT,0.20502849,0.2825406,37.79999923706055,↑,0.222222,NS,19/25,5,5
Blood,ATM,PlasmaB,NL→IA,NL,IA,0.20502849,0.35540783,73.30000305175781,↑,0.285714,NS,15/20,5,4
Blood,ATM,PlasmaB,NL→AR,NL,AR,0.20502849,0.18930054,-7.699999809265137,↓,0.392857,NS,4/15,5,3
Blood,ATM,PlasmaB,NL→CR,NL,CR,0.20502849,0.3559051,73.5999984741211,↑,0.25,NS,12/15,5,3
Blood,ATM,PlasmaB,IT→IA,IT,IA,0.2825406,0.35540783,25.799999237060547,↑,0.555556,NS,13/20,5,4
Blood,ATM,PlasmaB,IA→AR,IA,AR,0.35540783,0.18930054,-46.70000076293945,↓,0.4,NS,9/12,4,3
Blood,ATM,PlasmaB,CR→AR,CR,AR,0.3559051,0.18930054,-46.79999923706055,↓,0.1,NS,9/9,3,3
Blood,ATP5F1A,Myeloid,NL→IT,NL,IT,1.0157973,0.9739586,-4.099999904632568,↓,0.547619,NS,9/25,5,5
Blood,ATP5F1A,Myeloid,NL→IA,NL,IA,1.0157973,1.0357387,2.0,↑,0.412698,NS,14/20,5,4
Blood,ATP5F1A,Myeloid,NL→AR,NL,AR,1.0157973,1.068904,5.199999809265137,↑,0.25,NS,12/15,5,3
Blood,ATP5F1A,Myeloid,NL→CR,NL,CR,1.0157973,0.9421777,-7.199999809265137,↓,0.571429,NS,5/15,5,3
Blood,ATP5F1A,Myeloid,IT→IA,IT,IA,0.9739586,1.0357387,6.300000190734863,↑,0.412698,NS,14/20,5,4
Blood,ATP5F1A,Myeloid,IA→AR,IA,AR,1.0357387,1.068904,3.200000047683716,↑,0.628571,NS,8/12,4,3
Blood,ATP5F1A,Myeloid,CR→AR,CR,AR,0.9421777,1.068904,13.5,↑,0.1,NS,9/9,3,3
Blood,ATP5F1A,CD4_T,NL→IT,NL,IT,0.8595807,0.98176575,14.199999809265137,↑,0.547619,NS,16/25,5,5
Blood,ATP5F1A,CD4_T,NL→IA,NL,IA,0.8595807,0.9151948,6.5,↑,0.904762,NS,11/20,5,4
Blood,ATP5F1A,CD4_T,NL→AR,NL,AR,0.8595807,1.0701765,24.5,↑,0.25,NS,12/15,5,3
Blood,ATP5F1A,CD4_T,NL→CR,NL,CR,0.8595807,0.97070456,12.899999618530272,↑,0.785714,NS,9/15,5,3
Blood,ATP5F1A,CD4_T,IT→IA,IT,IA,0.98176575,0.9151948,-6.800000190734863,↓,0.730159,NS,12/20,5,4
Blood,ATP5F1A,CD4_T,IA→AR,IA,AR,0.9151948,1.0701765,16.899999618530273,↑,0.4,NS,9/12,4,3
Blood,ATP5F1A,CD4_T,CR→AR,CR,AR,0.97070456,1.0701765,10.199999809265137,↑,0.1,NS,9/9,3,3
Blood,ATP5F1A,CD8_T,NL→IT,NL,IT,0.9360734,0.9667041,3.299999952316284,↑,0.690476,NS,10/25,5,5
Blood,ATP5F1A,CD8_T,NL→IA,NL,IA,0.9360734,0.90668803,-3.0999999046325684,↓,0.904762,NS,11/20,5,4
Blood,ATP5F1A,CD8_T,NL→AR,NL,AR,0.9360734,1.0317403,10.199999809265137,↑,1.0,NS,8/15,5,3
Blood,ATP5F1A,CD8_T,NL→CR,NL,CR,0.9360734,0.94473165,0.8999999761581421,↑,0.571429,NS,5/15,5,3
Blood,ATP5F1A,CD8_T,IT→IA,IT,IA,0.9667041,0.90668803,-6.199999809265137,↓,0.904762,NS,9/20,5,4
Blood,ATP5F1A,CD8_T,IA→AR,IA,AR,0.90668803,1.0317403,13.800000190734863,↑,0.628571,NS,8/12,4,3
Blood,ATP5F1A,CD8_T,CR→AR,CR,AR,0.94473165,1.0317403,9.199999809265137,↑,0.2,NS,8/9,3,3
Blood,ATP5F1A,NK,NL→IT,NL,IT,0.6487701,0.793843,22.399999618530277,↑,0.222222,NS,19/25,5,5
Blood,ATP5F1A,NK,NL→IA,NL,IA,0.6487701,0.7706419,18.799999237060547,↑,0.285714,NS,15/20,5,4
Blood,ATP5F1A,NK,NL→AR,NL,AR,0.6487701,0.8503263,31.100000381469727,↑,0.142857,NS,13/15,5,3
Blood,ATP5F1A,NK,NL→CR,NL,CR,0.6487701,0.9215288,42.0,↑,0.035714,*,15/15,5,3
Blood,ATP5F1A,NK,IT→IA,IT,IA,0.793843,0.7706419,-2.900000095367432,↓,0.904762,NS,11/20,5,4
Blood,ATP5F1A,NK,IA→AR,IA,AR,0.7706419,0.8503263,10.300000190734863,↑,0.4,NS,9/12,4,3
Blood,ATP5F1A,NK,CR→AR,CR,AR,0.9215288,0.8503263,-7.699999809265137,↓,0.4,NS,7/9,3,3
Blood,ATP5F1A,B,NL→IT,NL,IT,0.615697,0.8989937,46.0,↑,0.095238,†,21/25,5,5
Blood,ATP5F1A,B,NL→IA,NL,IA,0.615697,0.8335842,35.400001525878906,↑,0.285714,NS,15/20,5,4
Blood,ATP5F1A,B,NL→AR,NL,AR,0.615697,1.0172027,65.19999694824219,↑,0.071429,†,14/15,5,3
Blood,ATP5F1A,B,NL→CR,NL,CR,0.615697,0.8267253,34.29999923706055,↑,0.571429,NS,10/15,5,3
Blood,ATP5F1A,B,IT→IA,IT,IA,0.8989937,0.8335842,-7.300000190734863,↓,0.555556,NS,13/20,5,4
Blood,ATP5F1A,B,IA→AR,IA,AR,0.8335842,1.0172027,22.0,↑,0.114286,NS,11/12,4,3
Blood,ATP5F1A,B,CR→AR,CR,AR,0.8267253,1.0172027,23.0,↑,0.1,NS,9/9,3,3
Blood,ATP5F1A,PlasmaB,NL→IT,NL,IT,1.2778157,1.4207293,11.199999809265137,↑,1.0,NS,13/25,5,5
Blood,ATP5F1A,PlasmaB,NL→IA,NL,IA,1.2778157,1.1868901,-7.099999904632568,↓,0.904762,NS,11/20,5,4
Blood,ATP5F1A,PlasmaB,NL→AR,NL,AR,1.2778157,1.491974,16.799999237060547,↑,1.0,NS,7/15,5,3
Blood,ATP5F1A,PlasmaB,NL→CR,NL,CR,1.2778157,1.3017936,1.899999976158142,↑,0.785714,NS,6/15,5,3
Blood,ATP5F1A,PlasmaB,IT→IA,IT,IA,1.4207293,1.1868901,-16.5,↓,0.412698,NS,14/20,5,4
Blood,ATP5F1A,PlasmaB,IA→AR,IA,AR,1.1868901,1.491974,25.700000762939453,↑,0.4,NS,9/12,4,3
Blood,ATP5F1A,PlasmaB,CR→AR,CR,AR,1.3017936,1.491974,14.600000381469728,↑,0.1,NS,9/9,3,3
Blood,ATP5F1B,Myeloid,NL→IT,NL,IT,0.781137,1.2462801,59.5,↑,0.031746,*,23/25,5,5
Blood,ATP5F1B,Myeloid,NL→IA,NL,IA,0.781137,1.2749398,63.20000076293945,↑,0.031746,*,19/20,5,4
Blood,ATP5F1B,Myeloid,NL→AR,NL,AR,0.781137,1.2685546,62.400001525878906,↑,0.071429,†,14/15,5,3
Blood,ATP5F1B,Myeloid,NL→CR,NL,CR,0.781137,1.1493317,47.09999847412109,↑,0.142857,NS,13/15,5,3
Blood,ATP5F1B,Myeloid,IT→IA,IT,IA,1.2462801,1.2749398,2.299999952316284,↑,0.904762,NS,11/20,5,4
Blood,ATP5F1B,Myeloid,IA→AR,IA,AR,1.2749398,1.2685546,-0.5,↓,1.0,NS,6/12,4,3
Blood,ATP5F1B,Myeloid,CR→AR,CR,AR,1.1493317,1.2685546,10.399999618530272,↑,0.2,NS,8/9,3,3
Blood,ATP5F1B,CD4_T,NL→IT,NL,IT,0.88243407,0.96650124,9.5,↑,0.547619,NS,16/25,5,5
Blood,ATP5F1B,CD4_T,NL→IA,NL,IA,0.88243407,1.1090262,25.700000762939453,↑,0.190476,NS,16/20,5,4
Blood,ATP5F1B,CD4_T,NL→AR,NL,AR,0.88243407,1.0776063,22.100000381469727,↑,0.142857,NS,13/15,5,3
Blood,ATP5F1B,CD4_T,NL→CR,NL,CR,0.88243407,1.0018982,13.5,↑,0.392857,NS,11/15,5,3
Blood,ATP5F1B,CD4_T,IT→IA,IT,IA,0.96650124,1.1090262,14.699999809265137,↑,0.412698,NS,14/20,5,4
Blood,ATP5F1B,CD4_T,IA→AR,IA,AR,1.1090262,1.0776063,-2.799999952316284,↓,1.0,NS,6/12,4,3
Blood,ATP5F1B,CD4_T,CR→AR,CR,AR,1.0018982,1.0776063,7.599999904632568,↑,0.2,NS,8/9,3,3
Blood,ATP5F1B,CD8_T,NL→IT,NL,IT,0.98635024,0.98736733,0.1000000014901161,↑,0.690476,NS,10/25,5,5
Blood,ATP5F1B,CD8_T,NL→IA,NL,IA,0.98635024,1.2001145,21.700000762939453,↑,0.111111,NS,17/20,5,4
Blood,ATP5F1B,CD8_T,NL→AR,NL,AR,0.98635024,1.1508198,16.700000762939453,↑,0.392857,NS,11/15,5,3
Blood,ATP5F1B,CD8_T,NL→CR,NL,CR,0.98635024,1.0440205,5.800000190734863,↑,1.0,NS,7/15,5,3
Blood,ATP5F1B,CD8_T,IT→IA,IT,IA,0.98736733,1.2001145,21.5,↑,0.111111,NS,17/20,5,4
Blood,ATP5F1B,CD8_T,IA→AR,IA,AR,1.2001145,1.1508198,-4.099999904632568,↓,0.857143,NS,7/12,4,3
Blood,ATP5F1B,CD8_T,CR→AR,CR,AR,1.0440205,1.1508198,10.199999809265137,↑,0.2,NS,8/9,3,3
Blood,ATP5F1B,NK,NL→IT,NL,IT,0.8665861,0.9373158,8.199999809265137,↑,0.547619,NS,16/25,5,5
Blood,ATP5F1B,NK,NL→IA,NL,IA,0.8665861,1.1385143,31.399999618530277,↑,0.111111,NS,17/20,5,4
Blood,ATP5F1B,NK,NL→AR,NL,AR,0.8665861,1.0780982,24.399999618530277,↑,0.392857,NS,11/15,5,3
Blood,ATP5F1B,NK,NL→CR,NL,CR,0.8665861,1.1293244,30.299999237060547,↑,0.25,NS,12/15,5,3
Blood,ATP5F1B,NK,IT→IA,IT,IA,0.9373158,1.1385143,21.5,↑,0.063492,†,18/20,5,4
Blood,ATP5F1B,NK,IA→AR,IA,AR,1.1385143,1.0780982,-5.300000190734863,↓,0.4,NS,9/12,4,3
Blood,ATP5F1B,NK,CR→AR,CR,AR,1.1293244,1.0780982,-4.5,↓,0.7,NS,6/9,3,3
Blood,ATP5F1B,B,NL→IT,NL,IT,0.8480228,0.9790104,15.399999618530272,↑,0.420635,NS,17/25,5,5
Blood,ATP5F1B,B,NL→IA,NL,IA,0.8480228,1.0588901,24.899999618530277,↑,0.031746,*,19/20,5,4
Blood,ATP5F1B,B,NL→AR,NL,AR,0.8480228,1.1381044,34.20000076293945,↑,0.035714,*,15/15,5,3
Blood,ATP5F1B,B,NL→CR,NL,CR,0.8480228,1.024271,20.799999237060547,↑,0.142857,NS,13/15,5,3
Blood,ATP5F1B,B,IT→IA,IT,IA,0.9790104,1.0588901,8.199999809265137,↑,0.412698,NS,14/20,5,4
Blood,ATP5F1B,B,IA→AR,IA,AR,1.0588901,1.1381044,7.5,↑,0.628571,NS,8/12,4,3
Blood,ATP5F1B,B,CR→AR,CR,AR,1.024271,1.1381044,11.100000381469728,↑,0.4,NS,7/9,3,3
Blood,ATP5F1B,PlasmaB,NL→IT,NL,IT,1.0606058,1.3246176,24.899999618530277,↑,0.015873,*,24/25,5,5
Blood,ATP5F1B,PlasmaB,NL→IA,NL,IA,1.0606058,1.3479153,27.100000381469727,↑,0.285714,NS,15/20,5,4
Blood,ATP5F1B,PlasmaB,NL→AR,NL,AR,1.0606058,1.3622841,28.399999618530277,↑,0.071429,†,14/15,5,3
Blood,ATP5F1B,PlasmaB,NL→CR,NL,CR,1.0606058,1.2888263,21.5,↑,0.035714,*,15/15,5,3
Blood,ATP5F1B,PlasmaB,IT→IA,IT,IA,1.3246176,1.3479153,1.7999999523162842,↑,0.904762,NS,11/20,5,4
Blood,ATP5F1B,PlasmaB,IA→AR,IA,AR,1.3479153,1.3622841,1.100000023841858,↑,1.0,NS,6/12,4,3
Blood,ATP5F1B,PlasmaB,CR→AR,CR,AR,1.2888263,1.3622841,5.699999809265137,↑,1.0,NS,5/9,3,3
Blood,BAK1,Myeloid,NL→IT,NL,IT,0.05264039,0.15584305,196.1000061035156,↑,0.007937,**,25/25,5,5
Blood,BAK1,Myeloid,NL→IA,NL,IA,0.05264039,0.12877148,144.60000610351562,↑,0.015873,*,20/20,5,4
Blood,BAK1,Myeloid,NL→AR,NL,AR,0.05264039,0.12770484,142.60000610351562,↑,0.035714,*,15/15,5,3
Blood,BAK1,Myeloid,NL→CR,NL,CR,0.05264039,0.14871906,182.5,↑,0.035714,*,15/15,5,3
Blood,BAK1,Myeloid,IT→IA,IT,IA,0.15584305,0.12877148,-17.399999618530273,↓,0.555556,NS,13/20,5,4
Blood,BAK1,Myeloid,IA→AR,IA,AR,0.12877148,0.12770484,-0.800000011920929,↓,1.0,NS,6/12,4,3
Blood,BAK1,Myeloid,CR→AR,CR,AR,0.14871906,0.12770484,-14.100000381469728,↓,0.7,NS,6/9,3,3
Blood,BAK1,CD4_T,NL→IT,NL,IT,0.1333717,0.109044984,-18.200000762939453,↓,1.0,NS,12/25,5,5
Blood,BAK1,CD4_T,NL→IA,NL,IA,0.1333717,0.14162332,6.199999809265137,↑,1.0,NS,10/20,5,4
Blood,BAK1,CD4_T,NL→AR,NL,AR,0.1333717,0.1088886,-18.399999618530277,↓,1.0,NS,7/15,5,3
Blood,BAK1,CD4_T,NL→CR,NL,CR,0.1333717,0.13334528,-0.0,↓,0.571429,NS,5/15,5,3
Blood,BAK1,CD4_T,IT→IA,IT,IA,0.109044984,0.14162332,29.899999618530277,↑,0.904762,NS,11/20,5,4
Blood,BAK1,CD4_T,IA→AR,IA,AR,0.14162332,0.1088886,-23.100000381469727,↓,0.857143,NS,7/12,4,3
Blood,BAK1,CD4_T,CR→AR,CR,AR,0.13334528,0.1088886,-18.299999237060547,↓,0.2,NS,8/9,3,3
Blood,BAK1,CD8_T,NL→IT,NL,IT,0.1159963,0.11631634,0.3000000119209289,↑,1.0,NS,13/25,5,5
Blood,BAK1,CD8_T,NL→IA,NL,IA,0.1159963,0.17795777,53.400001525878906,↑,0.412698,NS,14/20,5,4
Blood,BAK1,CD8_T,NL→AR,NL,AR,0.1159963,0.123739,6.699999809265137,↑,0.785714,NS,9/15,5,3
Blood,BAK1,CD8_T,NL→CR,NL,CR,0.1159963,0.13560082,16.899999618530273,↑,0.392857,NS,11/15,5,3
Blood,BAK1,CD8_T,IT→IA,IT,IA,0.11631634,0.17795777,53.0,↑,0.190476,NS,16/20,5,4
Blood,BAK1,CD8_T,IA→AR,IA,AR,0.17795777,0.123739,-30.5,↓,0.628571,NS,8/12,4,3
Blood,BAK1,CD8_T,CR→AR,CR,AR,0.13560082,0.123739,-8.699999809265137,↓,1.0,NS,5/9,3,3
Blood,BAK1,NK,NL→IT,NL,IT,0.11685145,0.12904239,10.399999618530272,↑,0.84127,NS,14/25,5,5
Blood,BAK1,NK,NL→IA,NL,IA,0.11685145,0.17877054,53.0,↑,0.285714,NS,15/20,5,4
Blood,BAK1,NK,NL→AR,NL,AR,0.11685145,0.13444366,15.100000381469728,↑,1.0,NS,8/15,5,3
Blood,BAK1,NK,NL→CR,NL,CR,0.11685145,0.1621,38.70000076293945,↑,0.25,NS,12/15,5,3
Blood,BAK1,NK,IT→IA,IT,IA,0.12904239,0.17877054,38.5,↑,0.412698,NS,14/20,5,4
Blood,BAK1,NK,IA→AR,IA,AR,0.17877054,0.13444366,-24.799999237060547,↓,0.228571,NS,10/12,4,3
Blood,BAK1,NK,CR→AR,CR,AR,0.1621,0.13444366,-17.100000381469727,↓,0.1,NS,9/9,3,3
Blood,BAK1,B,NL→IT,NL,IT,0.04720702,0.079278864,67.9000015258789,↑,0.401965,NS,17/25,5,5
Blood,BAK1,B,NL→IA,NL,IA,0.04720702,0.11249827,138.3000030517578,↑,0.176098,NS,16/20,5,4
Blood,BAK1,B,NL→AR,NL,AR,0.04720702,0.09766848,106.9000015258789,↑,0.230243,NS,12/15,5,3
Blood,BAK1,B,NL→CR,NL,CR,0.04720702,0.10607633,124.6999969482422,↑,0.230243,NS,12/15,5,3
Blood,BAK1,B,IT→IA,IT,IA,0.079278864,0.11249827,41.900001525878906,↑,0.555556,NS,13/20,5,4
Blood,BAK1,B,IA→AR,IA,AR,0.11249827,0.09766848,-13.199999809265137,↓,0.628571,NS,4/12,4,3
Blood,BAK1,B,CR→AR,CR,AR,0.10607633,0.09766848,-7.900000095367432,↓,0.7,NS,6/9,3,3
Blood,BAK1,PlasmaB,NL→IT,NL,IT,0.40167698,0.22062662,-45.09999847412109,↓,0.095238,†,21/25,5,5
Blood,BAK1,PlasmaB,NL→IA,NL,IA,0.40167698,0.27602124,-31.299999237060547,↓,0.285714,NS,15/20,5,4
Blood,BAK1,PlasmaB,NL→AR,NL,AR,0.40167698,0.48815632,21.5,↑,0.392857,NS,11/15,5,3
Blood,BAK1,PlasmaB,NL→CR,NL,CR,0.40167698,0.23493914,-41.5,↓,0.142857,NS,13/15,5,3
Blood,BAK1,PlasmaB,IT→IA,IT,IA,0.22062662,0.27602124,25.100000381469727,↑,1.0,NS,10/20,5,4
Blood,BAK1,PlasmaB,IA→AR,IA,AR,0.27602124,0.48815632,76.9000015258789,↑,0.228571,NS,10/12,4,3
Blood,BAK1,PlasmaB,CR→AR,CR,AR,0.23493914,0.48815632,107.8000030517578,↑,0.1,NS,9/9,3,3
Blood,BATF,Myeloid,NL→IT,NL,IT,0.09531076,0.1258401,32.0,↑,0.690476,NS,15/25,5,5
Blood,BATF,Myeloid,NL→IA,NL,IA,0.09531076,0.121907264,27.899999618530277,↑,0.555556,NS,13/20,5,4
Blood,BATF,Myeloid,NL→AR,NL,AR,0.09531076,0.14284736,49.900001525878906,↑,0.571429,NS,10/15,5,3
Blood,BATF,Myeloid,NL→CR,NL,CR,0.09531076,0.1323054,38.79999923706055,↑,0.25,NS,12/15,5,3
Blood,BATF,Myeloid,IT→IA,IT,IA,0.1258401,0.121907264,-3.0999999046325684,↓,1.0,NS,10/20,5,4
Blood,BATF,Myeloid,IA→AR,IA,AR,0.121907264,0.14284736,17.200000762939453,↑,0.4,NS,9/12,4,3
Blood,BATF,Myeloid,CR→AR,CR,AR,0.1323054,0.14284736,8.0,↑,0.7,NS,6/9,3,3
Blood,BATF,CD4_T,NL→IT,NL,IT,0.40735778,0.24605688,-39.59999847412109,↓,0.031746,*,23/25,5,5
Blood,BATF,CD4_T,NL→IA,NL,IA,0.40735778,0.278886,-31.5,↓,0.285714,NS,15/20,5,4
Blood,BATF,CD4_T,NL→AR,NL,AR,0.40735778,0.23824696,-41.5,↓,0.035714,*,15/15,5,3
Blood,BATF,CD4_T,NL→CR,NL,CR,0.40735778,0.15194921,-62.70000076293945,↓,0.035714,*,15/15,5,3
Blood,BATF,CD4_T,IT→IA,IT,IA,0.24605688,0.278886,13.300000190734863,↑,0.904762,NS,11/20,5,4
Blood,BATF,CD4_T,IA→AR,IA,AR,0.278886,0.23824696,-14.600000381469728,↓,0.857143,NS,7/12,4,3
Blood,BATF,CD4_T,CR→AR,CR,AR,0.15194921,0.23824696,56.79999923706055,↑,0.7,NS,6/9,3,3
Blood,BATF,CD8_T,NL→IT,NL,IT,0.25416154,0.29571903,16.399999618530273,↑,0.690476,NS,15/25,5,5
Blood,BATF,CD8_T,NL→IA,NL,IA,0.25416154,0.3154586,24.100000381469727,↑,0.730159,NS,12/20,5,4
Blood,BATF,CD8_T,NL→AR,NL,AR,0.25416154,0.39530277,55.5,↑,0.142857,NS,13/15,5,3
Blood,BATF,CD8_T,NL→CR,NL,CR,0.25416154,0.15853408,-37.59999847412109,↓,0.392857,NS,11/15,5,3
Blood,BATF,CD8_T,IT→IA,IT,IA,0.29571903,0.3154586,6.699999809265137,↑,0.904762,NS,11/20,5,4
Blood,BATF,CD8_T,IA→AR,IA,AR,0.3154586,0.39530277,25.299999237060547,↑,0.628571,NS,8/12,4,3
Blood,BATF,CD8_T,CR→AR,CR,AR,0.15853408,0.39530277,149.3000030517578,↑,0.1,NS,9/9,3,3
Blood,BATF,NK,NL→IT,NL,IT,0.30663416,0.48784336,59.09999847412109,↑,0.095238,†,21/25,5,5
Blood,BATF,NK,NL→IA,NL,IA,0.30663416,0.38641968,26.0,↑,0.285714,NS,15/20,5,4
Blood,BATF,NK,NL→AR,NL,AR,0.30663416,0.5022363,63.79999923706055,↑,0.071429,†,14/15,5,3
Blood,BATF,NK,NL→CR,NL,CR,0.30663416,0.26460844,-13.699999809265137,↓,0.785714,NS,9/15,5,3
Blood,BATF,NK,IT→IA,IT,IA,0.48784336,0.38641968,-20.799999237060547,↓,0.285714,NS,15/20,5,4
Blood,BATF,NK,IA→AR,IA,AR,0.38641968,0.5022363,30.0,↑,0.628571,NS,8/12,4,3
Blood,BATF,NK,CR→AR,CR,AR,0.26460844,0.5022363,89.80000305175781,↑,0.1,NS,9/9,3,3
Blood,BATF,B,NL→IT,NL,IT,0.10192666,0.11460469,12.399999618530272,↑,0.547619,NS,16/25,5,5
Blood,BATF,B,NL→IA,NL,IA,0.10192666,0.08987917,-11.800000190734863,↓,0.555556,NS,13/20,5,4
Blood,BATF,B,NL→AR,NL,AR,0.10192666,0.12930913,26.899999618530277,↑,0.785714,NS,9/15,5,3
Blood,BATF,B,NL→CR,NL,CR,0.10192666,0.046337534,-54.5,↓,0.071429,†,14/15,5,3
Blood,BATF,B,IT→IA,IT,IA,0.11460469,0.08987917,-21.600000381469727,↓,0.285714,NS,15/20,5,4
Blood,BATF,B,IA→AR,IA,AR,0.08987917,0.12930913,43.900001525878906,↑,0.228571,NS,10/12,4,3
Blood,BATF,B,CR→AR,CR,AR,0.046337534,0.12930913,179.10000610351562,↑,0.2,NS,8/9,3,3
Blood,BATF,PlasmaB,NL→IT,NL,IT,0.03627478,0.098835945,172.5,↑,0.057008,†,22/25,5,5
Blood,BATF,PlasmaB,NL→IA,NL,IA,0.03627478,0.08130218,124.0999984741211,↑,0.170609,NS,16/20,5,4
Blood,BATF,PlasmaB,NL→AR,NL,AR,0.03627478,0.09852908,171.60000610351562,↑,0.12663,NS,13/15,5,3
Blood,BATF,PlasmaB,NL→CR,NL,CR,0.03627478,0.06125022,68.9000015258789,↑,0.359397,NS,11/15,5,3
Blood,BATF,PlasmaB,IT→IA,IT,IA,0.098835945,0.08130218,-17.700000762939453,↓,0.904762,NS,11/20,5,4
Blood,BATF,PlasmaB,IA→AR,IA,AR,0.08130218,0.09852908,21.200000762939453,↑,1.0,NS,6/12,4,3
Blood,BATF,PlasmaB,CR→AR,CR,AR,0.06125022,0.09852908,60.900001525878906,↑,0.7,NS,6/9,3,3
Blood,BCL2,Myeloid,NL→IT,NL,IT,0.06617196,0.023821102,-64.0,↓,0.420635,NS,8/25,5,5
Blood,BCL2,Myeloid,NL→IA,NL,IA,0.06617196,0.066593,0.6000000238418579,↑,0.190476,NS,16/20,5,4
Blood,BCL2,Myeloid,NL→AR,NL,AR,0.06617196,0.034648567,-47.59999847412109,↓,0.392857,NS,4/15,5,3
Blood,BCL2,Myeloid,NL→CR,NL,CR,0.06617196,0.04932962,-25.5,↓,0.25,NS,3/15,5,3
Blood,BCL2,Myeloid,IT→IA,IT,IA,0.023821102,0.066593,179.60000610351562,↑,0.904762,NS,11/20,5,4
Blood,BCL2,Myeloid,IA→AR,IA,AR,0.066593,0.034648567,-48.0,↓,1.0,NS,6/12,4,3
Blood,BCL2,Myeloid,CR→AR,CR,AR,0.04932962,0.034648567,-29.799999237060547,↓,0.2,NS,8/9,3,3
Blood,BCL2,CD4_T,NL→IT,NL,IT,0.35707596,0.3484101,-2.400000095367432,↓,1.0,NS,13/25,5,5
Blood,BCL2,CD4_T,NL→IA,NL,IA,0.35707596,0.39280775,10.0,↑,0.555556,NS,13/20,5,4
Blood,BCL2,CD4_T,NL→AR,NL,AR,0.35707596,0.437494,22.5,↑,0.785714,NS,9/15,5,3
Blood,BCL2,CD4_T,NL→CR,NL,CR,0.35707596,0.5132206,43.70000076293945,↑,0.142857,NS,13/15,5,3
Blood,BCL2,CD4_T,IT→IA,IT,IA,0.3484101,0.39280775,12.699999809265137,↑,0.904762,NS,11/20,5,4
Blood,BCL2,CD4_T,IA→AR,IA,AR,0.39280775,0.437494,11.399999618530272,↑,0.857143,NS,7/12,4,3
Blood,BCL2,CD4_T,CR→AR,CR,AR,0.5132206,0.437494,-14.800000190734863,↓,0.4,NS,7/9,3,3
Blood,BCL2,CD8_T,NL→IT,NL,IT,0.26616254,0.28104106,5.599999904632568,↑,0.690476,NS,15/25,5,5
Blood,BCL2,CD8_T,NL→IA,NL,IA,0.26616254,0.30980992,16.399999618530273,↑,0.555556,NS,13/20,5,4
Blood,BCL2,CD8_T,NL→AR,NL,AR,0.26616254,0.33425513,25.600000381469727,↑,0.571429,NS,10/15,5,3
Blood,BCL2,CD8_T,NL→CR,NL,CR,0.26616254,0.41584834,56.20000076293945,↑,0.142857,NS,13/15,5,3
Blood,BCL2,CD8_T,IT→IA,IT,IA,0.28104106,0.30980992,10.199999809265137,↑,0.904762,NS,9/20,5,4
Blood,BCL2,CD8_T,IA→AR,IA,AR,0.30980992,0.33425513,7.900000095367432,↑,0.628571,NS,8/12,4,3
Blood,BCL2,CD8_T,CR→AR,CR,AR,0.41584834,0.33425513,-19.600000381469727,↓,0.4,NS,7/9,3,3
Blood,BCL2,NK,NL→IT,NL,IT,0.12109802,0.13110915,8.300000190734863,↑,0.547619,NS,16/25,5,5
Blood,BCL2,NK,NL→IA,NL,IA,0.12109802,0.13438362,11.0,↑,0.730159,NS,12/20,5,4
Blood,BCL2,NK,NL→AR,NL,AR,0.12109802,0.15128775,24.899999618530277,↑,0.571429,NS,10/15,5,3
Blood,BCL2,NK,NL→CR,NL,CR,0.12109802,0.1792414,48.0,↑,0.071429,†,14/15,5,3
Blood,BCL2,NK,IT→IA,IT,IA,0.13110915,0.13438362,2.5,↑,1.0,NS,10/20,5,4
Blood,BCL2,NK,IA→AR,IA,AR,0.13438362,0.15128775,12.600000381469728,↑,0.857143,NS,7/12,4,3
Blood,BCL2,NK,CR→AR,CR,AR,0.1792414,0.15128775,-15.600000381469728,↓,0.7,NS,6/9,3,3
Blood,BCL2,B,NL→IT,NL,IT,0.18354008,0.3380975,84.19999694824219,↑,0.007937,**,25/25,5,5
Blood,BCL2,B,NL→IA,NL,IA,0.18354008,0.3403198,85.4000015258789,↑,0.063492,†,18/20,5,4
Blood,BCL2,B,NL→AR,NL,AR,0.18354008,0.40717253,121.8000030517578,↑,0.142857,NS,13/15,5,3
Blood,BCL2,B,NL→CR,NL,CR,0.18354008,0.47938323,161.1999969482422,↑,0.035714,*,15/15,5,3
Blood,BCL2,B,IT→IA,IT,IA,0.3380975,0.3403198,0.699999988079071,↑,1.0,NS,10/20,5,4
Blood,BCL2,B,IA→AR,IA,AR,0.3403198,0.40717253,19.600000381469727,↑,0.628571,NS,8/12,4,3
Blood,BCL2,B,CR→AR,CR,AR,0.47938323,0.40717253,-15.100000381469728,↓,1.0,NS,5/9,3,3
Blood,BCL2,PlasmaB,NL→IT,NL,IT,0.05113567,0.11200142,119.0,↑,0.138792,NS,20/25,5,5
Blood,BCL2,PlasmaB,NL→IA,NL,IA,0.05113567,0.15505159,203.1999969482422,↑,0.105364,NS,17/20,5,4
Blood,BCL2,PlasmaB,NL→AR,NL,AR,0.05113567,0.17703198,246.1999969482422,↑,0.12663,NS,13/15,5,3
Blood,BCL2,PlasmaB,NL→CR,NL,CR,0.05113567,0.24226862,373.7999877929688,↑,0.032473,*,15/15,5,3
Blood,BCL2,PlasmaB,IT→IA,IT,IA,0.11200142,0.15505159,38.400001525878906,↑,0.555556,NS,13/20,5,4
Blood,BCL2,PlasmaB,IA→AR,IA,AR,0.15505159,0.17703198,14.199999809265137,↑,0.4,NS,9/12,4,3
Blood,BCL2,PlasmaB,CR→AR,CR,AR,0.24226862,0.17703198,-26.899999618530277,↓,0.1,NS,9/9,3,3
Blood,BCL6,Myeloid,NL→IT,NL,IT,0.11060695,0.18931964,71.19999694824219,↑,0.20869,NS,19/25,5,5
Blood,BCL6,Myeloid,NL→IA,NL,IA,0.11060695,0.16862756,52.5,↑,0.538594,NS,13/20,5,4
Blood,BCL6,Myeloid,NL→AR,NL,AR,0.11060695,0.22492741,103.4000015258789,↑,0.230243,NS,12/15,5,3
Blood,BCL6,Myeloid,NL→CR,NL,CR,0.11060695,0.21029772,90.0999984741211,↑,0.230243,NS,12/15,5,3
Blood,BCL6,Myeloid,IT→IA,IT,IA,0.18931964,0.16862756,-10.899999618530272,↓,0.412698,NS,14/20,5,4
Blood,BCL6,Myeloid,IA→AR,IA,AR,0.16862756,0.22492741,33.400001525878906,↑,0.4,NS,9/12,4,3
Blood,BCL6,Myeloid,CR→AR,CR,AR,0.21029772,0.22492741,7.0,↑,1.0,NS,5/9,3,3
Blood,BCL6,CD4_T,NL→IT,NL,IT,0.009098563,0.008882674,-2.400000095367432,↓,0.84127,NS,14/25,5,5
Blood,BCL6,CD4_T,NL→IA,NL,IA,0.009098563,0.026752481,194.0,↑,0.730159,NS,12/20,5,4
Blood,BCL6,CD4_T,NL→AR,NL,AR,0.009098563,0.0067960755,-25.299999237060547,↓,0.785714,NS,9/15,5,3
Blood,BCL6,CD4_T,NL→CR,NL,CR,0.009098563,0.018264381,100.6999969482422,↑,0.071429,†,14/15,5,3
Blood,BCL6,CD4_T,IT→IA,IT,IA,0.008882674,0.026752481,201.1999969482422,↑,0.412698,NS,14/20,5,4
Blood,BCL6,CD4_T,IA→AR,IA,AR,0.026752481,0.0067960755,-74.5999984741211,↓,0.628571,NS,8/12,4,3
Blood,BCL6,CD4_T,CR→AR,CR,AR,0.018264381,0.0067960755,-62.79999923706055,↓,0.1,NS,9/9,3,3
Blood,BCL6,CD8_T,NL→IT,NL,IT,0.013443465,0.0071262866,-47.0,↓,0.517904,NS,14/25,5,5
Blood,BCL6,CD8_T,NL→IA,NL,IA,0.013443465,0.033138335,146.5,↑,0.712155,NS,12/20,5,4
Blood,BCL6,CD8_T,NL→AR,NL,AR,0.013443465,0.010578637,-21.299999237060547,↓,0.764228,NS,9/15,5,3
Blood,BCL6,CD8_T,NL→CR,NL,CR,0.013443465,0.018252872,35.79999923706055,↑,1.0,NS,8/15,5,3
Blood,BCL6,CD8_T,IT→IA,IT,IA,0.0071262866,0.033138335,365.0,↑,0.268341,NS,15/20,5,4
Blood,BCL6,CD8_T,IA→AR,IA,AR,0.033138335,0.010578637,-68.0999984741211,↓,0.628571,NS,8/12,4,3
Blood,BCL6,CD8_T,CR→AR,CR,AR,0.018252872,0.010578637,-42.0,↓,0.4,NS,7/9,3,3
Blood,BCL6,NK,NL→IT,NL,IT,0.029916028,0.015969655,-46.59999847412109,↓,0.222222,NS,19/25,5,5
Blood,BCL6,NK,NL→IA,NL,IA,0.029916028,0.07006816,134.1999969482422,↑,0.730159,NS,8/20,5,4
Blood,BCL6,NK,NL→AR,NL,AR,0.029916028,0.016025787,-46.400001525878906,↓,0.392857,NS,11/15,5,3
Blood,BCL6,NK,NL→CR,NL,CR,0.029916028,0.031715076,6.0,↑,0.785714,NS,9/15,5,3
Blood,BCL6,NK,IT→IA,IT,IA,0.015969655,0.07006816,338.79998779296875,↑,0.904762,NS,11/20,5,4
Blood,BCL6,NK,IA→AR,IA,AR,0.07006816,0.016025787,-77.0999984741211,↓,0.857143,NS,7/12,4,3
Blood,BCL6,NK,CR→AR,CR,AR,0.031715076,0.016025787,-49.5,↓,0.1,NS,9/9,3,3
Blood,BCL6,B,NL→IT,NL,IT,0.016078223,0.05111937,217.8999938964844,↑,0.011925,*,25/25,5,5
Blood,BCL6,B,NL→IA,NL,IA,0.016078223,0.08074419,402.2000122070313,↑,0.019451,*,20/20,5,4
Blood,BCL6,B,NL→AR,NL,AR,0.016078223,0.026286418,63.5,↑,0.548595,NS,10/15,5,3
Blood,BCL6,B,NL→CR,NL,CR,0.016078223,0.02549537,58.59999847412109,↑,0.764228,NS,9/15,5,3
Blood,BCL6,B,IT→IA,IT,IA,0.05111937,0.08074419,58.0,↑,0.555556,NS,13/20,5,4
Blood,BCL6,B,IA→AR,IA,AR,0.08074419,0.026286418,-67.4000015258789,↓,0.114286,NS,11/12,4,3
Blood,BCL6,B,CR→AR,CR,AR,0.02549537,0.026286418,3.0999999046325684,↑,0.7,NS,6/9,3,3
Blood,BCL6,PlasmaB,NL→IT,NL,IT,0.012326365,0.014585018,18.299999237060547,↑,1.0,NS,5/25,5,5
Blood,BCL6,PlasmaB,NL→IA,NL,IA,0.012326365,0.029382618,138.39999389648438,↑,0.466854,NS,9/20,5,4
Blood,BCL6,PlasmaB,NL→AR,NL,AR,0.012326365,0.002046497,-83.4000015258789,↓,1.0,NS,3/15,5,3
Blood,BCL6,PlasmaB,NL→CR,NL,CR,0.012326365,0.0068372637,-44.5,↓,0.494525,NS,3/15,5,3
Blood,BCL6,PlasmaB,IT→IA,IT,IA,0.014585018,0.029382618,101.5,↑,0.466854,NS,9/20,5,4
Blood,BCL6,PlasmaB,IA→AR,IA,AR,0.029382618,0.002046497,-93.0,↓,0.845356,NS,5/12,4,3
Blood,BCL6,PlasmaB,CR→AR,CR,AR,0.0068372637,0.002046497,-70.0999984741211,↓,0.353679,NS,6/9,3,3
Blood,BIRC5,Myeloid,NL→IT,NL,IT,0.008397618,0.0,-100.0,↓,0.179712,NS,10/25,5,5
Blood,BIRC5,Myeloid,NL→IA,NL,IA,0.008397618,0.00031295477,-96.3000030517578,↓,1.0,NS,8/20,5,4
Blood,BIRC5,Myeloid,NL→AR,NL,AR,0.008397618,0.002843105,-66.0999984741211,↓,0.873807,NS,5/15,5,3
Blood,BIRC5,Myeloid,NL→CR,NL,CR,0.008397618,0.00047137067,-94.4000015258789,↓,1.0,NS,6/15,5,3
Blood,BIRC5,Myeloid,IT→IA,IT,IA,0.0,0.00031295477,99999.0,↑,0.04162,*,15/20,5,4
Blood,BIRC5,Myeloid,IA→AR,IA,AR,0.00031295477,0.002843105,808.5,↑,0.475533,NS,8/12,4,3
Blood,BIRC5,Myeloid,CR→AR,CR,AR,0.00047137067,0.002843105,503.2000122070313,↑,0.506555,NS,6/9,3,3
Blood,BIRC5,CD4_T,NL→IT,NL,IT,0.052681457,0.0068375156,-87.0,↓,0.222222,NS,19/25,5,5
Blood,BIRC5,CD4_T,NL→IA,NL,IA,0.052681457,0.0023876594,-95.5,↓,0.190476,NS,16/20,5,4
Blood,BIRC5,CD4_T,NL→AR,NL,AR,0.052681457,0.0031627289,-94.0,↓,0.142857,NS,13/15,5,3
Blood,BIRC5,CD4_T,NL→CR,NL,CR,0.052681457,0.00459571,-91.3000030517578,↓,0.25,NS,12/15,5,3
Blood,BIRC5,CD4_T,IT→IA,IT,IA,0.0068375156,0.0023876594,-65.0999984741211,↓,0.190476,NS,16/20,5,4
Blood,BIRC5,CD4_T,IA→AR,IA,AR,0.0023876594,0.0031627289,32.5,↑,0.857143,NS,7/12,4,3
Blood,BIRC5,CD4_T,CR→AR,CR,AR,0.00459571,0.0031627289,-31.200000762939453,↓,0.4,NS,7/9,3,3
Blood,BIRC5,CD8_T,NL→IT,NL,IT,0.043020964,0.0053224964,-87.5999984741211,↓,0.345742,NS,17/25,5,5
Blood,BIRC5,CD8_T,NL→IA,NL,IA,0.043020964,0.0026538991,-93.8000030517578,↓,0.190476,NS,16/20,5,4
Blood,BIRC5,CD8_T,NL→AR,NL,AR,0.043020964,0.0050863773,-88.19999694824219,↓,0.392857,NS,11/15,5,3
Blood,BIRC5,CD8_T,NL→CR,NL,CR,0.043020964,0.0013400945,-96.9000015258789,↓,0.25,NS,12/15,5,3
Blood,BIRC5,CD8_T,IT→IA,IT,IA,0.0053224964,0.0026538991,-50.09999847412109,↓,0.412698,NS,14/20,5,4
Blood,BIRC5,CD8_T,IA→AR,IA,AR,0.0026538991,0.0050863773,91.6999969482422,↑,0.857143,NS,7/12,4,3
Blood,BIRC5,CD8_T,CR→AR,CR,AR,0.0013400945,0.0050863773,279.6000061035156,↑,0.4,NS,7/9,3,3
Blood,BIRC5,NK,NL→IT,NL,IT,0.02929458,0.00609388,-79.19999694824219,↓,0.055556,†,22/25,5,5
Blood,BIRC5,NK,NL→IA,NL,IA,0.02929458,0.009984652,-65.9000015258789,↓,0.111111,NS,17/20,5,4
Blood,BIRC5,NK,NL→AR,NL,AR,0.02929458,0.003921228,-86.5999984741211,↓,0.142857,NS,13/15,5,3
Blood,BIRC5,NK,NL→CR,NL,CR,0.02929458,0.0062009357,-78.80000305175781,↓,0.071429,†,14/15,5,3
Blood,BIRC5,NK,IT→IA,IT,IA,0.00609388,0.009984652,63.79999923706055,↑,0.412698,NS,14/20,5,4
Blood,BIRC5,NK,IA→AR,IA,AR,0.009984652,0.003921228,-60.70000076293945,↓,0.228571,NS,10/12,4,3
Blood,BIRC5,NK,CR→AR,CR,AR,0.0062009357,0.003921228,-36.79999923706055,↓,0.7,NS,3/9,3,3
Blood,BIRC5,B,NL→IT,NL,IT,0.0,0.0006369849,99999.0,↑,0.423711,NS,5/25,5,5
Blood,BIRC5,B,NL→IA,NL,IA,0.0,0.0006565997,99999.0,↑,0.13121,NS,10/20,5,4
Blood,BIRC5,B,NL→AR,NL,AR,0.0,0.0014341142,99999.0,↑,0.078983,†,10/15,5,3
Blood,BIRC5,B,NL→CR,NL,CR,0.0,0.00025119047,99999.0,↑,0.3017,NS,5/15,5,3
Blood,BIRC5,B,IT→IA,IT,IA,0.0006369849,0.0006565997,3.0999999046325684,↑,0.662427,NS,8/20,5,4
Blood,BIRC5,B,IA→AR,IA,AR,0.0006565997,0.0014341142,118.4000015258789,↑,0.58208,NS,7/12,4,3
Blood,BIRC5,B,CR→AR,CR,AR,0.00025119047,0.0014341142,470.8999938964844,↑,0.353679,NS,6/9,3,3
Blood,BIRC5,PlasmaB,NL→IT,NL,IT,0.18500248,0.10562594,-42.900001525878906,↓,0.420635,NS,17/25,5,5
Blood,BIRC5,PlasmaB,NL→IA,NL,IA,0.18500248,0.08133182,-56.0,↓,0.383221,NS,13/20,5,4
Blood,BIRC5,PlasmaB,NL→AR,NL,AR,0.18500248,0.14010069,-24.299999237060547,↓,0.880791,NS,8/15,5,3
Blood,BIRC5,PlasmaB,NL→CR,NL,CR,0.18500248,0.05511127,-70.19999694824219,↓,0.25,NS,12/15,5,3
Blood,BIRC5,PlasmaB,IT→IA,IT,IA,0.10562594,0.08133182,-23.0,↓,0.389284,NS,14/20,5,4
Blood,BIRC5,PlasmaB,IA→AR,IA,AR,0.08133182,0.14010069,72.30000305175781,↑,0.58208,NS,7/12,4,3
Blood,BIRC5,PlasmaB,CR→AR,CR,AR,0.05511127,0.14010069,154.1999969482422,↑,0.7,NS,6/9,3,3
Blood,CASP1,Myeloid,NL→IT,NL,IT,0.84277153,1.2515215,48.5,↑,0.055556,†,22/25,5,5
Blood,CASP1,Myeloid,NL→IA,NL,IA,0.84277153,1.1235309,33.29999923706055,↑,0.285714,NS,15/20,5,4
Blood,CASP1,Myeloid,NL→AR,NL,AR,0.84277153,1.1397463,35.20000076293945,↑,0.25,NS,12/15,5,3
Blood,CASP1,Myeloid,NL→CR,NL,CR,0.84277153,0.88023967,4.400000095367432,↑,1.0,NS,8/15,5,3
Blood,CASP1,Myeloid,IT→IA,IT,IA,1.2515215,1.1235309,-10.199999809265137,↓,0.730159,NS,12/20,5,4
Blood,CASP1,Myeloid,IA→AR,IA,AR,1.1235309,1.1397463,1.399999976158142,↑,1.0,NS,6/12,4,3
Blood,CASP1,Myeloid,CR→AR,CR,AR,0.88023967,1.1397463,29.5,↑,0.2,NS,8/9,3,3
Blood,CASP1,CD4_T,NL→IT,NL,IT,0.3633729,0.38055313,4.699999809265137,↑,0.690476,NS,15/25,5,5
Blood,CASP1,CD4_T,NL→IA,NL,IA,0.3633729,0.36424798,0.2000000029802322,↑,0.904762,NS,11/20,5,4
Blood,CASP1,CD4_T,NL→AR,NL,AR,0.3633729,0.36503792,0.5,↑,0.785714,NS,9/15,5,3
Blood,CASP1,CD4_T,NL→CR,NL,CR,0.3633729,0.27171263,-25.200000762939453,↓,0.785714,NS,9/15,5,3
Blood,CASP1,CD4_T,IT→IA,IT,IA,0.38055313,0.36424798,-4.300000190734863,↓,0.555556,NS,13/20,5,4
Blood,CASP1,CD4_T,IA→AR,IA,AR,0.36424798,0.36503792,0.2000000029802322,↑,0.857143,NS,7/12,4,3
Blood,CASP1,CD4_T,CR→AR,CR,AR,0.27171263,0.36503792,34.29999923706055,↑,0.7,NS,6/9,3,3
Blood,CASP1,CD8_T,NL→IT,NL,IT,0.4260941,0.379646,-10.899999618530272,↓,0.690476,NS,15/25,5,5
Blood,CASP1,CD8_T,NL→IA,NL,IA,0.4260941,0.4226343,-0.800000011920929,↓,0.730159,NS,8/20,5,4
Blood,CASP1,CD8_T,NL→AR,NL,AR,0.4260941,0.4357531,2.299999952316284,↑,1.0,NS,8/15,5,3
Blood,CASP1,CD8_T,NL→CR,NL,CR,0.4260941,0.33519113,-21.299999237060547,↓,0.785714,NS,9/15,5,3
Blood,CASP1,CD8_T,IT→IA,IT,IA,0.379646,0.4226343,11.300000190734863,↑,0.555556,NS,13/20,5,4
Blood,CASP1,CD8_T,IA→AR,IA,AR,0.4226343,0.4357531,3.0999999046325684,↑,1.0,NS,6/12,4,3
Blood,CASP1,CD8_T,CR→AR,CR,AR,0.33519113,0.4357531,30.0,↑,0.1,NS,9/9,3,3
Blood,CASP1,NK,NL→IT,NL,IT,0.4353467,0.5359855,23.100000381469727,↑,0.547619,NS,16/25,5,5
Blood,CASP1,NK,NL→IA,NL,IA,0.4353467,0.47650188,9.5,↑,0.904762,NS,11/20,5,4
Blood,CASP1,NK,NL→AR,NL,AR,0.4353467,0.5769704,32.5,↑,0.571429,NS,10/15,5,3
Blood,CASP1,NK,NL→CR,NL,CR,0.4353467,0.4787985,10.0,↑,0.785714,NS,9/15,5,3
Blood,CASP1,NK,IT→IA,IT,IA,0.5359855,0.47650188,-11.100000381469728,↓,1.0,NS,10/20,5,4
Blood,CASP1,NK,IA→AR,IA,AR,0.47650188,0.5769704,21.100000381469727,↑,0.4,NS,9/12,4,3
Blood,CASP1,NK,CR→AR,CR,AR,0.4787985,0.5769704,20.5,↑,0.2,NS,8/9,3,3
Blood,CASP1,B,NL→IT,NL,IT,0.18979046,0.2789294,47.0,↑,0.309524,NS,18/25,5,5
Blood,CASP1,B,NL→IA,NL,IA,0.18979046,0.23497795,23.799999237060547,↑,0.730159,NS,12/20,5,4
Blood,CASP1,B,NL→AR,NL,AR,0.18979046,0.27244,43.5,↑,0.571429,NS,10/15,5,3
Blood,CASP1,B,NL→CR,NL,CR,0.18979046,0.15074751,-20.600000381469727,↓,0.571429,NS,10/15,5,3
Blood,CASP1,B,IT→IA,IT,IA,0.2789294,0.23497795,-15.800000190734863,↓,0.285714,NS,15/20,5,4
Blood,CASP1,B,IA→AR,IA,AR,0.23497795,0.27244,15.899999618530272,↑,0.228571,NS,10/12,4,3
Blood,CASP1,B,CR→AR,CR,AR,0.15074751,0.27244,80.69999694824219,↑,0.4,NS,7/9,3,3
Blood,CASP1,PlasmaB,NL→IT,NL,IT,0.09622168,0.14540544,51.09999847412109,↑,0.529619,NS,16/25,5,5
Blood,CASP1,PlasmaB,NL→IA,NL,IA,0.09622168,0.08885719,-7.699999809265137,↓,0.900865,NS,10/20,5,4
Blood,CASP1,PlasmaB,NL→AR,NL,AR,0.09622168,0.1310737,36.20000076293945,↑,0.764228,NS,9/15,5,3
Blood,CASP1,PlasmaB,NL→CR,NL,CR,0.09622168,0.070990704,-26.200000762939453,↓,1.0,NS,8/15,5,3
Blood,CASP1,PlasmaB,IT→IA,IT,IA,0.14540544,0.08885719,-38.900001525878906,↓,0.285714,NS,15/20,5,4
Blood,CASP1,PlasmaB,IA→AR,IA,AR,0.08885719,0.1310737,47.5,↑,0.857143,NS,7/12,4,3
Blood,CASP1,PlasmaB,CR→AR,CR,AR,0.070990704,0.1310737,84.5999984741211,↑,0.1,NS,9/9,3,3
Blood,CASP3,Myeloid,NL→IT,NL,IT,0.04982974,0.115949355,132.6999969482422,↑,0.036145,*,23/25,5,5
Blood,CASP3,Myeloid,NL→IA,NL,IA,0.04982974,0.10567363,112.0999984741211,↑,0.109855,NS,17/20,5,4
Blood,CASP3,Myeloid,NL→AR,NL,AR,0.04982974,0.14025736,181.5,↑,0.133701,NS,13/15,5,3
Blood,CASP3,Myeloid,NL→CR,NL,CR,0.04982974,0.1287946,158.5,↑,0.03577,*,15/15,5,3
Blood,CASP3,Myeloid,IT→IA,IT,IA,0.115949355,0.10567363,-8.899999618530273,↓,1.0,NS,10/20,5,4
Blood,CASP3,Myeloid,IA→AR,IA,AR,0.10567363,0.14025736,32.70000076293945,↑,1.0,NS,6/12,4,3
Blood,CASP3,Myeloid,CR→AR,CR,AR,0.1287946,0.14025736,8.899999618530273,↑,0.7,NS,3/9,3,3
Blood,CASP3,CD4_T,NL→IT,NL,IT,0.09807843,0.08555219,-12.800000190734863,↓,0.690476,NS,15/25,5,5
Blood,CASP3,CD4_T,NL→IA,NL,IA,0.09807843,0.14215446,44.900001525878906,↑,0.730159,NS,12/20,5,4
Blood,CASP3,CD4_T,NL→AR,NL,AR,0.09807843,0.096485,-1.600000023841858,↓,1.0,NS,8/15,5,3
Blood,CASP3,CD4_T,NL→CR,NL,CR,0.09807843,0.12820373,30.700000762939453,↑,0.392857,NS,11/15,5,3
Blood,CASP3,CD4_T,IT→IA,IT,IA,0.08555219,0.14215446,66.19999694824219,↑,0.555556,NS,13/20,5,4
Blood,CASP3,CD4_T,IA→AR,IA,AR,0.14215446,0.096485,-32.099998474121094,↓,1.0,NS,6/12,4,3
Blood,CASP3,CD4_T,CR→AR,CR,AR,0.12820373,0.096485,-24.700000762939453,↓,0.1,NS,9/9,3,3
Blood,CASP3,CD8_T,NL→IT,NL,IT,0.19771057,0.11529998,-41.70000076293945,↓,0.150794,NS,20/25,5,5
Blood,CASP3,CD8_T,NL→IA,NL,IA,0.19771057,0.18937555,-4.199999809265137,↓,0.730159,NS,12/20,5,4
Blood,CASP3,CD8_T,NL→AR,NL,AR,0.19771057,0.13531919,-31.600000381469727,↓,0.25,NS,12/15,5,3
Blood,CASP3,CD8_T,NL→CR,NL,CR,0.19771057,0.13653861,-30.899999618530277,↓,0.25,NS,12/15,5,3
Blood,CASP3,CD8_T,IT→IA,IT,IA,0.11529998,0.18937555,64.19999694824219,↑,0.285714,NS,15/20,5,4
Blood,CASP3,CD8_T,IA→AR,IA,AR,0.18937555,0.13531919,-28.5,↓,0.857143,NS,7/12,4,3
Blood,CASP3,CD8_T,CR→AR,CR,AR,0.13653861,0.13531919,-0.8999999761581421,↓,1.0,NS,4/9,3,3
Blood,CASP3,NK,NL→IT,NL,IT,0.17049998,0.1415138,-17.0,↓,0.222222,NS,19/25,5,5
Blood,CASP3,NK,NL→IA,NL,IA,0.17049998,0.24329099,42.70000076293945,↑,0.730159,NS,12/20,5,4
Blood,CASP3,NK,NL→AR,NL,AR,0.17049998,0.1556291,-8.699999809265137,↓,0.785714,NS,9/15,5,3
Blood,CASP3,NK,NL→CR,NL,CR,0.17049998,0.21612562,26.799999237060547,↑,0.071429,†,14/15,5,3
Blood,CASP3,NK,IT→IA,IT,IA,0.1415138,0.24329099,71.9000015258789,↑,0.190476,NS,16/20,5,4
Blood,CASP3,NK,IA→AR,IA,AR,0.24329099,0.1556291,-36.0,↓,0.4,NS,9/12,4,3
Blood,CASP3,NK,CR→AR,CR,AR,0.21612562,0.1556291,-28.0,↓,0.2,NS,8/9,3,3
Blood,CASP3,B,NL→IT,NL,IT,0.063553855,0.06813915,7.199999809265137,↑,1.0,NS,12/25,5,5
Blood,CASP3,B,NL→IA,NL,IA,0.063553855,0.0839195,32.0,↑,0.730159,NS,12/20,5,4
Blood,CASP3,B,NL→AR,NL,AR,0.063553855,0.07687525,21.0,↑,0.785714,NS,9/15,5,3
Blood,CASP3,B,NL→CR,NL,CR,0.063553855,0.10388234,63.5,↑,0.142857,NS,13/15,5,3
Blood,CASP3,B,IT→IA,IT,IA,0.06813915,0.0839195,23.200000762939453,↑,0.412698,NS,14/20,5,4
Blood,CASP3,B,IA→AR,IA,AR,0.0839195,0.07687525,-8.399999618530273,↓,0.857143,NS,7/12,4,3
Blood,CASP3,B,CR→AR,CR,AR,0.10388234,0.07687525,-26.0,↓,0.4,NS,7/9,3,3
Blood,CASP3,PlasmaB,NL→IT,NL,IT,0.5947715,0.34023285,-42.79999923706055,↓,0.055556,†,22/25,5,5
Blood,CASP3,PlasmaB,NL→IA,NL,IA,0.5947715,0.29846382,-49.79999923706055,↓,0.063492,†,18/20,5,4
Blood,CASP3,PlasmaB,NL→AR,NL,AR,0.5947715,0.47713646,-19.799999237060547,↓,0.392857,NS,11/15,5,3
Blood,CASP3,PlasmaB,NL→CR,NL,CR,0.5947715,0.33168283,-44.20000076293945,↓,0.071429,†,14/15,5,3
Blood,CASP3,PlasmaB,IT→IA,IT,IA,0.34023285,0.29846382,-12.300000190734863,↓,0.555556,NS,13/20,5,4
Blood,CASP3,PlasmaB,IA→AR,IA,AR,0.29846382,0.47713646,59.900001525878906,↑,0.228571,NS,10/12,4,3
Blood,CASP3,PlasmaB,CR→AR,CR,AR,0.33168283,0.47713646,43.900001525878906,↑,0.2,NS,8/9,3,3
Blood,CASP8,Myeloid,NL→IT,NL,IT,0.12061636,0.24898592,106.4000015258789,↑,0.031746,*,23/25,5,5
Blood,CASP8,Myeloid,NL→IA,NL,IA,0.12061636,0.22425675,85.9000015258789,↑,0.190476,NS,16/20,5,4
Blood,CASP8,Myeloid,NL→AR,NL,AR,0.12061636,0.2660407,120.5999984741211,↑,0.035714,*,15/15,5,3
Blood,CASP8,Myeloid,NL→CR,NL,CR,0.12061636,0.44663587,270.29998779296875,↑,0.035714,*,15/15,5,3
Blood,CASP8,Myeloid,IT→IA,IT,IA,0.24898592,0.22425675,-9.899999618530272,↓,0.904762,NS,11/20,5,4
Blood,CASP8,Myeloid,IA→AR,IA,AR,0.22425675,0.2660407,18.600000381469727,↑,0.857143,NS,7/12,4,3
Blood,CASP8,Myeloid,CR→AR,CR,AR,0.44663587,0.2660407,-40.400001525878906,↓,0.1,NS,9/9,3,3
Blood,CASP8,CD4_T,NL→IT,NL,IT,0.375878,0.3296561,-12.300000190734863,↓,0.150794,NS,20/25,5,5
Blood,CASP8,CD4_T,NL→IA,NL,IA,0.375878,0.34405142,-8.5,↓,0.555556,NS,13/20,5,4
Blood,CASP8,CD4_T,NL→AR,NL,AR,0.375878,0.33918083,-9.800000190734863,↓,0.25,NS,12/15,5,3
Blood,CASP8,CD4_T,NL→CR,NL,CR,0.375878,0.5220038,38.900001525878906,↑,0.035714,*,15/15,5,3
Blood,CASP8,CD4_T,IT→IA,IT,IA,0.3296561,0.34405142,4.400000095367432,↑,0.730159,NS,12/20,5,4
Blood,CASP8,CD4_T,IA→AR,IA,AR,0.34405142,0.33918083,-1.399999976158142,↓,1.0,NS,6/12,4,3
Blood,CASP8,CD4_T,CR→AR,CR,AR,0.5220038,0.33918083,-35.0,↓,0.1,NS,9/9,3,3
Blood,CASP8,CD8_T,NL→IT,NL,IT,0.38622305,0.31448227,-18.600000381469727,↓,0.309524,NS,18/25,5,5
Blood,CASP8,CD8_T,NL→IA,NL,IA,0.38622305,0.36652887,-5.099999904632568,↓,0.730159,NS,12/20,5,4
Blood,CASP8,CD8_T,NL→AR,NL,AR,0.38622305,0.36209437,-6.199999809265137,↓,0.571429,NS,10/15,5,3
Blood,CASP8,CD8_T,NL→CR,NL,CR,0.38622305,0.5663405,46.59999847412109,↑,0.035714,*,15/15,5,3
Blood,CASP8,CD8_T,IT→IA,IT,IA,0.31448227,0.36652887,16.5,↑,0.730159,NS,12/20,5,4
Blood,CASP8,CD8_T,IA→AR,IA,AR,0.36652887,0.36209437,-1.2000000476837158,↓,0.857143,NS,7/12,4,3
Blood,CASP8,CD8_T,CR→AR,CR,AR,0.5663405,0.36209437,-36.09999847412109,↓,0.1,NS,9/9,3,3
Blood,CASP8,NK,NL→IT,NL,IT,0.39288598,0.42014402,6.900000095367432,↑,0.547619,NS,16/25,5,5
Blood,CASP8,NK,NL→IA,NL,IA,0.39288598,0.4083579,3.900000095367432,↑,0.555556,NS,13/20,5,4
Blood,CASP8,NK,NL→AR,NL,AR,0.39288598,0.4177858,6.300000190734863,↑,1.0,NS,8/15,5,3
Blood,CASP8,NK,NL→CR,NL,CR,0.39288598,0.65846634,67.5999984741211,↑,0.035714,*,15/15,5,3
Blood,CASP8,NK,IT→IA,IT,IA,0.42014402,0.4083579,-2.799999952316284,↓,0.904762,NS,9/20,5,4
Blood,CASP8,NK,IA→AR,IA,AR,0.4083579,0.4177858,2.299999952316284,↑,0.857143,NS,5/12,4,3
Blood,CASP8,NK,CR→AR,CR,AR,0.65846634,0.4177858,-36.59999847412109,↓,0.1,NS,9/9,3,3
Blood,CASP8,B,NL→IT,NL,IT,0.19740513,0.22852962,15.800000190734863,↑,0.309524,NS,18/25,5,5
Blood,CASP8,B,NL→IA,NL,IA,0.19740513,0.23248468,17.799999237060547,↑,0.285714,NS,15/20,5,4
Blood,CASP8,B,NL→AR,NL,AR,0.19740513,0.2530152,28.200000762939453,↑,0.392857,NS,11/15,5,3
Blood,CASP8,B,NL→CR,NL,CR,0.19740513,0.27646604,40.09999847412109,↑,0.25,NS,12/15,5,3
Blood,CASP8,B,IT→IA,IT,IA,0.22852962,0.23248468,1.7000000476837158,↑,1.0,NS,10/20,5,4
Blood,CASP8,B,IA→AR,IA,AR,0.23248468,0.2530152,8.800000190734863,↑,0.857143,NS,7/12,4,3
Blood,CASP8,B,CR→AR,CR,AR,0.27646604,0.2530152,-8.5,↓,0.7,NS,6/9,3,3
Blood,CASP8,PlasmaB,NL→IT,NL,IT,0.2339458,0.21500686,-8.100000381469727,↓,0.420635,NS,8/25,5,5
Blood,CASP8,PlasmaB,NL→IA,NL,IA,0.2339458,0.2155155,-7.900000095367432,↓,0.904762,NS,9/20,5,4
Blood,CASP8,PlasmaB,NL→AR,NL,AR,0.2339458,0.24266201,3.700000047683716,↑,0.25,NS,12/15,5,3
Blood,CASP8,PlasmaB,NL→CR,NL,CR,0.2339458,0.41934082,79.19999694824219,↑,0.25,NS,12/15,5,3
Blood,CASP8,PlasmaB,IT→IA,IT,IA,0.21500686,0.2155155,0.2000000029802322,↑,1.0,NS,10/20,5,4
Blood,CASP8,PlasmaB,IA→AR,IA,AR,0.2155155,0.24266201,12.600000381469728,↑,0.857143,NS,7/12,4,3
Blood,CASP8,PlasmaB,CR→AR,CR,AR,0.41934082,0.24266201,-42.09999847412109,↓,0.1,NS,9/9,3,3
Blood,CCND1,Myeloid,NL→IT,NL,IT,0.003991927,0.0020899377,-47.59999847412109,↓,0.655836,NS,7/25,5,5
Blood,CCND1,Myeloid,NL→IA,NL,IA,0.003991927,0.023345761,484.7999877929688,↑,0.105364,NS,17/20,5,4
Blood,CCND1,Myeloid,NL→AR,NL,AR,0.003991927,0.0043022744,7.800000190734863,↑,0.2217,NS,12/15,5,3
Blood,CCND1,Myeloid,NL→CR,NL,CR,0.003991927,0.0022946538,-42.5,↓,0.2217,NS,3/15,5,3
Blood,CCND1,Myeloid,IT→IA,IT,IA,0.0020899377,0.023345761,1017.0999755859376,↑,0.268341,NS,15/20,5,4
Blood,CCND1,Myeloid,IA→AR,IA,AR,0.023345761,0.0043022744,-81.5999984741211,↓,0.857143,NS,5/12,4,3
Blood,CCND1,Myeloid,CR→AR,CR,AR,0.0022946538,0.0043022744,87.5,↑,0.7,NS,6/9,3,3
Blood,CCND1,CD4_T,NL→IT,NL,IT,0.000613438,0.0054627135,790.5,↑,0.01775,*,24/25,5,5
Blood,CCND1,CD4_T,NL→IA,NL,IA,0.000613438,0.020720957,3277.800048828125,↑,0.015078,*,20/20,5,4
Blood,CCND1,CD4_T,NL→AR,NL,AR,0.000613438,0.0048592514,692.0999755859375,↑,0.056664,†,14/15,5,3
Blood,CCND1,CD4_T,NL→CR,NL,CR,0.000613438,0.0047762543,678.5999755859375,↑,0.056664,†,14/15,5,3
Blood,CCND1,CD4_T,IT→IA,IT,IA,0.0054627135,0.020720957,279.29998779296875,↑,0.190476,NS,16/20,5,4
Blood,CCND1,CD4_T,IA→AR,IA,AR,0.020720957,0.0048592514,-76.5,↓,0.228571,NS,10/12,4,3
Blood,CCND1,CD4_T,CR→AR,CR,AR,0.0047762543,0.0048592514,1.7000000476837158,↑,1.0,NS,4/9,3,3
Blood,CCND1,CD8_T,NL→IT,NL,IT,0.0010616176,0.0013898786,30.899999618530277,↑,0.724082,NS,10/25,5,5
Blood,CCND1,CD8_T,NL→IA,NL,IA,0.0010616176,0.012637369,1090.4000244140625,↑,0.105364,NS,17/20,5,4
Blood,CCND1,CD8_T,NL→AR,NL,AR,0.0010616176,0.002839524,167.5,↑,0.359397,NS,11/15,5,3
Blood,CCND1,CD8_T,NL→CR,NL,CR,0.0010616176,0.004156115,291.5,↑,0.2217,NS,12/15,5,3
Blood,CCND1,CD8_T,IT→IA,IT,IA,0.0013898786,0.012637369,809.2000122070312,↑,0.170609,NS,16/20,5,4
Blood,CCND1,CD8_T,IA→AR,IA,AR,0.012637369,0.002839524,-77.5,↓,0.228571,NS,10/12,4,3
Blood,CCND1,CD8_T,CR→AR,CR,AR,0.004156115,0.002839524,-31.700000762939453,↓,0.4,NS,7/9,3,3
Blood,CCND1,NK,NL→IT,NL,IT,0.0043377867,0.002412454,-44.400001525878906,↓,0.397615,NS,7/25,5,5
Blood,CCND1,NK,NL→IA,NL,IA,0.0043377867,0.01818408,319.20001220703125,↑,0.109855,NS,17/20,5,4
Blood,CCND1,NK,NL→AR,NL,AR,0.0043377867,0.0023417233,-46.0,↓,0.230243,NS,3/15,5,3
Blood,CCND1,NK,NL→CR,NL,CR,0.0043377867,0.0035762787,-17.600000381469727,↓,0.230243,NS,3/15,5,3
Blood,CCND1,NK,IT→IA,IT,IA,0.002412454,0.01818408,653.7999877929688,↑,0.111111,NS,17/20,5,4
Blood,CCND1,NK,IA→AR,IA,AR,0.01818408,0.0023417233,-87.0999984741211,↓,0.057143,†,12/12,4,3
Blood,CCND1,NK,CR→AR,CR,AR,0.0035762787,0.0023417233,-34.5,↓,0.1,NS,9/9,3,3
Blood,CCND1,B,NL→IT,NL,IT,0.00332556,0.018858304,467.1000061035156,↑,0.011159,*,25/25,5,5
Blood,CCND1,B,NL→IA,NL,IA,0.00332556,0.03647747,996.9000244140624,↑,0.017943,*,20/20,5,4
Blood,CCND1,B,NL→AR,NL,AR,0.00332556,0.021242285,538.7999877929688,↑,0.032473,*,15/15,5,3
Blood,CCND1,B,NL→CR,NL,CR,0.00332556,0.0124673,274.8999938964844,↑,0.032473,*,15/15,5,3
Blood,CCND1,B,IT→IA,IT,IA,0.018858304,0.03647747,93.4000015258789,↑,0.412698,NS,14/20,5,4
Blood,CCND1,B,IA→AR,IA,AR,0.03647747,0.021242285,-41.79999923706055,↓,0.4,NS,9/12,4,3
Blood,CCND1,B,CR→AR,CR,AR,0.0124673,0.021242285,70.4000015258789,↑,0.4,NS,7/9,3,3
Blood,CCND1,PlasmaB,NL→IT,NL,IT,0.0,0.004063409,99999.0,↑,0.423711,NS,5/25,5,5
Blood,CCND1,PlasmaB,NL→IA,NL,IA,0.0,0.007722984,99999.0,↑,0.13121,NS,10/20,5,4
Blood,CCND1,PlasmaB,NL→AR,NL,AR,0.0,0.0,0.0,↑,1.0,NS,0/15,5,3
Blood,CCND1,PlasmaB,NL→CR,NL,CR,0.0,0.0062479726,99999.0,↑,0.3017,NS,5/15,5,3
Blood,CCND1,PlasmaB,IT→IA,IT,IA,0.004063409,0.007722984,90.0999984741211,↑,0.662427,NS,8/20,5,4
Blood,CCND1,PlasmaB,IA→AR,IA,AR,0.007722984,0.0,-100.0,↓,0.270289,NS,6/12,4,3
Blood,CCND1,PlasmaB,CR→AR,CR,AR,0.0062479726,0.0,-100.0,↓,0.504985,NS,3/9,3,3
Blood,CCR7,Myeloid,NL→IT,NL,IT,0.00071091,0.0065600947,822.7999877929688,↑,0.052412,†,22/25,5,5
Blood,CCR7,Myeloid,NL→IA,NL,IA,0.00071091,0.0664269,9243.900390625,↑,0.029657,*,19/20,5,4
Blood,CCR7,Myeloid,NL→AR,NL,AR,0.00071091,0.0051946673,630.7000122070312,↑,0.305507,NS,9/15,5,3
Blood,CCR7,Myeloid,NL→CR,NL,CR,0.00071091,0.021656623,2946.300048828125,↑,0.026179,*,15/15,5,3
Blood,CCR7,Myeloid,IT→IA,IT,IA,0.0065600947,0.0664269,912.5999755859376,↑,0.412698,NS,14/20,5,4
Blood,CCR7,Myeloid,IA→AR,IA,AR,0.0664269,0.0051946673,-92.1999969482422,↓,0.4,NS,9/12,4,3
Blood,CCR7,Myeloid,CR→AR,CR,AR,0.021656623,0.0051946673,-76.0,↓,0.2,NS,8/9,3,3
Blood,CCR7,CD4_T,NL→IT,NL,IT,0.84562856,1.1051614,30.700000762939453,↑,0.420635,NS,17/25,5,5
Blood,CCR7,CD4_T,NL→IA,NL,IA,0.84562856,1.2722387,50.400001525878906,↑,0.190476,NS,16/20,5,4
Blood,CCR7,CD4_T,NL→AR,NL,AR,0.84562856,1.2999262,53.70000076293945,↑,0.25,NS,12/15,5,3
Blood,CCR7,CD4_T,NL→CR,NL,CR,0.84562856,0.98337466,16.299999237060547,↑,0.392857,NS,11/15,5,3
Blood,CCR7,CD4_T,IT→IA,IT,IA,1.1051614,1.2722387,15.100000381469728,↑,0.730159,NS,12/20,5,4
Blood,CCR7,CD4_T,IA→AR,IA,AR,1.2722387,1.2999262,2.200000047683716,↑,1.0,NS,6/12,4,3
Blood,CCR7,CD4_T,CR→AR,CR,AR,0.98337466,1.2999262,32.20000076293945,↑,0.4,NS,7/9,3,3
Blood,CCR7,CD8_T,NL→IT,NL,IT,0.6129039,1.0247904,67.19999694824219,↑,0.309524,NS,18/25,5,5
Blood,CCR7,CD8_T,NL→IA,NL,IA,0.6129039,0.89291453,45.70000076293945,↑,0.412698,NS,14/20,5,4
Blood,CCR7,CD8_T,NL→AR,NL,AR,0.6129039,0.84005815,37.09999847412109,↑,0.392857,NS,11/15,5,3
Blood,CCR7,CD8_T,NL→CR,NL,CR,0.6129039,0.8606327,40.400001525878906,↑,0.25,NS,12/15,5,3
Blood,CCR7,CD8_T,IT→IA,IT,IA,1.0247904,0.89291453,-12.899999618530272,↓,0.730159,NS,12/20,5,4
Blood,CCR7,CD8_T,IA→AR,IA,AR,0.89291453,0.84005815,-5.900000095367432,↓,0.857143,NS,5/12,4,3
Blood,CCR7,CD8_T,CR→AR,CR,AR,0.8606327,0.84005815,-2.400000095367432,↓,1.0,NS,4/9,3,3
Blood,CCR7,NK,NL→IT,NL,IT,0.024597997,0.037588947,52.79999923706055,↑,0.547619,NS,16/25,5,5
Blood,CCR7,NK,NL→IA,NL,IA,0.024597997,0.08758473,256.1000061035156,↑,0.015873,*,20/20,5,4
Blood,CCR7,NK,NL→AR,NL,AR,0.024597997,0.05140235,109.0,↑,0.142857,NS,13/15,5,3
Blood,CCR7,NK,NL→CR,NL,CR,0.024597997,0.059381742,141.39999389648438,↑,0.035714,*,15/15,5,3
Blood,CCR7,NK,IT→IA,IT,IA,0.037588947,0.08758473,133.0,↑,0.111111,NS,17/20,5,4
Blood,CCR7,NK,IA→AR,IA,AR,0.08758473,0.05140235,-41.29999923706055,↓,0.228571,NS,10/12,4,3
Blood,CCR7,NK,CR→AR,CR,AR,0.059381742,0.05140235,-13.399999618530272,↓,1.0,NS,4/9,3,3
Blood,CCR7,B,NL→IT,NL,IT,0.41391492,0.6417361,55.0,↑,0.222222,NS,19/25,5,5
Blood,CCR7,B,NL→IA,NL,IA,0.41391492,0.9023439,118.0,↑,0.111111,NS,17/20,5,4
Blood,CCR7,B,NL→AR,NL,AR,0.41391492,0.5916495,42.900001525878906,↑,0.392857,NS,11/15,5,3
Blood,CCR7,B,NL→CR,NL,CR,0.41391492,0.5998254,44.900001525878906,↑,0.571429,NS,10/15,5,3
Blood,CCR7,B,IT→IA,IT,IA,0.6417361,0.9023439,40.59999847412109,↑,0.063492,†,18/20,5,4
Blood,CCR7,B,IA→AR,IA,AR,0.9023439,0.5916495,-34.400001525878906,↓,0.057143,†,12/12,4,3
Blood,CCR7,B,CR→AR,CR,AR,0.5998254,0.5916495,-1.399999976158142,↓,1.0,NS,5/9,3,3
Blood,CCR7,PlasmaB,NL→IT,NL,IT,0.06872828,0.09784965,42.400001525878906,↑,0.397615,NS,17/25,5,5
Blood,CCR7,PlasmaB,NL→IA,NL,IA,0.06872828,0.049280427,-28.299999237060547,↓,1.0,NS,8/20,5,4
Blood,CCR7,PlasmaB,NL→AR,NL,AR,0.06872828,0.05795531,-15.699999809265137,↓,1.0,NS,6/15,5,3
Blood,CCR7,PlasmaB,NL→CR,NL,CR,0.06872828,0.17546476,155.3000030517578,↑,0.2217,NS,12/15,5,3
Blood,CCR7,PlasmaB,IT→IA,IT,IA,0.09784965,0.049280427,-49.59999847412109,↓,0.285714,NS,15/20,5,4
Blood,CCR7,PlasmaB,IA→AR,IA,AR,0.049280427,0.05795531,17.600000381469727,↑,1.0,NS,6/12,4,3
Blood,CCR7,PlasmaB,CR→AR,CR,AR,0.17546476,0.05795531,-67.0,↓,0.1,NS,9/9,3,3
Blood,CD160,Myeloid,NL→IT,NL,IT,0.0016207667,0.00057581684,-64.5,↓,0.724082,NS,10/25,5,5
Blood,CD160,Myeloid,NL→IA,NL,IA,0.0016207667,0.0013246528,-18.299999237060547,↓,1.0,NS,7/20,5,4
Blood,CD160,Myeloid,NL→AR,NL,AR,0.0016207667,0.00082878367,-48.900001525878906,↓,1.0,NS,6/15,5,3
Blood,CD160,Myeloid,NL→CR,NL,CR,0.0016207667,0.00045583397,-71.9000015258789,↓,1.0,NS,6/15,5,3
Blood,CD160,Myeloid,IT→IA,IT,IA,0.00057581684,0.0013246528,130.0,↑,0.687322,NS,9/20,5,4
Blood,CD160,Myeloid,IA→AR,IA,AR,0.0013246528,0.00082878367,-37.400001525878906,↓,0.854445,NS,6/12,4,3
Blood,CD160,Myeloid,CR→AR,CR,AR,0.00045583397,0.00082878367,81.80000305175781,↑,0.506555,NS,6/9,3,3
Blood,CD160,CD4_T,NL→IT,NL,IT,0.016914245,0.011597505,-31.399999618530277,↓,1.0,NS,11/25,5,5
Blood,CD160,CD4_T,NL→IA,NL,IA,0.016914245,0.055038355,225.3999938964844,↑,0.389284,NS,14/20,5,4
Blood,CD160,CD4_T,NL→AR,NL,AR,0.016914245,0.014371295,-15.0,↓,1.0,NS,7/15,5,3
Blood,CD160,CD4_T,NL→CR,NL,CR,0.016914245,0.014770324,-12.699999809265137,↓,0.764228,NS,6/15,5,3
Blood,CD160,CD4_T,IT→IA,IT,IA,0.011597505,0.055038355,374.6000061035156,↑,0.190476,NS,16/20,5,4
Blood,CD160,CD4_T,IA→AR,IA,AR,0.055038355,0.014371295,-73.9000015258789,↓,0.628571,NS,8/12,4,3
Blood,CD160,CD4_T,CR→AR,CR,AR,0.014770324,0.014371295,-2.700000047683716,↓,1.0,NS,4/9,3,3
Blood,CD160,CD8_T,NL→IT,NL,IT,0.092745766,0.06528007,-29.600000381469727,↓,1.0,NS,12/25,5,5
Blood,CD160,CD8_T,NL→IA,NL,IA,0.092745766,0.10292969,11.0,↑,0.555556,NS,13/20,5,4
Blood,CD160,CD8_T,NL→AR,NL,AR,0.092745766,0.14051564,51.5,↑,0.392857,NS,11/15,5,3
Blood,CD160,CD8_T,NL→CR,NL,CR,0.092745766,0.04743172,-48.900001525878906,↓,0.785714,NS,9/15,5,3
Blood,CD160,CD8_T,IT→IA,IT,IA,0.06528007,0.10292969,57.70000076293945,↑,0.412698,NS,14/20,5,4
Blood,CD160,CD8_T,IA→AR,IA,AR,0.10292969,0.14051564,36.5,↑,1.0,NS,6/12,4,3
Blood,CD160,CD8_T,CR→AR,CR,AR,0.04743172,0.14051564,196.1999969482422,↑,0.4,NS,7/9,3,3
Blood,CD160,NK,NL→IT,NL,IT,0.23082542,0.33891863,46.79999923706055,↑,0.309524,NS,18/25,5,5
Blood,CD160,NK,NL→IA,NL,IA,0.23082542,0.5080131,120.0999984741211,↑,0.031746,*,19/20,5,4
Blood,CD160,NK,NL→AR,NL,AR,0.23082542,0.3653746,58.29999923706055,↑,0.142857,NS,13/15,5,3
Blood,CD160,NK,NL→CR,NL,CR,0.23082542,0.33845568,46.59999847412109,↑,0.785714,NS,9/15,5,3
Blood,CD160,NK,IT→IA,IT,IA,0.33891863,0.5080131,49.900001525878906,↑,0.190476,NS,16/20,5,4
Blood,CD160,NK,IA→AR,IA,AR,0.5080131,0.3653746,-28.100000381469727,↓,0.4,NS,9/12,4,3
Blood,CD160,NK,CR→AR,CR,AR,0.33845568,0.3653746,8.0,↑,0.7,NS,6/9,3,3
Blood,CD160,B,NL→IT,NL,IT,0.0,0.0006166232,99999.0,↑,0.423711,NS,5/25,5,5
Blood,CD160,B,NL→IA,NL,IA,0.0,0.0014739804,99999.0,↑,0.13121,NS,10/20,5,4
Blood,CD160,B,NL→AR,NL,AR,0.0,0.001500856,99999.0,↑,0.3017,NS,5/15,5,3
Blood,CD160,B,NL→CR,NL,CR,0.0,0.0005991224,99999.0,↑,0.078983,†,10/15,5,3
Blood,CD160,B,IT→IA,IT,IA,0.0006166232,0.0014739804,139.0,↑,0.466854,NS,9/20,5,4
Blood,CD160,B,IA→AR,IA,AR,0.0014739804,0.001500856,1.7999999523162842,↑,1.0,NS,4/12,4,3
Blood,CD160,B,CR→AR,CR,AR,0.0005991224,0.001500856,150.5,↑,1.0,NS,3/9,3,3
Blood,CD160,PlasmaB,NL→IT,NL,IT,0.0,0.003408986,99999.0,↑,0.423711,NS,5/25,5,5
Blood,CD160,PlasmaB,NL→IA,NL,IA,0.0,0.0049938066,99999.0,↑,0.371093,NS,5/20,5,4
Blood,CD160,PlasmaB,NL→AR,NL,AR,0.0,0.0,0.0,↑,1.0,NS,0/15,5,3
Blood,CD160,PlasmaB,NL→CR,NL,CR,0.0,0.0,0.0,↑,1.0,NS,0/15,5,3
Blood,CD160,PlasmaB,IT→IA,IT,IA,0.003408986,0.0049938066,46.5,↑,0.866815,NS,5/20,5,4
Blood,CD160,PlasmaB,IA→AR,IA,AR,0.0049938066,0.0,-100.0,↓,0.563703,NS,3/12,4,3
Blood,CD160,PlasmaB,CR→AR,CR,AR,0.0,0.0,0.0,↑,1.0,NS,0/9,3,3
Blood,CD27,Myeloid,NL→IT,NL,IT,0.0003409765,0.0039241537,1050.9000244140625,↑,0.239317,NS,14/25,5,5
Blood,CD27,Myeloid,NL→IA,NL,IA,0.0003409765,0.007937904,2228.0,↑,0.029657,*,19/20,5,4
Blood,CD27,Myeloid,NL→AR,NL,AR,0.0003409765,0.009394382,2655.10009765625,↑,0.171857,NS,10/15,5,3
Blood,CD27,Myeloid,NL→CR,NL,CR,0.0003409765,0.01124956,3199.199951171875,↑,0.026179,*,15/15,5,3
Blood,CD27,Myeloid,IT→IA,IT,IA,0.0039241537,0.007937904,102.3000030517578,↑,0.389284,NS,14/20,5,4
Blood,CD27,Myeloid,IA→AR,IA,AR,0.007937904,0.009394382,18.299999237060547,↑,0.857143,NS,5/12,4,3
Blood,CD27,Myeloid,CR→AR,CR,AR,0.01124956,0.009394382,-16.5,↓,0.7,NS,6/9,3,3
Blood,CD27,CD4_T,NL→IT,NL,IT,0.7821539,1.0579695,35.29999923706055,↑,0.095238,†,21/25,5,5
Blood,CD27,CD4_T,NL→IA,NL,IA,0.7821539,1.0091405,29.0,↑,0.412698,NS,14/20,5,4
Blood,CD27,CD4_T,NL→AR,NL,AR,0.7821539,1.2130846,55.09999847412109,↑,0.035714,*,15/15,5,3
Blood,CD27,CD4_T,NL→CR,NL,CR,0.7821539,0.7434049,-5.0,↓,1.0,NS,8/15,5,3
Blood,CD27,CD4_T,IT→IA,IT,IA,1.0579695,1.0091405,-4.599999904632568,↓,0.730159,NS,8/20,5,4
Blood,CD27,CD4_T,IA→AR,IA,AR,1.0091405,1.2130846,20.200000762939453,↑,0.628571,NS,8/12,4,3
Blood,CD27,CD4_T,CR→AR,CR,AR,0.7434049,1.2130846,63.20000076293945,↑,0.1,NS,9/9,3,3
Blood,CD27,CD8_T,NL→IT,NL,IT,0.70756865,0.97697604,38.09999847412109,↑,0.309524,NS,18/25,5,5
Blood,CD27,CD8_T,NL→IA,NL,IA,0.70756865,0.95141244,34.5,↑,0.285714,NS,15/20,5,4
Blood,CD27,CD8_T,NL→AR,NL,AR,0.70756865,0.974154,37.70000076293945,↑,0.392857,NS,11/15,5,3
Blood,CD27,CD8_T,NL→CR,NL,CR,0.70756865,0.7729396,9.199999809265137,↑,0.785714,NS,9/15,5,3
Blood,CD27,CD8_T,IT→IA,IT,IA,0.97697604,0.95141244,-2.5999999046325684,↓,0.730159,NS,12/20,5,4
Blood,CD27,CD8_T,IA→AR,IA,AR,0.95141244,0.974154,2.400000095367432,↑,0.857143,NS,7/12,4,3
Blood,CD27,CD8_T,CR→AR,CR,AR,0.7729396,0.974154,26.0,↑,0.7,NS,6/9,3,3
Blood,CD27,NK,NL→IT,NL,IT,0.06023583,0.09963007,65.4000015258789,↑,0.222222,NS,19/25,5,5
Blood,CD27,NK,NL→IA,NL,IA,0.06023583,0.16449063,173.10000610351562,↑,0.111111,NS,17/20,5,4
Blood,CD27,NK,NL→AR,NL,AR,0.06023583,0.14100705,134.10000610351562,↑,0.25,NS,12/15,5,3
Blood,CD27,NK,NL→CR,NL,CR,0.06023583,0.12541525,108.1999969482422,↑,0.25,NS,12/15,5,3
Blood,CD27,NK,IT→IA,IT,IA,0.09963007,0.16449063,65.0999984741211,↑,0.111111,NS,17/20,5,4
Blood,CD27,NK,IA→AR,IA,AR,0.16449063,0.14100705,-14.300000190734863,↓,1.0,NS,6/12,4,3
Blood,CD27,NK,CR→AR,CR,AR,0.12541525,0.14100705,12.399999618530272,↑,1.0,NS,5/9,3,3
Blood,CD27,B,NL→IT,NL,IT,0.39379412,0.4452235,13.100000381469728,↑,0.547619,NS,16/25,5,5
Blood,CD27,B,NL→IA,NL,IA,0.39379412,0.38291723,-2.799999952316284,↓,0.904762,NS,9/20,5,4
Blood,CD27,B,NL→AR,NL,AR,0.39379412,0.5678458,44.20000076293945,↑,0.785714,NS,9/15,5,3
Blood,CD27,B,NL→CR,NL,CR,0.39379412,0.22093238,-43.900001525878906,↓,0.25,NS,12/15,5,3
Blood,CD27,B,IT→IA,IT,IA,0.4452235,0.38291723,-14.0,↓,0.190476,NS,16/20,5,4
Blood,CD27,B,IA→AR,IA,AR,0.38291723,0.5678458,48.29999923706055,↑,0.228571,NS,10/12,4,3
Blood,CD27,B,CR→AR,CR,AR,0.22093238,0.5678458,157.0,↑,0.1,NS,9/9,3,3
Blood,CD27,PlasmaB,NL→IT,NL,IT,1.101549,0.7743358,-29.700000762939453,↓,0.309524,NS,18/25,5,5
Blood,CD27,PlasmaB,NL→IA,NL,IA,1.101549,0.6838728,-37.900001525878906,↓,0.111111,NS,17/20,5,4
Blood,CD27,PlasmaB,NL→AR,NL,AR,1.101549,1.1521183,4.599999904632568,↑,0.785714,NS,6/15,5,3
Blood,CD27,PlasmaB,NL→CR,NL,CR,1.101549,0.69307846,-37.09999847412109,↓,0.25,NS,12/15,5,3
Blood,CD27,PlasmaB,IT→IA,IT,IA,0.7743358,0.6838728,-11.699999809265137,↓,0.730159,NS,12/20,5,4
Blood,CD27,PlasmaB,IA→AR,IA,AR,0.6838728,1.1521183,68.5,↑,0.057143,†,12/12,4,3
Blood,CD27,PlasmaB,CR→AR,CR,AR,0.69307846,1.1521183,66.19999694824219,↑,0.1,NS,9/9,3,3
Blood,CD274,Myeloid,NL→IT,NL,IT,0.0020314024,0.004679681,130.39999389648438,↑,0.131379,NS,20/25,5,5
Blood,CD274,Myeloid,NL→IA,NL,IA,0.0020314024,0.0056580715,178.5,↑,0.096319,†,17/20,5,4
Blood,CD274,Myeloid,NL→AR,NL,AR,0.0020314024,0.0025295292,24.5,↑,0.494525,NS,8/15,5,3
Blood,CD274,Myeloid,NL→CR,NL,CR,0.0020314024,0.0021557584,6.099999904632568,↑,0.203872,NS,12/15,5,3
Blood,CD274,Myeloid,IT→IA,IT,IA,0.004679681,0.0056580715,20.899999618530277,↑,0.904762,NS,11/20,5,4
Blood,CD274,Myeloid,IA→AR,IA,AR,0.0056580715,0.0025295292,-55.29999923706055,↓,0.4,NS,9/12,4,3
Blood,CD274,Myeloid,CR→AR,CR,AR,0.0021557584,0.0025295292,17.299999237060547,↑,0.7,NS,6/9,3,3
Blood,CD274,CD4_T,NL→IT,NL,IT,0.013626265,0.015708346,15.300000190734863,↑,1.0,NS,13/25,5,5
Blood,CD274,CD4_T,NL→IA,NL,IA,0.013626265,0.013105575,-3.799999952316284,↓,0.555556,NS,13/20,5,4
Blood,CD274,CD4_T,NL→AR,NL,AR,0.013626265,0.011143621,-18.200000762939453,↓,0.571429,NS,10/15,5,3
Blood,CD274,CD4_T,NL→CR,NL,CR,0.013626265,0.012462405,-8.5,↓,0.571429,NS,10/15,5,3
Blood,CD274,CD4_T,IT→IA,IT,IA,0.015708346,0.013105575,-16.600000381469727,↓,0.730159,NS,12/20,5,4
Blood,CD274,CD4_T,IA→AR,IA,AR,0.013105575,0.011143621,-15.0,↓,0.857143,NS,7/12,4,3
Blood,CD274,CD4_T,CR→AR,CR,AR,0.012462405,0.011143621,-10.600000381469728,↓,1.0,NS,5/9,3,3
Blood,CD274,CD8_T,NL→IT,NL,IT,0.0023446784,0.008666026,269.6000061035156,↑,0.034454,*,23/25,5,5
Blood,CD274,CD8_T,NL→IA,NL,IA,0.0023446784,0.012578717,436.5,↑,0.061689,†,18/20,5,4
Blood,CD274,CD8_T,NL→AR,NL,AR,0.0023446784,0.0070642983,201.3000030517578,↑,0.12663,NS,13/15,5,3
Blood,CD274,CD8_T,NL→CR,NL,CR,0.0023446784,0.008740651,272.79998779296875,↑,0.12663,NS,13/15,5,3
Blood,CD274,CD8_T,IT→IA,IT,IA,0.008666026,0.012578717,45.09999847412109,↑,0.555556,NS,13/20,5,4
Blood,CD274,CD8_T,IA→AR,IA,AR,0.012578717,0.0070642983,-43.79999923706055,↓,0.628571,NS,8/12,4,3
Blood,CD274,CD8_T,CR→AR,CR,AR,0.008740651,0.0070642983,-19.200000762939453,↓,1.0,NS,5/9,3,3
Blood,CD274,NK,NL→IT,NL,IT,0.008965011,0.007865176,-12.300000190734863,↓,0.834035,NS,11/25,5,5
Blood,CD274,NK,NL→IA,NL,IA,0.008965011,0.009874726,10.100000381469728,↑,1.0,NS,10/20,5,4
Blood,CD274,NK,NL→AR,NL,AR,0.008965011,0.009410529,5.0,↑,0.764228,NS,6/15,5,3
Blood,CD274,NK,NL→CR,NL,CR,0.008965011,0.014906962,66.30000305175781,↑,0.548595,NS,10/15,5,3
Blood,CD274,NK,IT→IA,IT,IA,0.007865176,0.009874726,25.5,↑,0.555556,NS,13/20,5,4
Blood,CD274,NK,IA→AR,IA,AR,0.009874726,0.009410529,-4.699999809265137,↓,1.0,NS,6/12,4,3
Blood,CD274,NK,CR→AR,CR,AR,0.014906962,0.009410529,-36.900001525878906,↓,0.1,NS,9/9,3,3
Blood,CD274,B,NL→IT,NL,IT,0.0008037899,0.004326879,438.2999877929688,↑,0.031141,*,23/25,5,5
Blood,CD274,B,NL→IA,NL,IA,0.0008037899,0.0025825142,221.3000030517578,↑,0.466854,NS,9/20,5,4
Blood,CD274,B,NL→AR,NL,AR,0.0008037899,0.0024256704,201.8000030517578,↑,0.305507,NS,9/15,5,3
Blood,CD274,B,NL→CR,NL,CR,0.0008037899,0.0036739472,357.1000061035156,↑,0.112231,NS,13/15,5,3
Blood,CD274,B,IT→IA,IT,IA,0.004326879,0.0025825142,-40.29999923706055,↓,0.389284,NS,14/20,5,4
Blood,CD274,B,IA→AR,IA,AR,0.0025825142,0.0024256704,-6.099999904632568,↓,1.0,NS,5/12,4,3
Blood,CD274,B,CR→AR,CR,AR,0.0036739472,0.0024256704,-34.0,↓,1.0,NS,5/9,3,3
Blood,CD274,PlasmaB,NL→IT,NL,IT,0.0,0.007842493,99999.0,↑,0.179712,NS,10/25,5,5
Blood,CD274,PlasmaB,NL→IA,NL,IA,0.0,0.0106545035,99999.0,↑,0.04162,*,15/20,5,4
Blood,CD274,PlasmaB,NL→AR,NL,AR,0.0,0.0009041768,99999.0,↑,0.3017,NS,5/15,5,3
Blood,CD274,PlasmaB,NL→CR,NL,CR,0.0,0.0027321612,99999.0,↑,0.078983,†,10/15,5,3
Blood,CD274,PlasmaB,IT→IA,IT,IA,0.007842493,0.0106545035,35.900001525878906,↑,0.608874,NS,11/20,5,4
Blood,CD274,PlasmaB,IA→AR,IA,AR,0.0106545035,0.0009041768,-91.5,↓,0.19909,NS,9/12,4,3
Blood,CD274,PlasmaB,CR→AR,CR,AR,0.0027321612,0.0009041768,-66.9000015258789,↓,0.353679,NS,6/9,3,3
Blood,CD44,Myeloid,NL→IT,NL,IT,0.9494456,1.5996246,68.5,↑,0.015873,*,24/25,5,5
Blood,CD44,Myeloid,NL→IA,NL,IA,0.9494456,1.6088417,69.5,↑,0.031746,*,19/20,5,4
Blood,CD44,Myeloid,NL→AR,NL,AR,0.9494456,1.7602177,85.4000015258789,↑,0.035714,*,15/15,5,3
Blood,CD44,Myeloid,NL→CR,NL,CR,0.9494456,1.6523609,74.0,↑,0.035714,*,15/15,5,3
Blood,CD44,Myeloid,IT→IA,IT,IA,1.5996246,1.6088417,0.6000000238418579,↑,0.904762,NS,11/20,5,4
Blood,CD44,Myeloid,IA→AR,IA,AR,1.6088417,1.7602177,9.399999618530272,↑,0.228571,NS,10/12,4,3
Blood,CD44,Myeloid,CR→AR,CR,AR,1.6523609,1.7602177,6.5,↑,0.4,NS,7/9,3,3
Blood,CD44,CD4_T,NL→IT,NL,IT,0.9348197,1.2852598,37.5,↑,0.031746,*,23/25,5,5
Blood,CD44,CD4_T,NL→IA,NL,IA,0.9348197,1.3497753,44.400001525878906,↑,0.015873,*,20/20,5,4
Blood,CD44,CD4_T,NL→AR,NL,AR,0.9348197,1.3793699,47.59999847412109,↑,0.035714,*,15/15,5,3
Blood,CD44,CD4_T,NL→CR,NL,CR,0.9348197,1.5412108,64.9000015258789,↑,0.035714,*,15/15,5,3
Blood,CD44,CD4_T,IT→IA,IT,IA,1.2852598,1.3497753,5.0,↑,0.730159,NS,12/20,5,4
Blood,CD44,CD4_T,IA→AR,IA,AR,1.3497753,1.3793699,2.200000047683716,↑,0.628571,NS,4/12,4,3
Blood,CD44,CD4_T,CR→AR,CR,AR,1.5412108,1.3793699,-10.5,↓,0.2,NS,8/9,3,3
Blood,CD44,CD8_T,NL→IT,NL,IT,0.7950093,1.0818446,36.09999847412109,↑,0.150794,NS,20/25,5,5
Blood,CD44,CD8_T,NL→IA,NL,IA,0.7950093,1.1982198,50.70000076293945,↑,0.111111,NS,17/20,5,4
Blood,CD44,CD8_T,NL→AR,NL,AR,0.7950093,1.1052185,39.0,↑,0.25,NS,12/15,5,3
Blood,CD44,CD8_T,NL→CR,NL,CR,0.7950093,1.3569288,70.69999694824219,↑,0.071429,†,14/15,5,3
Blood,CD44,CD8_T,IT→IA,IT,IA,1.0818446,1.1982198,10.800000190734863,↑,0.190476,NS,16/20,5,4
Blood,CD44,CD8_T,IA→AR,IA,AR,1.1982198,1.1052185,-7.800000190734863,↓,0.628571,NS,8/12,4,3
Blood,CD44,CD8_T,CR→AR,CR,AR,1.3569288,1.1052185,-18.600000381469727,↓,0.2,NS,8/9,3,3
Blood,CD44,NK,NL→IT,NL,IT,0.41905951,0.68791133,64.19999694824219,↑,0.031746,*,23/25,5,5
Blood,CD44,NK,NL→IA,NL,IA,0.41905951,0.8148788,94.5,↑,0.015873,*,20/20,5,4
Blood,CD44,NK,NL→AR,NL,AR,0.41905951,0.78303885,86.9000015258789,↑,0.071429,†,14/15,5,3
Blood,CD44,NK,NL→CR,NL,CR,0.41905951,0.948791,126.4000015258789,↑,0.035714,*,15/15,5,3
Blood,CD44,NK,IT→IA,IT,IA,0.68791133,0.8148788,18.5,↑,0.285714,NS,15/20,5,4
Blood,CD44,NK,IA→AR,IA,AR,0.8148788,0.78303885,-3.900000095367432,↓,0.857143,NS,7/12,4,3
Blood,CD44,NK,CR→AR,CR,AR,0.948791,0.78303885,-17.5,↓,0.4,NS,7/9,3,3
Blood,CD44,B,NL→IT,NL,IT,0.37995106,0.7501283,97.4000015258789,↑,0.007937,**,25/25,5,5
Blood,CD44,B,NL→IA,NL,IA,0.37995106,0.81629395,114.8000030517578,↑,0.015873,*,20/20,5,4
Blood,CD44,B,NL→AR,NL,AR,0.37995106,0.9530311,150.8000030517578,↑,0.035714,*,15/15,5,3
Blood,CD44,B,NL→CR,NL,CR,0.37995106,0.97581816,156.8000030517578,↑,0.035714,*,15/15,5,3
Blood,CD44,B,IT→IA,IT,IA,0.7501283,0.81629395,8.800000190734863,↑,0.285714,NS,15/20,5,4
Blood,CD44,B,IA→AR,IA,AR,0.81629395,0.9530311,16.799999237060547,↑,0.4,NS,9/12,4,3
Blood,CD44,B,CR→AR,CR,AR,0.97581816,0.9530311,-2.299999952316284,↓,1.0,NS,5/9,3,3
Blood,CD44,PlasmaB,NL→IT,NL,IT,0.6009496,0.78094465,30.0,↑,0.547619,NS,16/25,5,5
Blood,CD44,PlasmaB,NL→IA,NL,IA,0.6009496,0.66907454,11.300000190734863,↑,0.730159,NS,12/20,5,4
Blood,CD44,PlasmaB,NL→AR,NL,AR,0.6009496,0.7515185,25.100000381469727,↑,0.25,NS,12/15,5,3
Blood,CD44,PlasmaB,NL→CR,NL,CR,0.6009496,0.85004216,41.400001525878906,↑,0.25,NS,12/15,5,3
Blood,CD44,PlasmaB,IT→IA,IT,IA,0.78094465,0.66907454,-14.300000190734863,↓,0.412698,NS,14/20,5,4
Blood,CD44,PlasmaB,IA→AR,IA,AR,0.66907454,0.7515185,12.300000190734863,↑,0.857143,NS,7/12,4,3
Blood,CD44,PlasmaB,CR→AR,CR,AR,0.85004216,0.7515185,-11.600000381469728,↓,0.2,NS,8/9,3,3
Blood,CD69,Myeloid,NL→IT,NL,IT,0.056937486,0.010716967,-81.19999694824219,↓,0.547619,NS,16/25,5,5
Blood,CD69,Myeloid,NL→IA,NL,IA,0.056937486,0.06603783,16.0,↑,0.904762,NS,9/20,5,4
Blood,CD69,Myeloid,NL→AR,NL,AR,0.056937486,0.016459106,-71.0999984741211,↓,1.0,NS,8/15,5,3
Blood,CD69,Myeloid,NL→CR,NL,CR,0.056937486,0.032844786,-42.29999923706055,↓,0.571429,NS,5/15,5,3
Blood,CD69,Myeloid,IT→IA,IT,IA,0.010716967,0.06603783,516.2000122070312,↑,0.904762,NS,9/20,5,4
Blood,CD69,Myeloid,IA→AR,IA,AR,0.06603783,0.016459106,-75.0999984741211,↓,0.857143,NS,5/12,4,3
Blood,CD69,Myeloid,CR→AR,CR,AR,0.032844786,0.016459106,-49.900001525878906,↓,0.2,NS,8/9,3,3
Blood,CD69,CD4_T,NL→IT,NL,IT,1.1785766,0.6942045,-41.09999847412109,↓,0.055556,†,22/25,5,5
Blood,CD69,CD4_T,NL→IA,NL,IA,1.1785766,0.6927989,-41.20000076293945,↓,0.111111,NS,17/20,5,4
Blood,CD69,CD4_T,NL→AR,NL,AR,1.1785766,0.799838,-32.099998474121094,↓,0.392857,NS,11/15,5,3
Blood,CD69,CD4_T,NL→CR,NL,CR,1.1785766,1.0437924,-11.399999618530272,↓,0.571429,NS,10/15,5,3
Blood,CD69,CD4_T,IT→IA,IT,IA,0.6942045,0.6927989,-0.2000000029802322,↓,0.904762,NS,11/20,5,4
Blood,CD69,CD4_T,IA→AR,IA,AR,0.6927989,0.799838,15.5,↑,0.628571,NS,8/12,4,3
Blood,CD69,CD4_T,CR→AR,CR,AR,1.0437924,0.799838,-23.399999618530277,↓,0.7,NS,6/9,3,3
Blood,CD69,CD8_T,NL→IT,NL,IT,1.3081515,0.6389285,-51.20000076293945,↓,0.031746,*,23/25,5,5
Blood,CD69,CD8_T,NL→IA,NL,IA,1.3081515,0.6490029,-50.400001525878906,↓,0.063492,†,18/20,5,4
Blood,CD69,CD8_T,NL→AR,NL,AR,1.3081515,0.71416694,-45.400001525878906,↓,0.142857,NS,13/15,5,3
Blood,CD69,CD8_T,NL→CR,NL,CR,1.3081515,0.9654388,-26.200000762939453,↓,0.142857,NS,13/15,5,3
Blood,CD69,CD8_T,IT→IA,IT,IA,0.6389285,0.6490029,1.600000023841858,↑,0.555556,NS,7/20,5,4
Blood,CD69,CD8_T,IA→AR,IA,AR,0.6490029,0.71416694,10.0,↑,0.857143,NS,7/12,4,3
Blood,CD69,CD8_T,CR→AR,CR,AR,0.9654388,0.71416694,-26.0,↓,0.4,NS,7/9,3,3
Blood,CD69,NK,NL→IT,NL,IT,0.98569757,0.59356415,-39.79999923706055,↓,0.095238,†,21/25,5,5
Blood,CD69,NK,NL→IA,NL,IA,0.98569757,0.7004544,-28.899999618530277,↓,0.285714,NS,15/20,5,4
Blood,CD69,NK,NL→AR,NL,AR,0.98569757,0.5965871,-39.5,↓,0.142857,NS,13/15,5,3
Blood,CD69,NK,NL→CR,NL,CR,0.98569757,0.9120181,-7.5,↓,0.785714,NS,9/15,5,3
Blood,CD69,NK,IT→IA,IT,IA,0.59356415,0.7004544,18.0,↑,0.730159,NS,12/20,5,4
Blood,CD69,NK,IA→AR,IA,AR,0.7004544,0.5965871,-14.800000190734863,↓,0.857143,NS,5/12,4,3
Blood,CD69,NK,CR→AR,CR,AR,0.9120181,0.5965871,-34.599998474121094,↓,0.4,NS,7/9,3,3
Blood,CD69,B,NL→IT,NL,IT,0.82419777,0.51301676,-37.79999923706055,↓,0.222222,NS,19/25,5,5
Blood,CD69,B,NL→IA,NL,IA,0.82419777,0.6525065,-20.799999237060547,↓,0.412698,NS,14/20,5,4
Blood,CD69,B,NL→AR,NL,AR,0.82419777,0.78660065,-4.599999904632568,↓,0.785714,NS,9/15,5,3
Blood,CD69,B,NL→CR,NL,CR,0.82419777,0.90302795,9.600000381469728,↑,1.0,NS,7/15,5,3
Blood,CD69,B,IT→IA,IT,IA,0.51301676,0.6525065,27.200000762939453,↑,1.0,NS,10/20,5,4
Blood,CD69,B,IA→AR,IA,AR,0.6525065,0.78660065,20.600000381469727,↑,0.628571,NS,8/12,4,3
Blood,CD69,B,CR→AR,CR,AR,0.90302795,0.78660065,-12.899999618530272,↓,0.7,NS,6/9,3,3
Blood,CD69,PlasmaB,NL→IT,NL,IT,0.09672186,0.08633254,-10.699999809265137,↓,0.672336,NS,10/25,5,5
Blood,CD69,PlasmaB,NL→IA,NL,IA,0.09672186,0.071043506,-26.5,↓,1.0,NS,8/20,5,4
Blood,CD69,PlasmaB,NL→AR,NL,AR,0.09672186,0.16709436,72.80000305175781,↑,0.359397,NS,11/15,5,3
Blood,CD69,PlasmaB,NL→CR,NL,CR,0.09672186,0.26446214,173.39999389648438,↑,0.12663,NS,13/15,5,3
Blood,CD69,PlasmaB,IT→IA,IT,IA,0.08633254,0.071043506,-17.700000762939453,↓,1.0,NS,10/20,5,4
Blood,CD69,PlasmaB,IA→AR,IA,AR,0.071043506,0.16709436,135.1999969482422,↑,1.0,NS,6/12,4,3
Blood,CD69,PlasmaB,CR→AR,CR,AR,0.26446214,0.16709436,-36.79999923706055,↓,0.7,NS,6/9,3,3
Blood,CDH1,Myeloid,NL→IT,NL,IT,0.0011915257,0.0052196565,338.1000061035156,↑,0.08467,†,21/25,5,5
Blood,CDH1,Myeloid,NL→IA,NL,IA,0.0011915257,0.0012267046,3.0,↑,0.662427,NS,8/20,5,4
Blood,CDH1,Myeloid,NL→AR,NL,AR,0.0011915257,0.0015179714,27.399999618530277,↑,0.203872,NS,12/15,5,3
Blood,CDH1,Myeloid,NL→CR,NL,CR,0.0011915257,0.0019178261,61.0,↑,0.203872,NS,12/15,5,3
Blood,CDH1,Myeloid,IT→IA,IT,IA,0.0052196565,0.0012267046,-76.5,↓,0.109855,NS,17/20,5,4
Blood,CDH1,Myeloid,IA→AR,IA,AR,0.0012267046,0.0015179714,23.700000762939453,↑,0.372456,NS,9/12,4,3
Blood,CDH1,Myeloid,CR→AR,CR,AR,0.0019178261,0.0015179714,-20.799999237060547,↓,0.7,NS,6/9,3,3
Blood,CDH1,CD4_T,NL→IT,NL,IT,0.0,0.00038004076,99999.0,↑,0.179712,NS,10/25,5,5
Blood,CDH1,CD4_T,NL→IA,NL,IA,0.0,0.0015230048,99999.0,↑,0.04162,*,15/20,5,4
Blood,CDH1,CD4_T,NL→AR,NL,AR,0.0,0.00023160799,99999.0,↑,0.078983,†,10/15,5,3
Blood,CDH1,CD4_T,NL→CR,NL,CR,0.0,0.0017934808,99999.0,↑,0.016805,*,15/15,5,3
Blood,CDH1,CD4_T,IT→IA,IT,IA,0.00038004076,0.0015230048,300.70001220703125,↑,0.124773,NS,15/20,5,4
Blood,CDH1,CD4_T,IA→AR,IA,AR,0.0015230048,0.00023160799,-84.80000305175781,↓,0.284503,NS,9/12,4,3
Blood,CDH1,CD4_T,CR→AR,CR,AR,0.0017934808,0.00023160799,-87.0999984741211,↓,0.1,NS,9/9,3,3
Blood,CDH1,CD8_T,NL→IT,NL,IT,0.0,0.000500763,99999.0,↑,0.423711,NS,5/25,5,5
Blood,CDH1,CD8_T,NL→IA,NL,IA,0.0,0.002394777,99999.0,↑,0.0108,*,20/20,5,4
Blood,CDH1,CD8_T,NL→AR,NL,AR,0.0,0.0012360446,99999.0,↑,0.016805,*,15/15,5,3
Blood,CDH1,CD8_T,NL→CR,NL,CR,0.0,0.003984159,99999.0,↑,0.016805,*,15/15,5,3
Blood,CDH1,CD8_T,IT→IA,IT,IA,0.000500763,0.002394777,378.2000122070313,↑,0.055009,†,18/20,5,4
Blood,CDH1,CD8_T,IA→AR,IA,AR,0.002394777,0.0012360446,-48.400001525878906,↓,0.228571,NS,10/12,4,3
Blood,CDH1,CD8_T,CR→AR,CR,AR,0.003984159,0.0012360446,-69.0,↓,0.1,NS,9/9,3,3
Blood,CDH1,NK,NL→IT,NL,IT,0.0,0.0,0.0,↑,1.0,NS,0/25,5,5
Blood,CDH1,NK,NL→IA,NL,IA,0.0,0.0,0.0,↑,1.0,NS,0/20,5,4
Blood,CDH1,NK,NL→AR,NL,AR,0.0,0.00016287157,99999.0,↑,0.3017,NS,5/15,5,3
Blood,CDH1,NK,NL→CR,NL,CR,0.0,0.0011626311,99999.0,↑,0.078983,†,10/15,5,3
Blood,CDH1,NK,IT→IA,IT,IA,0.0,0.0,0.0,↑,1.0,NS,0/20,5,4
Blood,CDH1,NK,IA→AR,IA,AR,0.0,0.00016287157,99999.0,↑,0.386476,NS,4/12,4,3
Blood,CDH1,NK,CR→AR,CR,AR,0.0011626311,0.00016287157,-86.0,↓,0.353679,NS,6/9,3,3
Blood,CDH1,B,NL→IT,NL,IT,0.0,0.00018357257,99999.0,↑,0.423711,NS,5/25,5,5
Blood,CDH1,B,NL→IA,NL,IA,0.0,0.0,0.0,↑,1.0,NS,0/20,5,4
Blood,CDH1,B,NL→AR,NL,AR,0.0,0.0,0.0,↑,1.0,NS,0/15,5,3
Blood,CDH1,B,NL→CR,NL,CR,0.0,0.0003477486,99999.0,↑,0.078983,†,10/15,5,3
Blood,CDH1,B,IT→IA,IT,IA,0.00018357257,0.0,-100.0,↓,0.502335,NS,4/20,5,4
Blood,CDH1,B,IA→AR,IA,AR,0.0,0.0,0.0,↑,1.0,NS,0/12,4,3
Blood,CDH1,B,CR→AR,CR,AR,0.0003477486,0.0,-100.0,↓,0.196706,NS,6/9,3,3
Blood,CDH1,PlasmaB,NL→IT,NL,IT,0.0,0.043281905,99999.0,↑,0.179712,NS,10/25,5,5
Blood,CDH1,PlasmaB,NL→IA,NL,IA,0.0,0.029613785,99999.0,↑,0.13121,NS,10/20,5,4
Blood,CDH1,PlasmaB,NL→AR,NL,AR,0.0,0.017822353,99999.0,↑,0.078983,†,10/15,5,3
Blood,CDH1,PlasmaB,NL→CR,NL,CR,0.0,0.057371322,99999.0,↑,0.078983,†,10/15,5,3
Blood,CDH1,PlasmaB,IT→IA,IT,IA,0.043281905,0.029613785,-31.600000381469727,↓,1.0,NS,7/20,5,4
Blood,CDH1,PlasmaB,IA→AR,IA,AR,0.029613785,0.017822353,-39.79999923706055,↓,0.854445,NS,6/12,4,3
Blood,CDH1,PlasmaB,CR→AR,CR,AR,0.057371322,0.017822353,-68.9000015258789,↓,0.506555,NS,6/9,3,3
Blood,CDK1,Myeloid,NL→IT,NL,IT,0.0009048564,0.0,-100.0,↓,0.423711,NS,5/25,5,5
Blood,CDK1,Myeloid,NL→IA,NL,IA,0.0009048564,0.003084306,240.8999938964844,↑,0.466854,NS,9/20,5,4
Blood,CDK1,Myeloid,NL→AR,NL,AR,0.0009048564,0.0,-100.0,↓,0.605577,NS,3/15,5,3
Blood,CDK1,Myeloid,NL→CR,NL,CR,0.0009048564,0.0002680906,-70.4000015258789,↓,0.494525,NS,3/15,5,3
Blood,CDK1,Myeloid,IT→IA,IT,IA,0.0,0.003084306,99999.0,↑,0.13121,NS,10/20,5,4
Blood,CDK1,Myeloid,IA→AR,IA,AR,0.003084306,0.0,-100.0,↓,0.270289,NS,6/12,4,3
Blood,CDK1,Myeloid,CR→AR,CR,AR,0.0002680906,0.0,-100.0,↓,0.196706,NS,6/9,3,3
Blood,CDK1,CD4_T,NL→IT,NL,IT,0.030281013,0.0074264714,-75.5,↓,0.150794,NS,20/25,5,5
Blood,CDK1,CD4_T,NL→IA,NL,IA,0.030281013,0.009866387,-67.4000015258789,↓,0.412698,NS,14/20,5,4
Blood,CDK1,CD4_T,NL→AR,NL,AR,0.030281013,0.0043292125,-85.69999694824219,↓,0.25,NS,12/15,5,3
Blood,CDK1,CD4_T,NL→CR,NL,CR,0.030281013,0.0044100066,-85.4000015258789,↓,0.25,NS,12/15,5,3
Blood,CDK1,CD4_T,IT→IA,IT,IA,0.0074264714,0.009866387,32.900001525878906,↑,1.0,NS,10/20,5,4
Blood,CDK1,CD4_T,IA→AR,IA,AR,0.009866387,0.0043292125,-56.09999847412109,↓,0.857143,NS,7/12,4,3
Blood,CDK1,CD4_T,CR→AR,CR,AR,0.0044100066,0.0043292125,-1.7999999523162842,↓,1.0,NS,4/9,3,3
Blood,CDK1,CD8_T,NL→IT,NL,IT,0.030419588,0.0069497465,-77.19999694824219,↓,0.055556,†,22/25,5,5
Blood,CDK1,CD8_T,NL→IA,NL,IA,0.030419588,0.010655173,-65.0,↓,0.063492,†,18/20,5,4
Blood,CDK1,CD8_T,NL→AR,NL,AR,0.030419588,0.0041043884,-86.5,↓,0.071429,†,14/15,5,3
Blood,CDK1,CD8_T,NL→CR,NL,CR,0.030419588,0.006422142,-78.9000015258789,↓,0.142857,NS,13/15,5,3
Blood,CDK1,CD8_T,IT→IA,IT,IA,0.0069497465,0.010655173,53.29999923706055,↑,0.412698,NS,6/20,5,4
Blood,CDK1,CD8_T,IA→AR,IA,AR,0.010655173,0.0041043884,-61.5,↓,0.857143,NS,7/12,4,3
Blood,CDK1,CD8_T,CR→AR,CR,AR,0.006422142,0.0041043884,-36.09999847412109,↓,0.4,NS,7/9,3,3
Blood,CDK1,NK,NL→IT,NL,IT,0.029825335,0.0058991006,-80.19999694824219,↓,0.031746,*,23/25,5,5
Blood,CDK1,NK,NL→IA,NL,IA,0.029825335,0.009952664,-66.5999984741211,↓,0.190476,NS,16/20,5,4
Blood,CDK1,NK,NL→AR,NL,AR,0.029825335,0.0027396095,-90.8000030517578,↓,0.035714,*,15/15,5,3
Blood,CDK1,NK,NL→CR,NL,CR,0.029825335,0.009308535,-68.80000305175781,↓,0.25,NS,12/15,5,3
Blood,CDK1,NK,IT→IA,IT,IA,0.0058991006,0.009952664,68.69999694824219,↑,0.190476,NS,16/20,5,4
Blood,CDK1,NK,IA→AR,IA,AR,0.009952664,0.0027396095,-72.5,↓,0.057143,†,12/12,4,3
Blood,CDK1,NK,CR→AR,CR,AR,0.009308535,0.0027396095,-70.5999984741211,↓,0.1,NS,9/9,3,3
Blood,CDK1,B,NL→IT,NL,IT,0.00021718384,0.0025471551,1072.800048828125,↑,0.044909,*,20/25,5,5
Blood,CDK1,B,NL→IA,NL,IA,0.00021718384,0.0075124176,3359.0,↑,0.029657,*,19/20,5,4
Blood,CDK1,B,NL→AR,NL,AR,0.00021718384,0.0043467134,1901.4000244140625,↑,0.171857,NS,10/15,5,3
Blood,CDK1,B,NL→CR,NL,CR,0.00021718384,0.0009950759,358.20001220703125,↑,0.305507,NS,9/15,5,3
Blood,CDK1,B,IT→IA,IT,IA,0.0025471551,0.0075124176,194.8999938964844,↑,0.730159,NS,12/20,5,4
Blood,CDK1,B,IA→AR,IA,AR,0.0075124176,0.0043467134,-42.09999847412109,↓,0.857143,NS,7/12,4,3
Blood,CDK1,B,CR→AR,CR,AR,0.0009950759,0.0043467134,336.79998779296875,↑,0.506555,NS,6/9,3,3
Blood,CDK1,PlasmaB,NL→IT,NL,IT,0.075384185,0.08403992,11.5,↑,0.525809,NS,16/25,5,5
Blood,CDK1,PlasmaB,NL→IA,NL,IA,0.075384185,0.052163403,-30.799999237060547,↓,0.893273,NS,8/20,5,4
Blood,CDK1,PlasmaB,NL→AR,NL,AR,0.075384185,0.058443915,-22.5,↓,1.0,NS,6/15,5,3
Blood,CDK1,PlasmaB,NL→CR,NL,CR,0.075384185,0.031983506,-57.59999847412109,↓,0.759982,NS,6/15,5,3
Blood,CDK1,PlasmaB,IT→IA,IT,IA,0.08403992,0.052163403,-37.900001525878906,↓,0.389284,NS,14/20,5,4
Blood,CDK1,PlasmaB,IA→AR,IA,AR,0.052163403,0.058443915,12.0,↑,0.854445,NS,6/12,4,3
Blood,CDK1,PlasmaB,CR→AR,CR,AR,0.031983506,0.058443915,82.69999694824219,↑,0.7,NS,6/9,3,3
Blood,CDK2,Myeloid,NL→IT,NL,IT,0.03287227,0.019084666,-41.900001525878906,↓,0.420635,NS,8/25,5,5
Blood,CDK2,Myeloid,NL→IA,NL,IA,0.03287227,0.011505062,-65.0,↓,0.555556,NS,13/20,5,4
Blood,CDK2,Myeloid,NL→AR,NL,AR,0.03287227,0.013547364,-58.79999923706055,↓,0.785714,NS,6/15,5,3
Blood,CDK2,Myeloid,NL→CR,NL,CR,0.03287227,0.017603667,-46.400001525878906,↓,0.785714,NS,6/15,5,3
Blood,CDK2,Myeloid,IT→IA,IT,IA,0.019084666,0.011505062,-39.70000076293945,↓,0.190476,NS,16/20,5,4
Blood,CDK2,Myeloid,IA→AR,IA,AR,0.011505062,0.013547364,17.799999237060547,↑,0.4,NS,9/12,4,3
Blood,CDK2,Myeloid,CR→AR,CR,AR,0.017603667,0.013547364,-23.0,↓,0.7,NS,6/9,3,3
Blood,CDK2,CD4_T,NL→IT,NL,IT,0.020167371,0.023024397,14.199999809265137,↑,0.84127,NS,14/25,5,5
Blood,CDK2,CD4_T,NL→IA,NL,IA,0.020167371,0.026214018,30.0,↑,0.730159,NS,12/20,5,4
Blood,CDK2,CD4_T,NL→AR,NL,AR,0.020167371,0.024144942,19.700000762939453,↑,1.0,NS,8/15,5,3
Blood,CDK2,CD4_T,NL→CR,NL,CR,0.020167371,0.018134892,-10.100000381469728,↓,1.0,NS,8/15,5,3
Blood,CDK2,CD4_T,IT→IA,IT,IA,0.023024397,0.026214018,13.899999618530272,↑,0.555556,NS,13/20,5,4
Blood,CDK2,CD4_T,IA→AR,IA,AR,0.026214018,0.024144942,-7.900000095367432,↓,0.857143,NS,7/12,4,3
Blood,CDK2,CD4_T,CR→AR,CR,AR,0.018134892,0.024144942,33.099998474121094,↑,0.4,NS,7/9,3,3
Blood,CDK2,CD8_T,NL→IT,NL,IT,0.041619886,0.038801737,-6.800000190734863,↓,0.84127,NS,14/25,5,5
Blood,CDK2,CD8_T,NL→IA,NL,IA,0.041619886,0.032263275,-22.5,↓,0.555556,NS,13/20,5,4
Blood,CDK2,CD8_T,NL→AR,NL,AR,0.041619886,0.035102442,-15.699999809265137,↓,0.785714,NS,9/15,5,3
Blood,CDK2,CD8_T,NL→CR,NL,CR,0.041619886,0.025732055,-38.20000076293945,↓,0.25,NS,12/15,5,3
Blood,CDK2,CD8_T,IT→IA,IT,IA,0.038801737,0.032263275,-16.899999618530273,↓,0.730159,NS,12/20,5,4
Blood,CDK2,CD8_T,IA→AR,IA,AR,0.032263275,0.035102442,8.800000190734863,↑,0.857143,NS,7/12,4,3
Blood,CDK2,CD8_T,CR→AR,CR,AR,0.025732055,0.035102442,36.400001525878906,↑,0.1,NS,9/9,3,3
Blood,CDK2,NK,NL→IT,NL,IT,0.030127954,0.050110865,66.30000305175781,↑,0.309524,NS,18/25,5,5
Blood,CDK2,NK,NL→IA,NL,IA,0.030127954,0.040547628,34.599998474121094,↑,0.730159,NS,12/20,5,4
Blood,CDK2,NK,NL→AR,NL,AR,0.030127954,0.05587548,85.5,↑,0.25,NS,12/15,5,3
Blood,CDK2,NK,NL→CR,NL,CR,0.030127954,0.04699209,56.0,↑,0.392857,NS,11/15,5,3
Blood,CDK2,NK,IT→IA,IT,IA,0.050110865,0.040547628,-19.100000381469727,↓,0.412698,NS,14/20,5,4
Blood,CDK2,NK,IA→AR,IA,AR,0.040547628,0.05587548,37.79999923706055,↑,0.4,NS,9/12,4,3
Blood,CDK2,NK,CR→AR,CR,AR,0.04699209,0.05587548,18.899999618530277,↑,0.7,NS,6/9,3,3
Blood,CDK2,B,NL→IT,NL,IT,0.04578782,0.031932466,-30.299999237060547,↓,0.547619,NS,9/25,5,5
Blood,CDK2,B,NL→IA,NL,IA,0.04578782,0.031809658,-30.5,↓,0.555556,NS,7/20,5,4
Blood,CDK2,B,NL→AR,NL,AR,0.04578782,0.039739672,-13.199999809265137,↓,0.571429,NS,5/15,5,3
Blood,CDK2,B,NL→CR,NL,CR,0.04578782,0.03544827,-22.600000381469727,↓,0.571429,NS,5/15,5,3
Blood,CDK2,B,IT→IA,IT,IA,0.031932466,0.031809658,-0.4000000059604645,↓,0.555556,NS,7/20,5,4
Blood,CDK2,B,IA→AR,IA,AR,0.031809658,0.039739672,24.899999618530277,↑,1.0,NS,6/12,4,3
Blood,CDK2,B,CR→AR,CR,AR,0.03544827,0.039739672,12.100000381469728,↑,0.4,NS,7/9,3,3
Blood,CDK2,PlasmaB,NL→IT,NL,IT,0.005311709,0.03312675,523.7000122070312,↑,0.052412,†,22/25,5,5
Blood,CDK2,PlasmaB,NL→IA,NL,IA,0.005311709,0.08893104,1574.199951171875,↑,0.029657,*,19/20,5,4
Blood,CDK2,PlasmaB,NL→AR,NL,AR,0.005311709,0.025259547,375.5,↑,0.305507,NS,9/15,5,3
Blood,CDK2,PlasmaB,NL→CR,NL,CR,0.005311709,0.045240954,751.7000122070312,↑,0.056664,†,14/15,5,3
Blood,CDK2,PlasmaB,IT→IA,IT,IA,0.03312675,0.08893104,168.5,↑,0.285714,NS,15/20,5,4
Blood,CDK2,PlasmaB,IA→AR,IA,AR,0.08893104,0.025259547,-71.5999984741211,↓,0.228571,NS,10/12,4,3
Blood,CDK2,PlasmaB,CR→AR,CR,AR,0.045240954,0.025259547,-44.20000076293945,↓,0.4,NS,7/9,3,3
Blood,CDK4,Myeloid,NL→IT,NL,IT,0.0782816,0.1440455,84.0,↑,0.150794,NS,20/25,5,5
Blood,CDK4,Myeloid,NL→IA,NL,IA,0.0782816,0.20702645,164.5,↑,0.111111,NS,17/20,5,4
Blood,CDK4,Myeloid,NL→AR,NL,AR,0.0782816,0.16047366,105.0,↑,0.25,NS,12/15,5,3
Blood,CDK4,Myeloid,NL→CR,NL,CR,0.0782816,0.14035156,79.30000305175781,↑,0.25,NS,12/15,5,3
Blood,CDK4,Myeloid,IT→IA,IT,IA,0.1440455,0.20702645,43.70000076293945,↑,0.412698,NS,14/20,5,4
Blood,CDK4,Myeloid,IA→AR,IA,AR,0.20702645,0.16047366,-22.5,↓,0.857143,NS,7/12,4,3
Blood,CDK4,Myeloid,CR→AR,CR,AR,0.14035156,0.16047366,14.300000190734863,↑,0.7,NS,6/9,3,3
Blood,CDK4,CD4_T,NL→IT,NL,IT,0.1534703,0.25139946,63.79999923706055,↑,0.095238,†,21/25,5,5
Blood,CDK4,CD4_T,NL→IA,NL,IA,0.1534703,0.23611107,53.79999923706055,↑,0.111111,NS,17/20,5,4
Blood,CDK4,CD4_T,NL→AR,NL,AR,0.1534703,0.26387095,71.9000015258789,↑,0.035714,*,15/15,5,3
Blood,CDK4,CD4_T,NL→CR,NL,CR,0.1534703,0.16465819,7.300000190734863,↑,0.785714,NS,9/15,5,3
Blood,CDK4,CD4_T,IT→IA,IT,IA,0.25139946,0.23611107,-6.099999904632568,↓,0.730159,NS,12/20,5,4
Blood,CDK4,CD4_T,IA→AR,IA,AR,0.23611107,0.26387095,11.800000190734863,↑,0.857143,NS,7/12,4,3
Blood,CDK4,CD4_T,CR→AR,CR,AR,0.16465819,0.26387095,60.29999923706055,↑,0.1,NS,9/9,3,3
Blood,CDK4,CD8_T,NL→IT,NL,IT,0.18715295,0.26482266,41.5,↑,0.095238,†,21/25,5,5
Blood,CDK4,CD8_T,NL→IA,NL,IA,0.18715295,0.23663566,26.399999618530277,↑,0.285714,NS,15/20,5,4
Blood,CDK4,CD8_T,NL→AR,NL,AR,0.18715295,0.2697233,44.09999847412109,↑,0.071429,†,14/15,5,3
Blood,CDK4,CD8_T,NL→CR,NL,CR,0.18715295,0.1830341,-2.200000047683716,↓,0.785714,NS,9/15,5,3
Blood,CDK4,CD8_T,IT→IA,IT,IA,0.26482266,0.23663566,-10.600000381469728,↓,0.555556,NS,13/20,5,4
Blood,CDK4,CD8_T,IA→AR,IA,AR,0.23663566,0.2697233,14.0,↑,0.628571,NS,8/12,4,3
Blood,CDK4,CD8_T,CR→AR,CR,AR,0.1830341,0.2697233,47.400001525878906,↑,0.2,NS,8/9,3,3
Blood,CDK4,NK,NL→IT,NL,IT,0.15523711,0.21890178,41.0,↑,0.150794,NS,20/25,5,5
Blood,CDK4,NK,NL→IA,NL,IA,0.15523711,0.22626644,45.79999923706055,↑,0.111111,NS,17/20,5,4
Blood,CDK4,NK,NL→AR,NL,AR,0.15523711,0.2530317,63.0,↑,0.071429,†,14/15,5,3
Blood,CDK4,NK,NL→CR,NL,CR,0.15523711,0.17707969,14.100000381469728,↑,0.571429,NS,10/15,5,3
Blood,CDK4,NK,IT→IA,IT,IA,0.21890178,0.22626644,3.400000095367432,↑,0.904762,NS,11/20,5,4
Blood,CDK4,NK,IA→AR,IA,AR,0.22626644,0.2530317,11.800000190734863,↑,0.628571,NS,8/12,4,3
Blood,CDK4,NK,CR→AR,CR,AR,0.17707969,0.2530317,42.900001525878906,↑,0.1,NS,9/9,3,3
Blood,CDK4,B,NL→IT,NL,IT,0.12342715,0.25801587,109.0,↑,0.015873,*,24/25,5,5
Blood,CDK4,B,NL→IA,NL,IA,0.12342715,0.21440938,73.69999694824219,↑,0.190476,NS,16/20,5,4
Blood,CDK4,B,NL→AR,NL,AR,0.12342715,0.2858278,131.60000610351562,↑,0.035714,*,15/15,5,3
Blood,CDK4,B,NL→CR,NL,CR,0.12342715,0.16579379,34.29999923706055,↑,0.785714,NS,9/15,5,3
Blood,CDK4,B,IT→IA,IT,IA,0.25801587,0.21440938,-16.899999618530273,↓,0.555556,NS,13/20,5,4
Blood,CDK4,B,IA→AR,IA,AR,0.21440938,0.2858278,33.29999923706055,↑,0.057143,†,12/12,4,3
Blood,CDK4,B,CR→AR,CR,AR,0.16579379,0.2858278,72.4000015258789,↑,0.1,NS,9/9,3,3
Blood,CDK4,PlasmaB,NL→IT,NL,IT,0.35885084,0.32516432,-9.399999618530272,↓,0.84127,NS,14/25,5,5
Blood,CDK4,PlasmaB,NL→IA,NL,IA,0.35885084,0.32640287,-9.0,↓,0.904762,NS,11/20,5,4
Blood,CDK4,PlasmaB,NL→AR,NL,AR,0.35885084,0.33786544,-5.800000190734863,↓,1.0,NS,8/15,5,3
Blood,CDK4,PlasmaB,NL→CR,NL,CR,0.35885084,0.20784111,-42.09999847412109,↓,0.25,NS,12/15,5,3
Blood,CDK4,PlasmaB,IT→IA,IT,IA,0.32516432,0.32640287,0.4000000059604645,↑,0.904762,NS,9/20,5,4
Blood,CDK4,PlasmaB,IA→AR,IA,AR,0.32640287,0.33786544,3.5,↑,0.857143,NS,7/12,4,3
Blood,CDK4,PlasmaB,CR→AR,CR,AR,0.20784111,0.33786544,62.59999847412109,↑,0.1,NS,9/9,3,3
Blood,CDKN1A,Myeloid,NL→IT,NL,IT,0.3311252,0.3324278,0.4000000059604645,↑,0.84127,NS,11/25,5,5
Blood,CDKN1A,Myeloid,NL→IA,NL,IA,0.3311252,0.69397366,109.5999984741211,↑,0.730159,NS,12/20,5,4
Blood,CDKN1A,Myeloid,NL→AR,NL,AR,0.3311252,0.37216976,12.399999618530272,↑,1.0,NS,7/15,5,3
Blood,CDKN1A,Myeloid,NL→CR,NL,CR,0.3311252,0.47962257,44.79999923706055,↑,0.25,NS,12/15,5,3
Blood,CDKN1A,Myeloid,IT→IA,IT,IA,0.3324278,0.69397366,108.8000030517578,↑,0.730159,NS,12/20,5,4
Blood,CDKN1A,Myeloid,IA→AR,IA,AR,0.69397366,0.37216976,-46.400001525878906,↓,0.857143,NS,7/12,4,3
Blood,CDKN1A,Myeloid,CR→AR,CR,AR,0.47962257,0.37216976,-22.399999618530277,↓,0.7,NS,6/9,3,3
Blood,CDKN1A,CD4_T,NL→IT,NL,IT,0.033604793,0.006775827,-79.80000305175781,↓,0.055556,†,22/25,5,5
Blood,CDKN1A,CD4_T,NL→IA,NL,IA,0.033604793,0.26715767,695.0,↑,0.555556,NS,7/20,5,4
Blood,CDKN1A,CD4_T,NL→AR,NL,AR,0.033604793,0.009345719,-72.19999694824219,↓,0.25,NS,12/15,5,3
Blood,CDKN1A,CD4_T,NL→CR,NL,CR,0.033604793,0.014761258,-56.09999847412109,↓,0.25,NS,12/15,5,3
Blood,CDKN1A,CD4_T,IT→IA,IT,IA,0.006775827,0.26715767,3842.800048828125,↑,0.555556,NS,13/20,5,4
Blood,CDKN1A,CD4_T,IA→AR,IA,AR,0.26715767,0.009345719,-96.5,↓,1.0,NS,6/12,4,3
Blood,CDKN1A,CD4_T,CR→AR,CR,AR,0.014761258,0.009345719,-36.70000076293945,↓,0.4,NS,7/9,3,3
Blood,CDKN1A,CD8_T,NL→IT,NL,IT,0.021111816,0.0052470206,-75.0999984741211,↓,0.600402,NS,15/25,5,5
Blood,CDKN1A,CD8_T,NL→IA,NL,IA,0.021111816,0.15297435,624.5999755859375,↑,0.730159,NS,12/20,5,4
Blood,CDKN1A,CD8_T,NL→AR,NL,AR,0.021111816,0.0063893287,-69.69999694824219,↓,1.0,NS,8/15,5,3
Blood,CDKN1A,CD8_T,NL→CR,NL,CR,0.021111816,0.014883005,-29.5,↓,0.785714,NS,6/15,5,3
Blood,CDKN1A,CD8_T,IT→IA,IT,IA,0.0052470206,0.15297435,2815.5,↑,0.555556,NS,13/20,5,4
Blood,CDKN1A,CD8_T,IA→AR,IA,AR,0.15297435,0.0063893287,-95.8000030517578,↓,1.0,NS,6/12,4,3
Blood,CDKN1A,CD8_T,CR→AR,CR,AR,0.014883005,0.0063893287,-57.09999847412109,↓,0.1,NS,9/9,3,3
Blood,CDKN1A,NK,NL→IT,NL,IT,0.019350376,0.00985905,-49.0,↓,0.547619,NS,16/25,5,5
Blood,CDKN1A,NK,NL→IA,NL,IA,0.019350376,0.15906976,722.0,↑,1.0,NS,10/20,5,4
Blood,CDKN1A,NK,NL→AR,NL,AR,0.019350376,0.013884835,-28.200000762939453,↓,1.0,NS,7/15,5,3
Blood,CDKN1A,NK,NL→CR,NL,CR,0.019350376,0.022558166,16.600000381469727,↑,1.0,NS,8/15,5,3
Blood,CDKN1A,NK,IT→IA,IT,IA,0.00985905,0.15906976,1513.4000244140625,↑,0.555556,NS,13/20,5,4
Blood,CDKN1A,NK,IA→AR,IA,AR,0.15906976,0.013884835,-91.3000030517578,↓,1.0,NS,6/12,4,3
Blood,CDKN1A,NK,CR→AR,CR,AR,0.022558166,0.013884835,-38.400001525878906,↓,0.4,NS,7/9,3,3
Blood,CDKN1A,B,NL→IT,NL,IT,0.14721839,0.11698554,-20.5,↓,0.547619,NS,16/25,5,5
Blood,CDKN1A,B,NL→IA,NL,IA,0.14721839,0.40538645,175.39999389648438,↑,0.730159,NS,12/20,5,4
Blood,CDKN1A,B,NL→AR,NL,AR,0.14721839,0.19145323,30.0,↑,0.392857,NS,11/15,5,3
Blood,CDKN1A,B,NL→CR,NL,CR,0.14721839,0.093504846,-36.5,↓,0.571429,NS,10/15,5,3
Blood,CDKN1A,B,IT→IA,IT,IA,0.11698554,0.40538645,246.5,↑,0.285714,NS,15/20,5,4
Blood,CDKN1A,B,IA→AR,IA,AR,0.40538645,0.19145323,-52.79999923706055,↓,0.857143,NS,5/12,4,3
Blood,CDKN1A,B,CR→AR,CR,AR,0.093504846,0.19145323,104.8000030517578,↑,0.1,NS,9/9,3,3
Blood,CDKN1A,PlasmaB,NL→IT,NL,IT,0.31754494,0.120408274,-62.09999847412109,↓,0.753298,NS,14/25,5,5
Blood,CDKN1A,PlasmaB,NL→IA,NL,IA,0.31754494,0.3857549,21.5,↑,0.412698,NS,14/20,5,4
Blood,CDKN1A,PlasmaB,NL→AR,NL,AR,0.31754494,0.22497065,-29.200000762939453,↓,1.0,NS,7/15,5,3
Blood,CDKN1A,PlasmaB,NL→CR,NL,CR,0.31754494,0.38664433,21.799999237060547,↑,0.785714,NS,9/15,5,3
Blood,CDKN1A,PlasmaB,IT→IA,IT,IA,0.120408274,0.3857549,220.3999938964844,↑,0.190476,NS,16/20,5,4
Blood,CDKN1A,PlasmaB,IA→AR,IA,AR,0.3857549,0.22497065,-41.70000076293945,↓,0.628571,NS,8/12,4,3
Blood,CDKN1A,PlasmaB,CR→AR,CR,AR,0.38664433,0.22497065,-41.79999923706055,↓,0.1,NS,9/9,3,3
Blood,CDKN2A,Myeloid,NL→IT,NL,IT,0.0037129335,0.007492108,101.8000030517578,↑,0.142457,NS,20/25,5,5
Blood,CDKN2A,Myeloid,NL→IA,NL,IA,0.0037129335,0.007928994,113.5999984741211,↑,0.170609,NS,15/20,5,4
Blood,CDKN2A,Myeloid,NL→AR,NL,AR,0.0037129335,0.0146877095,295.6000061035156,↑,0.03577,*,15/15,5,3
Blood,CDKN2A,Myeloid,NL→CR,NL,CR,0.0037129335,0.005062488,36.29999923706055,↑,0.764228,NS,9/15,5,3
Blood,CDKN2A,Myeloid,IT→IA,IT,IA,0.007492108,0.007928994,5.800000190734863,↑,0.904762,NS,9/20,5,4
Blood,CDKN2A,Myeloid,IA→AR,IA,AR,0.007928994,0.0146877095,85.19999694824219,↑,0.4,NS,9/12,4,3
Blood,CDKN2A,Myeloid,CR→AR,CR,AR,0.005062488,0.0146877095,190.1000061035156,↑,0.4,NS,7/9,3,3
Blood,CDKN2A,CD4_T,NL→IT,NL,IT,0.09079255,0.02641043,-70.9000015258789,↓,0.690476,NS,15/25,5,5
Blood,CDKN2A,CD4_T,NL→IA,NL,IA,0.09079255,0.04517946,-50.20000076293945,↓,0.730159,NS,12/20,5,4
Blood,CDKN2A,CD4_T,NL→AR,NL,AR,0.09079255,0.019166747,-78.9000015258789,↓,0.392857,NS,11/15,5,3
Blood,CDKN2A,CD4_T,NL→CR,NL,CR,0.09079255,0.026120966,-71.19999694824219,↓,0.785714,NS,9/15,5,3
Blood,CDKN2A,CD4_T,IT→IA,IT,IA,0.02641043,0.04517946,71.0999984741211,↑,1.0,NS,10/20,5,4
Blood,CDKN2A,CD4_T,IA→AR,IA,AR,0.04517946,0.019166747,-57.59999847412109,↓,0.628571,NS,8/12,4,3
Blood,CDKN2A,CD4_T,CR→AR,CR,AR,0.026120966,0.019166747,-26.600000381469727,↓,0.2,NS,8/9,3,3
Blood,CDKN2A,CD8_T,NL→IT,NL,IT,0.12002979,0.046854895,-61.0,↓,0.222222,NS,19/25,5,5
Blood,CDKN2A,CD8_T,NL→IA,NL,IA,0.12002979,0.08228217,-31.399999618530277,↓,0.555556,NS,13/20,5,4
Blood,CDKN2A,CD8_T,NL→AR,NL,AR,0.12002979,0.049447298,-58.79999923706055,↓,0.25,NS,12/15,5,3
Blood,CDKN2A,CD8_T,NL→CR,NL,CR,0.12002979,0.03572909,-70.19999694824219,↓,0.25,NS,12/15,5,3
Blood,CDKN2A,CD8_T,IT→IA,IT,IA,0.046854895,0.08228217,75.5999984741211,↑,1.0,NS,10/20,5,4
Blood,CDKN2A,CD8_T,IA→AR,IA,AR,0.08228217,0.049447298,-39.900001525878906,↓,0.857143,NS,5/12,4,3
Blood,CDKN2A,CD8_T,CR→AR,CR,AR,0.03572909,0.049447298,38.400001525878906,↑,0.4,NS,7/9,3,3
Blood,CDKN2A,NK,NL→IT,NL,IT,0.11645049,0.06313178,-45.79999923706055,↓,0.095238,†,21/25,5,5
Blood,CDKN2A,NK,NL→IA,NL,IA,0.11645049,0.048492618,-58.400001525878906,↓,0.111111,NS,17/20,5,4
Blood,CDKN2A,NK,NL→AR,NL,AR,0.11645049,0.052245993,-55.09999847412109,↓,0.25,NS,12/15,5,3
Blood,CDKN2A,NK,NL→CR,NL,CR,0.11645049,0.06936371,-40.400001525878906,↓,0.25,NS,12/15,5,3
Blood,CDKN2A,NK,IT→IA,IT,IA,0.06313178,0.048492618,-23.200000762939453,↓,0.730159,NS,12/20,5,4
Blood,CDKN2A,NK,IA→AR,IA,AR,0.048492618,0.052245993,7.699999809265137,↑,0.857143,NS,7/12,4,3
Blood,CDKN2A,NK,CR→AR,CR,AR,0.06936371,0.052245993,-24.700000762939453,↓,0.4,NS,7/9,3,3
Blood,CDKN2A,B,NL→IT,NL,IT,0.04350204,0.04928835,13.300000190734863,↑,0.547619,NS,16/25,5,5
Blood,CDKN2A,B,NL→IA,NL,IA,0.04350204,0.034053132,-21.700000762939453,↓,1.0,NS,10/20,5,4
Blood,CDKN2A,B,NL→AR,NL,AR,0.04350204,0.031149602,-28.399999618530277,↓,0.785714,NS,9/15,5,3
Blood,CDKN2A,B,NL→CR,NL,CR,0.04350204,0.045288056,4.099999904632568,↑,0.785714,NS,9/15,5,3
Blood,CDKN2A,B,IT→IA,IT,IA,0.04928835,0.034053132,-30.899999618530277,↓,0.063492,†,18/20,5,4
Blood,CDKN2A,B,IA→AR,IA,AR,0.034053132,0.031149602,-8.5,↓,0.628571,NS,8/12,4,3
Blood,CDKN2A,B,CR→AR,CR,AR,0.045288056,0.031149602,-31.200000762939453,↓,0.1,NS,9/9,3,3
Blood,CDKN2A,PlasmaB,NL→IT,NL,IT,0.26191226,0.13116446,-49.900001525878906,↓,0.055556,†,22/25,5,5
Blood,CDKN2A,PlasmaB,NL→IA,NL,IA,0.26191226,0.09356102,-64.30000305175781,↓,0.063492,†,18/20,5,4
Blood,CDKN2A,PlasmaB,NL→AR,NL,AR,0.26191226,0.15826517,-39.59999847412109,↓,0.25,NS,12/15,5,3
Blood,CDKN2A,PlasmaB,NL→CR,NL,CR,0.26191226,0.059847634,-77.0999984741211,↓,0.035714,*,15/15,5,3
Blood,CDKN2A,PlasmaB,IT→IA,IT,IA,0.13116446,0.09356102,-28.700000762939453,↓,0.730159,NS,12/20,5,4
Blood,CDKN2A,PlasmaB,IA→AR,IA,AR,0.09356102,0.15826517,69.19999694824219,↑,0.228571,NS,10/12,4,3
Blood,CDKN2A,PlasmaB,CR→AR,CR,AR,0.059847634,0.15826517,164.39999389648438,↑,0.1,NS,9/9,3,3
Blood,COL1A1,Myeloid,NL→IT,NL,IT,0.0,0.0,0.0,↑,1.0,NS,0/25,5,5
Blood,COL1A1,Myeloid,NL→IA,NL,IA,0.0,0.0036061057,99999.0,↑,0.371093,NS,5/20,5,4
Blood,COL1A1,Myeloid,NL→AR,NL,AR,0.0,0.0,0.0,↑,1.0,NS,0/15,5,3
Blood,COL1A1,Myeloid,NL→CR,NL,CR,0.0,0.0,0.0,↑,1.0,NS,0/15,5,3
Blood,COL1A1,Myeloid,IT→IA,IT,IA,0.0,0.0036061057,99999.0,↑,0.371093,NS,5/20,5,4
Blood,COL1A1,Myeloid,IA→AR,IA,AR,0.0036061057,0.0,-100.0,↓,0.563703,NS,3/12,4,3
Blood,COL1A1,Myeloid,CR→AR,CR,AR,0.0,0.0,0.0,↑,1.0,NS,0/9,3,3
Blood,COL1A1,CD4_T,NL→IT,NL,IT,0.00016251749,5.6660087e-05,-65.0999984741211,↓,1.0,NS,5/25,5,5
Blood,COL1A1,CD4_T,NL→IA,NL,IA,0.00016251749,0.0018304476,1026.300048828125,↑,0.466854,NS,9/20,5,4
Blood,COL1A1,CD4_T,NL→AR,NL,AR,0.00016251749,0.0,-100.0,↓,0.605577,NS,3/15,5,3
Blood,COL1A1,CD4_T,NL→CR,NL,CR,0.00016251749,0.00064492837,296.79998779296875,↑,0.203872,NS,12/15,5,3
Blood,COL1A1,CD4_T,IT→IA,IT,IA,5.6660087e-05,0.0018304476,3130.60009765625,↑,0.308369,NS,10/20,5,4
Blood,COL1A1,CD4_T,IA→AR,IA,AR,0.0018304476,0.0,-100.0,↓,0.270289,NS,6/12,4,3
Blood,COL1A1,CD4_T,CR→AR,CR,AR,0.00064492837,0.0,-100.0,↓,0.063603,†,9/9,3,3
Blood,COL1A1,CD8_T,NL→IT,NL,IT,0.0,0.0,0.0,↑,1.0,NS,0/25,5,5
Blood,COL1A1,CD8_T,NL→IA,NL,IA,0.0,0.0025528192,99999.0,↑,0.371093,NS,5/20,5,4
Blood,COL1A1,CD8_T,NL→AR,NL,AR,0.0,0.0,0.0,↑,1.0,NS,0/15,5,3
Blood,COL1A1,CD8_T,NL→CR,NL,CR,0.0,0.0012336719,99999.0,↑,0.016805,*,15/15,5,3
Blood,COL1A1,CD8_T,IT→IA,IT,IA,0.0,0.0025528192,99999.0,↑,0.371093,NS,5/20,5,4
Blood,COL1A1,CD8_T,IA→AR,IA,AR,0.0025528192,0.0,-100.0,↓,0.563703,NS,3/12,4,3
Blood,COL1A1,CD8_T,CR→AR,CR,AR,0.0012336719,0.0,-100.0,↓,0.063603,†,9/9,3,3
Blood,COL1A1,NK,NL→IT,NL,IT,0.0,0.0,0.0,↑,1.0,NS,0/25,5,5
Blood,COL1A1,NK,NL→IA,NL,IA,0.0,0.00059011136,99999.0,↑,0.371093,NS,5/20,5,4
Blood,COL1A1,NK,NL→AR,NL,AR,0.0,0.0,0.0,↑,1.0,NS,0/15,5,3
Blood,COL1A1,NK,NL→CR,NL,CR,0.0,0.0,0.0,↑,1.0,NS,0/15,5,3
Blood,COL1A1,NK,IT→IA,IT,IA,0.0,0.00059011136,99999.0,↑,0.371093,NS,5/20,5,4
Blood,COL1A1,NK,IA→AR,IA,AR,0.00059011136,0.0,-100.0,↓,0.563703,NS,3/12,4,3
Blood,COL1A1,NK,CR→AR,CR,AR,0.0,0.0,0.0,↑,1.0,NS,0/9,3,3
Blood,COL1A1,B,NL→IT,NL,IT,0.0,0.0,0.0,↑,1.0,NS,0/25,5,5
Blood,COL1A1,B,NL→IA,NL,IA,0.0,0.0,0.0,↑,1.0,NS,0/20,5,4
Blood,COL1A1,B,NL→AR,NL,AR,0.0,0.0,0.0,↑,1.0,NS,0/15,5,3
Blood,COL1A1,B,NL→CR,NL,CR,0.0,0.0,0.0,↑,1.0,NS,0/15,5,3
Blood,COL1A1,B,IT→IA,IT,IA,0.0,0.0,0.0,↑,1.0,NS,0/20,5,4
Blood,COL1A1,B,IA→AR,IA,AR,0.0,0.0,0.0,↑,1.0,NS,0/12,4,3
Blood,COL1A1,B,CR→AR,CR,AR,0.0,0.0,0.0,↑,1.0,NS,0/9,3,3
Blood,COL1A1,PlasmaB,NL→IT,NL,IT,0.0,0.0,0.0,↑,1.0,NS,0/25,5,5
Blood,COL1A1,PlasmaB,NL→IA,NL,IA,0.0,0.0,0.0,↑,1.0,NS,0/20,5,4
Blood,COL1A1,PlasmaB,NL→AR,NL,AR,0.0,0.0,0.0,↑,1.0,NS,0/15,5,3
Blood,COL1A1,PlasmaB,NL→CR,NL,CR,0.0,0.0,0.0,↑,1.0,NS,0/15,5,3
Blood,COL1A1,PlasmaB,IT→IA,IT,IA,0.0,0.0,0.0,↑,1.0,NS,0/20,5,4
Blood,COL1A1,PlasmaB,IA→AR,IA,AR,0.0,0.0,0.0,↑,1.0,NS,0/12,4,3
Blood,COL1A1,PlasmaB,CR→AR,CR,AR,0.0,0.0,0.0,↑,1.0,NS,0/9,3,3
Blood,COL3A1,Myeloid,NL→IT,NL,IT,0.0,0.0,0.0,↑,1.0,NS,0/25,5,5
Blood,COL3A1,Myeloid,NL→IA,NL,IA,0.0,0.0,0.0,↑,1.0,NS,0/20,5,4
Blood,COL3A1,Myeloid,NL→AR,NL,AR,0.0,0.0,0.0,↑,1.0,NS,0/15,5,3
Blood,COL3A1,Myeloid,NL→CR,NL,CR,0.0,0.0,0.0,↑,1.0,NS,0/15,5,3
Blood,COL3A1,Myeloid,IT→IA,IT,IA,0.0,0.0,0.0,↑,1.0,NS,0/20,5,4
Blood,COL3A1,Myeloid,IA→AR,IA,AR,0.0,0.0,0.0,↑,1.0,NS,0/12,4,3
Blood,COL3A1,Myeloid,CR→AR,CR,AR,0.0,0.0,0.0,↑,1.0,NS,0/9,3,3
Blood,COL3A1,CD4_T,NL→IT,NL,IT,0.0,0.0,0.0,↑,1.0,NS,0/25,5,5
Blood,COL3A1,CD4_T,NL→IA,NL,IA,0.0,0.00033466442,99999.0,↑,0.371093,NS,5/20,5,4
Blood,COL3A1,CD4_T,NL→AR,NL,AR,0.0,0.0,0.0,↑,1.0,NS,0/15,5,3
Blood,COL3A1,CD4_T,NL→CR,NL,CR,0.0,0.0,0.0,↑,1.0,NS,0/15,5,3
Blood,COL3A1,CD4_T,IT→IA,IT,IA,0.0,0.00033466442,99999.0,↑,0.371093,NS,5/20,5,4
Blood,COL3A1,CD4_T,IA→AR,IA,AR,0.00033466442,0.0,-100.0,↓,0.563703,NS,3/12,4,3
Blood,COL3A1,CD4_T,CR→AR,CR,AR,0.0,0.0,0.0,↑,1.0,NS,0/9,3,3
Blood,COL3A1,CD8_T,NL→IT,NL,IT,0.0,0.0,0.0,↑,1.0,NS,0/25,5,5
Blood,COL3A1,CD8_T,NL→IA,NL,IA,0.0,0.0,0.0,↑,1.0,NS,0/20,5,4
Blood,COL3A1,CD8_T,NL→AR,NL,AR,0.0,0.00039840935,99999.0,↑,0.078983,†,10/15,5,3
Blood,COL3A1,CD8_T,NL→CR,NL,CR,0.0,0.0,0.0,↑,1.0,NS,0/15,5,3
Blood,COL3A1,CD8_T,IT→IA,IT,IA,0.0,0.0,0.0,↑,1.0,NS,0/20,5,4
Blood,COL3A1,CD8_T,IA→AR,IA,AR,0.0,0.00039840935,99999.0,↑,0.122745,NS,8/12,4,3
Blood,COL3A1,CD8_T,CR→AR,CR,AR,0.0,0.00039840935,99999.0,↑,0.196706,NS,6/9,3,3
Blood,COL3A1,NK,NL→IT,NL,IT,0.0,0.0,0.0,↑,1.0,NS,0/25,5,5
Blood,COL3A1,NK,NL→IA,NL,IA,0.0,0.0,0.0,↑,1.0,NS,0/20,5,4
Blood,COL3A1,NK,NL→AR,NL,AR,0.0,0.0,0.0,↑,1.0,NS,0/15,5,3
Blood,COL3A1,NK,NL→CR,NL,CR,0.0,0.0,0.0,↑,1.0,NS,0/15,5,3
Blood,COL3A1,NK,IT→IA,IT,IA,0.0,0.0,0.0,↑,1.0,NS,0/20,5,4
Blood,COL3A1,NK,IA→AR,IA,AR,0.0,0.0,0.0,↑,1.0,NS,0/12,4,3
Blood,COL3A1,NK,CR→AR,CR,AR,0.0,0.0,0.0,↑,1.0,NS,0/9,3,3
Blood,COL3A1,B,NL→IT,NL,IT,0.0,0.0,0.0,↑,1.0,NS,0/25,5,5
Blood,COL3A1,B,NL→IA,NL,IA,0.0,0.0,0.0,↑,1.0,NS,0/20,5,4
Blood,COL3A1,B,NL→AR,NL,AR,0.0,0.0,0.0,↑,1.0,NS,0/15,5,3
Blood,COL3A1,B,NL→CR,NL,CR,0.0,0.0,0.0,↑,1.0,NS,0/15,5,3
Blood,COL3A1,B,IT→IA,IT,IA,0.0,0.0,0.0,↑,1.0,NS,0/20,5,4
Blood,COL3A1,B,IA→AR,IA,AR,0.0,0.0,0.0,↑,1.0,NS,0/12,4,3
Blood,COL3A1,B,CR→AR,CR,AR,0.0,0.0,0.0,↑,1.0,NS,0/9,3,3
Blood,COL3A1,PlasmaB,NL→IT,NL,IT,0.0,0.0,0.0,↑,1.0,NS,0/25,5,5
Blood,COL3A1,PlasmaB,NL→IA,NL,IA,0.0,0.0,0.0,↑,1.0,NS,0/20,5,4
Blood,COL3A1,PlasmaB,NL→AR,NL,AR,0.0,0.0,0.0,↑,1.0,NS,0/15,5,3
Blood,COL3A1,PlasmaB,NL→CR,NL,CR,0.0,0.0,0.0,↑,1.0,NS,0/15,5,3
Blood,COL3A1,PlasmaB,IT→IA,IT,IA,0.0,0.0,0.0,↑,1.0,NS,0/20,5,4
Blood,COL3A1,PlasmaB,IA→AR,IA,AR,0.0,0.0,0.0,↑,1.0,NS,0/12,4,3
Blood,COL3A1,PlasmaB,CR→AR,CR,AR,0.0,0.0,0.0,↑,1.0,NS,0/9,3,3
Blood,COX4I1,Myeloid,NL→IT,NL,IT,2.6197052,2.6340885,0.5,↑,1.0,NS,12/25,5,5
Blood,COX4I1,Myeloid,NL→IA,NL,IA,2.6197052,2.662787,1.600000023841858,↑,1.0,NS,10/20,5,4
Blood,COX4I1,Myeloid,NL→AR,NL,AR,2.6197052,2.7265632,4.099999904632568,↑,0.785714,NS,9/15,5,3
Blood,COX4I1,Myeloid,NL→CR,NL,CR,2.6197052,2.6162462,-0.1000000014901161,↓,1.0,NS,8/15,5,3
Blood,COX4I1,Myeloid,IT→IA,IT,IA,2.6340885,2.662787,1.100000023841858,↑,0.555556,NS,13/20,5,4
Blood,COX4I1,Myeloid,IA→AR,IA,AR,2.662787,2.7265632,2.400000095367432,↑,0.857143,NS,7/12,4,3
Blood,COX4I1,Myeloid,CR→AR,CR,AR,2.6162462,2.7265632,4.199999809265137,↑,1.0,NS,5/9,3,3
Blood,COX4I1,CD4_T,NL→IT,NL,IT,2.6575437,2.7559257,3.700000047683716,↑,0.547619,NS,16/25,5,5
Blood,COX4I1,CD4_T,NL→IA,NL,IA,2.6575437,2.5922096,-2.5,↓,1.0,NS,10/20,5,4
Blood,COX4I1,CD4_T,NL→AR,NL,AR,2.6575437,2.870121,8.0,↑,0.142857,NS,13/15,5,3
Blood,COX4I1,CD4_T,NL→CR,NL,CR,2.6575437,2.7111683,2.0,↑,0.785714,NS,9/15,5,3
Blood,COX4I1,CD4_T,IT→IA,IT,IA,2.7559257,2.5922096,-5.900000095367432,↓,0.555556,NS,13/20,5,4
Blood,COX4I1,CD4_T,IA→AR,IA,AR,2.5922096,2.870121,10.699999809265137,↑,0.228571,NS,10/12,4,3
Blood,COX4I1,CD4_T,CR→AR,CR,AR,2.7111683,2.870121,5.900000095367432,↑,0.4,NS,7/9,3,3
Blood,COX4I1,CD8_T,NL→IT,NL,IT,2.5449233,2.759006,8.399999618530273,↑,0.150794,NS,20/25,5,5
Blood,COX4I1,CD8_T,NL→IA,NL,IA,2.5449233,2.5292327,-0.6000000238418579,↓,0.904762,NS,9/20,5,4
Blood,COX4I1,CD8_T,NL→AR,NL,AR,2.5449233,2.7329197,7.400000095367432,↑,0.25,NS,12/15,5,3
Blood,COX4I1,CD8_T,NL→CR,NL,CR,2.5449233,2.726909,7.199999809265137,↑,0.392857,NS,11/15,5,3
Blood,COX4I1,CD8_T,IT→IA,IT,IA,2.759006,2.5292327,-8.300000190734863,↓,0.412698,NS,14/20,5,4
Blood,COX4I1,CD8_T,IA→AR,IA,AR,2.5292327,2.7329197,8.100000381469727,↑,0.628571,NS,8/12,4,3
Blood,COX4I1,CD8_T,CR→AR,CR,AR,2.726909,2.7329197,0.2000000029802322,↑,1.0,NS,4/9,3,3
Blood,COX4I1,NK,NL→IT,NL,IT,2.1400616,2.233419,4.400000095367432,↑,0.547619,NS,16/25,5,5
Blood,COX4I1,NK,NL→IA,NL,IA,2.1400616,2.172313,1.5,↑,0.904762,NS,11/20,5,4
Blood,COX4I1,NK,NL→AR,NL,AR,2.1400616,2.369253,10.699999809265137,↑,0.142857,NS,13/15,5,3
Blood,COX4I1,NK,NL→CR,NL,CR,2.1400616,2.3191717,8.399999618530273,↑,0.142857,NS,13/15,5,3
Blood,COX4I1,NK,IT→IA,IT,IA,2.233419,2.172313,-2.700000047683716,↓,0.412698,NS,14/20,5,4
Blood,COX4I1,NK,IA→AR,IA,AR,2.172313,2.369253,9.100000381469728,↑,0.228571,NS,10/12,4,3
Blood,COX4I1,NK,CR→AR,CR,AR,2.3191717,2.369253,2.200000047683716,↑,0.7,NS,6/9,3,3
Blood,COX4I1,B,NL→IT,NL,IT,2.571101,2.6079147,1.399999976158142,↑,1.0,NS,13/25,5,5
Blood,COX4I1,B,NL→IA,NL,IA,2.571101,2.5136015,-2.200000047683716,↓,0.904762,NS,11/20,5,4
Blood,COX4I1,B,NL→AR,NL,AR,2.571101,2.7851484,8.300000190734863,↑,0.392857,NS,11/15,5,3
Blood,COX4I1,B,NL→CR,NL,CR,2.571101,2.705179,5.199999809265137,↑,0.785714,NS,9/15,5,3
Blood,COX4I1,B,IT→IA,IT,IA,2.6079147,2.5136015,-3.5999999046325684,↓,0.555556,NS,13/20,5,4
Blood,COX4I1,B,IA→AR,IA,AR,2.5136015,2.7851484,10.800000190734863,↑,0.114286,NS,11/12,4,3
Blood,COX4I1,B,CR→AR,CR,AR,2.705179,2.7851484,3.0,↑,1.0,NS,5/9,3,3
Blood,COX4I1,PlasmaB,NL→IT,NL,IT,2.1380703,2.3491817,9.899999618530272,↑,0.309524,NS,18/25,5,5
Blood,COX4I1,PlasmaB,NL→IA,NL,IA,2.1380703,2.0563638,-3.799999952316284,↓,0.730159,NS,8/20,5,4
Blood,COX4I1,PlasmaB,NL→AR,NL,AR,2.1380703,2.1656554,1.2999999523162842,↑,1.0,NS,7/15,5,3
Blood,COX4I1,PlasmaB,NL→CR,NL,CR,2.1380703,2.2948434,7.300000190734863,↑,0.571429,NS,10/15,5,3
Blood,COX4I1,PlasmaB,IT→IA,IT,IA,2.3491817,2.0563638,-12.5,↓,0.412698,NS,14/20,5,4
Blood,COX4I1,PlasmaB,IA→AR,IA,AR,2.0563638,2.1656554,5.300000190734863,↑,0.628571,NS,4/12,4,3
Blood,COX4I1,PlasmaB,CR→AR,CR,AR,2.2948434,2.1656554,-5.599999904632568,↓,0.4,NS,7/9,3,3
Blood,CPT1A,Myeloid,NL→IT,NL,IT,0.12237306,0.18573235,51.79999923706055,↑,0.309524,NS,18/25,5,5
Blood,CPT1A,Myeloid,NL→IA,NL,IA,0.12237306,0.20530038,67.80000305175781,↑,0.111111,NS,17/20,5,4
Blood,CPT1A,Myeloid,NL→AR,NL,AR,0.12237306,0.16825533,37.5,↑,0.571429,NS,10/15,5,3
Blood,CPT1A,Myeloid,NL→CR,NL,CR,0.12237306,0.22562753,84.4000015258789,↑,0.25,NS,12/15,5,3
Blood,CPT1A,Myeloid,IT→IA,IT,IA,0.18573235,0.20530038,10.5,↑,0.730159,NS,12/20,5,4
Blood,CPT1A,Myeloid,IA→AR,IA,AR,0.20530038,0.16825533,-18.0,↓,0.857143,NS,7/12,4,3
Blood,CPT1A,Myeloid,CR→AR,CR,AR,0.22562753,0.16825533,-25.399999618530277,↓,0.4,NS,7/9,3,3
Blood,CPT1A,CD4_T,NL→IT,NL,IT,0.14667949,0.079907484,-45.5,↓,0.222222,NS,19/25,5,5
Blood,CPT1A,CD4_T,NL→IA,NL,IA,0.14667949,0.12682545,-13.5,↓,0.904762,NS,11/20,5,4
Blood,CPT1A,CD4_T,NL→AR,NL,AR,0.14667949,0.07096531,-51.59999847412109,↓,0.25,NS,12/15,5,3
Blood,CPT1A,CD4_T,NL→CR,NL,CR,0.14667949,0.075813316,-48.29999923706055,↓,0.25,NS,12/15,5,3
Blood,CPT1A,CD4_T,IT→IA,IT,IA,0.079907484,0.12682545,58.70000076293945,↑,0.285714,NS,15/20,5,4
Blood,CPT1A,CD4_T,IA→AR,IA,AR,0.12682545,0.07096531,-44.0,↓,0.4,NS,9/12,4,3
Blood,CPT1A,CD4_T,CR→AR,CR,AR,0.075813316,0.07096531,-6.400000095367432,↓,1.0,NS,5/9,3,3
Blood,CPT1A,CD8_T,NL→IT,NL,IT,0.14851063,0.110435486,-25.600000381469727,↓,0.309524,NS,18/25,5,5
Blood,CPT1A,CD8_T,NL→IA,NL,IA,0.14851063,0.14991863,0.8999999761581421,↑,1.0,NS,10/20,5,4
Blood,CPT1A,CD8_T,NL→AR,NL,AR,0.14851063,0.11306089,-23.899999618530277,↓,0.571429,NS,10/15,5,3
Blood,CPT1A,CD8_T,NL→CR,NL,CR,0.14851063,0.103058614,-30.600000381469727,↓,0.25,NS,12/15,5,3
Blood,CPT1A,CD8_T,IT→IA,IT,IA,0.110435486,0.14991863,35.79999923706055,↑,0.412698,NS,14/20,5,4
Blood,CPT1A,CD8_T,IA→AR,IA,AR,0.14991863,0.11306089,-24.600000381469727,↓,0.4,NS,9/12,4,3
Blood,CPT1A,CD8_T,CR→AR,CR,AR,0.103058614,0.11306089,9.699999809265137,↑,1.0,NS,4/9,3,3
Blood,CPT1A,NK,NL→IT,NL,IT,0.1570347,0.16453189,4.800000190734863,↑,1.0,NS,13/25,5,5
Blood,CPT1A,NK,NL→IA,NL,IA,0.1570347,0.22849162,45.5,↑,0.063492,†,18/20,5,4
Blood,CPT1A,NK,NL→AR,NL,AR,0.1570347,0.17386055,10.699999809265137,↑,1.0,NS,8/15,5,3
Blood,CPT1A,NK,NL→CR,NL,CR,0.1570347,0.1942076,23.700000762939453,↑,0.142857,NS,13/15,5,3
Blood,CPT1A,NK,IT→IA,IT,IA,0.16453189,0.22849162,38.900001525878906,↑,0.412698,NS,14/20,5,4
Blood,CPT1A,NK,IA→AR,IA,AR,0.22849162,0.17386055,-23.899999618530277,↓,0.628571,NS,8/12,4,3
Blood,CPT1A,NK,CR→AR,CR,AR,0.1942076,0.17386055,-10.5,↓,1.0,NS,5/9,3,3
Blood,CPT1A,B,NL→IT,NL,IT,0.104089364,0.041948833,-59.70000076293945,↓,0.420635,NS,17/25,5,5
Blood,CPT1A,B,NL→IA,NL,IA,0.104089364,0.07929951,-23.799999237060547,↓,1.0,NS,10/20,5,4
Blood,CPT1A,B,NL→AR,NL,AR,0.104089364,0.060716376,-41.70000076293945,↓,0.571429,NS,10/15,5,3
Blood,CPT1A,B,NL→CR,NL,CR,0.104089364,0.06114107,-41.29999923706055,↓,0.571429,NS,10/15,5,3
Blood,CPT1A,B,IT→IA,IT,IA,0.041948833,0.07929951,89.0,↑,0.285714,NS,15/20,5,4
Blood,CPT1A,B,IA→AR,IA,AR,0.07929951,0.060716376,-23.399999618530277,↓,0.857143,NS,7/12,4,3
Blood,CPT1A,B,CR→AR,CR,AR,0.06114107,0.060716376,-0.699999988079071,↓,0.7,NS,3/9,3,3
Blood,CPT1A,PlasmaB,NL→IT,NL,IT,0.12519412,0.15389636,22.899999618530277,↑,0.420635,NS,17/25,5,5
Blood,CPT1A,PlasmaB,NL→IA,NL,IA,0.12519412,0.16276121,30.0,↑,0.555556,NS,13/20,5,4
Blood,CPT1A,PlasmaB,NL→AR,NL,AR,0.12519412,0.07750187,-38.09999847412109,↓,1.0,NS,8/15,5,3
Blood,CPT1A,PlasmaB,NL→CR,NL,CR,0.12519412,0.18615909,48.70000076293945,↑,0.392857,NS,11/15,5,3
Blood,CPT1A,PlasmaB,IT→IA,IT,IA,0.15389636,0.16276121,5.800000190734863,↑,0.904762,NS,9/20,5,4
Blood,CPT1A,PlasmaB,IA→AR,IA,AR,0.16276121,0.07750187,-52.400001525878906,↓,0.057143,†,12/12,4,3
Blood,CPT1A,PlasmaB,CR→AR,CR,AR,0.18615909,0.07750187,-58.400001525878906,↓,0.1,NS,9/9,3,3
Blood,CTLA4,Myeloid,NL→IT,NL,IT,0.0,0.00029204157,99999.0,↑,0.179712,NS,10/25,5,5
Blood,CTLA4,Myeloid,NL→IA,NL,IA,0.0,0.0064469124,99999.0,↑,0.13121,NS,10/20,5,4
Blood,CTLA4,Myeloid,NL→AR,NL,AR,0.0,0.00019144123,99999.0,↑,0.3017,NS,5/15,5,3
Blood,CTLA4,Myeloid,NL→CR,NL,CR,0.0,0.0040667607,99999.0,↑,0.016805,*,15/15,5,3
Blood,CTLA4,Myeloid,IT→IA,IT,IA,0.00029204157,0.0064469124,2107.5,↑,0.893273,NS,8/20,5,4
Blood,CTLA4,Myeloid,IA→AR,IA,AR,0.0064469124,0.00019144123,-97.0,↓,0.845356,NS,5/12,4,3
Blood,CTLA4,Myeloid,CR→AR,CR,AR,0.0040667607,0.00019144123,-95.3000030517578,↓,0.076523,†,9/9,3,3
Blood,CTLA4,CD4_T,NL→IT,NL,IT,0.17237581,0.07934436,-54.0,↓,0.095238,†,21/25,5,5
Blood,CTLA4,CD4_T,NL→IA,NL,IA,0.17237581,0.12793468,-25.799999237060547,↓,0.412698,NS,14/20,5,4
Blood,CTLA4,CD4_T,NL→AR,NL,AR,0.17237581,0.09634274,-44.09999847412109,↓,0.392857,NS,11/15,5,3
Blood,CTLA4,CD4_T,NL→CR,NL,CR,0.17237581,0.105510056,-38.79999923706055,↓,0.25,NS,12/15,5,3
Blood,CTLA4,CD4_T,IT→IA,IT,IA,0.07934436,0.12793468,61.20000076293945,↑,1.0,NS,10/20,5,4
Blood,CTLA4,CD4_T,IA→AR,IA,AR,0.12793468,0.09634274,-24.700000762939453,↓,0.857143,NS,5/12,4,3
Blood,CTLA4,CD4_T,CR→AR,CR,AR,0.105510056,0.09634274,-8.699999809265137,↓,0.7,NS,6/9,3,3
Blood,CTLA4,CD8_T,NL→IT,NL,IT,0.08139478,0.023193302,-71.5,↓,0.007937,**,25/25,5,5
Blood,CTLA4,CD8_T,NL→IA,NL,IA,0.08139478,0.11666332,43.29999923706055,↑,0.285714,NS,5/20,5,4
Blood,CTLA4,CD8_T,NL→AR,NL,AR,0.08139478,0.034869585,-57.20000076293945,↓,0.392857,NS,11/15,5,3
Blood,CTLA4,CD8_T,NL→CR,NL,CR,0.08139478,0.036991153,-54.59999847412109,↓,0.392857,NS,11/15,5,3
Blood,CTLA4,CD8_T,IT→IA,IT,IA,0.023193302,0.11666332,403.0,↑,0.904762,NS,9/20,5,4
Blood,CTLA4,CD8_T,IA→AR,IA,AR,0.11666332,0.034869585,-70.0999984741211,↓,0.4,NS,3/12,4,3
Blood,CTLA4,CD8_T,CR→AR,CR,AR,0.036991153,0.034869585,-5.699999809265137,↓,1.0,NS,5/9,3,3
Blood,CTLA4,NK,NL→IT,NL,IT,0.018474115,0.011745908,-36.400001525878906,↓,0.675174,NS,15/25,5,5
Blood,CTLA4,NK,NL→IA,NL,IA,0.018474115,0.0118823815,-35.70000076293945,↓,0.902117,NS,9/20,5,4
Blood,CTLA4,NK,NL→AR,NL,AR,0.018474115,0.012340885,-33.20000076293945,↓,0.764228,NS,9/15,5,3
Blood,CTLA4,NK,NL→CR,NL,CR,0.018474115,0.007284835,-60.59999847412109,↓,0.764228,NS,9/15,5,3
Blood,CTLA4,NK,IT→IA,IT,IA,0.011745908,0.0118823815,1.2000000476837158,↑,0.555556,NS,7/20,5,4
Blood,CTLA4,NK,IA→AR,IA,AR,0.0118823815,0.012340885,3.900000095367432,↑,0.628571,NS,8/12,4,3
Blood,CTLA4,NK,CR→AR,CR,AR,0.007284835,0.012340885,69.4000015258789,↑,0.4,NS,7/9,3,3
Blood,CTLA4,B,NL→IT,NL,IT,0.00026629222,0.00062005746,132.8000030517578,↑,0.440686,NS,10/25,5,5
Blood,CTLA4,B,NL→IA,NL,IA,0.00026629222,0.0008482973,218.6000061035156,↑,0.466854,NS,9/20,5,4
Blood,CTLA4,B,NL→AR,NL,AR,0.00026629222,0.0015805019,493.5,↑,0.171857,NS,10/15,5,3
Blood,CTLA4,B,NL→CR,NL,CR,0.00026629222,0.0,-100.0,↓,0.605577,NS,3/15,5,3
Blood,CTLA4,B,IT→IA,IT,IA,0.00062005746,0.0008482973,36.79999923706055,↑,0.893273,NS,8/20,5,4
Blood,CTLA4,B,IA→AR,IA,AR,0.0008482973,0.0015805019,86.30000305175781,↑,0.58208,NS,7/12,4,3
Blood,CTLA4,B,CR→AR,CR,AR,0.0,0.0015805019,99999.0,↑,0.196706,NS,6/9,3,3
Blood,CTLA4,PlasmaB,NL→IT,NL,IT,0.0,0.0,0.0,↑,1.0,NS,0/25,5,5
Blood,CTLA4,PlasmaB,NL→IA,NL,IA,0.0,0.0,0.0,↑,1.0,NS,0/20,5,4
Blood,CTLA4,PlasmaB,NL→AR,NL,AR,0.0,0.0,0.0,↑,1.0,NS,0/15,5,3
Blood,CTLA4,PlasmaB,NL→CR,NL,CR,0.0,0.0,0.0,↑,1.0,NS,0/15,5,3
Blood,CTLA4,PlasmaB,IT→IA,IT,IA,0.0,0.0,0.0,↑,1.0,NS,0/20,5,4
Blood,CTLA4,PlasmaB,IA→AR,IA,AR,0.0,0.0,0.0,↑,1.0,NS,0/12,4,3
Blood,CTLA4,PlasmaB,CR→AR,CR,AR,0.0,0.0,0.0,↑,1.0,NS,0/9,3,3
Blood,CXCL13,Myeloid,NL→IT,NL,IT,0.0,0.0,0.0,↑,1.0,NS,0/25,5,5
Blood,CXCL13,Myeloid,NL→IA,NL,IA,0.0,0.004768232,99999.0,↑,0.371093,NS,5/20,5,4
Blood,CXCL13,Myeloid,NL→AR,NL,AR,0.0,0.0,0.0,↑,1.0,NS,0/15,5,3
Blood,CXCL13,Myeloid,NL→CR,NL,CR,0.0,0.0002300421,99999.0,↑,0.3017,NS,5/15,5,3
Blood,CXCL13,Myeloid,IT→IA,IT,IA,0.0,0.004768232,99999.0,↑,0.371093,NS,5/20,5,4
Blood,CXCL13,Myeloid,IA→AR,IA,AR,0.004768232,0.0,-100.0,↓,0.563703,NS,3/12,4,3
Blood,CXCL13,Myeloid,CR→AR,CR,AR,0.0002300421,0.0,-100.0,↓,0.504985,NS,3/9,3,3
Blood,CXCL13,CD4_T,NL→IT,NL,IT,0.00016019036,0.0003572297,123.0,↑,0.607236,NS,9/25,5,5
Blood,CXCL13,CD4_T,NL→IA,NL,IA,0.00016019036,0.024042984,14909.0,↑,0.308369,NS,10/20,5,4
Blood,CXCL13,CD4_T,NL→AR,NL,AR,0.00016019036,0.001162073,625.4000244140625,↑,0.171857,NS,10/15,5,3
Blood,CXCL13,CD4_T,NL→CR,NL,CR,0.00016019036,0.00048881135,205.1000061035156,↑,0.305507,NS,9/15,5,3
Blood,CXCL13,CD4_T,IT→IA,IT,IA,0.0003572297,0.024042984,6630.39990234375,↑,0.687322,NS,9/20,5,4
Blood,CXCL13,CD4_T,IA→AR,IA,AR,0.024042984,0.001162073,-95.1999969482422,↓,0.854445,NS,4/12,4,3
Blood,CXCL13,CD4_T,CR→AR,CR,AR,0.00048881135,0.001162073,137.6999969482422,↑,0.506555,NS,6/9,3,3
Blood,CXCL13,CD8_T,NL→IT,NL,IT,0.0003232813,0.0,-100.0,↓,0.423711,NS,5/25,5,5
Blood,CXCL13,CD8_T,NL→IA,NL,IA,0.0003232813,0.09365066,28868.80078125,↑,0.866815,NS,5/20,5,4
Blood,CXCL13,CD8_T,NL→AR,NL,AR,0.0003232813,0.0,-100.0,↓,0.605577,NS,3/15,5,3
Blood,CXCL13,CD8_T,NL→CR,NL,CR,0.0003232813,0.0003999715,23.700000762939453,↑,1.0,NS,4/15,5,3
Blood,CXCL13,CD8_T,IT→IA,IT,IA,0.0,0.09365066,99999.0,↑,0.371093,NS,5/20,5,4
Blood,CXCL13,CD8_T,IA→AR,IA,AR,0.09365066,0.0,-100.0,↓,0.563703,NS,3/12,4,3
Blood,CXCL13,CD8_T,CR→AR,CR,AR,0.0003999715,0.0,-100.0,↓,0.504985,NS,3/9,3,3
Blood,CXCL13,NK,NL→IT,NL,IT,0.0,0.0,0.0,↑,1.0,NS,0/25,5,5
Blood,CXCL13,NK,NL→IA,NL,IA,0.0,0.0058023753,99999.0,↑,0.13121,NS,10/20,5,4
Blood,CXCL13,NK,NL→AR,NL,AR,0.0,0.0,0.0,↑,1.0,NS,0/15,5,3
Blood,CXCL13,NK,NL→CR,NL,CR,0.0,0.0011835815,99999.0,↑,0.078983,†,10/15,5,3
Blood,CXCL13,NK,IT→IA,IT,IA,0.0,0.0058023753,99999.0,↑,0.13121,NS,10/20,5,4
Blood,CXCL13,NK,IA→AR,IA,AR,0.0058023753,0.0,-100.0,↓,0.270289,NS,6/12,4,3
Blood,CXCL13,NK,CR→AR,CR,AR,0.0011835815,0.0,-100.0,↓,0.196706,NS,6/9,3,3
Blood,CXCL13,B,NL→IT,NL,IT,0.0,0.0,0.0,↑,1.0,NS,0/25,5,5
Blood,CXCL13,B,NL→IA,NL,IA,0.0,0.0,0.0,↑,1.0,NS,0/20,5,4
Blood,CXCL13,B,NL→AR,NL,AR,0.0,0.0,0.0,↑,1.0,NS,0/15,5,3
Blood,CXCL13,B,NL→CR,NL,CR,0.0,0.0,0.0,↑,1.0,NS,0/15,5,3
Blood,CXCL13,B,IT→IA,IT,IA,0.0,0.0,0.0,↑,1.0,NS,0/20,5,4
Blood,CXCL13,B,IA→AR,IA,AR,0.0,0.0,0.0,↑,1.0,NS,0/12,4,3
Blood,CXCL13,B,CR→AR,CR,AR,0.0,0.0,0.0,↑,1.0,NS,0/9,3,3
Blood,CXCL13,PlasmaB,NL→IT,NL,IT,0.0,0.014027511,99999.0,↑,0.423711,NS,5/25,5,5
Blood,CXCL13,PlasmaB,NL→IA,NL,IA,0.0,0.0071278797,99999.0,↑,0.371093,NS,5/20,5,4
Blood,CXCL13,PlasmaB,NL→AR,NL,AR,0.0,0.0033547683,99999.0,↑,0.3017,NS,5/15,5,3
Blood,CXCL13,PlasmaB,NL→CR,NL,CR,0.0,0.01682037,99999.0,↑,0.078983,†,10/15,5,3
Blood,CXCL13,PlasmaB,IT→IA,IT,IA,0.014027511,0.0071278797,-49.20000076293945,↓,1.0,NS,4/20,5,4
Blood,CXCL13,PlasmaB,IA→AR,IA,AR,0.0071278797,0.0033547683,-52.900001525878906,↓,1.0,NS,3/12,4,3
Blood,CXCL13,PlasmaB,CR→AR,CR,AR,0.01682037,0.0033547683,-80.0999984741211,↓,0.353679,NS,6/9,3,3
Blood,CXCR6,Myeloid,NL→IT,NL,IT,0.0008563188,0.0005254893,-38.59999847412109,↓,0.79717,NS,5/25,5,5
Blood,CXCR6,Myeloid,NL→IA,NL,IA,0.0008563188,0.00039190415,-54.20000076293945,↓,1.0,NS,4/20,5,4
Blood,CXCR6,Myeloid,NL→AR,NL,AR,0.0008563188,0.0006596406,-23.0,↓,1.0,NS,3/15,5,3
Blood,CXCR6,Myeloid,NL→CR,NL,CR,0.0008563188,0.0,-100.0,↓,0.605577,NS,3/15,5,3
Blood,CXCR6,Myeloid,IT→IA,IT,IA,0.0005254893,0.00039190415,-25.399999618530277,↓,1.0,NS,6/20,5,4
Blood,CXCR6,Myeloid,IA→AR,IA,AR,0.00039190415,0.0006596406,68.30000305175781,↑,0.825498,NS,4/12,4,3
Blood,CXCR6,Myeloid,CR→AR,CR,AR,0.0,0.0006596406,99999.0,↑,0.504985,NS,3/9,3,3
Blood,CXCR6,CD4_T,NL→IT,NL,IT,0.07632907,0.038916476,-49.0,↓,1.0,NS,12/25,5,5
Blood,CXCR6,CD4_T,NL→IA,NL,IA,0.07632907,0.20091197,163.1999969482422,↑,0.538594,NS,13/20,5,4
Blood,CXCR6,CD4_T,NL→AR,NL,AR,0.07632907,0.03602324,-52.79999923706055,↓,1.0,NS,8/15,5,3
Blood,CXCR6,CD4_T,NL→CR,NL,CR,0.07632907,0.014232094,-81.4000015258789,↓,0.764228,NS,9/15,5,3
Blood,CXCR6,CD4_T,IT→IA,IT,IA,0.038916476,0.20091197,416.2999877929688,↑,0.412698,NS,14/20,5,4
Blood,CXCR6,CD4_T,IA→AR,IA,AR,0.20091197,0.03602324,-82.0999984741211,↓,0.4,NS,9/12,4,3
Blood,CXCR6,CD4_T,CR→AR,CR,AR,0.014232094,0.03602324,153.10000610351562,↑,0.4,NS,7/9,3,3
Blood,CXCR6,CD8_T,NL→IT,NL,IT,0.12893537,0.045671742,-64.5999984741211,↓,0.309524,NS,18/25,5,5
Blood,CXCR6,CD8_T,NL→IA,NL,IA,0.12893537,0.39826828,208.8999938964844,↑,0.904762,NS,11/20,5,4
Blood,CXCR6,CD8_T,NL→AR,NL,AR,0.12893537,0.054255407,-57.900001525878906,↓,0.571429,NS,10/15,5,3
Blood,CXCR6,CD8_T,NL→CR,NL,CR,0.12893537,0.03534746,-72.5999984741211,↓,0.25,NS,12/15,5,3
Blood,CXCR6,CD8_T,IT→IA,IT,IA,0.045671742,0.39826828,772.0,↑,0.412698,NS,14/20,5,4
Blood,CXCR6,CD8_T,IA→AR,IA,AR,0.39826828,0.054255407,-86.4000015258789,↓,0.628571,NS,8/12,4,3
Blood,CXCR6,CD8_T,CR→AR,CR,AR,0.03534746,0.054255407,53.5,↑,0.2,NS,8/9,3,3
Blood,CXCR6,NK,NL→IT,NL,IT,0.02365232,0.03313042,40.09999847412109,↑,1.0,NS,12/25,5,5
Blood,CXCR6,NK,NL→IA,NL,IA,0.02365232,0.24794883,948.2999877929688,↑,0.063492,†,18/20,5,4
Blood,CXCR6,NK,NL→AR,NL,AR,0.02365232,0.041986227,77.5,↑,0.785714,NS,9/15,5,3
Blood,CXCR6,NK,NL→CR,NL,CR,0.02365232,0.024382457,3.0999999046325684,↑,0.785714,NS,9/15,5,3
Blood,CXCR6,NK,IT→IA,IT,IA,0.03313042,0.24794883,648.4000244140625,↑,0.190476,NS,16/20,5,4
Blood,CXCR6,NK,IA→AR,IA,AR,0.24794883,0.041986227,-83.0999984741211,↓,0.4,NS,9/12,4,3
Blood,CXCR6,NK,CR→AR,CR,AR,0.024382457,0.041986227,72.19999694824219,↑,0.7,NS,6/9,3,3
Blood,CXCR6,B,NL→IT,NL,IT,0.00023486538,0.0005642505,140.1999969482422,↑,1.0,NS,5/25,5,5
Blood,CXCR6,B,NL→IA,NL,IA,0.00023486538,0.003009438,1181.300048828125,↑,0.466854,NS,9/20,5,4
Blood,CXCR6,B,NL→AR,NL,AR,0.00023486538,0.0,-100.0,↓,0.605577,NS,3/15,5,3
Blood,CXCR6,B,NL→CR,NL,CR,0.00023486538,0.0,-100.0,↓,0.605577,NS,3/15,5,3
Blood,CXCR6,B,IT→IA,IT,IA,0.0005642505,0.003009438,433.3999938964844,↑,0.466854,NS,9/20,5,4
Blood,CXCR6,B,IA→AR,IA,AR,0.003009438,0.0,-100.0,↓,0.270289,NS,6/12,4,3
Blood,CXCR6,B,CR→AR,CR,AR,0.0,0.0,0.0,↑,1.0,NS,0/9,3,3
Blood,CXCR6,PlasmaB,NL→IT,NL,IT,0.0,0.0,0.0,↑,1.0,NS,0/25,5,5
Blood,CXCR6,PlasmaB,NL→IA,NL,IA,0.0,0.0109426975,99999.0,↑,0.13121,NS,10/20,5,4
Blood,CXCR6,PlasmaB,NL→AR,NL,AR,0.0,0.0,0.0,↑,1.0,NS,0/15,5,3
Blood,CXCR6,PlasmaB,NL→CR,NL,CR,0.0,0.0,0.0,↑,1.0,NS,0/15,5,3
Blood,CXCR6,PlasmaB,IT→IA,IT,IA,0.0,0.0109426975,99999.0,↑,0.13121,NS,10/20,5,4
Blood,CXCR6,PlasmaB,IA→AR,IA,AR,0.0109426975,0.0,-100.0,↓,0.270289,NS,6/12,4,3
Blood,CXCR6,PlasmaB,CR→AR,CR,AR,0.0,0.0,0.0,↑,1.0,NS,0/9,3,3
Blood,DNMT1,Myeloid,NL→IT,NL,IT,0.111251034,0.2934986,163.8000030517578,↑,0.007937,**,25/25,5,5
Blood,DNMT1,Myeloid,NL→IA,NL,IA,0.111251034,0.31123137,179.8000030517578,↑,0.015873,*,20/20,5,4
Blood,DNMT1,Myeloid,NL→AR,NL,AR,0.111251034,0.30670014,175.6999969482422,↑,0.035714,*,15/15,5,3
Blood,DNMT1,Myeloid,NL→CR,NL,CR,0.111251034,0.24258691,118.0999984741211,↑,0.035714,*,15/15,5,3
Blood,DNMT1,Myeloid,IT→IA,IT,IA,0.2934986,0.31123137,6.0,↑,0.904762,NS,11/20,5,4
Blood,DNMT1,Myeloid,IA→AR,IA,AR,0.31123137,0.30670014,-1.5,↓,0.857143,NS,5/12,4,3
Blood,DNMT1,Myeloid,CR→AR,CR,AR,0.24258691,0.30670014,26.399999618530277,↑,0.4,NS,7/9,3,3
Blood,DNMT1,CD4_T,NL→IT,NL,IT,0.29560035,0.4197709,42.0,↑,0.055556,†,22/25,5,5
Blood,DNMT1,CD4_T,NL→IA,NL,IA,0.29560035,0.41913956,41.79999923706055,↑,0.111111,NS,17/20,5,4
Blood,DNMT1,CD4_T,NL→AR,NL,AR,0.29560035,0.4298906,45.400001525878906,↑,0.035714,*,15/15,5,3
Blood,DNMT1,CD4_T,NL→CR,NL,CR,0.29560035,0.3292738,11.399999618530272,↑,0.785714,NS,9/15,5,3
Blood,DNMT1,CD4_T,IT→IA,IT,IA,0.4197709,0.41913956,-0.2000000029802322,↓,1.0,NS,10/20,5,4
Blood,DNMT1,CD4_T,IA→AR,IA,AR,0.41913956,0.4298906,2.5999999046325684,↑,1.0,NS,6/12,4,3
Blood,DNMT1,CD4_T,CR→AR,CR,AR,0.3292738,0.4298906,30.600000381469727,↑,0.4,NS,7/9,3,3
Blood,DNMT1,CD8_T,NL→IT,NL,IT,0.29958537,0.4058926,35.5,↑,0.055556,†,22/25,5,5
Blood,DNMT1,CD8_T,NL→IA,NL,IA,0.29958537,0.38759524,29.399999618530277,↑,0.412698,NS,14/20,5,4
Blood,DNMT1,CD8_T,NL→AR,NL,AR,0.29958537,0.41108632,37.20000076293945,↑,0.035714,*,15/15,5,3
Blood,DNMT1,CD8_T,NL→CR,NL,CR,0.29958537,0.30064204,0.4000000059604645,↑,1.0,NS,7/15,5,3
Blood,DNMT1,CD8_T,IT→IA,IT,IA,0.4058926,0.38759524,-4.5,↓,1.0,NS,10/20,5,4
Blood,DNMT1,CD8_T,IA→AR,IA,AR,0.38759524,0.41108632,6.099999904632568,↑,1.0,NS,6/12,4,3
Blood,DNMT1,CD8_T,CR→AR,CR,AR,0.30064204,0.41108632,36.70000076293945,↑,0.4,NS,7/9,3,3
Blood,DNMT1,NK,NL→IT,NL,IT,0.2511509,0.41263407,64.30000305175781,↑,0.031746,*,23/25,5,5
Blood,DNMT1,NK,NL→IA,NL,IA,0.2511509,0.43820006,74.5,↑,0.031746,*,19/20,5,4
Blood,DNMT1,NK,NL→AR,NL,AR,0.2511509,0.41967192,67.0999984741211,↑,0.035714,*,15/15,5,3
Blood,DNMT1,NK,NL→CR,NL,CR,0.2511509,0.2938629,17.0,↑,0.785714,NS,9/15,5,3
Blood,DNMT1,NK,IT→IA,IT,IA,0.41263407,0.43820006,6.199999809265137,↑,0.730159,NS,12/20,5,4
Blood,DNMT1,NK,IA→AR,IA,AR,0.43820006,0.41967192,-4.199999809265137,↓,0.857143,NS,7/12,4,3
Blood,DNMT1,NK,CR→AR,CR,AR,0.2938629,0.41967192,42.79999923706055,↑,0.7,NS,6/9,3,3
Blood,DNMT1,B,NL→IT,NL,IT,0.13914123,0.14634795,5.199999809265137,↑,0.690476,NS,15/25,5,5
Blood,DNMT1,B,NL→IA,NL,IA,0.13914123,0.145219,4.400000095367432,↑,1.0,NS,10/20,5,4
Blood,DNMT1,B,NL→AR,NL,AR,0.13914123,0.17033838,22.399999618530277,↑,0.392857,NS,11/15,5,3
Blood,DNMT1,B,NL→CR,NL,CR,0.13914123,0.100233264,-28.0,↓,0.25,NS,12/15,5,3
Blood,DNMT1,B,IT→IA,IT,IA,0.14634795,0.145219,-0.800000011920929,↓,1.0,NS,10/20,5,4
Blood,DNMT1,B,IA→AR,IA,AR,0.145219,0.17033838,17.299999237060547,↑,0.4,NS,9/12,4,3
Blood,DNMT1,B,CR→AR,CR,AR,0.100233264,0.17033838,69.9000015258789,↑,0.2,NS,8/9,3,3
Blood,DNMT1,PlasmaB,NL→IT,NL,IT,0.24449007,0.27118593,10.899999618530272,↑,0.547619,NS,16/25,5,5
Blood,DNMT1,PlasmaB,NL→IA,NL,IA,0.24449007,0.252273,3.200000047683716,↑,0.730159,NS,12/20,5,4
Blood,DNMT1,PlasmaB,NL→AR,NL,AR,0.24449007,0.20965497,-14.199999809265137,↓,0.785714,NS,6/15,5,3
Blood,DNMT1,PlasmaB,NL→CR,NL,CR,0.24449007,0.19336021,-20.899999618530277,↓,1.0,NS,8/15,5,3
Blood,DNMT1,PlasmaB,IT→IA,IT,IA,0.27118593,0.252273,-7.0,↓,0.730159,NS,8/20,5,4
Blood,DNMT1,PlasmaB,IA→AR,IA,AR,0.252273,0.20965497,-16.899999618530273,↓,0.857143,NS,7/12,4,3
Blood,DNMT1,PlasmaB,CR→AR,CR,AR,0.19336021,0.20965497,8.399999618530273,↑,1.0,NS,5/9,3,3
Blood,DNMT3A,Myeloid,NL→IT,NL,IT,0.012209622,0.05473544,348.29998779296875,↑,0.011925,*,25/25,5,5
Blood,DNMT3A,Myeloid,NL→IA,NL,IA,0.012209622,0.0495894,306.20001220703125,↑,0.019451,*,20/20,5,4
Blood,DNMT3A,Myeloid,NL→AR,NL,AR,0.012209622,0.04994184,309.0,↑,0.03577,*,15/15,5,3
Blood,DNMT3A,Myeloid,NL→CR,NL,CR,0.012209622,0.054891516,349.6000061035156,↑,0.03577,*,15/15,5,3
Blood,DNMT3A,Myeloid,IT→IA,IT,IA,0.05473544,0.0495894,-9.399999618530272,↓,0.904762,NS,11/20,5,4
Blood,DNMT3A,Myeloid,IA→AR,IA,AR,0.0495894,0.04994184,0.699999988079071,↑,0.857143,NS,5/12,4,3
Blood,DNMT3A,Myeloid,CR→AR,CR,AR,0.054891516,0.04994184,-9.0,↓,0.7,NS,6/9,3,3
Blood,DNMT3A,CD4_T,NL→IT,NL,IT,0.04807196,0.11212049,133.1999969482422,↑,0.007937,**,25/25,5,5
Blood,DNMT3A,CD4_T,NL→IA,NL,IA,0.04807196,0.10404165,116.4000015258789,↑,0.190476,NS,16/20,5,4
Blood,DNMT3A,CD4_T,NL→AR,NL,AR,0.04807196,0.11878649,147.10000610351562,↑,0.035714,*,15/15,5,3
Blood,DNMT3A,CD4_T,NL→CR,NL,CR,0.04807196,0.10272831,113.6999969482422,↑,0.035714,*,15/15,5,3
Blood,DNMT3A,CD4_T,IT→IA,IT,IA,0.11212049,0.10404165,-7.199999809265137,↓,0.904762,NS,11/20,5,4
Blood,DNMT3A,CD4_T,IA→AR,IA,AR,0.10404165,0.11878649,14.199999809265137,↑,0.628571,NS,8/12,4,3
Blood,DNMT3A,CD4_T,CR→AR,CR,AR,0.10272831,0.11878649,15.600000381469728,↑,0.2,NS,8/9,3,3
Blood,DNMT3A,CD8_T,NL→IT,NL,IT,0.06116613,0.11642166,90.3000030517578,↑,0.015873,*,24/25,5,5
Blood,DNMT3A,CD8_T,NL→IA,NL,IA,0.06116613,0.11584221,89.4000015258789,↑,0.063492,†,18/20,5,4
Blood,DNMT3A,CD8_T,NL→AR,NL,AR,0.06116613,0.103993036,70.0,↑,0.071429,†,14/15,5,3
Blood,DNMT3A,CD8_T,NL→CR,NL,CR,0.06116613,0.113994025,86.4000015258789,↑,0.071429,†,14/15,5,3
Blood,DNMT3A,CD8_T,IT→IA,IT,IA,0.11642166,0.11584221,-0.5,↓,0.904762,NS,11/20,5,4
Blood,DNMT3A,CD8_T,IA→AR,IA,AR,0.11584221,0.103993036,-10.199999809265137,↓,0.857143,NS,5/12,4,3
Blood,DNMT3A,CD8_T,CR→AR,CR,AR,0.113994025,0.103993036,-8.800000190734863,↓,1.0,NS,5/9,3,3
Blood,DNMT3A,NK,NL→IT,NL,IT,0.038124084,0.056551117,48.29999923706055,↑,0.309524,NS,18/25,5,5
Blood,DNMT3A,NK,NL→IA,NL,IA,0.038124084,0.08151315,113.8000030517578,↑,0.031746,*,19/20,5,4
Blood,DNMT3A,NK,NL→AR,NL,AR,0.038124084,0.06512991,70.80000305175781,↑,0.142857,NS,13/15,5,3
Blood,DNMT3A,NK,NL→CR,NL,CR,0.038124084,0.07695483,101.9000015258789,↑,0.035714,*,15/15,5,3
Blood,DNMT3A,NK,IT→IA,IT,IA,0.056551117,0.08151315,44.09999847412109,↑,0.111111,NS,17/20,5,4
Blood,DNMT3A,NK,IA→AR,IA,AR,0.08151315,0.06512991,-20.100000381469727,↓,0.628571,NS,8/12,4,3
Blood,DNMT3A,NK,CR→AR,CR,AR,0.07695483,0.06512991,-15.399999618530272,↓,0.2,NS,8/9,3,3
Blood,DNMT3A,B,NL→IT,NL,IT,0.017139334,0.052149195,204.3000030517578,↑,0.059327,†,22/25,5,5
Blood,DNMT3A,B,NL→IA,NL,IA,0.017139334,0.044572953,160.10000610351562,↑,0.065064,†,18/20,5,4
Blood,DNMT3A,B,NL→AR,NL,AR,0.017139334,0.052114457,204.1000061035156,↑,0.03577,*,15/15,5,3
Blood,DNMT3A,B,NL→CR,NL,CR,0.017139334,0.045512278,165.5,↑,0.03577,*,15/15,5,3
Blood,DNMT3A,B,IT→IA,IT,IA,0.052149195,0.044572953,-14.5,↓,0.555556,NS,13/20,5,4
Blood,DNMT3A,B,IA→AR,IA,AR,0.044572953,0.052114457,16.899999618530273,↑,0.857143,NS,7/12,4,3
Blood,DNMT3A,B,CR→AR,CR,AR,0.045512278,0.052114457,14.5,↑,0.4,NS,7/9,3,3
Blood,DNMT3A,PlasmaB,NL→IT,NL,IT,0.013329053,0.05185684,289.1000061035156,↑,0.105998,NS,19/25,5,5
Blood,DNMT3A,PlasmaB,NL→IA,NL,IA,0.013329053,0.04773512,258.1000061035156,↑,0.170609,NS,16/20,5,4
Blood,DNMT3A,PlasmaB,NL→AR,NL,AR,0.013329053,0.022178382,66.4000015258789,↑,0.359397,NS,11/15,5,3
Blood,DNMT3A,PlasmaB,NL→CR,NL,CR,0.013329053,0.09499208,612.7000122070312,↑,0.032473,*,15/15,5,3
Blood,DNMT3A,PlasmaB,IT→IA,IT,IA,0.05185684,0.04773512,-7.900000095367432,↓,0.904762,NS,11/20,5,4
Blood,DNMT3A,PlasmaB,IA→AR,IA,AR,0.04773512,0.022178382,-53.5,↓,0.857143,NS,7/12,4,3
Blood,DNMT3A,PlasmaB,CR→AR,CR,AR,0.09499208,0.022178382,-76.69999694824219,↓,0.1,NS,9/9,3,3
Blood,DNMT3B,Myeloid,NL→IT,NL,IT,0.0002879108,0.003507787,1118.4000244140625,↑,0.044909,*,20/25,5,5
Blood,DNMT3B,Myeloid,NL→IA,NL,IA,0.0002879108,0.0019370469,572.7999877929688,↑,0.081136,†,15/20,5,4
Blood,DNMT3B,Myeloid,NL→AR,NL,AR,0.0002879108,0.0007527733,161.5,↑,0.305507,NS,9/15,5,3
Blood,DNMT3B,Myeloid,NL→CR,NL,CR,0.0002879108,0.0021977944,663.4000244140625,↑,0.056664,†,14/15,5,3
Blood,DNMT3B,Myeloid,IT→IA,IT,IA,0.003507787,0.0019370469,-44.79999923706055,↓,0.218742,NS,15/20,5,4
Blood,DNMT3B,Myeloid,IA→AR,IA,AR,0.0019370469,0.0007527733,-61.09999847412109,↓,0.284503,NS,9/12,4,3
Blood,DNMT3B,Myeloid,CR→AR,CR,AR,0.0021977944,0.0007527733,-65.69999694824219,↓,0.2,NS,8/9,3,3
Blood,DNMT3B,CD4_T,NL→IT,NL,IT,0.0,0.0011677968,99999.0,↑,0.072006,†,15/25,5,5
Blood,DNMT3B,CD4_T,NL→IA,NL,IA,0.0,0.0009570207,99999.0,↑,0.04162,*,15/20,5,4
Blood,DNMT3B,CD4_T,NL→AR,NL,AR,0.0,0.0010102217,99999.0,↑,0.016805,*,15/15,5,3
Blood,DNMT3B,CD4_T,NL→CR,NL,CR,0.0,0.0,0.0,↑,1.0,NS,0/15,5,3
Blood,DNMT3B,CD4_T,IT→IA,IT,IA,0.0011677968,0.0009570207,-18.0,↓,1.0,NS,9/20,5,4
Blood,DNMT3B,CD4_T,IA→AR,IA,AR,0.0009570207,0.0010102217,5.599999904632568,↑,1.0,NS,6/12,4,3
Blood,DNMT3B,CD4_T,CR→AR,CR,AR,0.0,0.0010102217,99999.0,↑,0.063603,†,9/9,3,3
Blood,DNMT3B,CD8_T,NL→IT,NL,IT,0.0002361811,0.0014280496,504.6000061035156,↑,0.157939,NS,15/25,5,5
Blood,DNMT3B,CD8_T,NL→IA,NL,IA,0.0002361811,0.0,-100.0,↓,0.502335,NS,4/20,5,4
Blood,DNMT3B,CD8_T,NL→AR,NL,AR,0.0002361811,0.00019133714,-19.0,↓,1.0,NS,3/15,5,3
Blood,DNMT3B,CD8_T,NL→CR,NL,CR,0.0002361811,0.0009865711,317.70001220703125,↑,0.69627,NS,5/15,5,3
Blood,DNMT3B,CD8_T,IT→IA,IT,IA,0.0014280496,0.0,-100.0,↓,0.109436,NS,12/20,5,4
Blood,DNMT3B,CD8_T,IA→AR,IA,AR,0.0,0.00019133714,99999.0,↑,0.386476,NS,4/12,4,3
Blood,DNMT3B,CD8_T,CR→AR,CR,AR,0.0009865711,0.00019133714,-80.5999984741211,↓,1.0,NS,3/9,3,3
Blood,DNMT3B,NK,NL→IT,NL,IT,0.0002333731,0.00048867054,109.4000015258789,↑,0.440686,NS,10/25,5,5
Blood,DNMT3B,NK,NL→IA,NL,IA,0.0002333731,0.00117216,402.2999877929688,↑,0.139996,NS,14/20,5,4
Blood,DNMT3B,NK,NL→AR,NL,AR,0.0002333731,0.00059934467,156.8000030517578,↑,0.203872,NS,12/15,5,3
Blood,DNMT3B,NK,NL→CR,NL,CR,0.0002333731,0.0021980004,841.7999877929688,↑,0.69627,NS,5/15,5,3
Blood,DNMT3B,NK,IT→IA,IT,IA,0.00048867054,0.00117216,139.89999389648438,↑,0.306136,NS,13/20,5,4
Blood,DNMT3B,NK,IA→AR,IA,AR,0.00117216,0.00059934467,-48.900001525878906,↓,1.0,NS,6/12,4,3
Blood,DNMT3B,NK,CR→AR,CR,AR,0.0021980004,0.00059934467,-72.69999694824219,↓,0.657905,NS,3/9,3,3
Blood,DNMT3B,B,NL→IT,NL,IT,0.0,0.0,0.0,↑,1.0,NS,0/25,5,5
Blood,DNMT3B,B,NL→IA,NL,IA,0.0,0.00023703356,99999.0,↑,0.371093,NS,5/20,5,4
Blood,DNMT3B,B,NL→AR,NL,AR,0.0,0.0,0.0,↑,1.0,NS,0/15,5,3
Blood,DNMT3B,B,NL→CR,NL,CR,0.0,0.0004785889,99999.0,↑,0.3017,NS,5/15,5,3
Blood,DNMT3B,B,IT→IA,IT,IA,0.0,0.00023703356,99999.0,↑,0.371093,NS,5/20,5,4
Blood,DNMT3B,B,IA→AR,IA,AR,0.00023703356,0.0,-100.0,↓,0.563703,NS,3/12,4,3
Blood,DNMT3B,B,CR→AR,CR,AR,0.0004785889,0.0,-100.0,↓,0.504985,NS,3/9,3,3
Blood,DNMT3B,PlasmaB,NL→IT,NL,IT,0.0,0.0,0.0,↑,1.0,NS,0/25,5,5
Blood,DNMT3B,PlasmaB,NL→IA,NL,IA,0.0,0.008936318,99999.0,↑,0.371093,NS,5/20,5,4
Blood,DNMT3B,PlasmaB,NL→AR,NL,AR,0.0,0.00085480715,99999.0,↑,0.3017,NS,5/15,5,3
Blood,DNMT3B,PlasmaB,NL→CR,NL,CR,0.0,0.0073585943,99999.0,↑,0.016805,*,15/15,5,3
Blood,DNMT3B,PlasmaB,IT→IA,IT,IA,0.0,0.008936318,99999.0,↑,0.371093,NS,5/20,5,4
Blood,DNMT3B,PlasmaB,IA→AR,IA,AR,0.008936318,0.00085480715,-90.4000015258789,↓,1.0,NS,3/12,4,3
Blood,DNMT3B,PlasmaB,CR→AR,CR,AR,0.0073585943,0.00085480715,-88.4000015258789,↓,0.076523,†,9/9,3,3
Blood,EIF4EBP1,Myeloid,NL→IT,NL,IT,0.62086636,0.6776228,9.100000381469728,↑,0.222222,NS,19/25,5,5
Blood,EIF4EBP1,Myeloid,NL→IA,NL,IA,0.62086636,0.5824563,-6.199999809265137,↓,0.555556,NS,7/20,5,4
Blood,EIF4EBP1,Myeloid,NL→AR,NL,AR,0.62086636,0.6355221,2.400000095367432,↑,0.392857,NS,11/15,5,3
Blood,EIF4EBP1,Myeloid,NL→CR,NL,CR,0.62086636,0.6468832,4.199999809265137,↑,0.25,NS,12/15,5,3
Blood,EIF4EBP1,Myeloid,IT→IA,IT,IA,0.6776228,0.5824563,-14.0,↓,0.555556,NS,13/20,5,4
Blood,EIF4EBP1,Myeloid,IA→AR,IA,AR,0.5824563,0.6355221,9.100000381469728,↑,0.857143,NS,7/12,4,3
Blood,EIF4EBP1,Myeloid,CR→AR,CR,AR,0.6468832,0.6355221,-1.7999999523162842,↓,0.7,NS,6/9,3,3
Blood,EIF4EBP1,CD4_T,NL→IT,NL,IT,0.058018625,0.06095774,5.099999904632568,↑,1.0,NS,13/25,5,5
Blood,EIF4EBP1,CD4_T,NL→IA,NL,IA,0.058018625,0.07252005,25.0,↑,0.412698,NS,14/20,5,4
Blood,EIF4EBP1,CD4_T,NL→AR,NL,AR,0.058018625,0.06154117,6.099999904632568,↑,0.785714,NS,9/15,5,3
Blood,EIF4EBP1,CD4_T,NL→CR,NL,CR,0.058018625,0.059519116,2.5999999046325684,↑,0.785714,NS,9/15,5,3
Blood,EIF4EBP1,CD4_T,IT→IA,IT,IA,0.06095774,0.07252005,19.0,↑,0.730159,NS,8/20,5,4
Blood,EIF4EBP1,CD4_T,IA→AR,IA,AR,0.07252005,0.06154117,-15.100000381469728,↓,0.857143,NS,5/12,4,3
Blood,EIF4EBP1,CD4_T,CR→AR,CR,AR,0.059519116,0.06154117,3.400000095367432,↑,0.4,NS,7/9,3,3
Blood,EIF4EBP1,CD8_T,NL→IT,NL,IT,0.0938045,0.07833527,-16.5,↓,0.547619,NS,16/25,5,5
Blood,EIF4EBP1,CD8_T,NL→IA,NL,IA,0.0938045,0.09644745,2.799999952316284,↑,0.904762,NS,9/20,5,4
Blood,EIF4EBP1,CD8_T,NL→AR,NL,AR,0.0938045,0.07511726,-19.899999618530277,↓,0.571429,NS,10/15,5,3
Blood,EIF4EBP1,CD8_T,NL→CR,NL,CR,0.0938045,0.0685525,-26.899999618530277,↓,0.785714,NS,9/15,5,3
Blood,EIF4EBP1,CD8_T,IT→IA,IT,IA,0.07833527,0.09644745,23.100000381469727,↑,0.904762,NS,9/20,5,4
Blood,EIF4EBP1,CD8_T,IA→AR,IA,AR,0.09644745,0.07511726,-22.100000381469727,↓,0.857143,NS,5/12,4,3
Blood,EIF4EBP1,CD8_T,CR→AR,CR,AR,0.0685525,0.07511726,9.600000381469728,↑,0.7,NS,6/9,3,3
Blood,EIF4EBP1,NK,NL→IT,NL,IT,0.08123996,0.08386645,3.200000047683716,↑,0.84127,NS,14/25,5,5
Blood,EIF4EBP1,NK,NL→IA,NL,IA,0.08123996,0.090509936,11.399999618530272,↑,0.555556,NS,7/20,5,4
Blood,EIF4EBP1,NK,NL→AR,NL,AR,0.08123996,0.098249495,20.899999618530277,↑,0.392857,NS,11/15,5,3
Blood,EIF4EBP1,NK,NL→CR,NL,CR,0.08123996,0.096854635,19.200000762939453,↑,0.571429,NS,10/15,5,3
Blood,EIF4EBP1,NK,IT→IA,IT,IA,0.08386645,0.090509936,7.900000095367432,↑,0.555556,NS,7/20,5,4
Blood,EIF4EBP1,NK,IA→AR,IA,AR,0.090509936,0.098249495,8.600000381469727,↑,0.4,NS,9/12,4,3
Blood,EIF4EBP1,NK,CR→AR,CR,AR,0.096854635,0.098249495,1.399999976158142,↑,1.0,NS,5/9,3,3
Blood,EIF4EBP1,B,NL→IT,NL,IT,0.14001934,0.21351445,52.5,↑,0.007937,**,25/25,5,5
Blood,EIF4EBP1,B,NL→IA,NL,IA,0.14001934,0.17363921,24.0,↑,0.904762,NS,9/20,5,4
Blood,EIF4EBP1,B,NL→AR,NL,AR,0.14001934,0.20586665,47.0,↑,0.25,NS,12/15,5,3
Blood,EIF4EBP1,B,NL→CR,NL,CR,0.14001934,0.1537198,9.800000190734863,↑,1.0,NS,7/15,5,3
Blood,EIF4EBP1,B,IT→IA,IT,IA,0.21351445,0.17363921,-18.700000762939453,↓,0.190476,NS,16/20,5,4
Blood,EIF4EBP1,B,IA→AR,IA,AR,0.17363921,0.20586665,18.600000381469727,↑,0.228571,NS,10/12,4,3
Blood,EIF4EBP1,B,CR→AR,CR,AR,0.1537198,0.20586665,33.900001525878906,↑,0.4,NS,7/9,3,3
Blood,EIF4EBP1,PlasmaB,NL→IT,NL,IT,0.22693412,0.38648573,70.30000305175781,↑,0.150794,NS,20/25,5,5
Blood,EIF4EBP1,PlasmaB,NL→IA,NL,IA,0.22693412,0.31989467,41.0,↑,0.412698,NS,14/20,5,4
Blood,EIF4EBP1,PlasmaB,NL→AR,NL,AR,0.22693412,0.28428447,25.299999237060547,↑,0.571429,NS,10/15,5,3
Blood,EIF4EBP1,PlasmaB,NL→CR,NL,CR,0.22693412,0.30360672,33.79999923706055,↑,0.25,NS,12/15,5,3
Blood,EIF4EBP1,PlasmaB,IT→IA,IT,IA,0.38648573,0.31989467,-17.200000762939453,↓,0.412698,NS,14/20,5,4
Blood,EIF4EBP1,PlasmaB,IA→AR,IA,AR,0.31989467,0.28428447,-11.100000381469728,↓,0.857143,NS,5/12,4,3
Blood,EIF4EBP1,PlasmaB,CR→AR,CR,AR,0.30360672,0.28428447,-6.400000095367432,↓,0.7,NS,6/9,3,3
Blood,ENTPD1,Myeloid,NL→IT,NL,IT,0.180632,0.3124527,73.0,↑,0.055556,†,22/25,5,5
Blood,ENTPD1,Myeloid,NL→IA,NL,IA,0.180632,0.32931834,82.30000305175781,↑,0.063492,†,18/20,5,4
Blood,ENTPD1,Myeloid,NL→AR,NL,AR,0.180632,0.26112878,44.59999847412109,↑,0.392857,NS,11/15,5,3
Blood,ENTPD1,Myeloid,NL→CR,NL,CR,0.180632,0.34380087,90.3000030517578,↑,0.035714,*,15/15,5,3
Blood,ENTPD1,Myeloid,IT→IA,IT,IA,0.3124527,0.32931834,5.400000095367432,↑,0.555556,NS,13/20,5,4
Blood,ENTPD1,Myeloid,IA→AR,IA,AR,0.32931834,0.26112878,-20.700000762939453,↓,0.4,NS,9/12,4,3
Blood,ENTPD1,Myeloid,CR→AR,CR,AR,0.34380087,0.26112878,-24.0,↓,0.1,NS,9/9,3,3
Blood,ENTPD1,CD4_T,NL→IT,NL,IT,0.01513077,0.0059977896,-60.400001525878906,↓,0.84127,NS,11/25,5,5
Blood,ENTPD1,CD4_T,NL→IA,NL,IA,0.01513077,0.03719406,145.8000030517578,↑,0.412698,NS,14/20,5,4
Blood,ENTPD1,CD4_T,NL→AR,NL,AR,0.01513077,0.010705437,-29.200000762939453,↓,1.0,NS,7/15,5,3
Blood,ENTPD1,CD4_T,NL→CR,NL,CR,0.01513077,0.006477116,-57.20000076293945,↓,0.571429,NS,5/15,5,3
Blood,ENTPD1,CD4_T,IT→IA,IT,IA,0.0059977896,0.03719406,520.0999755859375,↑,0.285714,NS,15/20,5,4
Blood,ENTPD1,CD4_T,IA→AR,IA,AR,0.03719406,0.010705437,-71.19999694824219,↓,0.857143,NS,7/12,4,3
Blood,ENTPD1,CD4_T,CR→AR,CR,AR,0.006477116,0.010705437,65.30000305175781,↑,1.0,NS,5/9,3,3
Blood,ENTPD1,CD8_T,NL→IT,NL,IT,0.012039211,0.0027123443,-77.5,↓,0.829357,NS,9/25,5,5
Blood,ENTPD1,CD8_T,NL→IA,NL,IA,0.012039211,0.04770694,296.29998779296875,↑,0.383221,NS,13/20,5,4
Blood,ENTPD1,CD8_T,NL→AR,NL,AR,0.012039211,0.0057827383,-52.0,↓,0.230243,NS,3/15,5,3
Blood,ENTPD1,CD8_T,NL→CR,NL,CR,0.012039211,0.009062785,-24.700000762939453,↓,0.230243,NS,3/15,5,3
Blood,ENTPD1,CD8_T,IT→IA,IT,IA,0.0027123443,0.04770694,1658.9000244140625,↑,0.383221,NS,13/20,5,4
Blood,ENTPD1,CD8_T,IA→AR,IA,AR,0.04770694,0.0057827383,-87.9000015258789,↓,1.0,NS,6/12,4,3
Blood,ENTPD1,CD8_T,CR→AR,CR,AR,0.009062785,0.0057827383,-36.20000076293945,↓,0.7,NS,6/9,3,3
Blood,ENTPD1,NK,NL→IT,NL,IT,0.0017562449,0.00591928,237.0,↑,0.161238,NS,18/25,5,5
Blood,ENTPD1,NK,NL→IA,NL,IA,0.0017562449,0.02070702,1079.0999755859375,↑,0.170609,NS,16/20,5,4
Blood,ENTPD1,NK,NL→AR,NL,AR,0.0017562449,0.0033660445,91.6999969482422,↑,0.541193,NS,10/15,5,3
Blood,ENTPD1,NK,NL→CR,NL,CR,0.0017562449,0.013715613,681.0,↑,0.12663,NS,13/15,5,3
Blood,ENTPD1,NK,IT→IA,IT,IA,0.00591928,0.02070702,249.8000030517578,↑,0.555556,NS,13/20,5,4
Blood,ENTPD1,NK,IA→AR,IA,AR,0.02070702,0.0033660445,-83.69999694824219,↓,0.857143,NS,7/12,4,3
Blood,ENTPD1,NK,CR→AR,CR,AR,0.013715613,0.0033660445,-75.5,↓,0.2,NS,8/9,3,3
Blood,ENTPD1,B,NL→IT,NL,IT,0.085563675,0.19996443,133.6999969482422,↑,0.021177,*,24/25,5,5
Blood,ENTPD1,B,NL→IA,NL,IA,0.085563675,0.18551189,116.8000030517578,↑,0.065064,†,18/20,5,4
Blood,ENTPD1,B,NL→AR,NL,AR,0.085563675,0.17908727,109.3000030517578,↑,0.071924,†,14/15,5,3
Blood,ENTPD1,B,NL→CR,NL,CR,0.085563675,0.1459272,70.5,↑,0.368227,NS,11/15,5,3
Blood,ENTPD1,B,IT→IA,IT,IA,0.19996443,0.18551189,-7.199999809265137,↓,0.412698,NS,14/20,5,4
Blood,ENTPD1,B,IA→AR,IA,AR,0.18551189,0.17908727,-3.5,↓,0.857143,NS,7/12,4,3
Blood,ENTPD1,B,CR→AR,CR,AR,0.1459272,0.17908727,22.700000762939453,↑,0.7,NS,6/9,3,3
Blood,ENTPD1,PlasmaB,NL→IT,NL,IT,0.35914972,0.19102399,-46.79999923706055,↓,0.095238,†,21/25,5,5
Blood,ENTPD1,PlasmaB,NL→IA,NL,IA,0.35914972,0.16400887,-54.29999923706055,↓,0.111111,NS,17/20,5,4
Blood,ENTPD1,PlasmaB,NL→AR,NL,AR,0.35914972,0.324903,-9.5,↓,0.785714,NS,9/15,5,3
Blood,ENTPD1,PlasmaB,NL→CR,NL,CR,0.35914972,0.15403283,-57.09999847412109,↓,0.071429,†,14/15,5,3
Blood,ENTPD1,PlasmaB,IT→IA,IT,IA,0.19102399,0.16400887,-14.100000381469728,↓,0.730159,NS,12/20,5,4
Blood,ENTPD1,PlasmaB,IA→AR,IA,AR,0.16400887,0.324903,98.0999984741211,↑,0.114286,NS,11/12,4,3
Blood,ENTPD1,PlasmaB,CR→AR,CR,AR,0.15403283,0.324903,110.9000015258789,↑,0.1,NS,9/9,3,3
Blood,EOMES,Myeloid,NL→IT,NL,IT,0.0,0.002149859,99999.0,↑,0.423711,NS,5/25,5,5
Blood,EOMES,Myeloid,NL→IA,NL,IA,0.0,0.00059903157,99999.0,↑,0.13121,NS,10/20,5,4
Blood,EOMES,Myeloid,NL→AR,NL,AR,0.0,0.0016799363,99999.0,↑,0.3017,NS,5/15,5,3
Blood,EOMES,Myeloid,NL→CR,NL,CR,0.0,0.0019843585,99999.0,↑,0.016805,*,15/15,5,3
Blood,EOMES,Myeloid,IT→IA,IT,IA,0.002149859,0.00059903157,-72.0999984741211,↓,0.662427,NS,4/20,5,4
Blood,EOMES,Myeloid,IA→AR,IA,AR,0.00059903157,0.0016799363,180.3999938964844,↑,1.0,NS,4/12,4,3
Blood,EOMES,Myeloid,CR→AR,CR,AR,0.0019843585,0.0016799363,-15.300000190734863,↓,0.657905,NS,6/9,3,3
Blood,EOMES,CD4_T,NL→IT,NL,IT,0.124744475,0.073860586,-40.79999923706055,↓,0.84127,NS,14/25,5,5
Blood,EOMES,CD4_T,NL→IA,NL,IA,0.124744475,0.101374656,-18.700000762939453,↓,1.0,NS,10/20,5,4
Blood,EOMES,CD4_T,NL→AR,NL,AR,0.124744475,0.056568842,-54.70000076293945,↓,0.785714,NS,9/15,5,3
Blood,EOMES,CD4_T,NL→CR,NL,CR,0.124744475,0.05601271,-55.09999847412109,↓,0.25,NS,12/15,5,3
Blood,EOMES,CD4_T,IT→IA,IT,IA,0.073860586,0.101374656,37.29999923706055,↑,0.285714,NS,15/20,5,4
Blood,EOMES,CD4_T,IA→AR,IA,AR,0.101374656,0.056568842,-44.20000076293945,↓,0.4,NS,9/12,4,3
Blood,EOMES,CD4_T,CR→AR,CR,AR,0.05601271,0.056568842,1.0,↑,0.7,NS,6/9,3,3
Blood,EOMES,CD8_T,NL→IT,NL,IT,0.2837953,0.23958449,-15.600000381469728,↓,0.84127,NS,14/25,5,5
Blood,EOMES,CD8_T,NL→IA,NL,IA,0.2837953,0.32174486,13.399999618530272,↑,1.0,NS,10/20,5,4
Blood,EOMES,CD8_T,NL→AR,NL,AR,0.2837953,0.2707478,-4.599999904632568,↓,1.0,NS,8/15,5,3
Blood,EOMES,CD8_T,NL→CR,NL,CR,0.2837953,0.22061424,-22.299999237060547,↓,1.0,NS,8/15,5,3
Blood,EOMES,CD8_T,IT→IA,IT,IA,0.23958449,0.32174486,34.29999923706055,↑,0.555556,NS,13/20,5,4
Blood,EOMES,CD8_T,IA→AR,IA,AR,0.32174486,0.2707478,-15.899999618530272,↓,0.857143,NS,7/12,4,3
Blood,EOMES,CD8_T,CR→AR,CR,AR,0.22061424,0.2707478,22.700000762939453,↑,0.7,NS,6/9,3,3
Blood,EOMES,NK,NL→IT,NL,IT,0.39245147,0.44095415,12.399999618530272,↑,0.547619,NS,16/25,5,5
Blood,EOMES,NK,NL→IA,NL,IA,0.39245147,0.4478951,14.100000381469728,↑,0.412698,NS,14/20,5,4
Blood,EOMES,NK,NL→AR,NL,AR,0.39245147,0.4235176,7.900000095367432,↑,0.571429,NS,10/15,5,3
Blood,EOMES,NK,NL→CR,NL,CR,0.39245147,0.3765513,-4.099999904632568,↓,1.0,NS,7/15,5,3
Blood,EOMES,NK,IT→IA,IT,IA,0.44095415,0.4478951,1.600000023841858,↑,0.904762,NS,11/20,5,4
Blood,EOMES,NK,IA→AR,IA,AR,0.4478951,0.4235176,-5.400000095367432,↓,1.0,NS,6/12,4,3
Blood,EOMES,NK,CR→AR,CR,AR,0.3765513,0.4235176,12.5,↑,1.0,NS,5/9,3,3
Blood,EOMES,B,NL→IT,NL,IT,0.0007946788,0.003405641,328.6000061035156,↑,0.181221,NS,17/25,5,5
Blood,EOMES,B,NL→IA,NL,IA,0.0007946788,0.0014335928,80.4000015258789,↑,0.662427,NS,8/20,5,4
Blood,EOMES,B,NL→AR,NL,AR,0.0007946788,0.0011395172,43.400001525878906,↑,1.0,NS,4/15,5,3
Blood,EOMES,B,NL→CR,NL,CR,0.0007946788,0.0021260458,167.5,↑,0.203872,NS,12/15,5,3
Blood,EOMES,B,IT→IA,IT,IA,0.003405641,0.0014335928,-57.900001525878906,↓,0.900865,NS,10/20,5,4
Blood,EOMES,B,IA→AR,IA,AR,0.0014335928,0.0011395172,-20.5,↓,1.0,NS,4/12,4,3
Blood,EOMES,B,CR→AR,CR,AR,0.0021260458,0.0011395172,-46.400001525878906,↓,0.657905,NS,6/9,3,3
Blood,EOMES,PlasmaB,NL→IT,NL,IT,0.0,0.005019899,99999.0,↑,0.423711,NS,5/25,5,5
Blood,EOMES,PlasmaB,NL→IA,NL,IA,0.0,0.004551011,99999.0,↑,0.13121,NS,10/20,5,4
Blood,EOMES,PlasmaB,NL→AR,NL,AR,0.0,0.0,0.0,↑,1.0,NS,0/15,5,3
Blood,EOMES,PlasmaB,NL→CR,NL,CR,0.0,0.0012197328,99999.0,↑,0.3017,NS,5/15,5,3
Blood,EOMES,PlasmaB,IT→IA,IT,IA,0.005019899,0.004551011,-9.300000190734863,↓,0.662427,NS,4/20,5,4
Blood,EOMES,PlasmaB,IA→AR,IA,AR,0.004551011,0.0,-100.0,↓,0.270289,NS,6/12,4,3
Blood,EOMES,PlasmaB,CR→AR,CR,AR,0.0012197328,0.0,-100.0,↓,0.504985,NS,3/9,3,3
Blood,EPAS1,Myeloid,NL→IT,NL,IT,0.00080968626,0.0028577861,252.8999938964844,↑,0.08467,†,21/25,5,5
Blood,EPAS1,Myeloid,NL→IA,NL,IA,0.00080968626,0.019205486,2272.0,↑,0.055009,†,18/20,5,4
Blood,EPAS1,Myeloid,NL→AR,NL,AR,0.00080968626,0.003070371,279.20001220703125,↑,0.203872,NS,12/15,5,3
Blood,EPAS1,Myeloid,NL→CR,NL,CR,0.00080968626,0.0036629352,352.3999938964844,↑,0.112231,NS,13/15,5,3
Blood,EPAS1,Myeloid,IT→IA,IT,IA,0.0028577861,0.019205486,572.0,↑,0.730159,NS,12/20,5,4
Blood,EPAS1,Myeloid,IA→AR,IA,AR,0.019205486,0.003070371,-84.0,↓,0.628571,NS,8/12,4,3
Blood,EPAS1,Myeloid,CR→AR,CR,AR,0.0036629352,0.003070371,-16.200000762939453,↓,0.4,NS,7/9,3,3
Blood,EPAS1,CD4_T,NL→IT,NL,IT,0.00074958586,0.0006783957,-9.5,↓,1.0,NS,9/25,5,5
Blood,EPAS1,CD4_T,NL→IA,NL,IA,0.00074958586,0.017945977,2294.10009765625,↑,0.608874,NS,11/20,5,4
Blood,EPAS1,CD4_T,NL→AR,NL,AR,0.00074958586,0.00082396466,9.899999618530272,↑,0.873807,NS,7/15,5,3
Blood,EPAS1,CD4_T,NL→CR,NL,CR,0.00074958586,0.0018202596,142.8000030517578,↑,0.2217,NS,12/15,5,3
Blood,EPAS1,CD4_T,IT→IA,IT,IA,0.0006783957,0.017945977,2545.39990234375,↑,0.383221,NS,13/20,5,4
Blood,EPAS1,CD4_T,IA→AR,IA,AR,0.017945977,0.00082396466,-95.4000015258789,↓,0.721277,NS,7/12,4,3
Blood,EPAS1,CD4_T,CR→AR,CR,AR,0.0018202596,0.00082396466,-54.70000076293945,↓,0.4,NS,7/9,3,3
Blood,EPAS1,CD8_T,NL→IT,NL,IT,0.0072031906,0.00093326456,-87.0,↓,0.724082,NS,10/25,5,5
Blood,EPAS1,CD8_T,NL→IA,NL,IA,0.0072031906,0.012815671,77.9000015258789,↑,0.608874,NS,11/20,5,4
Blood,EPAS1,CD8_T,NL→AR,NL,AR,0.0072031906,0.0008352576,-88.4000015258789,↓,1.0,NS,6/15,5,3
Blood,EPAS1,CD8_T,NL→CR,NL,CR,0.0072031906,0.0024957163,-65.4000015258789,↓,0.759982,NS,6/15,5,3
Blood,EPAS1,CD8_T,IT→IA,IT,IA,0.00093326456,0.012815671,1273.199951171875,↑,0.442771,NS,12/20,5,4
Blood,EPAS1,CD8_T,IA→AR,IA,AR,0.012815671,0.0008352576,-93.5,↓,0.475533,NS,8/12,4,3
Blood,EPAS1,CD8_T,CR→AR,CR,AR,0.0024957163,0.0008352576,-66.5,↓,0.1,NS,9/9,3,3
Blood,EPAS1,NK,NL→IT,NL,IT,0.006484984,0.004542327,-30.0,↓,1.0,NS,8/25,5,5
Blood,EPAS1,NK,NL→IA,NL,IA,0.006484984,0.024992924,285.3999938964844,↑,0.262239,NS,15/20,5,4
Blood,EPAS1,NK,NL→AR,NL,AR,0.006484984,0.0015756065,-75.69999694824219,↓,0.873807,NS,5/15,5,3
Blood,EPAS1,NK,NL→CR,NL,CR,0.006484984,0.0036199775,-44.20000076293945,↓,0.633737,NS,4/15,5,3
Blood,EPAS1,NK,IT→IA,IT,IA,0.004542327,0.024992924,450.2000122070313,↑,0.383221,NS,14/20,5,4
Blood,EPAS1,NK,IA→AR,IA,AR,0.024992924,0.0015756065,-93.6999969482422,↓,0.628571,NS,8/12,4,3
Blood,EPAS1,NK,CR→AR,CR,AR,0.0036199775,0.0015756065,-56.5,↓,0.506555,NS,6/9,3,3
Blood,EPAS1,B,NL→IT,NL,IT,0.0,0.0,0.0,↑,1.0,NS,0/25,5,5
Blood,EPAS1,B,NL→IA,NL,IA,0.0,0.0,0.0,↑,1.0,NS,0/20,5,4
Blood,EPAS1,B,NL→AR,NL,AR,0.0,0.0,0.0,↑,1.0,NS,0/15,5,3
Blood,EPAS1,B,NL→CR,NL,CR,0.0,0.0,0.0,↑,1.0,NS,0/15,5,3
Blood,EPAS1,B,IT→IA,IT,IA,0.0,0.0,0.0,↑,1.0,NS,0/20,5,4
Blood,EPAS1,B,IA→AR,IA,AR,0.0,0.0,0.0,↑,1.0,NS,0/12,4,3
Blood,EPAS1,B,CR→AR,CR,AR,0.0,0.0,0.0,↑,1.0,NS,0/9,3,3
Blood,EPAS1,PlasmaB,NL→IT,NL,IT,0.0,0.0012895205,99999.0,↑,0.423711,NS,5/25,5,5
Blood,EPAS1,PlasmaB,NL→IA,NL,IA,0.0,0.0028590946,99999.0,↑,0.13121,NS,10/20,5,4
Blood,EPAS1,PlasmaB,NL→AR,NL,AR,0.0,0.0,0.0,↑,1.0,NS,0/15,5,3
Blood,EPAS1,PlasmaB,NL→CR,NL,CR,0.0,0.0,0.0,↑,1.0,NS,0/15,5,3
Blood,EPAS1,PlasmaB,IT→IA,IT,IA,0.0012895205,0.0028590946,121.6999969482422,↑,0.466854,NS,9/20,5,4
Blood,EPAS1,PlasmaB,IA→AR,IA,AR,0.0028590946,0.0,-100.0,↓,0.270289,NS,6/12,4,3
Blood,EPAS1,PlasmaB,CR→AR,CR,AR,0.0,0.0,0.0,↑,1.0,NS,0/9,3,3
Blood,ESRRA,Myeloid,NL→IT,NL,IT,0.30421236,0.14507726,-52.29999923706055,↓,0.222222,NS,6/25,5,5
Blood,ESRRA,Myeloid,NL→IA,NL,IA,0.30421236,0.20130901,-33.79999923706055,↓,0.190476,NS,4/20,5,4
Blood,ESRRA,Myeloid,NL→AR,NL,AR,0.30421236,0.16639154,-45.29999923706055,↓,0.25,NS,3/15,5,3
Blood,ESRRA,Myeloid,NL→CR,NL,CR,0.30421236,0.11183492,-63.20000076293945,↓,0.392857,NS,4/15,5,3
Blood,ESRRA,Myeloid,IT→IA,IT,IA,0.14507726,0.20130901,38.79999923706055,↑,0.111111,NS,17/20,5,4
Blood,ESRRA,Myeloid,IA→AR,IA,AR,0.20130901,0.16639154,-17.299999237060547,↓,0.628571,NS,8/12,4,3
Blood,ESRRA,Myeloid,CR→AR,CR,AR,0.11183492,0.16639154,48.79999923706055,↑,0.2,NS,8/9,3,3
Blood,ESRRA,CD4_T,NL→IT,NL,IT,0.035880405,0.04637777,29.299999237060547,↑,0.309524,NS,18/25,5,5
Blood,ESRRA,CD4_T,NL→IA,NL,IA,0.035880405,0.049063854,36.70000076293945,↑,0.031746,*,19/20,5,4
Blood,ESRRA,CD4_T,NL→AR,NL,AR,0.035880405,0.037764523,5.300000190734863,↑,0.785714,NS,9/15,5,3
Blood,ESRRA,CD4_T,NL→CR,NL,CR,0.035880405,0.020418651,-43.09999847412109,↓,0.035714,*,15/15,5,3
Blood,ESRRA,CD4_T,IT→IA,IT,IA,0.04637777,0.049063854,5.800000190734863,↑,0.412698,NS,14/20,5,4
Blood,ESRRA,CD4_T,IA→AR,IA,AR,0.049063854,0.037764523,-23.0,↓,0.228571,NS,10/12,4,3
Blood,ESRRA,CD4_T,CR→AR,CR,AR,0.020418651,0.037764523,85.0,↑,0.2,NS,8/9,3,3
Blood,ESRRA,CD8_T,NL→IT,NL,IT,0.027655233,0.036106877,30.600000381469727,↑,1.0,NS,13/25,5,5
Blood,ESRRA,CD8_T,NL→IA,NL,IA,0.027655233,0.05659314,104.5999984741211,↑,0.268341,NS,15/20,5,4
Blood,ESRRA,CD8_T,NL→AR,NL,AR,0.027655233,0.04265928,54.29999923706055,↑,0.548595,NS,10/15,5,3
Blood,ESRRA,CD8_T,NL→CR,NL,CR,0.027655233,0.023606798,-14.600000381469728,↓,0.764228,NS,9/15,5,3
Blood,ESRRA,CD8_T,IT→IA,IT,IA,0.036106877,0.05659314,56.70000076293945,↑,0.111111,NS,17/20,5,4
Blood,ESRRA,CD8_T,IA→AR,IA,AR,0.05659314,0.04265928,-24.600000381469727,↓,0.4,NS,9/12,4,3
Blood,ESRRA,CD8_T,CR→AR,CR,AR,0.023606798,0.04265928,80.69999694824219,↑,0.1,NS,9/9,3,3
Blood,ESRRA,NK,NL→IT,NL,IT,0.022190526,0.04789006,115.8000030517578,↑,0.095238,†,21/25,5,5
Blood,ESRRA,NK,NL→IA,NL,IA,0.022190526,0.074369594,235.1000061035156,↑,0.063492,†,18/20,5,4
Blood,ESRRA,NK,NL→AR,NL,AR,0.022190526,0.04479063,101.8000030517578,↑,0.142857,NS,13/15,5,3
Blood,ESRRA,NK,NL→CR,NL,CR,0.022190526,0.03037601,36.900001525878906,↑,0.785714,NS,9/15,5,3
Blood,ESRRA,NK,IT→IA,IT,IA,0.04789006,0.074369594,55.29999923706055,↑,0.190476,NS,16/20,5,4
Blood,ESRRA,NK,IA→AR,IA,AR,0.074369594,0.04479063,-39.79999923706055,↓,0.228571,NS,10/12,4,3
Blood,ESRRA,NK,CR→AR,CR,AR,0.03037601,0.04479063,47.5,↑,0.4,NS,7/9,3,3
Blood,ESRRA,B,NL→IT,NL,IT,0.021564351,0.03952899,83.30000305175781,↑,0.20869,NS,19/25,5,5
Blood,ESRRA,B,NL→IA,NL,IA,0.021564351,0.06672212,209.3999938964844,↑,0.065064,†,18/20,5,4
Blood,ESRRA,B,NL→AR,NL,AR,0.021564351,0.04301481,99.5,↑,0.230243,NS,12/15,5,3
Blood,ESRRA,B,NL→CR,NL,CR,0.021564351,0.020438453,-5.199999809265137,↓,1.0,NS,7/15,5,3
Blood,ESRRA,B,IT→IA,IT,IA,0.03952899,0.06672212,68.80000305175781,↑,0.063492,†,18/20,5,4
Blood,ESRRA,B,IA→AR,IA,AR,0.06672212,0.04301481,-35.5,↓,0.228571,NS,10/12,4,3
Blood,ESRRA,B,CR→AR,CR,AR,0.020438453,0.04301481,110.5,↑,0.2,NS,8/9,3,3
Blood,ESRRA,PlasmaB,NL→IT,NL,IT,0.033482153,0.09554596,185.3999938964844,↑,0.142457,NS,20/25,5,5
Blood,ESRRA,PlasmaB,NL→IA,NL,IA,0.033482153,0.081981346,144.89999389648438,↑,0.109855,NS,17/20,5,4
Blood,ESRRA,PlasmaB,NL→AR,NL,AR,0.033482153,0.04127717,23.299999237060547,↑,1.0,NS,8/15,5,3
Blood,ESRRA,PlasmaB,NL→CR,NL,CR,0.033482153,0.040270913,20.299999237060547,↑,0.764228,NS,9/15,5,3
Blood,ESRRA,PlasmaB,IT→IA,IT,IA,0.09554596,0.081981346,-14.199999809265137,↓,0.730159,NS,12/20,5,4
Blood,ESRRA,PlasmaB,IA→AR,IA,AR,0.081981346,0.04127717,-49.70000076293945,↓,0.4,NS,9/12,4,3
Blood,ESRRA,PlasmaB,CR→AR,CR,AR,0.040270913,0.04127717,2.5,↑,0.7,NS,6/9,3,3
Blood,EZH2,Myeloid,NL→IT,NL,IT,0.012164598,0.035709072,193.5,↑,0.011925,*,25/25,5,5
Blood,EZH2,Myeloid,NL→IA,NL,IA,0.012164598,0.03685108,202.8999938964844,↑,0.019451,*,20/20,5,4
Blood,EZH2,Myeloid,NL→AR,NL,AR,0.012164598,0.025802255,112.0999984741211,↑,0.133701,NS,13/15,5,3
Blood,EZH2,Myeloid,NL→CR,NL,CR,0.012164598,0.03601865,196.1000061035156,↑,0.03577,*,15/15,5,3
Blood,EZH2,Myeloid,IT→IA,IT,IA,0.035709072,0.03685108,3.200000047683716,↑,0.904762,NS,9/20,5,4
Blood,EZH2,Myeloid,IA→AR,IA,AR,0.03685108,0.025802255,-30.0,↓,0.114286,NS,11/12,4,3
Blood,EZH2,Myeloid,CR→AR,CR,AR,0.03601865,0.025802255,-28.399999618530277,↓,0.2,NS,8/9,3,3
Blood,EZH2,CD4_T,NL→IT,NL,IT,0.07597919,0.03493149,-54.0,↓,0.055556,†,22/25,5,5
Blood,EZH2,CD4_T,NL→IA,NL,IA,0.07597919,0.040883347,-46.20000076293945,↓,0.063492,†,18/20,5,4
Blood,EZH2,CD4_T,NL→AR,NL,AR,0.07597919,0.036176596,-52.400001525878906,↓,0.25,NS,12/15,5,3
Blood,EZH2,CD4_T,NL→CR,NL,CR,0.07597919,0.038982037,-48.70000076293945,↓,0.142857,NS,13/15,5,3
Blood,EZH2,CD4_T,IT→IA,IT,IA,0.03493149,0.040883347,17.0,↑,0.904762,NS,11/20,5,4
Blood,EZH2,CD4_T,IA→AR,IA,AR,0.040883347,0.036176596,-11.5,↓,0.4,NS,3/12,4,3
Blood,EZH2,CD4_T,CR→AR,CR,AR,0.038982037,0.036176596,-7.199999809265137,↓,1.0,NS,5/9,3,3
Blood,EZH2,CD8_T,NL→IT,NL,IT,0.07172548,0.027575266,-61.59999847412109,↓,0.150794,NS,20/25,5,5
Blood,EZH2,CD8_T,NL→IA,NL,IA,0.07172548,0.044634745,-37.79999923706055,↓,0.190476,NS,16/20,5,4
Blood,EZH2,CD8_T,NL→AR,NL,AR,0.07172548,0.043959986,-38.70000076293945,↓,1.0,NS,8/15,5,3
Blood,EZH2,CD8_T,NL→CR,NL,CR,0.07172548,0.032858044,-54.20000076293945,↓,0.25,NS,12/15,5,3
Blood,EZH2,CD8_T,IT→IA,IT,IA,0.027575266,0.044634745,61.900001525878906,↑,0.412698,NS,14/20,5,4
Blood,EZH2,CD8_T,IA→AR,IA,AR,0.044634745,0.043959986,-1.5,↓,0.4,NS,3/12,4,3
Blood,EZH2,CD8_T,CR→AR,CR,AR,0.032858044,0.043959986,33.79999923706055,↑,0.4,NS,7/9,3,3
Blood,EZH2,NK,NL→IT,NL,IT,0.046585195,0.039693523,-14.800000190734863,↓,1.0,NS,13/25,5,5
Blood,EZH2,NK,NL→IA,NL,IA,0.046585195,0.058973487,26.600000381469727,↑,0.412698,NS,14/20,5,4
Blood,EZH2,NK,NL→AR,NL,AR,0.046585195,0.037180994,-20.200000762939453,↓,1.0,NS,8/15,5,3
Blood,EZH2,NK,NL→CR,NL,CR,0.046585195,0.032381732,-30.5,↓,0.571429,NS,10/15,5,3
Blood,EZH2,NK,IT→IA,IT,IA,0.039693523,0.058973487,48.59999847412109,↑,0.285714,NS,15/20,5,4
Blood,EZH2,NK,IA→AR,IA,AR,0.058973487,0.037180994,-37.0,↓,0.228571,NS,10/12,4,3
Blood,EZH2,NK,CR→AR,CR,AR,0.032381732,0.037180994,14.800000190734863,↑,1.0,NS,5/9,3,3
Blood,EZH2,B,NL→IT,NL,IT,0.01192155,0.019877503,66.69999694824219,↑,0.294802,NS,18/25,5,5
Blood,EZH2,B,NL→IA,NL,IA,0.01192155,0.017579097,47.5,↑,0.538594,NS,13/20,5,4
Blood,EZH2,B,NL→AR,NL,AR,0.01192155,0.03441369,188.6999969482422,↑,0.133701,NS,13/15,5,3
Blood,EZH2,B,NL→CR,NL,CR,0.01192155,0.016536957,38.70000076293945,↑,0.764228,NS,9/15,5,3
Blood,EZH2,B,IT→IA,IT,IA,0.019877503,0.017579097,-11.600000381469728,↓,1.0,NS,10/20,5,4
Blood,EZH2,B,IA→AR,IA,AR,0.017579097,0.03441369,95.8000030517578,↑,0.057143,†,12/12,4,3
Blood,EZH2,B,CR→AR,CR,AR,0.016536957,0.03441369,108.0999984741211,↑,0.1,NS,9/9,3,3
Blood,EZH2,PlasmaB,NL→IT,NL,IT,0.031784438,0.07657302,140.89999389648438,↑,0.059327,†,22/25,5,5
Blood,EZH2,PlasmaB,NL→IA,NL,IA,0.031784438,0.08401094,164.3000030517578,↑,0.109855,NS,17/20,5,4
Blood,EZH2,PlasmaB,NL→AR,NL,AR,0.031784438,0.13537703,325.8999938964844,↑,0.03577,*,15/15,5,3
Blood,EZH2,PlasmaB,NL→CR,NL,CR,0.031784438,0.061011445,92.0,↑,0.368227,NS,11/15,5,3
Blood,EZH2,PlasmaB,IT→IA,IT,IA,0.07657302,0.08401094,9.699999809265137,↑,0.730159,NS,8/20,5,4
Blood,EZH2,PlasmaB,IA→AR,IA,AR,0.08401094,0.13537703,61.09999847412109,↑,0.4,NS,9/12,4,3
Blood,EZH2,PlasmaB,CR→AR,CR,AR,0.061011445,0.13537703,121.9000015258789,↑,0.1,NS,9/9,3,3
Blood,FAS,Myeloid,NL→IT,NL,IT,0.045841195,0.1118139,143.89999389648438,↑,0.007937,**,25/25,5,5
Blood,FAS,Myeloid,NL→IA,NL,IA,0.045841195,0.11089705,141.89999389648438,↑,0.015873,*,20/20,5,4
Blood,FAS,Myeloid,NL→AR,NL,AR,0.045841195,0.12530696,173.39999389648438,↑,0.035714,*,15/15,5,3
Blood,FAS,Myeloid,NL→CR,NL,CR,0.045841195,0.10672275,132.8000030517578,↑,0.035714,*,15/15,5,3
Blood,FAS,Myeloid,IT→IA,IT,IA,0.1118139,0.11089705,-0.800000011920929,↓,0.904762,NS,9/20,5,4
Blood,FAS,Myeloid,IA→AR,IA,AR,0.11089705,0.12530696,13.0,↑,0.4,NS,9/12,4,3
Blood,FAS,Myeloid,CR→AR,CR,AR,0.10672275,0.12530696,17.399999618530273,↑,0.7,NS,6/9,3,3
Blood,FAS,CD4_T,NL→IT,NL,IT,0.20531917,0.15108022,-26.399999618530277,↓,0.547619,NS,16/25,5,5
Blood,FAS,CD4_T,NL→IA,NL,IA,0.20531917,0.24462512,19.100000381469727,↑,0.555556,NS,13/20,5,4
Blood,FAS,CD4_T,NL→AR,NL,AR,0.20531917,0.16359502,-20.299999237060547,↓,0.785714,NS,9/15,5,3
Blood,FAS,CD4_T,NL→CR,NL,CR,0.20531917,0.24845539,21.0,↑,0.25,NS,12/15,5,3
Blood,FAS,CD4_T,IT→IA,IT,IA,0.15108022,0.24462512,61.900001525878906,↑,0.285714,NS,15/20,5,4
Blood,FAS,CD4_T,IA→AR,IA,AR,0.24462512,0.16359502,-33.099998474121094,↓,0.4,NS,9/12,4,3
Blood,FAS,CD4_T,CR→AR,CR,AR,0.24845539,0.16359502,-34.20000076293945,↓,0.1,NS,9/9,3,3
Blood,FAS,CD8_T,NL→IT,NL,IT,0.20244761,0.10543565,-47.900001525878906,↓,0.150794,NS,20/25,5,5
Blood,FAS,CD8_T,NL→IA,NL,IA,0.20244761,0.2036958,0.6000000238418579,↑,1.0,NS,10/20,5,4
Blood,FAS,CD8_T,NL→AR,NL,AR,0.20244761,0.12956364,-36.0,↓,0.785714,NS,9/15,5,3
Blood,FAS,CD8_T,NL→CR,NL,CR,0.20244761,0.20128672,-0.6000000238418579,↓,0.785714,NS,6/15,5,3
Blood,FAS,CD8_T,IT→IA,IT,IA,0.10543565,0.2036958,93.1999969482422,↑,0.412698,NS,14/20,5,4
Blood,FAS,CD8_T,IA→AR,IA,AR,0.2036958,0.12956364,-36.400001525878906,↓,0.4,NS,9/12,4,3
Blood,FAS,CD8_T,CR→AR,CR,AR,0.20128672,0.12956364,-35.599998474121094,↓,0.2,NS,8/9,3,3
Blood,FAS,NK,NL→IT,NL,IT,0.11420953,0.113006495,-1.100000023841858,↓,0.690476,NS,10/25,5,5
Blood,FAS,NK,NL→IA,NL,IA,0.11420953,0.13259824,16.100000381469727,↑,0.730159,NS,12/20,5,4
Blood,FAS,NK,NL→AR,NL,AR,0.11420953,0.15127063,32.5,↑,0.785714,NS,9/15,5,3
Blood,FAS,NK,NL→CR,NL,CR,0.11420953,0.19566168,71.30000305175781,↑,0.785714,NS,9/15,5,3
Blood,FAS,NK,IT→IA,IT,IA,0.113006495,0.13259824,17.299999237060547,↑,0.412698,NS,14/20,5,4
Blood,FAS,NK,IA→AR,IA,AR,0.13259824,0.15127063,14.100000381469728,↑,0.228571,NS,10/12,4,3
Blood,FAS,NK,CR→AR,CR,AR,0.19566168,0.15127063,-22.700000762939453,↓,0.1,NS,9/9,3,3
Blood,FAS,B,NL→IT,NL,IT,0.047923096,0.04405724,-8.100000381469727,↓,0.84127,NS,11/25,5,5
Blood,FAS,B,NL→IA,NL,IA,0.047923096,0.050746623,5.900000095367432,↑,0.904762,NS,11/20,5,4
Blood,FAS,B,NL→AR,NL,AR,0.047923096,0.10377183,116.5,↑,0.392857,NS,11/15,5,3
Blood,FAS,B,NL→CR,NL,CR,0.047923096,0.049405843,3.0999999046325684,↑,0.785714,NS,9/15,5,3
Blood,FAS,B,IT→IA,IT,IA,0.04405724,0.050746623,15.199999809265137,↑,0.730159,NS,12/20,5,4
Blood,FAS,B,IA→AR,IA,AR,0.050746623,0.10377183,104.5,↑,0.057143,†,12/12,4,3
Blood,FAS,B,CR→AR,CR,AR,0.049405843,0.10377183,110.0,↑,0.1,NS,9/9,3,3
Blood,FAS,PlasmaB,NL→IT,NL,IT,0.08484002,0.08003099,-5.699999809265137,↓,1.0,NS,12/25,5,5
Blood,FAS,PlasmaB,NL→IA,NL,IA,0.08484002,0.12564571,48.09999847412109,↑,0.538594,NS,13/20,5,4
Blood,FAS,PlasmaB,NL→AR,NL,AR,0.08484002,0.15179618,78.9000015258789,↑,0.230243,NS,12/15,5,3
Blood,FAS,PlasmaB,NL→CR,NL,CR,0.08484002,0.14884321,75.4000015258789,↑,0.368227,NS,11/15,5,3
Blood,FAS,PlasmaB,IT→IA,IT,IA,0.08003099,0.12564571,57.0,↑,0.412698,NS,14/20,5,4
Blood,FAS,PlasmaB,IA→AR,IA,AR,0.12564571,0.15179618,20.799999237060547,↑,1.0,NS,6/12,4,3
Blood,FAS,PlasmaB,CR→AR,CR,AR,0.14884321,0.15179618,2.0,↑,1.0,NS,4/9,3,3
Blood,FASLG,Myeloid,NL→IT,NL,IT,0.00024627577,0.0018634867,656.7000122070312,↑,0.157939,NS,15/25,5,5
Blood,FASLG,Myeloid,NL→IA,NL,IA,0.00024627577,0.0,-100.0,↓,0.502335,NS,4/20,5,4
Blood,FASLG,Myeloid,NL→AR,NL,AR,0.00024627577,0.0008338592,238.6000061035156,↑,0.305507,NS,9/15,5,3
Blood,FASLG,Myeloid,NL→CR,NL,CR,0.00024627577,0.0,-100.0,↓,0.605577,NS,3/15,5,3
Blood,FASLG,Myeloid,IT→IA,IT,IA,0.0018634867,0.0,-100.0,↓,0.109436,NS,12/20,5,4
Blood,FASLG,Myeloid,IA→AR,IA,AR,0.0,0.0008338592,99999.0,↑,0.122745,NS,8/12,4,3
Blood,FASLG,Myeloid,CR→AR,CR,AR,0.0,0.0008338592,99999.0,↑,0.196706,NS,6/9,3,3
Blood,FASLG,CD4_T,NL→IT,NL,IT,0.052600913,0.03092872,-41.20000076293945,↓,0.690476,NS,15/25,5,5
Blood,FASLG,CD4_T,NL→IA,NL,IA,0.052600913,0.0855157,62.59999847412109,↑,0.904762,NS,11/20,5,4
Blood,FASLG,CD4_T,NL→AR,NL,AR,0.052600913,0.013416401,-74.5,↓,0.785714,NS,9/15,5,3
Blood,FASLG,CD4_T,NL→CR,NL,CR,0.052600913,0.008200269,-84.4000015258789,↓,0.392857,NS,11/15,5,3
Blood,FASLG,CD4_T,IT→IA,IT,IA,0.03092872,0.0855157,176.5,↑,0.555556,NS,13/20,5,4
Blood,FASLG,CD4_T,IA→AR,IA,AR,0.0855157,0.013416401,-84.30000305175781,↓,0.114286,NS,11/12,4,3
Blood,FASLG,CD4_T,CR→AR,CR,AR,0.008200269,0.013416401,63.59999847412109,↑,0.4,NS,7/9,3,3
Blood,FASLG,CD8_T,NL→IT,NL,IT,0.12050327,0.063997805,-46.900001525878906,↓,0.309524,NS,18/25,5,5
Blood,FASLG,CD8_T,NL→IA,NL,IA,0.12050327,0.19638862,63.0,↑,0.904762,NS,11/20,5,4
Blood,FASLG,CD8_T,NL→AR,NL,AR,0.12050327,0.09146413,-24.100000381469727,↓,0.785714,NS,9/15,5,3
Blood,FASLG,CD8_T,NL→CR,NL,CR,0.12050327,0.01846597,-84.69999694824219,↓,0.035714,*,15/15,5,3
Blood,FASLG,CD8_T,IT→IA,IT,IA,0.063997805,0.19638862,206.8999938964844,↑,0.285714,NS,15/20,5,4
Blood,FASLG,CD8_T,IA→AR,IA,AR,0.19638862,0.09146413,-53.400001525878906,↓,0.857143,NS,7/12,4,3
Blood,FASLG,CD8_T,CR→AR,CR,AR,0.01846597,0.09146413,395.2999877929688,↑,0.1,NS,9/9,3,3
Blood,FASLG,NK,NL→IT,NL,IT,0.17075266,0.31805724,86.30000305175781,↑,0.222222,NS,19/25,5,5
Blood,FASLG,NK,NL→IA,NL,IA,0.17075266,0.5352633,213.5,↑,0.031746,*,19/20,5,4
Blood,FASLG,NK,NL→AR,NL,AR,0.17075266,0.2293827,34.29999923706055,↑,0.785714,NS,9/15,5,3
Blood,FASLG,NK,NL→CR,NL,CR,0.17075266,0.1474622,-13.600000381469728,↓,0.785714,NS,9/15,5,3
Blood,FASLG,NK,IT→IA,IT,IA,0.31805724,0.5352633,68.30000305175781,↑,0.412698,NS,14/20,5,4
Blood,FASLG,NK,IA→AR,IA,AR,0.5352633,0.2293827,-57.09999847412109,↓,0.228571,NS,10/12,4,3
Blood,FASLG,NK,CR→AR,CR,AR,0.1474622,0.2293827,55.59999847412109,↑,0.4,NS,7/9,3,3
Blood,FASLG,B,NL→IT,NL,IT,0.00492113,0.0,-100.0,↓,0.072006,†,15/25,5,5
Blood,FASLG,B,NL→IA,NL,IA,0.00492113,0.006933337,40.900001525878906,↑,0.898212,NS,7/20,5,4
Blood,FASLG,B,NL→AR,NL,AR,0.00492113,0.0,-100.0,↓,0.171857,NS,9/15,5,3
Blood,FASLG,B,NL→CR,NL,CR,0.00492113,0.00036870735,-92.5,↓,0.340617,NS,9/15,5,3
Blood,FASLG,B,IT→IA,IT,IA,0.0,0.006933337,99999.0,↑,0.13121,NS,10/20,5,4
Blood,FASLG,B,IA→AR,IA,AR,0.006933337,0.0,-100.0,↓,0.270289,NS,6/12,4,3
Blood,FASLG,B,CR→AR,CR,AR,0.00036870735,0.0,-100.0,↓,0.504985,NS,3/9,3,3
Blood,FASLG,PlasmaB,NL→IT,NL,IT,0.0,0.0107539585,99999.0,↑,0.423711,NS,5/25,5,5
Blood,FASLG,PlasmaB,NL→IA,NL,IA,0.0,0.0128387455,99999.0,↑,0.13121,NS,10/20,5,4
Blood,FASLG,PlasmaB,NL→AR,NL,AR,0.0,0.0017271135,99999.0,↑,0.3017,NS,5/15,5,3
Blood,FASLG,PlasmaB,NL→CR,NL,CR,0.0,0.0,0.0,↑,1.0,NS,0/15,5,3
Blood,FASLG,PlasmaB,IT→IA,IT,IA,0.0107539585,0.0128387455,19.399999618530277,↑,0.662427,NS,8/20,5,4
Blood,FASLG,PlasmaB,IA→AR,IA,AR,0.0128387455,0.0017271135,-86.5,↓,0.558452,NS,6/12,4,3
Blood,FASLG,PlasmaB,CR→AR,CR,AR,0.0,0.0017271135,99999.0,↑,0.504985,NS,3/9,3,3
Blood,FCER1G,Myeloid,NL→IT,NL,IT,3.0940158,2.8648293,-7.400000095367432,↓,0.222222,NS,19/25,5,5
Blood,FCER1G,Myeloid,NL→IA,NL,IA,3.0940158,2.8561444,-7.699999809265137,↓,0.190476,NS,16/20,5,4
Blood,FCER1G,Myeloid,NL→AR,NL,AR,3.0940158,2.8279648,-8.600000381469727,↓,0.25,NS,12/15,5,3
Blood,FCER1G,Myeloid,NL→CR,NL,CR,3.0940158,2.6052854,-15.800000190734863,↓,0.25,NS,12/15,5,3
Blood,FCER1G,Myeloid,IT→IA,IT,IA,2.8648293,2.8561444,-0.3000000119209289,↓,0.904762,NS,9/20,5,4
Blood,FCER1G,Myeloid,IA→AR,IA,AR,2.8561444,2.8279648,-1.0,↓,0.857143,NS,7/12,4,3
Blood,FCER1G,Myeloid,CR→AR,CR,AR,2.6052854,2.8279648,8.5,↑,0.2,NS,8/9,3,3
Blood,FCER1G,CD4_T,NL→IT,NL,IT,0.1846472,0.052634787,-71.5,↓,0.309524,NS,18/25,5,5
Blood,FCER1G,CD4_T,NL→IA,NL,IA,0.1846472,0.060806,-67.0999984741211,↓,0.730159,NS,12/20,5,4
Blood,FCER1G,CD4_T,NL→AR,NL,AR,0.1846472,0.06640248,-64.0,↓,0.571429,NS,10/15,5,3
Blood,FCER1G,CD4_T,NL→CR,NL,CR,0.1846472,0.06473119,-64.9000015258789,↓,0.785714,NS,9/15,5,3
Blood,FCER1G,CD4_T,IT→IA,IT,IA,0.052634787,0.060806,15.5,↑,0.190476,NS,16/20,5,4
Blood,FCER1G,CD4_T,IA→AR,IA,AR,0.060806,0.06640248,9.199999809265137,↑,0.628571,NS,8/12,4,3
Blood,FCER1G,CD4_T,CR→AR,CR,AR,0.06473119,0.06640248,2.5999999046325684,↑,1.0,NS,5/9,3,3
Blood,FCER1G,CD8_T,NL→IT,NL,IT,0.24031146,0.12142811,-49.5,↓,0.420635,NS,17/25,5,5
Blood,FCER1G,CD8_T,NL→IA,NL,IA,0.24031146,0.0938429,-60.900001525878906,↓,0.412698,NS,14/20,5,4
Blood,FCER1G,CD8_T,NL→AR,NL,AR,0.24031146,0.14044857,-41.59999847412109,↓,0.785714,NS,9/15,5,3
Blood,FCER1G,CD8_T,NL→CR,NL,CR,0.24031146,0.13385986,-44.29999923706055,↓,0.571429,NS,10/15,5,3
Blood,FCER1G,CD8_T,IT→IA,IT,IA,0.12142811,0.0938429,-22.700000762939453,↓,0.904762,NS,11/20,5,4
Blood,FCER1G,CD8_T,IA→AR,IA,AR,0.0938429,0.14044857,49.70000076293945,↑,0.4,NS,9/12,4,3
Blood,FCER1G,CD8_T,CR→AR,CR,AR,0.13385986,0.14044857,4.900000095367432,↑,1.0,NS,5/9,3,3
Blood,FCER1G,NK,NL→IT,NL,IT,1.2149944,1.1842185,-2.5,↓,1.0,NS,13/25,5,5
Blood,FCER1G,NK,NL→IA,NL,IA,1.2149944,1.473521,21.299999237060547,↑,0.555556,NS,13/20,5,4
Blood,FCER1G,NK,NL→AR,NL,AR,1.2149944,0.92107224,-24.200000762939453,↓,0.571429,NS,10/15,5,3
Blood,FCER1G,NK,NL→CR,NL,CR,1.2149944,1.0781404,-11.300000190734863,↓,0.785714,NS,9/15,5,3
Blood,FCER1G,NK,IT→IA,IT,IA,1.1842185,1.473521,24.399999618530277,↑,0.285714,NS,15/20,5,4
Blood,FCER1G,NK,IA→AR,IA,AR,1.473521,0.92107224,-37.5,↓,0.228571,NS,10/12,4,3
Blood,FCER1G,NK,CR→AR,CR,AR,1.0781404,0.92107224,-14.600000381469728,↓,0.4,NS,7/9,3,3
Blood,FCER1G,B,NL→IT,NL,IT,0.034508493,0.031736936,-8.0,↓,0.401965,NS,8/25,5,5
Blood,FCER1G,B,NL→IA,NL,IA,0.034508493,0.025571708,-25.899999618530277,↓,0.389284,NS,6/20,5,4
Blood,FCER1G,B,NL→AR,NL,AR,0.034508493,0.019862525,-42.400001525878906,↓,0.368227,NS,4/15,5,3
Blood,FCER1G,B,NL→CR,NL,CR,0.034508493,0.038828366,12.5,↑,0.230243,NS,12/15,5,3
Blood,FCER1G,B,IT→IA,IT,IA,0.031736936,0.025571708,-19.399999618530277,↓,0.555556,NS,7/20,5,4
Blood,FCER1G,B,IA→AR,IA,AR,0.025571708,0.019862525,-22.299999237060547,↓,0.857143,NS,7/12,4,3
Blood,FCER1G,B,CR→AR,CR,AR,0.038828366,0.019862525,-48.79999923706055,↓,0.2,NS,8/9,3,3
Blood,FCER1G,PlasmaB,NL→IT,NL,IT,0.21361807,1.3132553,514.7999877929688,↑,0.021177,*,24/25,5,5
Blood,FCER1G,PlasmaB,NL→IA,NL,IA,0.21361807,1.1478662,437.2999877929688,↑,0.065064,†,18/20,5,4
Blood,FCER1G,PlasmaB,NL→AR,NL,AR,0.21361807,0.41204163,92.9000015258789,↑,0.230243,NS,12/15,5,3
Blood,FCER1G,PlasmaB,NL→CR,NL,CR,0.21361807,1.0235434,379.1000061035156,↑,0.03577,*,15/15,5,3
Blood,FCER1G,PlasmaB,IT→IA,IT,IA,1.3132553,1.1478662,-12.600000381469728,↓,0.730159,NS,12/20,5,4
Blood,FCER1G,PlasmaB,IA→AR,IA,AR,1.1478662,0.41204163,-64.0999984741211,↓,0.057143,†,12/12,4,3
Blood,FCER1G,PlasmaB,CR→AR,CR,AR,1.0235434,0.41204163,-59.70000076293945,↓,0.1,NS,9/9,3,3
Blood,FCGR3A,Myeloid,NL→IT,NL,IT,0.39303726,0.7049297,79.4000015258789,↑,0.309524,NS,18/25,5,5
Blood,FCGR3A,Myeloid,NL→IA,NL,IA,0.39303726,0.7317259,86.19999694824219,↑,0.190476,NS,16/20,5,4
Blood,FCGR3A,Myeloid,NL→AR,NL,AR,0.39303726,0.86663675,120.5,↑,0.392857,NS,11/15,5,3
Blood,FCGR3A,Myeloid,NL→CR,NL,CR,0.39303726,0.410265,4.400000095367432,↑,1.0,NS,8/15,5,3
Blood,FCGR3A,Myeloid,IT→IA,IT,IA,0.7049297,0.7317259,3.799999952316284,↑,0.904762,NS,11/20,5,4
Blood,FCGR3A,Myeloid,IA→AR,IA,AR,0.7317259,0.86663675,18.399999618530277,↑,0.857143,NS,5/12,4,3
Blood,FCGR3A,Myeloid,CR→AR,CR,AR,0.410265,0.86663675,111.1999969482422,↑,0.1,NS,9/9,3,3
Blood,FCGR3A,CD4_T,NL→IT,NL,IT,0.15998629,0.07587303,-52.59999847412109,↓,0.309524,NS,18/25,5,5
Blood,FCGR3A,CD4_T,NL→IA,NL,IA,0.15998629,0.04645628,-71.0,↓,0.190476,NS,16/20,5,4
Blood,FCGR3A,CD4_T,NL→AR,NL,AR,0.15998629,0.034086324,-78.69999694824219,↓,0.142857,NS,13/15,5,3
Blood,FCGR3A,CD4_T,NL→CR,NL,CR,0.15998629,0.03657905,-77.0999984741211,↓,0.392857,NS,11/15,5,3
Blood,FCGR3A,CD4_T,IT→IA,IT,IA,0.07587303,0.04645628,-38.79999923706055,↓,0.412698,NS,14/20,5,4
Blood,FCGR3A,CD4_T,IA→AR,IA,AR,0.04645628,0.034086324,-26.600000381469727,↓,0.628571,NS,8/12,4,3
Blood,FCGR3A,CD4_T,CR→AR,CR,AR,0.03657905,0.034086324,-6.800000190734863,↓,1.0,NS,5/9,3,3
Blood,FCGR3A,CD8_T,NL→IT,NL,IT,0.39277884,0.28253388,-28.100000381469727,↓,1.0,NS,13/25,5,5
Blood,FCGR3A,CD8_T,NL→IA,NL,IA,0.39277884,0.30438092,-22.5,↓,0.555556,NS,13/20,5,4
Blood,FCGR3A,CD8_T,NL→AR,NL,AR,0.39277884,0.7554903,92.3000030517578,↑,0.392857,NS,11/15,5,3
Blood,FCGR3A,CD8_T,NL→CR,NL,CR,0.39277884,0.13562585,-65.5,↓,0.25,NS,12/15,5,3
Blood,FCGR3A,CD8_T,IT→IA,IT,IA,0.28253388,0.30438092,7.699999809265137,↑,0.555556,NS,7/20,5,4
Blood,FCGR3A,CD8_T,IA→AR,IA,AR,0.30438092,0.7554903,148.1999969482422,↑,0.228571,NS,10/12,4,3
Blood,FCGR3A,CD8_T,CR→AR,CR,AR,0.13562585,0.7554903,457.0,↑,0.1,NS,9/9,3,3
Blood,FCGR3A,NK,NL→IT,NL,IT,1.5551835,1.8808073,20.899999618530277,↑,0.420635,NS,17/25,5,5
Blood,FCGR3A,NK,NL→IA,NL,IA,1.5551835,1.4681998,-5.599999904632568,↓,1.0,NS,10/20,5,4
Blood,FCGR3A,NK,NL→AR,NL,AR,1.5551835,1.9166789,23.200000762939453,↑,0.392857,NS,11/15,5,3
Blood,FCGR3A,NK,NL→CR,NL,CR,1.5551835,1.3142002,-15.5,↓,0.785714,NS,9/15,5,3
Blood,FCGR3A,NK,IT→IA,IT,IA,1.8808073,1.4681998,-21.899999618530277,↓,0.555556,NS,13/20,5,4
Blood,FCGR3A,NK,IA→AR,IA,AR,1.4681998,1.9166789,30.5,↑,0.628571,NS,8/12,4,3
Blood,FCGR3A,NK,CR→AR,CR,AR,1.3142002,1.9166789,45.79999923706055,↑,0.1,NS,9/9,3,3
Blood,FCGR3A,B,NL→IT,NL,IT,0.031033158,0.011824341,-61.900001525878906,↓,0.832519,NS,13/25,5,5
Blood,FCGR3A,B,NL→IA,NL,IA,0.031033158,0.005943178,-80.80000305175781,↓,0.522431,NS,11/20,5,4
Blood,FCGR3A,B,NL→AR,NL,AR,0.031033158,0.015271149,-50.79999923706055,↓,0.759982,NS,8/15,5,3
Blood,FCGR3A,B,NL→CR,NL,CR,0.031033158,0.007881249,-74.5999984741211,↓,1.0,NS,8/15,5,3
Blood,FCGR3A,B,IT→IA,IT,IA,0.011824341,0.005943178,-49.70000076293945,↓,0.900865,NS,10/20,5,4
Blood,FCGR3A,B,IA→AR,IA,AR,0.005943178,0.015271149,157.0,↑,0.854445,NS,6/12,4,3
Blood,FCGR3A,B,CR→AR,CR,AR,0.007881249,0.015271149,93.8000030517578,↑,1.0,NS,5/9,3,3
Blood,FCGR3A,PlasmaB,NL→IT,NL,IT,0.0,0.01521126,99999.0,↑,0.423711,NS,5/25,5,5
Blood,FCGR3A,PlasmaB,NL→IA,NL,IA,0.0,0.032344464,99999.0,↑,0.13121,NS,10/20,5,4
Blood,FCGR3A,PlasmaB,NL→AR,NL,AR,0.0,0.006452804,99999.0,↑,0.3017,NS,5/15,5,3
Blood,FCGR3A,PlasmaB,NL→CR,NL,CR,0.0,0.013150364,99999.0,↑,0.3017,NS,5/15,5,3
Blood,FCGR3A,PlasmaB,IT→IA,IT,IA,0.01521126,0.032344464,112.5999984741211,↑,0.662427,NS,8/20,5,4
Blood,FCGR3A,PlasmaB,IA→AR,IA,AR,0.032344464,0.006452804,-80.0,↓,0.558452,NS,6/12,4,3
Blood,FCGR3A,PlasmaB,CR→AR,CR,AR,0.013150364,0.006452804,-50.900001525878906,↓,1.0,NS,3/9,3,3
Blood,FLT1,Myeloid,NL→IT,NL,IT,0.0017191734,0.0033671756,95.9000015258789,↑,0.450644,NS,15/25,5,5
Blood,FLT1,Myeloid,NL→IA,NL,IA,0.0017191734,0.034357697,1898.5,↑,0.262239,NS,15/20,5,4
Blood,FLT1,Myeloid,NL→AR,NL,AR,0.0017191734,0.0029028384,68.9000015258789,↑,0.359397,NS,11/15,5,3
Blood,FLT1,Myeloid,NL→CR,NL,CR,0.0017191734,0.0025214716,46.70000076293945,↑,0.541193,NS,10/15,5,3
Blood,FLT1,Myeloid,IT→IA,IT,IA,0.0033671756,0.034357697,920.4000244140624,↑,0.904762,NS,11/20,5,4
Blood,FLT1,Myeloid,IA→AR,IA,AR,0.034357697,0.0029028384,-91.5999984741211,↓,0.857143,NS,7/12,4,3
Blood,FLT1,Myeloid,CR→AR,CR,AR,0.0025214716,0.0029028384,15.100000381469728,↑,1.0,NS,5/9,3,3
Blood,FLT1,CD4_T,NL→IT,NL,IT,0.004310921,0.0021297834,-50.59999847412109,↓,0.450644,NS,7/25,5,5
Blood,FLT1,CD4_T,NL→IA,NL,IA,0.004310921,0.0022732702,-47.29999923706055,↓,0.262239,NS,5/20,5,4
Blood,FLT1,CD4_T,NL→AR,NL,AR,0.004310921,0.0014149992,-67.19999694824219,↓,0.873807,NS,5/15,5,3
Blood,FLT1,CD4_T,NL→CR,NL,CR,0.004310921,0.0007860893,-81.80000305175781,↓,0.759982,NS,6/15,5,3
Blood,FLT1,CD4_T,IT→IA,IT,IA,0.0021297834,0.0022732702,6.699999809265137,↑,1.0,NS,10/20,5,4
Blood,FLT1,CD4_T,IA→AR,IA,AR,0.0022732702,0.0014149992,-37.79999923706055,↓,0.628571,NS,8/12,4,3
Blood,FLT1,CD4_T,CR→AR,CR,AR,0.0007860893,0.0014149992,80.0,↑,1.0,NS,5/9,3,3
Blood,FLT1,CD8_T,NL→IT,NL,IT,0.00025585672,0.0015916746,522.0999755859375,↑,0.440686,NS,10/25,5,5
Blood,FLT1,CD8_T,NL→IA,NL,IA,0.00025585672,0.0013858457,441.6000061035156,↑,0.866815,NS,5/20,5,4
Blood,FLT1,CD8_T,NL→AR,NL,AR,0.00025585672,0.0014663151,473.1000061035156,↑,0.305507,NS,9/15,5,3
Blood,FLT1,CD8_T,NL→CR,NL,CR,0.00025585672,0.0010044577,292.6000061035156,↑,0.69627,NS,5/15,5,3
Blood,FLT1,CD8_T,IT→IA,IT,IA,0.0015916746,0.0013858457,-12.899999618530272,↓,1.0,NS,6/20,5,4
Blood,FLT1,CD8_T,IA→AR,IA,AR,0.0013858457,0.0014663151,5.800000190734863,↑,0.696466,NS,6/12,4,3
Blood,FLT1,CD8_T,CR→AR,CR,AR,0.0010044577,0.0014663151,46.0,↑,0.642835,NS,5/9,3,3
Blood,FLT1,NK,NL→IT,NL,IT,9.4908966e-05,0.0,-100.0,↓,0.423711,NS,5/25,5,5
Blood,FLT1,NK,NL→IA,NL,IA,9.4908966e-05,0.0,-100.0,↓,0.502335,NS,4/20,5,4
Blood,FLT1,NK,NL→AR,NL,AR,9.4908966e-05,0.0,-100.0,↓,0.605577,NS,3/15,5,3
Blood,FLT1,NK,NL→CR,NL,CR,9.4908966e-05,0.0,-100.0,↓,0.605577,NS,3/15,5,3
Blood,FLT1,NK,IT→IA,IT,IA,0.0,0.0,0.0,↑,1.0,NS,0/20,5,4
Blood,FLT1,NK,IA→AR,IA,AR,0.0,0.0,0.0,↑,1.0,NS,0/12,4,3
Blood,FLT1,NK,CR→AR,CR,AR,0.0,0.0,0.0,↑,1.0,NS,0/9,3,3
Blood,FLT1,B,NL→IT,NL,IT,0.009152008,0.014981031,63.70000076293945,↑,0.204501,NS,19/25,5,5
Blood,FLT1,B,NL→IA,NL,IA,0.009152008,0.008774623,-4.099999904632568,↓,0.608874,NS,6/20,5,4
Blood,FLT1,B,NL→AR,NL,AR,0.009152008,0.00805298,-12.0,↓,0.541193,NS,5/15,5,3
Blood,FLT1,B,NL→CR,NL,CR,0.009152008,0.009798324,7.099999904632568,↑,0.541193,NS,10/15,5,3
Blood,FLT1,B,IT→IA,IT,IA,0.014981031,0.008774623,-41.400001525878906,↓,0.190476,NS,16/20,5,4
Blood,FLT1,B,IA→AR,IA,AR,0.008774623,0.00805298,-8.199999809265137,↓,0.857143,NS,7/12,4,3
Blood,FLT1,B,CR→AR,CR,AR,0.009798324,0.00805298,-17.799999237060547,↓,0.7,NS,3/9,3,3
Blood,FLT1,PlasmaB,NL→IT,NL,IT,0.0,0.0,0.0,↑,1.0,NS,0/25,5,5
Blood,FLT1,PlasmaB,NL→IA,NL,IA,0.0,0.0,0.0,↑,1.0,NS,0/20,5,4
Blood,FLT1,PlasmaB,NL→AR,NL,AR,0.0,0.004090495,99999.0,↑,0.078983,†,10/15,5,3
Blood,FLT1,PlasmaB,NL→CR,NL,CR,0.0,0.0,0.0,↑,1.0,NS,0/15,5,3
Blood,FLT1,PlasmaB,IT→IA,IT,IA,0.0,0.0,0.0,↑,1.0,NS,0/20,5,4
Blood,FLT1,PlasmaB,IA→AR,IA,AR,0.0,0.004090495,99999.0,↑,0.122745,NS,8/12,4,3
Blood,FLT1,PlasmaB,CR→AR,CR,AR,0.0,0.004090495,99999.0,↑,0.196706,NS,6/9,3,3
Blood,FN1,Myeloid,NL→IT,NL,IT,0.032230172,0.005845858,-81.9000015258789,↓,1.0,NS,11/25,5,5
Blood,FN1,Myeloid,NL→IA,NL,IA,0.032230172,0.0003603323,-98.9000015258789,↓,0.37055,NS,12/20,5,4
Blood,FN1,Myeloid,NL→AR,NL,AR,0.032230172,0.0036656528,-88.5999984741211,↓,0.764228,NS,6/15,5,3
Blood,FN1,Myeloid,NL→CR,NL,CR,0.032230172,0.001923027,-94.0,↓,1.0,NS,8/15,5,3
Blood,FN1,Myeloid,IT→IA,IT,IA,0.005845858,0.0003603323,-93.8000030517578,↓,0.105364,NS,16/20,5,4
Blood,FN1,Myeloid,IA→AR,IA,AR,0.0003603323,0.0036656528,917.2999877929688,↑,0.049746,*,12/12,4,3
Blood,FN1,Myeloid,CR→AR,CR,AR,0.001923027,0.0036656528,90.5999984741211,↑,0.4,NS,7/9,3,3
Blood,FN1,CD4_T,NL→IT,NL,IT,0.0,0.00011094235,99999.0,↑,0.423711,NS,5/25,5,5
Blood,FN1,CD4_T,NL→IA,NL,IA,0.0,0.0005436145,99999.0,↑,0.13121,NS,10/20,5,4
Blood,FN1,CD4_T,NL→AR,NL,AR,0.0,0.0,0.0,↑,1.0,NS,0/15,5,3
Blood,FN1,CD4_T,NL→CR,NL,CR,0.0,0.0005129448,99999.0,↑,0.016805,*,15/15,5,3
Blood,FN1,CD4_T,IT→IA,IT,IA,0.00011094235,0.0005436145,390.0,↑,0.466854,NS,9/20,5,4
Blood,FN1,CD4_T,IA→AR,IA,AR,0.0005436145,0.0,-100.0,↓,0.270289,NS,6/12,4,3
Blood,FN1,CD4_T,CR→AR,CR,AR,0.0005129448,0.0,-100.0,↓,0.063603,†,9/9,3,3
Blood,FN1,CD8_T,NL→IT,NL,IT,0.0,0.0002638058,99999.0,↑,0.423711,NS,5/25,5,5
Blood,FN1,CD8_T,NL→IA,NL,IA,0.0,0.00030880357,99999.0,↑,0.371093,NS,5/20,5,4
Blood,FN1,CD8_T,NL→AR,NL,AR,0.0,0.0004690193,99999.0,↑,0.3017,NS,5/15,5,3
Blood,FN1,CD8_T,NL→CR,NL,CR,0.0,0.00018662373,99999.0,↑,0.3017,NS,5/15,5,3
Blood,FN1,CD8_T,IT→IA,IT,IA,0.0002638058,0.00030880357,17.100000381469727,↑,1.0,NS,4/20,5,4
Blood,FN1,CD8_T,IA→AR,IA,AR,0.00030880357,0.0004690193,51.900001525878906,↑,0.825498,NS,4/12,4,3
Blood,FN1,CD8_T,CR→AR,CR,AR,0.00018662373,0.0004690193,151.3000030517578,↑,1.0,NS,3/9,3,3
Blood,FN1,NK,NL→IT,NL,IT,0.0,0.0,0.0,↑,1.0,NS,0/25,5,5
Blood,FN1,NK,NL→IA,NL,IA,0.0,0.00017389047,99999.0,↑,0.371093,NS,5/20,5,4
Blood,FN1,NK,NL→AR,NL,AR,0.0,0.0,0.0,↑,1.0,NS,0/15,5,3
Blood,FN1,NK,NL→CR,NL,CR,0.0,0.0,0.0,↑,1.0,NS,0/15,5,3
Blood,FN1,NK,IT→IA,IT,IA,0.0,0.00017389047,99999.0,↑,0.371093,NS,5/20,5,4
Blood,FN1,NK,IA→AR,IA,AR,0.00017389047,0.0,-100.0,↓,0.563703,NS,3/12,4,3
Blood,FN1,NK,CR→AR,CR,AR,0.0,0.0,0.0,↑,1.0,NS,0/9,3,3
Blood,FN1,B,NL→IT,NL,IT,0.00027496717,0.0,-100.0,↓,0.423711,NS,5/25,5,5
Blood,FN1,B,NL→IA,NL,IA,0.00027496717,0.00023669496,-13.899999618530272,↓,1.0,NS,4/20,5,4
Blood,FN1,B,NL→AR,NL,AR,0.00027496717,0.00090940803,230.6999969482422,↑,0.69627,NS,5/15,5,3
Blood,FN1,B,NL→CR,NL,CR,0.00027496717,0.0002051879,-25.399999618530277,↓,1.0,NS,3/15,5,3
Blood,FN1,B,IT→IA,IT,IA,0.0,0.00023669496,99999.0,↑,0.371093,NS,5/20,5,4
Blood,FN1,B,IA→AR,IA,AR,0.00023669496,0.00090940803,284.20001220703125,↑,0.825498,NS,4/12,4,3
Blood,FN1,B,CR→AR,CR,AR,0.0002051879,0.00090940803,343.20001220703125,↑,1.0,NS,3/9,3,3
Blood,FN1,PlasmaB,NL→IT,NL,IT,0.0,0.0,0.0,↑,1.0,NS,0/25,5,5
Blood,FN1,PlasmaB,NL→IA,NL,IA,0.0,0.0,0.0,↑,1.0,NS,0/20,5,4
Blood,FN1,PlasmaB,NL→AR,NL,AR,0.0,0.0,0.0,↑,1.0,NS,0/15,5,3
Blood,FN1,PlasmaB,NL→CR,NL,CR,0.0,0.0,0.0,↑,1.0,NS,0/15,5,3
Blood,FN1,PlasmaB,IT→IA,IT,IA,0.0,0.0,0.0,↑,1.0,NS,0/20,5,4
Blood,FN1,PlasmaB,IA→AR,IA,AR,0.0,0.0,0.0,↑,1.0,NS,0/12,4,3
Blood,FN1,PlasmaB,CR→AR,CR,AR,0.0,0.0,0.0,↑,1.0,NS,0/9,3,3
Blood,FOXP3,Myeloid,NL→IT,NL,IT,0.0015492386,0.00033849097,-78.19999694824219,↓,1.0,NS,5/25,5,5
Blood,FOXP3,Myeloid,NL→IA,NL,IA,0.0015492386,0.0005971852,-61.5,↓,0.662427,NS,4/20,5,4
Blood,FOXP3,Myeloid,NL→AR,NL,AR,0.0015492386,0.0,-100.0,↓,0.605577,NS,3/15,5,3
Blood,FOXP3,Myeloid,NL→CR,NL,CR,0.0015492386,0.00013748415,-91.0999984741211,↓,1.0,NS,3/15,5,3
Blood,FOXP3,Myeloid,IT→IA,IT,IA,0.00033849097,0.0005971852,76.4000015258789,↑,0.662427,NS,8/20,5,4
Blood,FOXP3,Myeloid,IA→AR,IA,AR,0.0005971852,0.0,-100.0,↓,0.270289,NS,6/12,4,3
Blood,FOXP3,Myeloid,CR→AR,CR,AR,0.00013748415,0.0,-100.0,↓,0.504985,NS,3/9,3,3
Blood,FOXP3,CD4_T,NL→IT,NL,IT,0.08734602,0.06925496,-20.700000762939453,↓,0.420635,NS,17/25,5,5
Blood,FOXP3,CD4_T,NL→IA,NL,IA,0.08734602,0.09666061,10.699999809265137,↑,0.904762,NS,11/20,5,4
Blood,FOXP3,CD4_T,NL→AR,NL,AR,0.08734602,0.057154465,-34.599998474121094,↓,0.25,NS,12/15,5,3
Blood,FOXP3,CD4_T,NL→CR,NL,CR,0.08734602,0.052716065,-39.59999847412109,↓,0.25,NS,12/15,5,3
Blood,FOXP3,CD4_T,IT→IA,IT,IA,0.06925496,0.09666061,39.59999847412109,↑,0.555556,NS,13/20,5,4
Blood,FOXP3,CD4_T,IA→AR,IA,AR,0.09666061,0.057154465,-40.900001525878906,↓,0.4,NS,9/12,4,3
Blood,FOXP3,CD4_T,CR→AR,CR,AR,0.052716065,0.057154465,8.399999618530273,↑,0.7,NS,6/9,3,3
Blood,FOXP3,CD8_T,NL→IT,NL,IT,0.0007446837,0.0034164488,358.79998779296875,↑,0.265205,NS,15/25,5,5
Blood,FOXP3,CD8_T,NL→IA,NL,IA,0.0007446837,0.008589037,1053.4000244140625,↑,0.017943,*,20/20,5,4
Blood,FOXP3,CD8_T,NL→AR,NL,AR,0.0007446837,0.0029438687,295.29998779296875,↑,0.12663,NS,13/15,5,3
Blood,FOXP3,CD8_T,NL→CR,NL,CR,0.0007446837,0.0057040676,666.0,↑,0.032473,*,15/15,5,3
Blood,FOXP3,CD8_T,IT→IA,IT,IA,0.0034164488,0.008589037,151.39999389648438,↑,0.109855,NS,17/20,5,4
Blood,FOXP3,CD8_T,IA→AR,IA,AR,0.008589037,0.0029438687,-65.69999694824219,↓,0.057143,†,12/12,4,3
Blood,FOXP3,CD8_T,CR→AR,CR,AR,0.0057040676,0.0029438687,-48.400001525878906,↓,0.2,NS,8/9,3,3
Blood,FOXP3,NK,NL→IT,NL,IT,0.0004463044,0.0022475473,403.6000061035156,↑,0.265205,NS,15/25,5,5
Blood,FOXP3,NK,NL→IA,NL,IA,0.0004463044,0.0014994913,236.0,↑,0.442771,NS,12/20,5,4
Blood,FOXP3,NK,NL→AR,NL,AR,0.0004463044,0.0024299577,444.5,↑,0.266236,NS,10/15,5,3
Blood,FOXP3,NK,NL→CR,NL,CR,0.0004463044,0.0017124902,283.70001220703125,↑,0.266236,NS,10/15,5,3
Blood,FOXP3,NK,IT→IA,IT,IA,0.0022475473,0.0014994913,-33.29999923706055,↓,0.900865,NS,10/20,5,4
Blood,FOXP3,NK,IA→AR,IA,AR,0.0014994913,0.0024299577,62.09999847412109,↑,0.721277,NS,7/12,4,3
Blood,FOXP3,NK,CR→AR,CR,AR,0.0017124902,0.0024299577,41.900001525878906,↑,0.824778,NS,5/9,3,3
Blood,FOXP3,B,NL→IT,NL,IT,0.0254206,0.0,-100.0,↓,0.423711,NS,5/25,5,5
Blood,FOXP3,B,NL→IA,NL,IA,0.0254206,0.0008269328,-96.6999969482422,↓,0.662427,NS,4/20,5,4
Blood,FOXP3,B,NL→AR,NL,AR,0.0254206,0.0010134837,-96.0,↓,1.0,NS,3/15,5,3
Blood,FOXP3,B,NL→CR,NL,CR,0.0254206,0.0007330356,-97.0999984741211,↓,0.203872,NS,3/15,5,3
Blood,FOXP3,B,IT→IA,IT,IA,0.0,0.0008269328,99999.0,↑,0.13121,NS,10/20,5,4
Blood,FOXP3,B,IA→AR,IA,AR,0.0008269328,0.0010134837,22.600000381469727,↑,1.0,NS,4/12,4,3
Blood,FOXP3,B,CR→AR,CR,AR,0.0007330356,0.0010134837,38.29999923706055,↑,0.657905,NS,3/9,3,3
Blood,FOXP3,PlasmaB,NL→IT,NL,IT,0.0,0.0,0.0,↑,1.0,NS,0/25,5,5
Blood,FOXP3,PlasmaB,NL→IA,NL,IA,0.0,0.0,0.0,↑,1.0,NS,0/20,5,4
Blood,FOXP3,PlasmaB,NL→AR,NL,AR,0.0,0.0,0.0,↑,1.0,NS,0/15,5,3
Blood,FOXP3,PlasmaB,NL→CR,NL,CR,0.0,0.0,0.0,↑,1.0,NS,0/15,5,3
Blood,FOXP3,PlasmaB,IT→IA,IT,IA,0.0,0.0,0.0,↑,1.0,NS,0/20,5,4
Blood,FOXP3,PlasmaB,IA→AR,IA,AR,0.0,0.0,0.0,↑,1.0,NS,0/12,4,3
Blood,FOXP3,PlasmaB,CR→AR,CR,AR,0.0,0.0,0.0,↑,1.0,NS,0/9,3,3
Blood,GATA3,Myeloid,NL→IT,NL,IT,0.0,0.0050147446,99999.0,↑,0.007495,**,25/25,5,5
Blood,GATA3,Myeloid,NL→IA,NL,IA,0.0,0.024911823,99999.0,↑,0.0108,*,20/20,5,4
Blood,GATA3,Myeloid,NL→AR,NL,AR,0.0,0.0012647011,99999.0,↑,0.078983,†,10/15,5,3
Blood,GATA3,Myeloid,NL→CR,NL,CR,0.0,0.0074439887,99999.0,↑,0.016805,*,15/15,5,3
Blood,GATA3,Myeloid,IT→IA,IT,IA,0.0050147446,0.024911823,396.7999877929688,↑,0.904762,NS,9/20,5,4
Blood,GATA3,Myeloid,IA→AR,IA,AR,0.024911823,0.0012647011,-94.9000015258789,↓,0.628571,NS,8/12,4,3
Blood,GATA3,Myeloid,CR→AR,CR,AR,0.0074439887,0.0012647011,-83.0,↓,0.1,NS,9/9,3,3
Blood,GATA3,CD4_T,NL→IT,NL,IT,0.2868485,0.47164926,64.4000015258789,↑,0.055556,†,22/25,5,5
Blood,GATA3,CD4_T,NL→IA,NL,IA,0.2868485,0.44654948,55.70000076293945,↑,0.063492,†,18/20,5,4
Blood,GATA3,CD4_T,NL→AR,NL,AR,0.2868485,0.44493127,55.09999847412109,↑,0.25,NS,12/15,5,3
Blood,GATA3,CD4_T,NL→CR,NL,CR,0.2868485,0.35528842,23.899999618530277,↑,0.785714,NS,9/15,5,3
Blood,GATA3,CD4_T,IT→IA,IT,IA,0.47164926,0.44654948,-5.300000190734863,↓,0.904762,NS,11/20,5,4
Blood,GATA3,CD4_T,IA→AR,IA,AR,0.44654948,0.44493127,-0.4000000059604645,↓,0.857143,NS,7/12,4,3
Blood,GATA3,CD4_T,CR→AR,CR,AR,0.35528842,0.44493127,25.200000762939453,↑,0.7,NS,6/9,3,3
Blood,GATA3,CD8_T,NL→IT,NL,IT,0.16821317,0.33475757,99.0,↑,0.150794,NS,20/25,5,5
Blood,GATA3,CD8_T,NL→IA,NL,IA,0.16821317,0.40929163,143.3000030517578,↑,0.015873,*,20/20,5,4
Blood,GATA3,CD8_T,NL→AR,NL,AR,0.16821317,0.31856146,89.4000015258789,↑,0.142857,NS,13/15,5,3
Blood,GATA3,CD8_T,NL→CR,NL,CR,0.16821317,0.31360918,86.4000015258789,↑,0.392857,NS,11/15,5,3
Blood,GATA3,CD8_T,IT→IA,IT,IA,0.33475757,0.40929163,22.299999237060547,↑,0.190476,NS,16/20,5,4
Blood,GATA3,CD8_T,IA→AR,IA,AR,0.40929163,0.31856146,-22.200000762939453,↓,0.4,NS,9/12,4,3
Blood,GATA3,CD8_T,CR→AR,CR,AR,0.31360918,0.31856146,1.600000023841858,↑,1.0,NS,4/9,3,3
Blood,GATA3,NK,NL→IT,NL,IT,0.22604914,0.33295065,47.29999923706055,↑,0.095238,†,21/25,5,5
Blood,GATA3,NK,NL→IA,NL,IA,0.22604914,0.41579035,83.9000015258789,↑,0.015873,*,20/20,5,4
Blood,GATA3,NK,NL→AR,NL,AR,0.22604914,0.3106901,37.400001525878906,↑,0.25,NS,12/15,5,3
Blood,GATA3,NK,NL→CR,NL,CR,0.22604914,0.29809427,31.899999618530277,↑,1.0,NS,7/15,5,3
Blood,GATA3,NK,IT→IA,IT,IA,0.33295065,0.41579035,24.899999618530277,↑,0.412698,NS,14/20,5,4
Blood,GATA3,NK,IA→AR,IA,AR,0.41579035,0.3106901,-25.299999237060547,↓,0.228571,NS,10/12,4,3
Blood,GATA3,NK,CR→AR,CR,AR,0.29809427,0.3106901,4.199999809265137,↑,0.7,NS,6/9,3,3
Blood,GATA3,B,NL→IT,NL,IT,0.007865131,0.008253966,4.900000095367432,↑,1.0,NS,11/25,5,5
Blood,GATA3,B,NL→IA,NL,IA,0.007865131,0.0059180157,-24.799999237060547,↓,0.902117,NS,9/20,5,4
Blood,GATA3,B,NL→AR,NL,AR,0.007865131,0.009314861,18.399999618530277,↑,0.764228,NS,9/15,5,3
Blood,GATA3,B,NL→CR,NL,CR,0.007865131,0.0073544667,-6.5,↓,0.764228,NS,6/15,5,3
Blood,GATA3,B,IT→IA,IT,IA,0.008253966,0.0059180157,-28.299999237060547,↓,0.904762,NS,11/20,5,4
Blood,GATA3,B,IA→AR,IA,AR,0.0059180157,0.009314861,57.400001525878906,↑,0.4,NS,9/12,4,3
Blood,GATA3,B,CR→AR,CR,AR,0.0073544667,0.009314861,26.700000762939453,↑,1.0,NS,5/9,3,3
Blood,GATA3,PlasmaB,NL→IT,NL,IT,0.0,0.027042802,99999.0,↑,0.072006,†,15/25,5,5
Blood,GATA3,PlasmaB,NL→IA,NL,IA,0.0,0.0060562887,99999.0,↑,0.371093,NS,5/20,5,4
Blood,GATA3,PlasmaB,NL→AR,NL,AR,0.0,0.014693853,99999.0,↑,0.078983,†,10/15,5,3
Blood,GATA3,PlasmaB,NL→CR,NL,CR,0.0,0.0028992537,99999.0,↑,0.3017,NS,5/15,5,3
Blood,GATA3,PlasmaB,IT→IA,IT,IA,0.027042802,0.0060562887,-77.5999984741211,↓,0.502335,NS,10/20,5,4
Blood,GATA3,PlasmaB,IA→AR,IA,AR,0.0060562887,0.014693853,142.60000610351562,↑,0.435279,NS,7/12,4,3
Blood,GATA3,PlasmaB,CR→AR,CR,AR,0.0028992537,0.014693853,406.7999877929688,↑,0.353679,NS,6/9,3,3
Blood,GLB1,Myeloid,NL→IT,NL,IT,0.41166472,0.3205185,-22.100000381469727,↓,0.222222,NS,6/25,5,5
Blood,GLB1,Myeloid,NL→IA,NL,IA,0.41166472,0.30357343,-26.299999237060547,↓,0.285714,NS,5/20,5,4
Blood,GLB1,Myeloid,NL→AR,NL,AR,0.41166472,0.2948587,-28.399999618530277,↓,0.25,NS,3/15,5,3
Blood,GLB1,Myeloid,NL→CR,NL,CR,0.41166472,0.29155222,-29.200000762939453,↓,0.25,NS,3/15,5,3
Blood,GLB1,Myeloid,IT→IA,IT,IA,0.3205185,0.30357343,-5.300000190734863,↓,0.555556,NS,13/20,5,4
Blood,GLB1,Myeloid,IA→AR,IA,AR,0.30357343,0.2948587,-2.900000095367432,↓,0.857143,NS,7/12,4,3
Blood,GLB1,Myeloid,CR→AR,CR,AR,0.29155222,0.2948587,1.100000023841858,↑,1.0,NS,5/9,3,3
Blood,GLB1,CD4_T,NL→IT,NL,IT,0.083414346,0.10950334,31.299999237060547,↑,0.222222,NS,19/25,5,5
Blood,GLB1,CD4_T,NL→IA,NL,IA,0.083414346,0.12586805,50.900001525878906,↑,0.111111,NS,17/20,5,4
Blood,GLB1,CD4_T,NL→AR,NL,AR,0.083414346,0.104451686,25.200000762939453,↑,0.571429,NS,10/15,5,3
Blood,GLB1,CD4_T,NL→CR,NL,CR,0.083414346,0.15558515,86.5,↑,0.071429,†,14/15,5,3
Blood,GLB1,CD4_T,IT→IA,IT,IA,0.10950334,0.12586805,14.899999618530272,↑,0.412698,NS,14/20,5,4
Blood,GLB1,CD4_T,IA→AR,IA,AR,0.12586805,0.104451686,-17.0,↓,0.4,NS,9/12,4,3
Blood,GLB1,CD4_T,CR→AR,CR,AR,0.15558515,0.104451686,-32.900001525878906,↓,0.1,NS,9/9,3,3
Blood,GLB1,CD8_T,NL→IT,NL,IT,0.071714625,0.09069902,26.5,↑,0.690476,NS,15/25,5,5
Blood,GLB1,CD8_T,NL→IA,NL,IA,0.071714625,0.11106475,54.900001525878906,↑,0.190476,NS,16/20,5,4
Blood,GLB1,CD8_T,NL→AR,NL,AR,0.071714625,0.09929227,38.5,↑,0.785714,NS,9/15,5,3
Blood,GLB1,CD8_T,NL→CR,NL,CR,0.071714625,0.13531098,88.69999694824219,↑,0.142857,NS,13/15,5,3
Blood,GLB1,CD8_T,IT→IA,IT,IA,0.09069902,0.11106475,22.5,↑,0.412698,NS,14/20,5,4
Blood,GLB1,CD8_T,IA→AR,IA,AR,0.11106475,0.09929227,-10.600000381469728,↓,0.4,NS,9/12,4,3
Blood,GLB1,CD8_T,CR→AR,CR,AR,0.13531098,0.09929227,-26.600000381469727,↓,0.4,NS,7/9,3,3
Blood,GLB1,NK,NL→IT,NL,IT,0.08701669,0.10889812,25.100000381469727,↑,0.547619,NS,16/25,5,5
Blood,GLB1,NK,NL→IA,NL,IA,0.08701669,0.1241349,42.70000076293945,↑,0.412698,NS,14/20,5,4
Blood,GLB1,NK,NL→AR,NL,AR,0.08701669,0.11797842,35.599998474121094,↑,0.571429,NS,10/15,5,3
Blood,GLB1,NK,NL→CR,NL,CR,0.08701669,0.17065136,96.0999984741211,↑,0.142857,NS,13/15,5,3
Blood,GLB1,NK,IT→IA,IT,IA,0.10889812,0.1241349,14.0,↑,0.730159,NS,12/20,5,4
Blood,GLB1,NK,IA→AR,IA,AR,0.1241349,0.11797842,-5.0,↓,0.857143,NS,7/12,4,3
Blood,GLB1,NK,CR→AR,CR,AR,0.17065136,0.11797842,-30.899999618530277,↓,0.2,NS,8/9,3,3
Blood,GLB1,B,NL→IT,NL,IT,0.1137321,0.15247478,34.099998474121094,↑,0.420635,NS,17/25,5,5
Blood,GLB1,B,NL→IA,NL,IA,0.1137321,0.17095488,50.29999923706055,↑,0.555556,NS,13/20,5,4
Blood,GLB1,B,NL→AR,NL,AR,0.1137321,0.17215215,51.400001525878906,↑,0.785714,NS,9/15,5,3
Blood,GLB1,B,NL→CR,NL,CR,0.1137321,0.18632267,63.79999923706055,↑,0.392857,NS,11/15,5,3
Blood,GLB1,B,IT→IA,IT,IA,0.15247478,0.17095488,12.100000381469728,↑,0.730159,NS,12/20,5,4
Blood,GLB1,B,IA→AR,IA,AR,0.17095488,0.17215215,0.699999988079071,↑,1.0,NS,6/12,4,3
Blood,GLB1,B,CR→AR,CR,AR,0.18632267,0.17215215,-7.599999904632568,↓,0.4,NS,7/9,3,3
Blood,GLB1,PlasmaB,NL→IT,NL,IT,0.12956223,0.1542041,19.0,↑,0.401965,NS,17/25,5,5
Blood,GLB1,PlasmaB,NL→IA,NL,IA,0.12956223,0.1313182,1.399999976158142,↑,0.538594,NS,13/20,5,4
Blood,GLB1,PlasmaB,NL→AR,NL,AR,0.12956223,0.16656953,28.600000381469727,↑,0.368227,NS,11/15,5,3
Blood,GLB1,PlasmaB,NL→CR,NL,CR,0.12956223,0.17561813,35.5,↑,0.548595,NS,10/15,5,3
Blood,GLB1,PlasmaB,IT→IA,IT,IA,0.1542041,0.1313182,-14.800000190734863,↓,0.730159,NS,12/20,5,4
Blood,GLB1,PlasmaB,IA→AR,IA,AR,0.1313182,0.16656953,26.799999237060547,↑,0.628571,NS,8/12,4,3
Blood,GLB1,PlasmaB,CR→AR,CR,AR,0.17561813,0.16656953,-5.199999809265137,↓,1.0,NS,4/9,3,3
Blood,GNLY,Myeloid,NL→IT,NL,IT,0.0676205,0.05574236,-17.600000381469727,↓,0.547619,NS,9/25,5,5
Blood,GNLY,Myeloid,NL→IA,NL,IA,0.0676205,0.036321856,-46.29999923706055,↓,1.0,NS,9/20,5,4
Blood,GNLY,Myeloid,NL→AR,NL,AR,0.0676205,0.06808003,0.699999988079071,↑,0.571429,NS,10/15,5,3
Blood,GNLY,Myeloid,NL→CR,NL,CR,0.0676205,0.030331567,-55.09999847412109,↓,0.571429,NS,5/15,5,3
Blood,GNLY,Myeloid,IT→IA,IT,IA,0.05574236,0.036321856,-34.79999923706055,↓,0.730159,NS,12/20,5,4
Blood,GNLY,Myeloid,IA→AR,IA,AR,0.036321856,0.06808003,87.4000015258789,↑,0.628571,NS,8/12,4,3
Blood,GNLY,Myeloid,CR→AR,CR,AR,0.030331567,0.06808003,124.5,↑,0.7,NS,6/9,3,3
Blood,GNLY,CD4_T,NL→IT,NL,IT,0.28004843,0.19223718,-31.399999618530277,↓,0.690476,NS,15/25,5,5
Blood,GNLY,CD4_T,NL→IA,NL,IA,0.28004843,0.11067338,-60.5,↓,0.190476,NS,16/20,5,4
Blood,GNLY,CD4_T,NL→AR,NL,AR,0.28004843,0.22139262,-20.899999618530277,↓,0.392857,NS,4/15,5,3
Blood,GNLY,CD4_T,NL→CR,NL,CR,0.28004843,0.08001736,-71.4000015258789,↓,0.035714,*,15/15,5,3
Blood,GNLY,CD4_T,IT→IA,IT,IA,0.19223718,0.11067338,-42.400001525878906,↓,0.190476,NS,16/20,5,4
Blood,GNLY,CD4_T,IA→AR,IA,AR,0.11067338,0.22139262,100.0,↑,0.114286,NS,11/12,4,3
Blood,GNLY,CD4_T,CR→AR,CR,AR,0.08001736,0.22139262,176.6999969482422,↑,0.1,NS,9/9,3,3
Blood,GNLY,CD8_T,NL→IT,NL,IT,0.59555924,0.6529021,9.600000381469728,↑,0.690476,NS,15/25,5,5
Blood,GNLY,CD8_T,NL→IA,NL,IA,0.59555924,0.37156802,-37.59999847412109,↓,0.555556,NS,13/20,5,4
Blood,GNLY,CD8_T,NL→AR,NL,AR,0.59555924,1.523368,155.8000030517578,↑,0.035714,*,15/15,5,3
Blood,GNLY,CD8_T,NL→CR,NL,CR,0.59555924,0.5114308,-14.100000381469728,↓,0.571429,NS,10/15,5,3
Blood,GNLY,CD8_T,IT→IA,IT,IA,0.6529021,0.37156802,-43.09999847412109,↓,0.190476,NS,16/20,5,4
Blood,GNLY,CD8_T,IA→AR,IA,AR,0.37156802,1.523368,310.0,↑,0.057143,†,12/12,4,3
Blood,GNLY,CD8_T,CR→AR,CR,AR,0.5114308,1.523368,197.8999938964844,↑,0.1,NS,9/9,3,3
Blood,GNLY,NK,NL→IT,NL,IT,3.665858,4.1994095,14.600000381469728,↑,0.222222,NS,19/25,5,5
Blood,GNLY,NK,NL→IA,NL,IA,3.665858,3.4396372,-6.199999809265137,↓,0.904762,NS,9/20,5,4
Blood,GNLY,NK,NL→AR,NL,AR,3.665858,4.4640603,21.799999237060547,↑,0.035714,*,15/15,5,3
Blood,GNLY,NK,NL→CR,NL,CR,3.665858,3.3814,-7.800000190734863,↓,0.785714,NS,9/15,5,3
Blood,GNLY,NK,IT→IA,IT,IA,4.1994095,3.4396372,-18.100000381469727,↓,0.412698,NS,14/20,5,4
Blood,GNLY,NK,IA→AR,IA,AR,3.4396372,4.4640603,29.799999237060547,↑,0.114286,NS,11/12,4,3
Blood,GNLY,NK,CR→AR,CR,AR,3.3814,4.4640603,32.0,↑,0.1,NS,9/9,3,3
Blood,GNLY,B,NL→IT,NL,IT,0.120390676,0.062092282,-48.400001525878906,↓,0.420635,NS,17/25,5,5
Blood,GNLY,B,NL→IA,NL,IA,0.120390676,0.03233356,-73.0999984741211,↓,0.325163,NS,14/20,5,4
Blood,GNLY,B,NL→AR,NL,AR,0.120390676,0.063621424,-47.20000076293945,↓,0.785714,NS,9/15,5,3
Blood,GNLY,B,NL→CR,NL,CR,0.120390676,0.031893585,-73.5,↓,0.25,NS,12/15,5,3
Blood,GNLY,B,IT→IA,IT,IA,0.062092282,0.03233356,-47.900001525878906,↓,0.730159,NS,12/20,5,4
Blood,GNLY,B,IA→AR,IA,AR,0.03233356,0.063621424,96.8000030517578,↑,0.4,NS,9/12,4,3
Blood,GNLY,B,CR→AR,CR,AR,0.031893585,0.063621424,99.5,↑,0.7,NS,6/9,3,3
Blood,GNLY,PlasmaB,NL→IT,NL,IT,0.057801604,0.062634215,8.399999618530273,↑,0.480177,NS,5/25,5,5
Blood,GNLY,PlasmaB,NL→IA,NL,IA,0.057801604,0.03319764,-42.59999847412109,↓,1.0,NS,9/20,5,4
Blood,GNLY,PlasmaB,NL→AR,NL,AR,0.057801604,0.08359542,44.59999847412109,↑,0.548595,NS,10/15,5,3
Blood,GNLY,PlasmaB,NL→CR,NL,CR,0.057801604,0.040087037,-30.600000381469727,↓,0.764228,NS,6/15,5,3
Blood,GNLY,PlasmaB,IT→IA,IT,IA,0.062634215,0.03319764,-47.0,↓,0.347654,NS,4/20,5,4
Blood,GNLY,PlasmaB,IA→AR,IA,AR,0.03319764,0.08359542,151.8000030517578,↑,0.228571,NS,10/12,4,3
Blood,GNLY,PlasmaB,CR→AR,CR,AR,0.040087037,0.08359542,108.5,↑,0.2,NS,8/9,3,3
Blood,GZMA,Myeloid,NL→IT,NL,IT,0.046666536,0.008810114,-81.0999984741211,↓,0.832519,NS,13/25,5,5
Blood,GZMA,Myeloid,NL→IA,NL,IA,0.046666536,0.01447392,-69.0,↓,0.900865,NS,10/20,5,4
Blood,GZMA,Myeloid,NL→AR,NL,AR,0.046666536,0.012456444,-73.30000305175781,↓,1.0,NS,6/15,5,3
Blood,GZMA,Myeloid,NL→CR,NL,CR,0.046666536,0.011862348,-74.5999984741211,↓,1.0,NS,8/15,5,3
Blood,GZMA,Myeloid,IT→IA,IT,IA,0.008810114,0.01447392,64.30000305175781,↑,0.460558,NS,13/20,5,4
Blood,GZMA,Myeloid,IA→AR,IA,AR,0.01447392,0.012456444,-13.899999618530272,↓,1.0,NS,5/12,4,3
Blood,GZMA,Myeloid,CR→AR,CR,AR,0.011862348,0.012456444,5.0,↑,0.7,NS,6/9,3,3
Blood,GZMA,CD4_T,NL→IT,NL,IT,0.7346096,0.50600207,-31.100000381469727,↓,1.0,NS,12/25,5,5
Blood,GZMA,CD4_T,NL→IA,NL,IA,0.7346096,0.7555902,2.900000095367432,↑,0.730159,NS,12/20,5,4
Blood,GZMA,CD4_T,NL→AR,NL,AR,0.7346096,0.35661444,-51.5,↓,0.785714,NS,9/15,5,3
Blood,GZMA,CD4_T,NL→CR,NL,CR,0.7346096,0.36805722,-49.900001525878906,↓,1.0,NS,8/15,5,3
Blood,GZMA,CD4_T,IT→IA,IT,IA,0.50600207,0.7555902,49.29999923706055,↑,0.904762,NS,11/20,5,4
Blood,GZMA,CD4_T,IA→AR,IA,AR,0.7555902,0.35661444,-52.79999923706055,↓,0.4,NS,9/12,4,3
Blood,GZMA,CD4_T,CR→AR,CR,AR,0.36805722,0.35661444,-3.0999999046325684,↓,0.7,NS,3/9,3,3
Blood,GZMA,CD8_T,NL→IT,NL,IT,1.4222316,1.0409563,-26.799999237060547,↓,1.0,NS,13/25,5,5
Blood,GZMA,CD8_T,NL→IA,NL,IA,1.4222316,1.5255616,7.300000190734863,↑,1.0,NS,10/20,5,4
Blood,GZMA,CD8_T,NL→AR,NL,AR,1.4222316,1.4691991,3.299999952316284,↑,0.785714,NS,9/15,5,3
Blood,GZMA,CD8_T,NL→CR,NL,CR,1.4222316,0.907314,-36.20000076293945,↓,0.785714,NS,9/15,5,3
Blood,GZMA,CD8_T,IT→IA,IT,IA,1.0409563,1.5255616,46.59999847412109,↑,0.412698,NS,14/20,5,4
Blood,GZMA,CD8_T,IA→AR,IA,AR,1.5255616,1.4691991,-3.700000047683716,↓,0.857143,NS,7/12,4,3
Blood,GZMA,CD8_T,CR→AR,CR,AR,0.907314,1.4691991,61.900001525878906,↑,0.1,NS,9/9,3,3
Blood,GZMA,NK,NL→IT,NL,IT,2.6450255,2.7385852,3.5,↑,1.0,NS,12/25,5,5
Blood,GZMA,NK,NL→IA,NL,IA,2.6450255,2.7180228,2.799999952316284,↑,0.904762,NS,11/20,5,4
Blood,GZMA,NK,NL→AR,NL,AR,2.6450255,2.7174265,2.700000047683716,↑,1.0,NS,8/15,5,3
Blood,GZMA,NK,NL→CR,NL,CR,2.6450255,2.3092766,-12.699999809265137,↓,0.571429,NS,10/15,5,3
Blood,GZMA,NK,IT→IA,IT,IA,2.7385852,2.7180228,-0.800000011920929,↓,1.0,NS,10/20,5,4
Blood,GZMA,NK,IA→AR,IA,AR,2.7180228,2.7174265,-0.0,↓,0.857143,NS,7/12,4,3
Blood,GZMA,NK,CR→AR,CR,AR,2.3092766,2.7174265,17.700000762939453,↑,0.4,NS,7/9,3,3
Blood,GZMA,B,NL→IT,NL,IT,0.031953115,0.011457877,-64.0999984741211,↓,0.525809,NS,9/25,5,5
Blood,GZMA,B,NL→IA,NL,IA,0.031953115,0.02618132,-18.100000381469727,↓,0.262239,NS,5/20,5,4
Blood,GZMA,B,NL→AR,NL,AR,0.031953115,0.013795633,-56.79999923706055,↓,0.541193,NS,5/15,5,3
Blood,GZMA,B,NL→CR,NL,CR,0.031953115,0.010983582,-65.5999984741211,↓,0.759982,NS,6/15,5,3
Blood,GZMA,B,IT→IA,IT,IA,0.011457877,0.02618132,128.5,↑,0.412698,NS,14/20,5,4
Blood,GZMA,B,IA→AR,IA,AR,0.02618132,0.013795633,-47.29999923706055,↓,0.857143,NS,7/12,4,3
Blood,GZMA,B,CR→AR,CR,AR,0.010983582,0.013795633,25.600000381469727,↑,1.0,NS,4/9,3,3
Blood,GZMA,PlasmaB,NL→IT,NL,IT,0.013421235,0.010974769,-18.200000762939453,↓,1.0,NS,5/25,5,5
Blood,GZMA,PlasmaB,NL→IA,NL,IA,0.013421235,0.042188093,214.3000030517578,↑,0.227249,NS,13/20,5,4
Blood,GZMA,PlasmaB,NL→AR,NL,AR,0.013421235,0.022800883,69.9000015258789,↑,0.494525,NS,8/15,5,3
Blood,GZMA,PlasmaB,NL→CR,NL,CR,0.013421235,0.001985206,-85.19999694824219,↓,1.0,NS,3/15,5,3
Blood,GZMA,PlasmaB,IT→IA,IT,IA,0.010974769,0.042188093,284.3999938964844,↑,0.139996,NS,14/20,5,4
Blood,GZMA,PlasmaB,IA→AR,IA,AR,0.042188093,0.022800883,-46.0,↓,0.721277,NS,7/12,4,3
Blood,GZMA,PlasmaB,CR→AR,CR,AR,0.001985206,0.022800883,1048.5,↑,0.642835,NS,5/9,3,3
Blood,GZMB,Myeloid,NL→IT,NL,IT,0.003339711,0.011090743,232.1000061035156,↑,1.0,NS,11/25,5,5
Blood,GZMB,Myeloid,NL→IA,NL,IA,0.003339711,0.029054303,770.0,↑,0.109855,NS,17/20,5,4
Blood,GZMB,Myeloid,NL→AR,NL,AR,0.003339711,0.02169617,549.5999755859375,↑,0.133701,NS,13/15,5,3
Blood,GZMB,Myeloid,NL→CR,NL,CR,0.003339711,0.008469078,153.60000610351562,↑,0.133701,NS,13/15,5,3
Blood,GZMB,Myeloid,IT→IA,IT,IA,0.011090743,0.029054303,162.0,↑,0.268341,NS,15/20,5,4
Blood,GZMB,Myeloid,IA→AR,IA,AR,0.029054303,0.02169617,-25.299999237060547,↓,0.857143,NS,7/12,4,3
Blood,GZMB,Myeloid,CR→AR,CR,AR,0.008469078,0.02169617,156.1999969482422,↑,0.7,NS,6/9,3,3
Blood,GZMB,CD4_T,NL→IT,NL,IT,0.21958895,0.14540365,-33.79999923706055,↓,1.0,NS,12/25,5,5
Blood,GZMB,CD4_T,NL→IA,NL,IA,0.21958895,0.12987554,-40.900001525878906,↓,1.0,NS,10/20,5,4
Blood,GZMB,CD4_T,NL→AR,NL,AR,0.21958895,0.0670156,-69.5,↓,0.571429,NS,10/15,5,3
Blood,GZMB,CD4_T,NL→CR,NL,CR,0.21958895,0.05872648,-73.30000305175781,↓,0.392857,NS,11/15,5,3
Blood,GZMB,CD4_T,IT→IA,IT,IA,0.14540365,0.12987554,-10.699999809265137,↓,0.555556,NS,13/20,5,4
Blood,GZMB,CD4_T,IA→AR,IA,AR,0.12987554,0.0670156,-48.400001525878906,↓,0.628571,NS,8/12,4,3
Blood,GZMB,CD4_T,CR→AR,CR,AR,0.05872648,0.0670156,14.100000381469728,↑,0.4,NS,7/9,3,3
Blood,GZMB,CD8_T,NL→IT,NL,IT,0.73480046,0.53584754,-27.100000381469727,↓,1.0,NS,12/25,5,5
Blood,GZMB,CD8_T,NL→IA,NL,IA,0.73480046,0.5470949,-25.5,↓,0.555556,NS,13/20,5,4
Blood,GZMB,CD8_T,NL→AR,NL,AR,0.73480046,0.94756603,29.0,↑,0.392857,NS,11/15,5,3
Blood,GZMB,CD8_T,NL→CR,NL,CR,0.73480046,0.4119486,-43.900001525878906,↓,0.785714,NS,9/15,5,3
Blood,GZMB,CD8_T,IT→IA,IT,IA,0.53584754,0.5470949,2.0999999046325684,↑,1.0,NS,10/20,5,4
Blood,GZMB,CD8_T,IA→AR,IA,AR,0.5470949,0.94756603,73.19999694824219,↑,0.4,NS,9/12,4,3
Blood,GZMB,CD8_T,CR→AR,CR,AR,0.4119486,0.94756603,130.0,↑,0.1,NS,9/9,3,3
Blood,GZMB,NK,NL→IT,NL,IT,2.970399,2.658104,-10.5,↓,0.547619,NS,16/25,5,5
Blood,GZMB,NK,NL→IA,NL,IA,2.970399,2.3575163,-20.600000381469727,↓,0.285714,NS,15/20,5,4
Blood,GZMB,NK,NL→AR,NL,AR,2.970399,2.5500124,-14.199999809265137,↓,0.571429,NS,10/15,5,3
Blood,GZMB,NK,NL→CR,NL,CR,2.970399,2.3031805,-22.5,↓,0.142857,NS,13/15,5,3
Blood,GZMB,NK,IT→IA,IT,IA,2.658104,2.3575163,-11.300000190734863,↓,0.730159,NS,12/20,5,4
Blood,GZMB,NK,IA→AR,IA,AR,2.3575163,2.5500124,8.199999809265137,↑,1.0,NS,6/12,4,3
Blood,GZMB,NK,CR→AR,CR,AR,2.3031805,2.5500124,10.699999809265137,↑,0.4,NS,7/9,3,3
Blood,GZMB,B,NL→IT,NL,IT,0.054047942,0.018460885,-65.80000305175781,↓,0.834035,NS,14/25,5,5
Blood,GZMB,B,NL→IA,NL,IA,0.054047942,0.013923903,-74.19999694824219,↓,0.533389,NS,12/20,5,4
Blood,GZMB,B,NL→AR,NL,AR,0.054047942,0.020198328,-62.59999847412109,↓,1.0,NS,8/15,5,3
Blood,GZMB,B,NL→CR,NL,CR,0.054047942,0.011411057,-78.9000015258789,↓,0.764228,NS,9/15,5,3
Blood,GZMB,B,IT→IA,IT,IA,0.018460885,0.013923903,-24.600000381469727,↓,1.0,NS,10/20,5,4
Blood,GZMB,B,IA→AR,IA,AR,0.013923903,0.020198328,45.09999847412109,↑,0.628571,NS,8/12,4,3
Blood,GZMB,B,CR→AR,CR,AR,0.011411057,0.020198328,77.0,↑,0.7,NS,6/9,3,3
Blood,GZMB,PlasmaB,NL→IT,NL,IT,0.2823767,1.4556059,415.5,↑,0.059327,†,22/25,5,5
Blood,GZMB,PlasmaB,NL→IA,NL,IA,0.2823767,1.2745044,351.29998779296875,↑,0.065064,†,18/20,5,4
Blood,GZMB,PlasmaB,NL→AR,NL,AR,0.2823767,0.4187614,48.29999923706055,↑,0.230243,NS,12/15,5,3
Blood,GZMB,PlasmaB,NL→CR,NL,CR,0.2823767,1.0428548,269.29998779296875,↑,0.230243,NS,12/15,5,3
Blood,GZMB,PlasmaB,IT→IA,IT,IA,1.4556059,1.2745044,-12.399999618530272,↓,0.730159,NS,12/20,5,4
Blood,GZMB,PlasmaB,IA→AR,IA,AR,1.2745044,0.4187614,-67.0999984741211,↓,0.057143,†,12/12,4,3
Blood,GZMB,PlasmaB,CR→AR,CR,AR,1.0428548,0.4187614,-59.79999923706055,↓,0.1,NS,9/9,3,3
Blood,GZMK,Myeloid,NL→IT,NL,IT,0.08623918,0.0027623556,-96.8000030517578,↓,0.480177,NS,5/25,5,5
Blood,GZMK,Myeloid,NL→IA,NL,IA,0.08623918,0.008083446,-90.5999984741211,↓,0.15939,NS,4/20,5,4
Blood,GZMK,Myeloid,NL→AR,NL,AR,0.08623918,0.0018205805,-97.9000015258789,↓,0.494525,NS,3/15,5,3
Blood,GZMK,Myeloid,NL→CR,NL,CR,0.08623918,0.02205128,-74.4000015258789,↓,0.203872,NS,3/15,5,3
Blood,GZMK,Myeloid,IT→IA,IT,IA,0.0027623556,0.008083446,192.6000061035156,↑,0.268341,NS,15/20,5,4
Blood,GZMK,Myeloid,IA→AR,IA,AR,0.008083446,0.0018205805,-77.5,↓,0.228571,NS,10/12,4,3
Blood,GZMK,Myeloid,CR→AR,CR,AR,0.02205128,0.0018205805,-91.6999969482422,↓,0.1,NS,9/9,3,3
Blood,GZMK,CD4_T,NL→IT,NL,IT,0.5619354,0.36013877,-35.900001525878906,↓,1.0,NS,13/25,5,5
Blood,GZMK,CD4_T,NL→IA,NL,IA,0.5619354,0.71422035,27.100000381469727,↑,0.730159,NS,12/20,5,4
Blood,GZMK,CD4_T,NL→AR,NL,AR,0.5619354,0.3055671,-45.59999847412109,↓,0.571429,NS,10/15,5,3
Blood,GZMK,CD4_T,NL→CR,NL,CR,0.5619354,0.4754096,-15.399999618530272,↓,0.785714,NS,6/15,5,3
Blood,GZMK,CD4_T,IT→IA,IT,IA,0.36013877,0.71422035,98.3000030517578,↑,0.555556,NS,13/20,5,4
Blood,GZMK,CD4_T,IA→AR,IA,AR,0.71422035,0.3055671,-57.20000076293945,↓,0.628571,NS,8/12,4,3
Blood,GZMK,CD4_T,CR→AR,CR,AR,0.4754096,0.3055671,-35.70000076293945,↓,0.1,NS,9/9,3,3
Blood,GZMK,CD8_T,NL→IT,NL,IT,0.9612209,0.60165894,-37.400001525878906,↓,0.420635,NS,17/25,5,5
Blood,GZMK,CD8_T,NL→IA,NL,IA,0.9612209,0.999364,4.0,↑,1.0,NS,10/20,5,4
Blood,GZMK,CD8_T,NL→AR,NL,AR,0.9612209,0.51225543,-46.70000076293945,↓,0.25,NS,12/15,5,3
Blood,GZMK,CD8_T,NL→CR,NL,CR,0.9612209,1.0001999,4.099999904632568,↑,1.0,NS,8/15,5,3
Blood,GZMK,CD8_T,IT→IA,IT,IA,0.60165894,0.999364,66.0999984741211,↑,0.904762,NS,11/20,5,4
Blood,GZMK,CD8_T,IA→AR,IA,AR,0.999364,0.51225543,-48.70000076293945,↓,1.0,NS,6/12,4,3
Blood,GZMK,CD8_T,CR→AR,CR,AR,1.0001999,0.51225543,-48.79999923706055,↓,0.1,NS,9/9,3,3
Blood,GZMK,NK,NL→IT,NL,IT,0.18904367,0.29400378,55.5,↑,0.84127,NS,14/25,5,5
Blood,GZMK,NK,NL→IA,NL,IA,0.18904367,0.76830184,306.3999938964844,↑,0.015873,*,20/20,5,4
Blood,GZMK,NK,NL→AR,NL,AR,0.18904367,0.30430683,61.0,↑,0.142857,NS,13/15,5,3
Blood,GZMK,NK,NL→CR,NL,CR,0.18904367,0.578801,206.1999969482422,↑,0.035714,*,15/15,5,3
Blood,GZMK,NK,IT→IA,IT,IA,0.29400378,0.76830184,161.3000030517578,↑,0.111111,NS,17/20,5,4
Blood,GZMK,NK,IA→AR,IA,AR,0.76830184,0.30430683,-60.400001525878906,↓,0.4,NS,9/12,4,3
Blood,GZMK,NK,CR→AR,CR,AR,0.578801,0.30430683,-47.400001525878906,↓,0.1,NS,9/9,3,3
Blood,GZMK,B,NL→IT,NL,IT,0.0032169074,0.0027037566,-16.0,↓,1.0,NS,10/25,5,5
Blood,GZMK,B,NL→IA,NL,IA,0.0032169074,0.010478115,225.6999969482422,↑,0.306136,NS,13/20,5,4
Blood,GZMK,B,NL→AR,NL,AR,0.0032169074,0.003058242,-4.900000095367432,↓,1.0,NS,6/15,5,3
Blood,GZMK,B,NL→CR,NL,CR,0.0032169074,0.01964836,510.7999877929688,↑,0.032473,*,15/15,5,3
Blood,GZMK,B,IT→IA,IT,IA,0.0027037566,0.010478115,287.5,↑,0.383221,NS,13/20,5,4
Blood,GZMK,B,IA→AR,IA,AR,0.010478115,0.003058242,-70.80000305175781,↓,0.475533,NS,8/12,4,3
Blood,GZMK,B,CR→AR,CR,AR,0.01964836,0.003058242,-84.4000015258789,↓,0.1,NS,9/9,3,3
Blood,GZMK,PlasmaB,NL→IT,NL,IT,0.018970326,0.0047421926,-75.0,↓,1.0,NS,5/25,5,5
Blood,GZMK,PlasmaB,NL→IA,NL,IA,0.018970326,0.026399946,39.20000076293945,↑,0.347654,NS,12/20,5,4
Blood,GZMK,PlasmaB,NL→AR,NL,AR,0.018970326,0.01398015,-26.299999237060547,↓,1.0,NS,3/15,5,3
Blood,GZMK,PlasmaB,NL→CR,NL,CR,0.018970326,0.007404798,-61.0,↓,0.494525,NS,3/15,5,3
Blood,GZMK,PlasmaB,IT→IA,IT,IA,0.0047421926,0.026399946,456.7000122070313,↑,0.081136,†,15/20,5,4
Blood,GZMK,PlasmaB,IA→AR,IA,AR,0.026399946,0.01398015,-47.0,↓,0.854445,NS,6/12,4,3
Blood,GZMK,PlasmaB,CR→AR,CR,AR,0.007404798,0.01398015,88.80000305175781,↑,1.0,NS,3/9,3,3
Blood,HAVCR2,Myeloid,NL→IT,NL,IT,0.087211125,0.16439535,88.5,↑,0.142457,NS,20/25,5,5
Blood,HAVCR2,Myeloid,NL→IA,NL,IA,0.087211125,0.19115531,119.1999969482422,↑,0.065064,†,18/20,5,4
Blood,HAVCR2,Myeloid,NL→AR,NL,AR,0.087211125,0.17725581,103.1999969482422,↑,0.133701,NS,13/15,5,3
Blood,HAVCR2,Myeloid,NL→CR,NL,CR,0.087211125,0.17200536,97.1999969482422,↑,0.071924,†,14/15,5,3
Blood,HAVCR2,Myeloid,IT→IA,IT,IA,0.16439535,0.19115531,16.299999237060547,↑,1.0,NS,10/20,5,4
Blood,HAVCR2,Myeloid,IA→AR,IA,AR,0.19115531,0.17725581,-7.300000190734863,↓,0.857143,NS,5/12,4,3
Blood,HAVCR2,Myeloid,CR→AR,CR,AR,0.17200536,0.17725581,3.0999999046325684,↑,0.7,NS,3/9,3,3
Blood,HAVCR2,CD4_T,NL→IT,NL,IT,0.062081642,0.016899034,-72.80000305175781,↓,0.84127,NS,14/25,5,5
Blood,HAVCR2,CD4_T,NL→IA,NL,IA,0.062081642,0.025690774,-58.59999847412109,↓,1.0,NS,10/20,5,4
Blood,HAVCR2,CD4_T,NL→AR,NL,AR,0.062081642,0.024167739,-61.09999847412109,↓,1.0,NS,7/15,5,3
Blood,HAVCR2,CD4_T,NL→CR,NL,CR,0.062081642,0.012057289,-80.5999984741211,↓,0.785714,NS,9/15,5,3
Blood,HAVCR2,CD4_T,IT→IA,IT,IA,0.016899034,0.025690774,52.0,↑,0.555556,NS,13/20,5,4
Blood,HAVCR2,CD4_T,IA→AR,IA,AR,0.025690774,0.024167739,-5.900000095367432,↓,0.857143,NS,5/12,4,3
Blood,HAVCR2,CD4_T,CR→AR,CR,AR,0.012057289,0.024167739,100.4000015258789,↑,0.1,NS,9/9,3,3
Blood,HAVCR2,CD8_T,NL→IT,NL,IT,0.07264308,0.028751398,-60.400001525878906,↓,0.150794,NS,20/25,5,5
Blood,HAVCR2,CD8_T,NL→IA,NL,IA,0.07264308,0.076985426,6.0,↑,0.730159,NS,8/20,5,4
Blood,HAVCR2,CD8_T,NL→AR,NL,AR,0.07264308,0.053869803,-25.799999237060547,↓,0.571429,NS,10/15,5,3
Blood,HAVCR2,CD8_T,NL→CR,NL,CR,0.07264308,0.015547595,-78.5999984741211,↓,0.25,NS,12/15,5,3
Blood,HAVCR2,CD8_T,IT→IA,IT,IA,0.028751398,0.076985426,167.8000030517578,↑,1.0,NS,10/20,5,4
Blood,HAVCR2,CD8_T,IA→AR,IA,AR,0.076985426,0.053869803,-30.0,↓,0.628571,NS,4/12,4,3
Blood,HAVCR2,CD8_T,CR→AR,CR,AR,0.015547595,0.053869803,246.5,↑,0.2,NS,8/9,3,3
Blood,HAVCR2,NK,NL→IT,NL,IT,0.32767594,0.23411682,-28.600000381469727,↓,0.547619,NS,16/25,5,5
Blood,HAVCR2,NK,NL→IA,NL,IA,0.32767594,0.2626034,-19.899999618530277,↓,0.412698,NS,14/20,5,4
Blood,HAVCR2,NK,NL→AR,NL,AR,0.32767594,0.14500636,-55.70000076293945,↓,0.142857,NS,13/15,5,3
Blood,HAVCR2,NK,NL→CR,NL,CR,0.32767594,0.20983367,-36.0,↓,0.25,NS,12/15,5,3
Blood,HAVCR2,NK,IT→IA,IT,IA,0.23411682,0.2626034,12.199999809265137,↑,0.730159,NS,12/20,5,4
Blood,HAVCR2,NK,IA→AR,IA,AR,0.2626034,0.14500636,-44.79999923706055,↓,0.114286,NS,11/12,4,3
Blood,HAVCR2,NK,CR→AR,CR,AR,0.20983367,0.14500636,-30.899999618530277,↓,0.4,NS,7/9,3,3
Blood,HAVCR2,B,NL→IT,NL,IT,0.002350123,0.0024559703,4.5,↑,0.450644,NS,15/25,5,5
Blood,HAVCR2,B,NL→IA,NL,IA,0.002350123,0.0019909928,-15.300000190734863,↓,0.608874,NS,6/20,5,4
Blood,HAVCR2,B,NL→AR,NL,AR,0.002350123,0.002375113,1.100000023841858,↑,0.633737,NS,8/15,5,3
Blood,HAVCR2,B,NL→CR,NL,CR,0.002350123,0.004089995,74.0,↑,0.2217,NS,12/15,5,3
Blood,HAVCR2,B,IT→IA,IT,IA,0.0024559703,0.0019909928,-18.899999618530277,↓,0.805701,NS,11/20,5,4
Blood,HAVCR2,B,IA→AR,IA,AR,0.0019909928,0.002375113,19.299999237060547,↑,0.721277,NS,7/12,4,3
Blood,HAVCR2,B,CR→AR,CR,AR,0.004089995,0.002375113,-41.900001525878906,↓,0.4,NS,7/9,3,3
Blood,HAVCR2,PlasmaB,NL→IT,NL,IT,0.0,0.016013298,99999.0,↑,0.072006,†,15/25,5,5
Blood,HAVCR2,PlasmaB,NL→IA,NL,IA,0.0,0.014163897,99999.0,↑,0.13121,NS,10/20,5,4
Blood,HAVCR2,PlasmaB,NL→AR,NL,AR,0.0,0.008928533,99999.0,↑,0.078983,†,10/15,5,3
Blood,HAVCR2,PlasmaB,NL→CR,NL,CR,0.0,0.02609314,99999.0,↑,0.016805,*,15/15,5,3
Blood,HAVCR2,PlasmaB,IT→IA,IT,IA,0.016013298,0.014163897,-11.5,↓,1.0,NS,8/20,5,4
Blood,HAVCR2,PlasmaB,IA→AR,IA,AR,0.014163897,0.008928533,-37.0,↓,0.854445,NS,6/12,4,3
Blood,HAVCR2,PlasmaB,CR→AR,CR,AR,0.02609314,0.008928533,-65.80000305175781,↓,0.2,NS,8/9,3,3
Blood,HDAC1,Myeloid,NL→IT,NL,IT,0.2107027,0.25480217,20.899999618530277,↑,0.309524,NS,18/25,5,5
Blood,HDAC1,Myeloid,NL→IA,NL,IA,0.2107027,0.26139334,24.100000381469727,↑,0.285714,NS,15/20,5,4
Blood,HDAC1,Myeloid,NL→AR,NL,AR,0.2107027,0.26846555,27.399999618530277,↑,0.392857,NS,11/15,5,3
Blood,HDAC1,Myeloid,NL→CR,NL,CR,0.2107027,0.2456776,16.600000381469727,↑,0.25,NS,12/15,5,3
Blood,HDAC1,Myeloid,IT→IA,IT,IA,0.25480217,0.26139334,2.5999999046325684,↑,0.412698,NS,14/20,5,4
Blood,HDAC1,Myeloid,IA→AR,IA,AR,0.26139334,0.26846555,2.700000047683716,↑,0.857143,NS,5/12,4,3
Blood,HDAC1,Myeloid,CR→AR,CR,AR,0.2456776,0.26846555,9.300000190734863,↑,0.7,NS,3/9,3,3
Blood,HDAC1,CD4_T,NL→IT,NL,IT,0.44803065,0.4836281,7.900000095367432,↑,0.420635,NS,17/25,5,5
Blood,HDAC1,CD4_T,NL→IA,NL,IA,0.44803065,0.4739396,5.800000190734863,↑,0.412698,NS,14/20,5,4
Blood,HDAC1,CD4_T,NL→AR,NL,AR,0.44803065,0.502855,12.199999809265137,↑,0.25,NS,12/15,5,3
Blood,HDAC1,CD4_T,NL→CR,NL,CR,0.44803065,0.41541347,-7.300000190734863,↓,0.785714,NS,9/15,5,3
Blood,HDAC1,CD4_T,IT→IA,IT,IA,0.4836281,0.4739396,-2.0,↓,0.904762,NS,11/20,5,4
Blood,HDAC1,CD4_T,IA→AR,IA,AR,0.4739396,0.502855,6.099999904632568,↑,0.228571,NS,10/12,4,3
Blood,HDAC1,CD4_T,CR→AR,CR,AR,0.41541347,0.502855,21.0,↑,0.1,NS,9/9,3,3
Blood,HDAC1,CD8_T,NL→IT,NL,IT,0.43200845,0.48312455,11.800000190734863,↑,0.547619,NS,16/25,5,5
Blood,HDAC1,CD8_T,NL→IA,NL,IA,0.43200845,0.45889342,6.199999809265137,↑,0.555556,NS,13/20,5,4
Blood,HDAC1,CD8_T,NL→AR,NL,AR,0.43200845,0.48178247,11.5,↑,0.392857,NS,11/15,5,3
Blood,HDAC1,CD8_T,NL→CR,NL,CR,0.43200845,0.43994215,1.7999999523162842,↑,0.571429,NS,10/15,5,3
Blood,HDAC1,CD8_T,IT→IA,IT,IA,0.48312455,0.45889342,-5.0,↓,0.285714,NS,15/20,5,4
Blood,HDAC1,CD8_T,IA→AR,IA,AR,0.45889342,0.48178247,5.0,↑,0.628571,NS,8/12,4,3
Blood,HDAC1,CD8_T,CR→AR,CR,AR,0.43994215,0.48178247,9.5,↑,0.4,NS,7/9,3,3
Blood,HDAC1,NK,NL→IT,NL,IT,0.4183952,0.42790335,2.299999952316284,↑,0.84127,NS,14/25,5,5
Blood,HDAC1,NK,NL→IA,NL,IA,0.4183952,0.47923505,14.5,↑,0.190476,NS,16/20,5,4
Blood,HDAC1,NK,NL→AR,NL,AR,0.4183952,0.44298807,5.900000095367432,↑,0.392857,NS,11/15,5,3
Blood,HDAC1,NK,NL→CR,NL,CR,0.4183952,0.45345786,8.399999618530273,↑,0.571429,NS,10/15,5,3
Blood,HDAC1,NK,IT→IA,IT,IA,0.42790335,0.47923505,12.0,↑,0.285714,NS,15/20,5,4
Blood,HDAC1,NK,IA→AR,IA,AR,0.47923505,0.44298807,-7.599999904632568,↓,0.114286,NS,11/12,4,3
Blood,HDAC1,NK,CR→AR,CR,AR,0.45345786,0.44298807,-2.299999952316284,↓,0.7,NS,3/9,3,3
Blood,HDAC1,B,NL→IT,NL,IT,0.4232762,0.5171911,22.200000762939453,↑,0.547619,NS,16/25,5,5
Blood,HDAC1,B,NL→IA,NL,IA,0.4232762,0.52006614,22.899999618530277,↑,0.730159,NS,12/20,5,4
Blood,HDAC1,B,NL→AR,NL,AR,0.4232762,0.54002756,27.600000381469727,↑,0.571429,NS,10/15,5,3
Blood,HDAC1,B,NL→CR,NL,CR,0.4232762,0.46850273,10.699999809265137,↑,0.785714,NS,9/15,5,3
Blood,HDAC1,B,IT→IA,IT,IA,0.5171911,0.52006614,0.6000000238418579,↑,0.730159,NS,12/20,5,4
Blood,HDAC1,B,IA→AR,IA,AR,0.52006614,0.54002756,3.799999952316284,↑,0.857143,NS,7/12,4,3
Blood,HDAC1,B,CR→AR,CR,AR,0.46850273,0.54002756,15.300000190734863,↑,0.4,NS,7/9,3,3
Blood,HDAC1,PlasmaB,NL→IT,NL,IT,0.16688843,0.2523295,51.20000076293945,↑,0.222222,NS,19/25,5,5
Blood,HDAC1,PlasmaB,NL→IA,NL,IA,0.16688843,0.35991588,115.6999969482422,↑,0.190476,NS,16/20,5,4
Blood,HDAC1,PlasmaB,NL→AR,NL,AR,0.16688843,0.25390247,52.09999847412109,↑,0.25,NS,12/15,5,3
Blood,HDAC1,PlasmaB,NL→CR,NL,CR,0.16688843,0.39801672,138.5,↑,0.035714,*,15/15,5,3
Blood,HDAC1,PlasmaB,IT→IA,IT,IA,0.2523295,0.35991588,42.59999847412109,↑,0.555556,NS,13/20,5,4
Blood,HDAC1,PlasmaB,IA→AR,IA,AR,0.35991588,0.25390247,-29.5,↓,0.4,NS,9/12,4,3
Blood,HDAC1,PlasmaB,CR→AR,CR,AR,0.39801672,0.25390247,-36.20000076293945,↓,0.1,NS,9/9,3,3
Blood,HIF1A,Myeloid,NL→IT,NL,IT,0.7591907,0.52291554,-31.100000381469727,↓,0.222222,NS,19/25,5,5
Blood,HIF1A,Myeloid,NL→IA,NL,IA,0.7591907,0.57470024,-24.299999237060547,↓,0.555556,NS,13/20,5,4
Blood,HIF1A,Myeloid,NL→AR,NL,AR,0.7591907,0.49478245,-34.79999923706055,↓,0.392857,NS,11/15,5,3
Blood,HIF1A,Myeloid,NL→CR,NL,CR,0.7591907,0.7834635,3.200000047683716,↑,0.571429,NS,10/15,5,3
Blood,HIF1A,Myeloid,IT→IA,IT,IA,0.52291554,0.57470024,9.899999618530272,↑,0.904762,NS,11/20,5,4
Blood,HIF1A,Myeloid,IA→AR,IA,AR,0.57470024,0.49478245,-13.899999618530272,↓,0.857143,NS,7/12,4,3
Blood,HIF1A,Myeloid,CR→AR,CR,AR,0.7834635,0.49478245,-36.79999923706055,↓,0.2,NS,8/9,3,3
Blood,HIF1A,CD4_T,NL→IT,NL,IT,0.27904296,0.2519992,-9.699999809265137,↓,0.690476,NS,15/25,5,5
Blood,HIF1A,CD4_T,NL→IA,NL,IA,0.27904296,0.31354868,12.399999618530272,↑,1.0,NS,10/20,5,4
Blood,HIF1A,CD4_T,NL→AR,NL,AR,0.27904296,0.2632024,-5.699999809265137,↓,0.571429,NS,10/15,5,3
Blood,HIF1A,CD4_T,NL→CR,NL,CR,0.27904296,0.3906072,40.0,↑,0.142857,NS,13/15,5,3
Blood,HIF1A,CD4_T,IT→IA,IT,IA,0.2519992,0.31354868,24.399999618530277,↑,0.063492,†,18/20,5,4
Blood,HIF1A,CD4_T,IA→AR,IA,AR,0.31354868,0.2632024,-16.100000381469727,↓,0.628571,NS,8/12,4,3
Blood,HIF1A,CD4_T,CR→AR,CR,AR,0.3906072,0.2632024,-32.599998474121094,↓,0.1,NS,9/9,3,3
Blood,HIF1A,CD8_T,NL→IT,NL,IT,0.3228734,0.21557769,-33.20000076293945,↓,0.031746,*,23/25,5,5
Blood,HIF1A,CD8_T,NL→IA,NL,IA,0.3228734,0.29503256,-8.600000381469727,↓,0.904762,NS,11/20,5,4
Blood,HIF1A,CD8_T,NL→AR,NL,AR,0.3228734,0.21084563,-34.70000076293945,↓,0.071429,†,14/15,5,3
Blood,HIF1A,CD8_T,NL→CR,NL,CR,0.3228734,0.34656146,7.300000190734863,↑,0.785714,NS,9/15,5,3
Blood,HIF1A,CD8_T,IT→IA,IT,IA,0.21557769,0.29503256,36.900001525878906,↑,0.285714,NS,15/20,5,4
Blood,HIF1A,CD8_T,IA→AR,IA,AR,0.29503256,0.21084563,-28.5,↓,0.228571,NS,10/12,4,3
Blood,HIF1A,CD8_T,CR→AR,CR,AR,0.34656146,0.21084563,-39.20000076293945,↓,0.1,NS,9/9,3,3
Blood,HIF1A,NK,NL→IT,NL,IT,0.20710245,0.19630353,-5.199999809265137,↓,1.0,NS,12/25,5,5
Blood,HIF1A,NK,NL→IA,NL,IA,0.20710245,0.26482546,27.899999618530277,↑,0.412698,NS,14/20,5,4
Blood,HIF1A,NK,NL→AR,NL,AR,0.20710245,0.17054988,-17.600000381469727,↓,0.785714,NS,9/15,5,3
Blood,HIF1A,NK,NL→CR,NL,CR,0.20710245,0.2576517,24.399999618530277,↑,0.571429,NS,10/15,5,3
Blood,HIF1A,NK,IT→IA,IT,IA,0.19630353,0.26482546,34.900001525878906,↑,0.555556,NS,13/20,5,4
Blood,HIF1A,NK,IA→AR,IA,AR,0.26482546,0.17054988,-35.599998474121094,↓,0.228571,NS,10/12,4,3
Blood,HIF1A,NK,CR→AR,CR,AR,0.2576517,0.17054988,-33.79999923706055,↓,0.1,NS,9/9,3,3
Blood,HIF1A,B,NL→IT,NL,IT,0.40022793,0.36976466,-7.599999904632568,↓,0.547619,NS,9/25,5,5
Blood,HIF1A,B,NL→IA,NL,IA,0.40022793,0.41163647,2.900000095367432,↑,1.0,NS,10/20,5,4
Blood,HIF1A,B,NL→AR,NL,AR,0.40022793,0.3535473,-11.699999809265137,↓,0.785714,NS,9/15,5,3
Blood,HIF1A,B,NL→CR,NL,CR,0.40022793,0.6709953,67.69999694824219,↑,0.071429,†,14/15,5,3
Blood,HIF1A,B,IT→IA,IT,IA,0.36976466,0.41163647,11.300000190734863,↑,0.904762,NS,11/20,5,4
Blood,HIF1A,B,IA→AR,IA,AR,0.41163647,0.3535473,-14.100000381469728,↓,0.628571,NS,8/12,4,3
Blood,HIF1A,B,CR→AR,CR,AR,0.6709953,0.3535473,-47.29999923706055,↓,0.2,NS,8/9,3,3
Blood,HIF1A,PlasmaB,NL→IT,NL,IT,0.22716507,0.18737099,-17.5,↓,1.0,NS,13/25,5,5
Blood,HIF1A,PlasmaB,NL→IA,NL,IA,0.22716507,0.17848204,-21.399999618530277,↓,0.902117,NS,11/20,5,4
Blood,HIF1A,PlasmaB,NL→AR,NL,AR,0.22716507,0.14273596,-37.20000076293945,↓,1.0,NS,8/15,5,3
Blood,HIF1A,PlasmaB,NL→CR,NL,CR,0.22716507,0.32558164,43.29999923706055,↑,0.548595,NS,10/15,5,3
Blood,HIF1A,PlasmaB,IT→IA,IT,IA,0.18737099,0.17848204,-4.699999809265137,↓,1.0,NS,10/20,5,4
Blood,HIF1A,PlasmaB,IA→AR,IA,AR,0.17848204,0.14273596,-20.0,↓,0.4,NS,9/12,4,3
Blood,HIF1A,PlasmaB,CR→AR,CR,AR,0.32558164,0.14273596,-56.20000076293945,↓,0.2,NS,8/9,3,3
Blood,ID3,Myeloid,NL→IT,NL,IT,0.014250663,0.019944888,40.0,↑,0.20869,NS,19/25,5,5
Blood,ID3,Myeloid,NL→IA,NL,IA,0.014250663,0.07692985,439.7999877929688,↑,0.176098,NS,16/20,5,4
Blood,ID3,Myeloid,NL→AR,NL,AR,0.014250663,0.015909003,11.600000381469728,↑,0.230243,NS,12/15,5,3
Blood,ID3,Myeloid,NL→CR,NL,CR,0.014250663,0.03816859,167.8000030517578,↑,0.230243,NS,12/15,5,3
Blood,ID3,Myeloid,IT→IA,IT,IA,0.019944888,0.07692985,285.70001220703125,↑,0.904762,NS,9/20,5,4
Blood,ID3,Myeloid,IA→AR,IA,AR,0.07692985,0.015909003,-79.30000305175781,↓,1.0,NS,6/12,4,3
Blood,ID3,Myeloid,CR→AR,CR,AR,0.03816859,0.015909003,-58.29999923706055,↓,0.1,NS,9/9,3,3
Blood,ID3,CD4_T,NL→IT,NL,IT,0.052514516,0.24573663,367.8999938964844,↑,0.015873,*,24/25,5,5
Blood,ID3,CD4_T,NL→IA,NL,IA,0.052514516,0.32057214,510.3999938964844,↑,0.015873,*,20/20,5,4
Blood,ID3,CD4_T,NL→AR,NL,AR,0.052514516,0.20599706,292.29998779296875,↑,0.035714,*,15/15,5,3
Blood,ID3,CD4_T,NL→CR,NL,CR,0.052514516,0.11978969,128.10000610351562,↑,0.035714,*,15/15,5,3
Blood,ID3,CD4_T,IT→IA,IT,IA,0.24573663,0.32057214,30.5,↑,0.555556,NS,13/20,5,4
Blood,ID3,CD4_T,IA→AR,IA,AR,0.32057214,0.20599706,-35.70000076293945,↓,0.228571,NS,10/12,4,3
Blood,ID3,CD4_T,CR→AR,CR,AR,0.11978969,0.20599706,72.0,↑,0.1,NS,9/9,3,3
Blood,ID3,CD8_T,NL→IT,NL,IT,0.0243388,0.13458656,453.0,↑,0.036145,*,23/25,5,5
Blood,ID3,CD8_T,NL→IA,NL,IA,0.0243388,0.16884008,593.7000122070312,↑,0.019451,*,20/20,5,4
Blood,ID3,CD8_T,NL→AR,NL,AR,0.0243388,0.090010084,269.79998779296875,↑,0.071924,†,14/15,5,3
Blood,ID3,CD8_T,NL→CR,NL,CR,0.0243388,0.08659324,255.8000030517578,↑,0.071924,†,14/15,5,3
Blood,ID3,CD8_T,IT→IA,IT,IA,0.13458656,0.16884008,25.5,↑,0.730159,NS,12/20,5,4
Blood,ID3,CD8_T,IA→AR,IA,AR,0.16884008,0.090010084,-46.70000076293945,↓,0.114286,NS,11/12,4,3
Blood,ID3,CD8_T,CR→AR,CR,AR,0.08659324,0.090010084,3.900000095367432,↑,1.0,NS,5/9,3,3
Blood,ID3,NK,NL→IT,NL,IT,0.0020648553,0.004360912,111.1999969482422,↑,0.290347,NS,18/25,5,5
Blood,ID3,NK,NL→IA,NL,IA,0.0020648553,0.037953176,1738.0999755859375,↑,0.017943,*,20/20,5,4
Blood,ID3,NK,NL→AR,NL,AR,0.0020648553,0.008230176,298.6000061035156,↑,0.12663,NS,13/15,5,3
Blood,ID3,NK,NL→CR,NL,CR,0.0020648553,0.0047501656,130.0,↑,0.541193,NS,10/15,5,3
Blood,ID3,NK,IT→IA,IT,IA,0.004360912,0.037953176,770.2999877929688,↑,0.031746,*,19/20,5,4
Blood,ID3,NK,IA→AR,IA,AR,0.037953176,0.008230176,-78.30000305175781,↓,0.4,NS,9/12,4,3
Blood,ID3,NK,CR→AR,CR,AR,0.0047501656,0.008230176,73.30000305175781,↑,0.7,NS,6/9,3,3
Blood,ID3,B,NL→IT,NL,IT,0.33968216,0.60061985,76.80000305175781,↑,0.150794,NS,20/25,5,5
Blood,ID3,B,NL→IA,NL,IA,0.33968216,0.76008594,123.8000030517578,↑,0.031746,*,19/20,5,4
Blood,ID3,B,NL→AR,NL,AR,0.33968216,0.6280779,84.9000015258789,↑,0.071429,†,14/15,5,3
Blood,ID3,B,NL→CR,NL,CR,0.33968216,0.1726092,-49.20000076293945,↓,0.142857,NS,13/15,5,3
Blood,ID3,B,IT→IA,IT,IA,0.60061985,0.76008594,26.600000381469727,↑,0.285714,NS,15/20,5,4
Blood,ID3,B,IA→AR,IA,AR,0.76008594,0.6280779,-17.399999618530273,↓,0.4,NS,9/12,4,3
Blood,ID3,B,CR→AR,CR,AR,0.1726092,0.6280779,263.8999938964844,↑,0.1,NS,9/9,3,3
Blood,ID3,PlasmaB,NL→IT,NL,IT,0.060432963,0.13722947,127.0999984741211,↑,0.529619,NS,16/25,5,5
Blood,ID3,PlasmaB,NL→IA,NL,IA,0.060432963,0.12486407,106.5999984741211,↑,0.176098,NS,16/20,5,4
Blood,ID3,PlasmaB,NL→AR,NL,AR,0.060432963,0.13489874,123.1999969482422,↑,0.133701,NS,13/15,5,3
Blood,ID3,PlasmaB,NL→CR,NL,CR,0.060432963,0.09148366,51.400001525878906,↑,0.764228,NS,9/15,5,3
Blood,ID3,PlasmaB,IT→IA,IT,IA,0.13722947,0.12486407,-9.0,↓,0.412698,NS,6/20,5,4
Blood,ID3,PlasmaB,IA→AR,IA,AR,0.12486407,0.13489874,8.0,↑,1.0,NS,6/12,4,3
Blood,ID3,PlasmaB,CR→AR,CR,AR,0.09148366,0.13489874,47.5,↑,0.4,NS,7/9,3,3
Blood,IDO1,Myeloid,NL→IT,NL,IT,0.0006597326,0.007813573,1084.4000244140625,↑,0.01775,*,24/25,5,5
Blood,IDO1,Myeloid,NL→IA,NL,IA,0.0006597326,0.05137588,7687.39990234375,↑,0.015078,*,20/20,5,4
Blood,IDO1,Myeloid,NL→AR,NL,AR,0.0006597326,0.0053998376,718.5,↑,0.026179,*,15/15,5,3
Blood,IDO1,Myeloid,NL→CR,NL,CR,0.0006597326,0.0043291985,556.2000122070312,↑,0.026179,*,15/15,5,3
Blood,IDO1,Myeloid,IT→IA,IT,IA,0.007813573,0.05137588,557.5,↑,0.555556,NS,13/20,5,4
Blood,IDO1,Myeloid,IA→AR,IA,AR,0.05137588,0.0053998376,-89.5,↓,0.628571,NS,8/12,4,3
Blood,IDO1,Myeloid,CR→AR,CR,AR,0.0043291985,0.0053998376,24.700000762939453,↑,0.2,NS,8/9,3,3
Blood,IDO1,CD4_T,NL→IT,NL,IT,0.0,0.0006834751,99999.0,↑,0.179712,NS,10/25,5,5
Blood,IDO1,CD4_T,NL→IA,NL,IA,0.0,0.00045038477,99999.0,↑,0.13121,NS,10/20,5,4
Blood,IDO1,CD4_T,NL→AR,NL,AR,0.0,0.0,0.0,↑,1.0,NS,0/15,5,3
Blood,IDO1,CD4_T,NL→CR,NL,CR,0.0,0.0,0.0,↑,1.0,NS,0/15,5,3
Blood,IDO1,CD4_T,IT→IA,IT,IA,0.0006834751,0.00045038477,-34.099998474121094,↓,1.0,NS,7/20,5,4
Blood,IDO1,CD4_T,IA→AR,IA,AR,0.00045038477,0.0,-100.0,↓,0.270289,NS,6/12,4,3
Blood,IDO1,CD4_T,CR→AR,CR,AR,0.0,0.0,0.0,↑,1.0,NS,0/9,3,3
Blood,IDO1,CD8_T,NL→IT,NL,IT,0.0,0.0,0.0,↑,1.0,NS,0/25,5,5
Blood,IDO1,CD8_T,NL→IA,NL,IA,0.0,0.00021762915,99999.0,↑,0.371093,NS,5/20,5,4
Blood,IDO1,CD8_T,NL→AR,NL,AR,0.0,0.0,0.0,↑,1.0,NS,0/15,5,3
Blood,IDO1,CD8_T,NL→CR,NL,CR,0.0,0.0,0.0,↑,1.0,NS,0/15,5,3
Blood,IDO1,CD8_T,IT→IA,IT,IA,0.0,0.00021762915,99999.0,↑,0.371093,NS,5/20,5,4
Blood,IDO1,CD8_T,IA→AR,IA,AR,0.00021762915,0.0,-100.0,↓,0.563703,NS,3/12,4,3
Blood,IDO1,CD8_T,CR→AR,CR,AR,0.0,0.0,0.0,↑,1.0,NS,0/9,3,3
Blood,IDO1,NK,NL→IT,NL,IT,0.0,0.0,0.0,↑,1.0,NS,0/25,5,5
Blood,IDO1,NK,NL→IA,NL,IA,0.0,0.0,0.0,↑,1.0,NS,0/20,5,4
Blood,IDO1,NK,NL→AR,NL,AR,0.0,0.0,0.0,↑,1.0,NS,0/15,5,3
Blood,IDO1,NK,NL→CR,NL,CR,0.0,0.0,0.0,↑,1.0,NS,0/15,5,3
Blood,IDO1,NK,IT→IA,IT,IA,0.0,0.0,0.0,↑,1.0,NS,0/20,5,4
Blood,IDO1,NK,IA→AR,IA,AR,0.0,0.0,0.0,↑,1.0,NS,0/12,4,3
Blood,IDO1,NK,CR→AR,CR,AR,0.0,0.0,0.0,↑,1.0,NS,0/9,3,3
Blood,IDO1,B,NL→IT,NL,IT,0.00027602786,0.0,-100.0,↓,0.423711,NS,5/25,5,5
Blood,IDO1,B,NL→IA,NL,IA,0.00027602786,0.0055155028,1898.199951171875,↑,0.866815,NS,5/20,5,4
Blood,IDO1,B,NL→AR,NL,AR,0.00027602786,0.0,-100.0,↓,0.605577,NS,3/15,5,3
Blood,IDO1,B,NL→CR,NL,CR,0.00027602786,0.0005866088,112.5,↑,0.69627,NS,5/15,5,3
Blood,IDO1,B,IT→IA,IT,IA,0.0,0.0055155028,99999.0,↑,0.371093,NS,5/20,5,4
Blood,IDO1,B,IA→AR,IA,AR,0.0055155028,0.0,-100.0,↓,0.563703,NS,3/12,4,3
Blood,IDO1,B,CR→AR,CR,AR,0.0005866088,0.0,-100.0,↓,0.504985,NS,3/9,3,3
Blood,IDO1,PlasmaB,NL→IT,NL,IT,0.0,0.0,0.0,↑,1.0,NS,0/25,5,5
Blood,IDO1,PlasmaB,NL→IA,NL,IA,0.0,0.0,0.0,↑,1.0,NS,0/20,5,4
Blood,IDO1,PlasmaB,NL→AR,NL,AR,0.0,0.0,0.0,↑,1.0,NS,0/15,5,3
Blood,IDO1,PlasmaB,NL→CR,NL,CR,0.0,0.0,0.0,↑,1.0,NS,0/15,5,3
Blood,IDO1,PlasmaB,IT→IA,IT,IA,0.0,0.0,0.0,↑,1.0,NS,0/20,5,4
Blood,IDO1,PlasmaB,IA→AR,IA,AR,0.0,0.0,0.0,↑,1.0,NS,0/12,4,3
Blood,IDO1,PlasmaB,CR→AR,CR,AR,0.0,0.0,0.0,↑,1.0,NS,0/9,3,3
Blood,IGFBP7,Myeloid,NL→IT,NL,IT,0.40566587,0.24248192,-40.20000076293945,↓,1.0,NS,13/25,5,5
Blood,IGFBP7,Myeloid,NL→IA,NL,IA,0.40566587,0.24624527,-39.29999923706055,↓,0.730159,NS,12/20,5,4
Blood,IGFBP7,Myeloid,NL→AR,NL,AR,0.40566587,0.22418857,-44.70000076293945,↓,0.571429,NS,10/15,5,3
Blood,IGFBP7,Myeloid,NL→CR,NL,CR,0.40566587,0.24637063,-39.29999923706055,↓,0.785714,NS,9/15,5,3
Blood,IGFBP7,Myeloid,IT→IA,IT,IA,0.24248192,0.24624527,1.600000023841858,↑,1.0,NS,10/20,5,4
Blood,IGFBP7,Myeloid,IA→AR,IA,AR,0.24624527,0.22418857,-9.0,↓,0.857143,NS,5/12,4,3
Blood,IGFBP7,Myeloid,CR→AR,CR,AR,0.24637063,0.22418857,-9.0,↓,0.4,NS,7/9,3,3
Blood,IGFBP7,CD4_T,NL→IT,NL,IT,0.00015430679,0.0021631026,1301.800048828125,↑,0.346522,NS,13/25,5,5
Blood,IGFBP7,CD4_T,NL→IA,NL,IA,0.00015430679,0.0025615247,1560.0,↑,0.015078,*,20/20,5,4
Blood,IGFBP7,CD4_T,NL→AR,NL,AR,0.00015430679,0.0020276902,1214.0999755859375,↑,0.171857,NS,10/15,5,3
Blood,IGFBP7,CD4_T,NL→CR,NL,CR,0.00015430679,0.0028414074,1741.4000244140625,↑,0.026179,*,15/15,5,3
Blood,IGFBP7,CD4_T,IT→IA,IT,IA,0.0021631026,0.0025615247,18.399999618530277,↑,0.176098,NS,16/20,5,4
Blood,IGFBP7,CD4_T,IA→AR,IA,AR,0.0025615247,0.0020276902,-20.799999237060547,↓,0.857143,NS,7/12,4,3
Blood,IGFBP7,CD4_T,CR→AR,CR,AR,0.0028414074,0.0020276902,-28.600000381469727,↓,0.7,NS,6/9,3,3
Blood,IGFBP7,CD8_T,NL→IT,NL,IT,0.008954259,0.0024316928,-72.80000305175781,↓,0.66643,NS,13/25,5,5
Blood,IGFBP7,CD8_T,NL→IA,NL,IA,0.008954259,0.0041911667,-53.20000076293945,↓,0.712155,NS,8/20,5,4
Blood,IGFBP7,CD8_T,NL→AR,NL,AR,0.008954259,0.008456746,-5.599999904632568,↓,0.548595,NS,5/15,5,3
Blood,IGFBP7,CD8_T,NL→CR,NL,CR,0.008954259,0.002728767,-69.5,↓,1.0,NS,8/15,5,3
Blood,IGFBP7,CD8_T,IT→IA,IT,IA,0.0024316928,0.0041911667,72.4000015258789,↑,0.268341,NS,15/20,5,4
Blood,IGFBP7,CD8_T,IA→AR,IA,AR,0.0041911667,0.008456746,101.8000030517578,↑,0.228571,NS,10/12,4,3
Blood,IGFBP7,CD8_T,CR→AR,CR,AR,0.002728767,0.008456746,209.8999938964844,↑,0.2,NS,8/9,3,3
Blood,IGFBP7,NK,NL→IT,NL,IT,0.5311983,0.65996444,24.200000762939453,↑,0.690476,NS,15/25,5,5
Blood,IGFBP7,NK,NL→IA,NL,IA,0.5311983,0.64627564,21.700000762939453,↑,0.730159,NS,12/20,5,4
Blood,IGFBP7,NK,NL→AR,NL,AR,0.5311983,0.563432,6.099999904632568,↑,1.0,NS,7/15,5,3
Blood,IGFBP7,NK,NL→CR,NL,CR,0.5311983,0.6161856,16.0,↑,0.392857,NS,11/15,5,3
Blood,IGFBP7,NK,IT→IA,IT,IA,0.65996444,0.64627564,-2.0999999046325684,↓,0.730159,NS,8/20,5,4
Blood,IGFBP7,NK,IA→AR,IA,AR,0.64627564,0.563432,-12.800000190734863,↓,0.857143,NS,7/12,4,3
Blood,IGFBP7,NK,CR→AR,CR,AR,0.6161856,0.563432,-8.600000381469727,↓,0.7,NS,6/9,3,3
Blood,IGFBP7,B,NL→IT,NL,IT,0.0,0.0037565245,99999.0,↑,0.072006,†,15/25,5,5
Blood,IGFBP7,B,NL→IA,NL,IA,0.0,0.0016052378,99999.0,↑,0.13121,NS,10/20,5,4
Blood,IGFBP7,B,NL→AR,NL,AR,0.0,0.0021818783,99999.0,↑,0.078983,†,10/15,5,3
Blood,IGFBP7,B,NL→CR,NL,CR,0.0,0.0012891599,99999.0,↑,0.016805,*,15/15,5,3
Blood,IGFBP7,B,IT→IA,IT,IA,0.0037565245,0.0016052378,-57.29999923706055,↓,1.0,NS,8/20,5,4
Blood,IGFBP7,B,IA→AR,IA,AR,0.0016052378,0.0021818783,35.900001525878906,↑,0.854445,NS,6/12,4,3
Blood,IGFBP7,B,CR→AR,CR,AR,0.0012891599,0.0021818783,69.19999694824219,↑,1.0,NS,5/9,3,3
Blood,IGFBP7,PlasmaB,NL→IT,NL,IT,0.0,0.0065492606,99999.0,↑,0.423711,NS,5/25,5,5
Blood,IGFBP7,PlasmaB,NL→IA,NL,IA,0.0,0.012017444,99999.0,↑,0.13121,NS,10/20,5,4
Blood,IGFBP7,PlasmaB,NL→AR,NL,AR,0.0,0.008031617,99999.0,↑,0.3017,NS,5/15,5,3
Blood,IGFBP7,PlasmaB,NL→CR,NL,CR,0.0,0.016490528,99999.0,↑,0.078983,†,10/15,5,3
Blood,IGFBP7,PlasmaB,IT→IA,IT,IA,0.0065492606,0.012017444,83.5,↑,0.466854,NS,9/20,5,4
Blood,IGFBP7,PlasmaB,IA→AR,IA,AR,0.012017444,0.008031617,-33.20000076293945,↓,0.845356,NS,5/12,4,3
Blood,IGFBP7,PlasmaB,CR→AR,CR,AR,0.016490528,0.008031617,-51.29999923706055,↓,0.353679,NS,6/9,3,3
Blood,IKZF2,Myeloid,NL→IT,NL,IT,0.0,0.0029533915,99999.0,↑,0.007495,**,25/25,5,5
Blood,IKZF2,Myeloid,NL→IA,NL,IA,0.0,0.0022532372,99999.0,↑,0.13121,NS,10/20,5,4
Blood,IKZF2,Myeloid,NL→AR,NL,AR,0.0,0.0005602819,99999.0,↑,0.078983,†,10/15,5,3
Blood,IKZF2,Myeloid,NL→CR,NL,CR,0.0,0.0039181267,99999.0,↑,0.016805,*,15/15,5,3
Blood,IKZF2,Myeloid,IT→IA,IT,IA,0.0029533915,0.0022532372,-23.700000762939453,↓,0.712155,NS,12/20,5,4
Blood,IKZF2,Myeloid,IA→AR,IA,AR,0.0022532372,0.0005602819,-75.0999984741211,↓,0.854445,NS,6/12,4,3
Blood,IKZF2,Myeloid,CR→AR,CR,AR,0.0039181267,0.0005602819,-85.69999694824219,↓,0.1,NS,9/9,3,3
Blood,IKZF2,CD4_T,NL→IT,NL,IT,0.0828125,0.07786826,-6.0,↓,1.0,NS,12/25,5,5
Blood,IKZF2,CD4_T,NL→IA,NL,IA,0.0828125,0.0920956,11.199999809265137,↑,0.730159,NS,12/20,5,4
Blood,IKZF2,CD4_T,NL→AR,NL,AR,0.0828125,0.061444093,-25.799999237060547,↓,0.392857,NS,11/15,5,3
Blood,IKZF2,CD4_T,NL→CR,NL,CR,0.0828125,0.050500575,-39.0,↓,0.571429,NS,10/15,5,3
Blood,IKZF2,CD4_T,IT→IA,IT,IA,0.07786826,0.0920956,18.299999237060547,↑,0.555556,NS,13/20,5,4
Blood,IKZF2,CD4_T,IA→AR,IA,AR,0.0920956,0.061444093,-33.29999923706055,↓,0.4,NS,9/12,4,3
Blood,IKZF2,CD4_T,CR→AR,CR,AR,0.050500575,0.061444093,21.700000762939453,↑,0.7,NS,6/9,3,3
Blood,IKZF2,CD8_T,NL→IT,NL,IT,0.075114936,0.062343013,-17.0,↓,1.0,NS,13/25,5,5
Blood,IKZF2,CD8_T,NL→IA,NL,IA,0.075114936,0.08977815,19.5,↑,0.555556,NS,13/20,5,4
Blood,IKZF2,CD8_T,NL→AR,NL,AR,0.075114936,0.0802134,6.800000190734863,↑,1.0,NS,7/15,5,3
Blood,IKZF2,CD8_T,NL→CR,NL,CR,0.075114936,0.03503969,-53.400001525878906,↓,0.142857,NS,13/15,5,3
Blood,IKZF2,CD8_T,IT→IA,IT,IA,0.062343013,0.08977815,44.0,↑,0.285714,NS,15/20,5,4
Blood,IKZF2,CD8_T,IA→AR,IA,AR,0.08977815,0.0802134,-10.699999809265137,↓,0.857143,NS,7/12,4,3
Blood,IKZF2,CD8_T,CR→AR,CR,AR,0.03503969,0.0802134,128.89999389648438,↑,0.4,NS,7/9,3,3
Blood,IKZF2,NK,NL→IT,NL,IT,0.12321995,0.11881552,-3.5999999046325684,↓,0.84127,NS,11/25,5,5
Blood,IKZF2,NK,NL→IA,NL,IA,0.12321995,0.16495548,33.900001525878906,↑,0.730159,NS,12/20,5,4
Blood,IKZF2,NK,NL→AR,NL,AR,0.12321995,0.1735446,40.79999923706055,↑,0.571429,NS,10/15,5,3
Blood,IKZF2,NK,NL→CR,NL,CR,0.12321995,0.108412385,-12.0,↓,0.785714,NS,9/15,5,3
Blood,IKZF2,NK,IT→IA,IT,IA,0.11881552,0.16495548,38.79999923706055,↑,0.412698,NS,14/20,5,4
Blood,IKZF2,NK,IA→AR,IA,AR,0.16495548,0.1735446,5.199999809265137,↑,1.0,NS,6/12,4,3
Blood,IKZF2,NK,CR→AR,CR,AR,0.108412385,0.1735446,60.09999847412109,↑,0.2,NS,8/9,3,3
Blood,IKZF2,B,NL→IT,NL,IT,0.009175787,0.021857925,138.1999969482422,↑,0.290347,NS,18/25,5,5
Blood,IKZF2,B,NL→IA,NL,IA,0.009175787,0.02547172,177.60000610351562,↑,0.200825,NS,14/20,5,4
Blood,IKZF2,B,NL→AR,NL,AR,0.009175787,0.012690324,38.29999923706055,↑,0.759982,NS,9/15,5,3
Blood,IKZF2,B,NL→CR,NL,CR,0.009175787,0.02571368,180.1999969482422,↑,0.12663,NS,13/15,5,3
Blood,IKZF2,B,IT→IA,IT,IA,0.021857925,0.02547172,16.5,↑,0.730159,NS,12/20,5,4
Blood,IKZF2,B,IA→AR,IA,AR,0.02547172,0.012690324,-50.20000076293945,↓,0.4,NS,9/12,4,3
Blood,IKZF2,B,CR→AR,CR,AR,0.02571368,0.012690324,-50.59999847412109,↓,0.1,NS,9/9,3,3
Blood,IKZF2,PlasmaB,NL→IT,NL,IT,0.0,0.016215358,99999.0,↑,0.179712,NS,10/25,5,5
Blood,IKZF2,PlasmaB,NL→IA,NL,IA,0.0,0.012127081,99999.0,↑,0.04162,*,15/20,5,4
Blood,IKZF2,PlasmaB,NL→AR,NL,AR,0.0,0.0052880845,99999.0,↑,0.078983,†,10/15,5,3
Blood,IKZF2,PlasmaB,NL→CR,NL,CR,0.0,0.017772375,99999.0,↑,0.078983,†,10/15,5,3
Blood,IKZF2,PlasmaB,IT→IA,IT,IA,0.016215358,0.012127081,-25.200000762939453,↓,1.0,NS,8/20,5,4
Blood,IKZF2,PlasmaB,IA→AR,IA,AR,0.012127081,0.0052880845,-56.400001525878906,↓,0.475533,NS,8/12,4,3
Blood,IKZF2,PlasmaB,CR→AR,CR,AR,0.017772375,0.0052880845,-70.19999694824219,↓,0.506555,NS,6/9,3,3
Blood,IL15RA,Myeloid,NL→IT,NL,IT,0.05382576,0.09632566,79.0,↑,0.222222,NS,19/25,5,5
Blood,IL15RA,Myeloid,NL→IA,NL,IA,0.05382576,0.092074566,71.0999984741211,↑,0.412698,NS,14/20,5,4
Blood,IL15RA,Myeloid,NL→AR,NL,AR,0.05382576,0.07849058,45.79999923706055,↑,0.25,NS,12/15,5,3
Blood,IL15RA,Myeloid,NL→CR,NL,CR,0.05382576,0.14321129,166.10000610351562,↑,0.035714,*,15/15,5,3
Blood,IL15RA,Myeloid,IT→IA,IT,IA,0.09632566,0.092074566,-4.400000095367432,↓,0.730159,NS,12/20,5,4
Blood,IL15RA,Myeloid,IA→AR,IA,AR,0.092074566,0.07849058,-14.800000190734863,↓,0.857143,NS,7/12,4,3
Blood,IL15RA,Myeloid,CR→AR,CR,AR,0.14321129,0.07849058,-45.20000076293945,↓,0.4,NS,7/9,3,3
Blood,IL15RA,CD4_T,NL→IT,NL,IT,0.04214525,0.058291137,38.29999923706055,↑,0.150794,NS,20/25,5,5
Blood,IL15RA,CD4_T,NL→IA,NL,IA,0.04214525,0.052211072,23.899999618530277,↑,0.285714,NS,15/20,5,4
Blood,IL15RA,CD4_T,NL→AR,NL,AR,0.04214525,0.045939207,9.0,↑,1.0,NS,8/15,5,3
Blood,IL15RA,CD4_T,NL→CR,NL,CR,0.04214525,0.057699442,36.900001525878906,↑,0.25,NS,12/15,5,3
Blood,IL15RA,CD4_T,IT→IA,IT,IA,0.058291137,0.052211072,-10.399999618530272,↓,0.190476,NS,16/20,5,4
Blood,IL15RA,CD4_T,IA→AR,IA,AR,0.052211072,0.045939207,-12.0,↓,0.228571,NS,10/12,4,3
Blood,IL15RA,CD4_T,CR→AR,CR,AR,0.057699442,0.045939207,-20.399999618530277,↓,0.1,NS,9/9,3,3
Blood,IL15RA,CD8_T,NL→IT,NL,IT,0.034792624,0.055813063,60.400001525878906,↑,0.690476,NS,15/25,5,5
Blood,IL15RA,CD8_T,NL→IA,NL,IA,0.034792624,0.05697057,63.70000076293945,↑,0.111111,NS,17/20,5,4
Blood,IL15RA,CD8_T,NL→AR,NL,AR,0.034792624,0.06207468,78.4000015258789,↑,0.071429,†,14/15,5,3
Blood,IL15RA,CD8_T,NL→CR,NL,CR,0.034792624,0.057880748,66.4000015258789,↑,0.142857,NS,13/15,5,3
Blood,IL15RA,CD8_T,IT→IA,IT,IA,0.055813063,0.05697057,2.0999999046325684,↑,0.730159,NS,12/20,5,4
Blood,IL15RA,CD8_T,IA→AR,IA,AR,0.05697057,0.06207468,9.0,↑,0.857143,NS,7/12,4,3
Blood,IL15RA,CD8_T,CR→AR,CR,AR,0.057880748,0.06207468,7.199999809265137,↑,1.0,NS,5/9,3,3
Blood,IL15RA,NK,NL→IT,NL,IT,0.04862722,0.07227961,48.59999847412109,↑,0.055556,†,22/25,5,5
Blood,IL15RA,NK,NL→IA,NL,IA,0.04862722,0.072727405,49.59999847412109,↑,0.190476,NS,16/20,5,4
Blood,IL15RA,NK,NL→AR,NL,AR,0.04862722,0.06892124,41.70000076293945,↑,0.142857,NS,13/15,5,3
Blood,IL15RA,NK,NL→CR,NL,CR,0.04862722,0.056427956,16.0,↑,1.0,NS,8/15,5,3
Blood,IL15RA,NK,IT→IA,IT,IA,0.07227961,0.072727405,0.6000000238418579,↑,0.904762,NS,9/20,5,4
Blood,IL15RA,NK,IA→AR,IA,AR,0.072727405,0.06892124,-5.199999809265137,↓,1.0,NS,6/12,4,3
Blood,IL15RA,NK,CR→AR,CR,AR,0.056427956,0.06892124,22.100000381469727,↑,0.1,NS,9/9,3,3
Blood,IL15RA,B,NL→IT,NL,IT,0.05479302,0.044935267,-18.0,↓,0.690476,NS,10/25,5,5
Blood,IL15RA,B,NL→IA,NL,IA,0.05479302,0.044460453,-18.899999618530277,↓,0.730159,NS,8/20,5,4
Blood,IL15RA,B,NL→AR,NL,AR,0.05479302,0.044881105,-18.100000381469727,↓,0.785714,NS,6/15,5,3
Blood,IL15RA,B,NL→CR,NL,CR,0.05479302,0.032525238,-40.59999847412109,↓,0.785714,NS,6/15,5,3
Blood,IL15RA,B,IT→IA,IT,IA,0.044935267,0.044460453,-1.100000023841858,↓,0.904762,NS,11/20,5,4
Blood,IL15RA,B,IA→AR,IA,AR,0.044460453,0.044881105,0.8999999761581421,↑,1.0,NS,6/12,4,3
Blood,IL15RA,B,CR→AR,CR,AR,0.032525238,0.044881105,38.0,↑,0.1,NS,9/9,3,3
Blood,IL15RA,PlasmaB,NL→IT,NL,IT,0.16717207,0.08178931,-51.09999847412109,↓,0.309524,NS,18/25,5,5
Blood,IL15RA,PlasmaB,NL→IA,NL,IA,0.16717207,0.044049032,-73.69999694824219,↓,0.190476,NS,16/20,5,4
Blood,IL15RA,PlasmaB,NL→AR,NL,AR,0.16717207,0.13100463,-21.600000381469727,↓,1.0,NS,7/15,5,3
Blood,IL15RA,PlasmaB,NL→CR,NL,CR,0.16717207,0.07841081,-53.09999847412109,↓,0.25,NS,12/15,5,3
Blood,IL15RA,PlasmaB,IT→IA,IT,IA,0.08178931,0.044049032,-46.09999847412109,↓,0.111111,NS,17/20,5,4
Blood,IL15RA,PlasmaB,IA→AR,IA,AR,0.044049032,0.13100463,197.3999938964844,↑,0.057143,†,12/12,4,3
Blood,IL15RA,PlasmaB,CR→AR,CR,AR,0.07841081,0.13100463,67.0999984741211,↑,0.1,NS,9/9,3,3
Blood,IL2RA,Myeloid,NL→IT,NL,IT,0.0017491067,0.0014005847,-19.899999618530277,↓,0.265205,NS,5/25,5,5
Blood,IL2RA,Myeloid,NL→IA,NL,IA,0.0017491067,0.005633148,222.1000061035156,↑,0.227249,NS,13/20,5,4
Blood,IL2RA,Myeloid,NL→AR,NL,AR,0.0017491067,0.00020405032,-88.30000305175781,↓,1.0,NS,3/15,5,3
Blood,IL2RA,Myeloid,NL→CR,NL,CR,0.0017491067,0.002807515,60.5,↑,0.203872,NS,12/15,5,3
Blood,IL2RA,Myeloid,IT→IA,IT,IA,0.0014005847,0.005633148,302.20001220703125,↑,1.0,NS,9/20,5,4
Blood,IL2RA,Myeloid,IA→AR,IA,AR,0.005633148,0.00020405032,-96.4000015258789,↓,0.19909,NS,9/12,4,3
Blood,IL2RA,Myeloid,CR→AR,CR,AR,0.002807515,0.00020405032,-92.6999969482422,↓,0.076523,†,9/9,3,3
Blood,IL2RA,CD4_T,NL→IT,NL,IT,0.107772365,0.06627546,-38.5,↓,0.309524,NS,18/25,5,5
Blood,IL2RA,CD4_T,NL→IA,NL,IA,0.107772365,0.064371265,-40.29999923706055,↓,0.190476,NS,16/20,5,4
Blood,IL2RA,CD4_T,NL→AR,NL,AR,0.107772365,0.07768379,-27.899999618530277,↓,0.571429,NS,10/15,5,3
Blood,IL2RA,CD4_T,NL→CR,NL,CR,0.107772365,0.073950514,-31.399999618530277,↓,0.785714,NS,9/15,5,3
Blood,IL2RA,CD4_T,IT→IA,IT,IA,0.06627546,0.064371265,-2.900000095367432,↓,0.730159,NS,12/20,5,4
Blood,IL2RA,CD4_T,IA→AR,IA,AR,0.064371265,0.07768379,20.700000762939453,↑,0.114286,NS,11/12,4,3
Blood,IL2RA,CD4_T,CR→AR,CR,AR,0.073950514,0.07768379,5.0,↑,0.7,NS,6/9,3,3
Blood,IL2RA,CD8_T,NL→IT,NL,IT,0.0020934597,0.010247651,389.5,↑,0.066955,†,20/25,5,5
Blood,IL2RA,CD8_T,NL→IA,NL,IA,0.0020934597,0.012229669,484.2000122070313,↑,0.017943,*,20/20,5,4
Blood,IL2RA,CD8_T,NL→AR,NL,AR,0.0020934597,0.007188531,243.3999938964844,↑,0.032473,*,15/15,5,3
Blood,IL2RA,CD8_T,NL→CR,NL,CR,0.0020934597,0.018754851,795.9000244140625,↑,0.032473,*,15/15,5,3
Blood,IL2RA,CD8_T,IT→IA,IT,IA,0.010247651,0.012229669,19.299999237060547,↑,0.904762,NS,11/20,5,4
Blood,IL2RA,CD8_T,IA→AR,IA,AR,0.012229669,0.007188531,-41.20000076293945,↓,0.114286,NS,11/12,4,3
Blood,IL2RA,CD8_T,CR→AR,CR,AR,0.018754851,0.007188531,-61.70000076293945,↓,0.1,NS,9/9,3,3
Blood,IL2RA,NK,NL→IT,NL,IT,0.0007816067,0.0033716604,331.3999938964844,↑,0.161238,NS,18/25,5,5
Blood,IL2RA,NK,NL→IA,NL,IA,0.0007816067,0.016396591,1997.800048828125,↑,0.017943,*,20/20,5,4
Blood,IL2RA,NK,NL→AR,NL,AR,0.0007816067,0.004921218,529.5999755859375,↑,0.032473,*,15/15,5,3
Blood,IL2RA,NK,NL→CR,NL,CR,0.0007816067,0.0066299425,748.2000122070312,↑,0.032473,*,15/15,5,3
Blood,IL2RA,NK,IT→IA,IT,IA,0.0033716604,0.016396591,386.2999877929688,↑,0.412698,NS,14/20,5,4
Blood,IL2RA,NK,IA→AR,IA,AR,0.016396591,0.004921218,-70.0,↓,1.0,NS,6/12,4,3
Blood,IL2RA,NK,CR→AR,CR,AR,0.0066299425,0.004921218,-25.799999237060547,↓,1.0,NS,5/9,3,3
Blood,IL2RA,B,NL→IT,NL,IT,0.01996488,0.054093856,170.89999389648438,↑,0.059327,†,22/25,5,5
Blood,IL2RA,B,NL→IA,NL,IA,0.01996488,0.060231976,201.6999969482422,↑,0.036546,*,19/20,5,4
Blood,IL2RA,B,NL→AR,NL,AR,0.01996488,0.0940086,370.8999938964844,↑,0.03577,*,15/15,5,3
Blood,IL2RA,B,NL→CR,NL,CR,0.01996488,0.05142352,157.60000610351562,↑,0.133701,NS,13/15,5,3
Blood,IL2RA,B,IT→IA,IT,IA,0.054093856,0.060231976,11.300000190734863,↑,0.555556,NS,13/20,5,4
Blood,IL2RA,B,IA→AR,IA,AR,0.060231976,0.0940086,56.09999847412109,↑,0.228571,NS,10/12,4,3
Blood,IL2RA,B,CR→AR,CR,AR,0.05142352,0.0940086,82.80000305175781,↑,0.2,NS,8/9,3,3
Blood,IL2RA,PlasmaB,NL→IT,NL,IT,0.0,0.0015359897,99999.0,↑,0.423711,NS,5/25,5,5
Blood,IL2RA,PlasmaB,NL→IA,NL,IA,0.0,0.0,0.0,↑,1.0,NS,0/20,5,4
Blood,IL2RA,PlasmaB,NL→AR,NL,AR,0.0,0.0067943987,99999.0,↑,0.3017,NS,5/15,5,3
Blood,IL2RA,PlasmaB,NL→CR,NL,CR,0.0,0.02074846,99999.0,↑,0.078983,†,10/15,5,3
Blood,IL2RA,PlasmaB,IT→IA,IT,IA,0.0015359897,0.0,-100.0,↓,0.502335,NS,4/20,5,4
Blood,IL2RA,PlasmaB,IA→AR,IA,AR,0.0,0.0067943987,99999.0,↑,0.386476,NS,4/12,4,3
Blood,IL2RA,PlasmaB,CR→AR,CR,AR,0.02074846,0.0067943987,-67.30000305175781,↓,0.353679,NS,6/9,3,3
Blood,IL2RG,Myeloid,NL→IT,NL,IT,0.075583324,0.16143164,113.5999984741211,↑,0.055556,†,22/25,5,5
Blood,IL2RG,Myeloid,NL→IA,NL,IA,0.075583324,0.2408222,218.6000061035156,↑,0.111111,NS,17/20,5,4
Blood,IL2RG,Myeloid,NL→AR,NL,AR,0.075583324,0.13228518,75.0,↑,0.142857,NS,13/15,5,3
Blood,IL2RG,Myeloid,NL→CR,NL,CR,0.075583324,0.14068826,86.0999984741211,↑,0.25,NS,12/15,5,3
Blood,IL2RG,Myeloid,IT→IA,IT,IA,0.16143164,0.2408222,49.20000076293945,↑,0.904762,NS,9/20,5,4
Blood,IL2RG,Myeloid,IA→AR,IA,AR,0.2408222,0.13228518,-45.09999847412109,↓,0.628571,NS,8/12,4,3
Blood,IL2RG,Myeloid,CR→AR,CR,AR,0.14068826,0.13228518,-6.0,↓,0.7,NS,6/9,3,3
Blood,IL2RG,CD4_T,NL→IT,NL,IT,1.0689656,0.87302554,-18.299999237060547,↓,0.690476,NS,15/25,5,5
Blood,IL2RG,CD4_T,NL→IA,NL,IA,1.0689656,0.9533895,-10.800000190734863,↓,0.730159,NS,12/20,5,4
Blood,IL2RG,CD4_T,NL→AR,NL,AR,1.0689656,0.82141656,-23.200000762939453,↓,0.785714,NS,9/15,5,3
Blood,IL2RG,CD4_T,NL→CR,NL,CR,1.0689656,0.64506507,-39.70000076293945,↓,0.142857,NS,13/15,5,3
Blood,IL2RG,CD4_T,IT→IA,IT,IA,0.87302554,0.9533895,9.199999809265137,↑,0.555556,NS,7/20,5,4
Blood,IL2RG,CD4_T,IA→AR,IA,AR,0.9533895,0.82141656,-13.800000190734863,↓,0.857143,NS,7/12,4,3
Blood,IL2RG,CD4_T,CR→AR,CR,AR,0.64506507,0.82141656,27.299999237060547,↑,0.4,NS,7/9,3,3
Blood,IL2RG,CD8_T,NL→IT,NL,IT,1.0761715,0.908759,-15.600000381469728,↓,1.0,NS,13/25,5,5
Blood,IL2RG,CD8_T,NL→IA,NL,IA,1.0761715,0.99603826,-7.400000095367432,↓,0.904762,NS,11/20,5,4
Blood,IL2RG,CD8_T,NL→AR,NL,AR,1.0761715,0.9382059,-12.800000190734863,↓,1.0,NS,8/15,5,3
Blood,IL2RG,CD8_T,NL→CR,NL,CR,1.0761715,0.6530054,-39.29999923706055,↓,0.25,NS,12/15,5,3
Blood,IL2RG,CD8_T,IT→IA,IT,IA,0.908759,0.99603826,9.600000381469728,↑,1.0,NS,10/20,5,4
Blood,IL2RG,CD8_T,IA→AR,IA,AR,0.99603826,0.9382059,-5.800000190734863,↓,0.628571,NS,4/12,4,3
Blood,IL2RG,CD8_T,CR→AR,CR,AR,0.6530054,0.9382059,43.70000076293945,↑,0.2,NS,8/9,3,3
Blood,IL2RG,NK,NL→IT,NL,IT,1.194011,1.1462669,-4.0,↓,0.84127,NS,14/25,5,5
Blood,IL2RG,NK,NL→IA,NL,IA,1.194011,1.1676412,-2.200000047683716,↓,1.0,NS,10/20,5,4
Blood,IL2RG,NK,NL→AR,NL,AR,1.194011,1.1050282,-7.5,↓,0.785714,NS,9/15,5,3
Blood,IL2RG,NK,NL→CR,NL,CR,1.194011,0.9026862,-24.399999618530277,↓,0.392857,NS,11/15,5,3
Blood,IL2RG,NK,IT→IA,IT,IA,1.1462669,1.1676412,1.899999976158142,↑,0.904762,NS,11/20,5,4
Blood,IL2RG,NK,IA→AR,IA,AR,1.1676412,1.1050282,-5.400000095367432,↓,0.857143,NS,7/12,4,3
Blood,IL2RG,NK,CR→AR,CR,AR,0.9026862,1.1050282,22.399999618530277,↑,0.4,NS,7/9,3,3
Blood,IL2RG,B,NL→IT,NL,IT,0.67041194,0.6006711,-10.399999618530272,↓,0.547619,NS,16/25,5,5
Blood,IL2RG,B,NL→IA,NL,IA,0.67041194,0.6875006,2.5,↑,0.904762,NS,11/20,5,4
Blood,IL2RG,B,NL→AR,NL,AR,0.67041194,0.6543145,-2.400000095367432,↓,1.0,NS,8/15,5,3
Blood,IL2RG,B,NL→CR,NL,CR,0.67041194,0.41216758,-38.5,↓,0.142857,NS,13/15,5,3
Blood,IL2RG,B,IT→IA,IT,IA,0.6006711,0.6875006,14.5,↑,0.555556,NS,13/20,5,4
Blood,IL2RG,B,IA→AR,IA,AR,0.6875006,0.6543145,-4.800000190734863,↓,0.857143,NS,5/12,4,3
Blood,IL2RG,B,CR→AR,CR,AR,0.41216758,0.6543145,58.70000076293945,↑,0.4,NS,7/9,3,3
Blood,IL2RG,PlasmaB,NL→IT,NL,IT,0.42271534,0.5497964,30.100000381469727,↑,0.547619,NS,16/25,5,5
Blood,IL2RG,PlasmaB,NL→IA,NL,IA,0.42271534,0.51559544,22.0,↑,0.555556,NS,13/20,5,4
Blood,IL2RG,PlasmaB,NL→AR,NL,AR,0.42271534,0.577662,36.70000076293945,↑,0.571429,NS,10/15,5,3
Blood,IL2RG,PlasmaB,NL→CR,NL,CR,0.42271534,0.49383053,16.799999237060547,↑,0.785714,NS,9/15,5,3
Blood,IL2RG,PlasmaB,IT→IA,IT,IA,0.5497964,0.51559544,-6.199999809265137,↓,0.730159,NS,12/20,5,4
Blood,IL2RG,PlasmaB,IA→AR,IA,AR,0.51559544,0.577662,12.0,↑,0.628571,NS,8/12,4,3
Blood,IL2RG,PlasmaB,CR→AR,CR,AR,0.49383053,0.577662,17.0,↑,0.2,NS,8/9,3,3
Blood,IL7R,Myeloid,NL→IT,NL,IT,0.065513715,0.02722702,-58.400001525878906,↓,0.916563,NS,13/25,5,5
Blood,IL7R,Myeloid,NL→IA,NL,IA,0.065513715,0.05466789,-16.600000381469727,↓,0.412698,NS,6/20,5,4
Blood,IL7R,Myeloid,NL→AR,NL,AR,0.065513715,0.029323274,-55.20000076293945,↓,1.0,NS,7/15,5,3
Blood,IL7R,Myeloid,NL→CR,NL,CR,0.065513715,0.09885339,50.900001525878906,↑,0.25,NS,12/15,5,3
Blood,IL7R,Myeloid,IT→IA,IT,IA,0.02722702,0.05466789,100.8000030517578,↑,0.412698,NS,14/20,5,4
Blood,IL7R,Myeloid,IA→AR,IA,AR,0.05466789,0.029323274,-46.400001525878906,↓,0.228571,NS,10/12,4,3
Blood,IL7R,Myeloid,CR→AR,CR,AR,0.09885339,0.029323274,-70.30000305175781,↓,0.1,NS,9/9,3,3
Blood,IL7R,CD4_T,NL→IT,NL,IT,1.8711693,2.4575317,31.299999237060547,↑,0.150794,NS,20/25,5,5
Blood,IL7R,CD4_T,NL→IA,NL,IA,1.8711693,2.3149822,23.700000762939453,↑,0.285714,NS,15/20,5,4
Blood,IL7R,CD4_T,NL→AR,NL,AR,1.8711693,2.5690536,37.29999923706055,↑,0.25,NS,12/15,5,3
Blood,IL7R,CD4_T,NL→CR,NL,CR,1.8711693,2.6699018,42.70000076293945,↑,0.25,NS,12/15,5,3
Blood,IL7R,CD4_T,IT→IA,IT,IA,2.4575317,2.3149822,-5.800000190734863,↓,0.730159,NS,12/20,5,4
Blood,IL7R,CD4_T,IA→AR,IA,AR,2.3149822,2.5690536,11.0,↑,0.628571,NS,8/12,4,3
Blood,IL7R,CD4_T,CR→AR,CR,AR,2.6699018,2.5690536,-3.799999952316284,↓,0.4,NS,7/9,3,3
Blood,IL7R,CD8_T,NL→IT,NL,IT,1.5629177,1.9957426,27.700000762939453,↑,0.222222,NS,19/25,5,5
Blood,IL7R,CD8_T,NL→IA,NL,IA,1.5629177,1.6621088,6.300000190734863,↑,1.0,NS,10/20,5,4
Blood,IL7R,CD8_T,NL→AR,NL,AR,1.5629177,1.5467623,-1.0,↓,0.785714,NS,6/15,5,3
Blood,IL7R,CD8_T,NL→CR,NL,CR,1.5629177,2.1654449,38.59999847412109,↑,0.071429,†,14/15,5,3
Blood,IL7R,CD8_T,IT→IA,IT,IA,1.9957426,1.6621088,-16.700000762939453,↓,0.904762,NS,11/20,5,4
Blood,IL7R,CD8_T,IA→AR,IA,AR,1.6621088,1.5467623,-6.900000095367432,↓,1.0,NS,6/12,4,3
Blood,IL7R,CD8_T,CR→AR,CR,AR,2.1654449,1.5467623,-28.600000381469727,↓,0.1,NS,9/9,3,3
Blood,IL7R,NK,NL→IT,NL,IT,0.31246132,0.43464795,39.09999847412109,↑,0.547619,NS,16/25,5,5
Blood,IL7R,NK,NL→IA,NL,IA,0.31246132,0.49829572,59.5,↑,0.111111,NS,17/20,5,4
Blood,IL7R,NK,NL→AR,NL,AR,0.31246132,0.4234539,35.5,↑,0.392857,NS,11/15,5,3
Blood,IL7R,NK,NL→CR,NL,CR,0.31246132,0.7987768,155.60000610351562,↑,0.035714,*,15/15,5,3
Blood,IL7R,NK,IT→IA,IT,IA,0.43464795,0.49829572,14.600000381469728,↑,0.730159,NS,12/20,5,4
Blood,IL7R,NK,IA→AR,IA,AR,0.49829572,0.4234539,-15.0,↓,0.4,NS,9/12,4,3
Blood,IL7R,NK,CR→AR,CR,AR,0.7987768,0.4234539,-47.0,↓,0.1,NS,9/9,3,3
Blood,IL7R,B,NL→IT,NL,IT,0.027005052,0.035585687,31.799999237060547,↑,0.834035,NS,14/25,5,5
Blood,IL7R,B,NL→IA,NL,IA,0.027005052,0.046065256,70.5999984741211,↑,0.389284,NS,14/20,5,4
Blood,IL7R,B,NL→AR,NL,AR,0.027005052,0.03873283,43.400001525878906,↑,0.548595,NS,10/15,5,3
Blood,IL7R,B,NL→CR,NL,CR,0.027005052,0.09013605,233.8000030517578,↑,0.133701,NS,13/15,5,3
Blood,IL7R,B,IT→IA,IT,IA,0.035585687,0.046065256,29.399999618530277,↑,0.285714,NS,15/20,5,4
Blood,IL7R,B,IA→AR,IA,AR,0.046065256,0.03873283,-15.899999618530272,↓,0.857143,NS,7/12,4,3
Blood,IL7R,B,CR→AR,CR,AR,0.09013605,0.03873283,-57.0,↓,0.1,NS,9/9,3,3
Blood,IL7R,PlasmaB,NL→IT,NL,IT,0.011877371,0.0932675,685.2999877929688,↑,0.044909,*,20/25,5,5
Blood,IL7R,PlasmaB,NL→IA,NL,IA,0.011877371,0.058329664,391.1000061035156,↑,0.227249,NS,13/20,5,4
Blood,IL7R,PlasmaB,NL→AR,NL,AR,0.011877371,0.057684883,385.7000122070313,↑,0.305507,NS,9/15,5,3
Blood,IL7R,PlasmaB,NL→CR,NL,CR,0.011877371,0.13888438,1069.300048828125,↑,0.056664,†,14/15,5,3
Blood,IL7R,PlasmaB,IT→IA,IT,IA,0.0932675,0.058329664,-37.5,↓,0.460558,NS,13/20,5,4
Blood,IL7R,PlasmaB,IA→AR,IA,AR,0.058329664,0.057684883,-1.100000023841858,↓,1.0,NS,6/12,4,3
Blood,IL7R,PlasmaB,CR→AR,CR,AR,0.13888438,0.057684883,-58.5,↓,0.4,NS,7/9,3,3
Blood,IRF4,Myeloid,NL→IT,NL,IT,0.002608537,0.051239956,1864.300048828125,↑,0.009701,**,25/25,5,5
Blood,IRF4,Myeloid,NL→IA,NL,IA,0.002608537,0.0772157,2860.10009765625,↑,0.015078,*,20/20,5,4
Blood,IRF4,Myeloid,NL→AR,NL,AR,0.002608537,0.04816425,1746.4000244140625,↑,0.026179,*,15/15,5,3
Blood,IRF4,Myeloid,NL→CR,NL,CR,0.002608537,0.039138727,1400.4000244140625,↑,0.026179,*,15/15,5,3
Blood,IRF4,Myeloid,IT→IA,IT,IA,0.051239956,0.0772157,50.70000076293945,↑,0.285714,NS,15/20,5,4
Blood,IRF4,Myeloid,IA→AR,IA,AR,0.0772157,0.04816425,-37.59999847412109,↓,0.628571,NS,8/12,4,3
Blood,IRF4,Myeloid,CR→AR,CR,AR,0.039138727,0.04816425,23.100000381469727,↑,0.7,NS,6/9,3,3
Blood,IRF4,CD4_T,NL→IT,NL,IT,0.041604716,0.030222688,-27.399999618530277,↓,0.547619,NS,16/25,5,5
Blood,IRF4,CD4_T,NL→IA,NL,IA,0.041604716,0.047278717,13.600000381469728,↑,0.730159,NS,8/20,5,4
Blood,IRF4,CD4_T,NL→AR,NL,AR,0.041604716,0.033145998,-20.299999237060547,↓,0.25,NS,12/15,5,3
Blood,IRF4,CD4_T,NL→CR,NL,CR,0.041604716,0.023971325,-42.400001525878906,↓,0.25,NS,12/15,5,3
Blood,IRF4,CD4_T,IT→IA,IT,IA,0.030222688,0.047278717,56.400001525878906,↑,0.904762,NS,9/20,5,4
Blood,IRF4,CD4_T,IA→AR,IA,AR,0.047278717,0.033145998,-29.899999618530277,↓,1.0,NS,6/12,4,3
Blood,IRF4,CD4_T,CR→AR,CR,AR,0.023971325,0.033145998,38.29999923706055,↑,0.4,NS,7/9,3,3
Blood,IRF4,CD8_T,NL→IT,NL,IT,0.036340684,0.013270048,-63.5,↓,0.150794,NS,20/25,5,5
Blood,IRF4,CD8_T,NL→IA,NL,IA,0.036340684,0.08504078,134.0,↑,0.730159,NS,8/20,5,4
Blood,IRF4,CD8_T,NL→AR,NL,AR,0.036340684,0.021465024,-40.900001525878906,↓,0.25,NS,12/15,5,3
Blood,IRF4,CD8_T,NL→CR,NL,CR,0.036340684,0.017213196,-52.59999847412109,↓,0.25,NS,12/15,5,3
Blood,IRF4,CD8_T,IT→IA,IT,IA,0.013270048,0.08504078,540.7999877929688,↑,0.730159,NS,12/20,5,4
Blood,IRF4,CD8_T,IA→AR,IA,AR,0.08504078,0.021465024,-74.80000305175781,↓,0.628571,NS,4/12,4,3
Blood,IRF4,CD8_T,CR→AR,CR,AR,0.017213196,0.021465024,24.700000762939453,↑,0.7,NS,6/9,3,3
Blood,IRF4,NK,NL→IT,NL,IT,0.05301597,0.016745035,-68.4000015258789,↓,0.309524,NS,18/25,5,5
Blood,IRF4,NK,NL→IA,NL,IA,0.05301597,0.09294494,75.30000305175781,↑,0.904762,NS,9/20,5,4
Blood,IRF4,NK,NL→AR,NL,AR,0.05301597,0.019308515,-63.59999847412109,↓,0.392857,NS,11/15,5,3
Blood,IRF4,NK,NL→CR,NL,CR,0.05301597,0.024690911,-53.400001525878906,↓,0.571429,NS,10/15,5,3
Blood,IRF4,NK,IT→IA,IT,IA,0.016745035,0.09294494,455.1000061035156,↑,0.904762,NS,11/20,5,4
Blood,IRF4,NK,IA→AR,IA,AR,0.09294494,0.019308515,-79.19999694824219,↓,1.0,NS,6/12,4,3
Blood,IRF4,NK,CR→AR,CR,AR,0.024690911,0.019308515,-21.799999237060547,↓,0.7,NS,6/9,3,3
Blood,IRF4,B,NL→IT,NL,IT,0.104908265,0.1384107,31.899999618530277,↑,0.309524,NS,18/25,5,5
Blood,IRF4,B,NL→IA,NL,IA,0.104908265,0.15705523,49.70000076293945,↑,0.111111,NS,17/20,5,4
Blood,IRF4,B,NL→AR,NL,AR,0.104908265,0.16563243,57.900001525878906,↑,0.142857,NS,13/15,5,3
Blood,IRF4,B,NL→CR,NL,CR,0.104908265,0.12556027,19.700000762939453,↑,1.0,NS,8/15,5,3
Blood,IRF4,B,IT→IA,IT,IA,0.1384107,0.15705523,13.5,↑,0.555556,NS,13/20,5,4
Blood,IRF4,B,IA→AR,IA,AR,0.15705523,0.16563243,5.5,↑,0.857143,NS,7/12,4,3
Blood,IRF4,B,CR→AR,CR,AR,0.12556027,0.16563243,31.899999618530277,↑,0.4,NS,7/9,3,3
Blood,IRF4,PlasmaB,NL→IT,NL,IT,0.6991132,0.8376061,19.799999237060547,↑,0.420635,NS,17/25,5,5
Blood,IRF4,PlasmaB,NL→IA,NL,IA,0.6991132,0.74507594,6.599999904632568,↑,0.555556,NS,13/20,5,4
Blood,IRF4,PlasmaB,NL→AR,NL,AR,0.6991132,0.9204095,31.700000762939453,↑,0.25,NS,12/15,5,3
Blood,IRF4,PlasmaB,NL→CR,NL,CR,0.6991132,0.87468916,25.100000381469727,↑,0.25,NS,12/15,5,3
Blood,IRF4,PlasmaB,IT→IA,IT,IA,0.8376061,0.74507594,-11.0,↓,0.555556,NS,13/20,5,4
Blood,IRF4,PlasmaB,IA→AR,IA,AR,0.74507594,0.9204095,23.5,↑,0.4,NS,9/12,4,3
Blood,IRF4,PlasmaB,CR→AR,CR,AR,0.87468916,0.9204095,5.199999809265137,↑,1.0,NS,5/9,3,3
Blood,ITGAE,Myeloid,NL→IT,NL,IT,0.21902514,0.27856618,27.200000762939453,↑,0.84127,NS,14/25,5,5
Blood,ITGAE,Myeloid,NL→IA,NL,IA,0.21902514,0.25601727,16.899999618530273,↑,1.0,NS,10/20,5,4
Blood,ITGAE,Myeloid,NL→AR,NL,AR,0.21902514,0.25797072,17.799999237060547,↑,0.785714,NS,6/15,5,3
Blood,ITGAE,Myeloid,NL→CR,NL,CR,0.21902514,0.3428931,56.59999847412109,↑,0.035714,*,15/15,5,3
Blood,ITGAE,Myeloid,IT→IA,IT,IA,0.27856618,0.25601727,-8.100000381469727,↓,0.730159,NS,12/20,5,4
Blood,ITGAE,Myeloid,IA→AR,IA,AR,0.25601727,0.25797072,0.800000011920929,↑,0.857143,NS,7/12,4,3
Blood,ITGAE,Myeloid,CR→AR,CR,AR,0.3428931,0.25797072,-24.799999237060547,↓,0.1,NS,9/9,3,3
Blood,ITGAE,CD4_T,NL→IT,NL,IT,0.26609614,0.19756183,-25.799999237060547,↓,0.420635,NS,17/25,5,5
Blood,ITGAE,CD4_T,NL→IA,NL,IA,0.26609614,0.17230423,-35.20000076293945,↓,0.190476,NS,16/20,5,4
Blood,ITGAE,CD4_T,NL→AR,NL,AR,0.26609614,0.18246508,-31.399999618530277,↓,0.571429,NS,10/15,5,3
Blood,ITGAE,CD4_T,NL→CR,NL,CR,0.26609614,0.1843419,-30.700000762939453,↓,0.785714,NS,9/15,5,3
Blood,ITGAE,CD4_T,IT→IA,IT,IA,0.19756183,0.17230423,-12.800000190734863,↓,0.190476,NS,16/20,5,4
Blood,ITGAE,CD4_T,IA→AR,IA,AR,0.17230423,0.18246508,5.900000095367432,↑,0.228571,NS,10/12,4,3
Blood,ITGAE,CD4_T,CR→AR,CR,AR,0.1843419,0.18246508,-1.0,↓,0.7,NS,6/9,3,3
Blood,ITGAE,CD8_T,NL→IT,NL,IT,0.24273483,0.20607626,-15.100000381469728,↓,1.0,NS,12/25,5,5
Blood,ITGAE,CD8_T,NL→IA,NL,IA,0.24273483,0.23476705,-3.299999952316284,↓,0.904762,NS,11/20,5,4
Blood,ITGAE,CD8_T,NL→AR,NL,AR,0.24273483,0.20014168,-17.5,↓,1.0,NS,8/15,5,3
Blood,ITGAE,CD8_T,NL→CR,NL,CR,0.24273483,0.21981734,-9.399999618530272,↓,0.785714,NS,6/15,5,3
Blood,ITGAE,CD8_T,IT→IA,IT,IA,0.20607626,0.23476705,13.899999618530272,↑,0.412698,NS,6/20,5,4
Blood,ITGAE,CD8_T,IA→AR,IA,AR,0.23476705,0.20014168,-14.699999809265137,↓,0.628571,NS,4/12,4,3
Blood,ITGAE,CD8_T,CR→AR,CR,AR,0.21981734,0.20014168,-9.0,↓,0.4,NS,7/9,3,3
Blood,ITGAE,NK,NL→IT,NL,IT,0.19433865,0.20396094,5.0,↑,0.690476,NS,15/25,5,5
Blood,ITGAE,NK,NL→IA,NL,IA,0.19433865,0.2386951,22.799999237060547,↑,0.555556,NS,13/20,5,4
Blood,ITGAE,NK,NL→AR,NL,AR,0.19433865,0.18693309,-3.799999952316284,↓,0.785714,NS,9/15,5,3
Blood,ITGAE,NK,NL→CR,NL,CR,0.19433865,0.2863029,47.29999923706055,↑,0.25,NS,12/15,5,3
Blood,ITGAE,NK,IT→IA,IT,IA,0.20396094,0.2386951,17.0,↑,1.0,NS,10/20,5,4
Blood,ITGAE,NK,IA→AR,IA,AR,0.2386951,0.18693309,-21.700000762939453,↓,0.628571,NS,8/12,4,3
Blood,ITGAE,NK,CR→AR,CR,AR,0.2863029,0.18693309,-34.70000076293945,↓,0.2,NS,8/9,3,3
Blood,ITGAE,B,NL→IT,NL,IT,0.32802606,0.41558522,26.700000762939453,↑,0.150794,NS,20/25,5,5
Blood,ITGAE,B,NL→IA,NL,IA,0.32802606,0.2764067,-15.699999809265137,↓,0.285714,NS,15/20,5,4
Blood,ITGAE,B,NL→AR,NL,AR,0.32802606,0.34605822,5.5,↑,0.785714,NS,9/15,5,3
Blood,ITGAE,B,NL→CR,NL,CR,0.32802606,0.5730528,74.69999694824219,↑,0.035714,*,15/15,5,3
Blood,ITGAE,B,IT→IA,IT,IA,0.41558522,0.2764067,-33.5,↓,0.031746,*,19/20,5,4
Blood,ITGAE,B,IA→AR,IA,AR,0.2764067,0.34605822,25.200000762939453,↑,0.114286,NS,11/12,4,3
Blood,ITGAE,B,CR→AR,CR,AR,0.5730528,0.34605822,-39.59999847412109,↓,0.1,NS,9/9,3,3
Blood,ITGAE,PlasmaB,NL→IT,NL,IT,0.3312618,0.4497893,35.79999923706055,↑,0.309524,NS,18/25,5,5
Blood,ITGAE,PlasmaB,NL→IA,NL,IA,0.3312618,0.4100268,23.799999237060547,↑,0.555556,NS,13/20,5,4
Blood,ITGAE,PlasmaB,NL→AR,NL,AR,0.3312618,0.43615797,31.700000762939453,↑,0.392857,NS,11/15,5,3
Blood,ITGAE,PlasmaB,NL→CR,NL,CR,0.3312618,0.5140228,55.20000076293945,↑,0.392857,NS,11/15,5,3
Blood,ITGAE,PlasmaB,IT→IA,IT,IA,0.4497893,0.4100268,-8.800000190734863,↓,1.0,NS,10/20,5,4
Blood,ITGAE,PlasmaB,IA→AR,IA,AR,0.4100268,0.43615797,6.400000095367432,↑,1.0,NS,6/12,4,3
Blood,ITGAE,PlasmaB,CR→AR,CR,AR,0.5140228,0.43615797,-15.100000381469728,↓,0.7,NS,6/9,3,3
Blood,JAK1,Myeloid,NL→IT,NL,IT,0.36525846,0.8337113,128.3000030517578,↑,0.007937,**,25/25,5,5
Blood,JAK1,Myeloid,NL→IA,NL,IA,0.36525846,0.8602425,135.5,↑,0.015873,*,20/20,5,4
Blood,JAK1,Myeloid,NL→AR,NL,AR,0.36525846,0.8739221,139.3000030517578,↑,0.035714,*,15/15,5,3
Blood,JAK1,Myeloid,NL→CR,NL,CR,0.36525846,0.8739298,139.3000030517578,↑,0.035714,*,15/15,5,3
Blood,JAK1,Myeloid,IT→IA,IT,IA,0.8337113,0.8602425,3.200000047683716,↑,0.730159,NS,12/20,5,4
Blood,JAK1,Myeloid,IA→AR,IA,AR,0.8602425,0.8739221,1.600000023841858,↑,0.628571,NS,4/12,4,3
Blood,JAK1,Myeloid,CR→AR,CR,AR,0.8739298,0.8739221,-0.0,↓,1.0,NS,4/9,3,3
Blood,JAK1,CD4_T,NL→IT,NL,IT,0.8589016,1.050806,22.299999237060547,↑,0.095238,†,21/25,5,5
Blood,JAK1,CD4_T,NL→IA,NL,IA,0.8589016,1.200669,39.79999923706055,↑,0.015873,*,20/20,5,4
Blood,JAK1,CD4_T,NL→AR,NL,AR,0.8589016,1.2197127,42.0,↑,0.035714,*,15/15,5,3
Blood,JAK1,CD4_T,NL→CR,NL,CR,0.8589016,1.3658333,59.0,↑,0.035714,*,15/15,5,3
Blood,JAK1,CD4_T,IT→IA,IT,IA,1.050806,1.200669,14.300000190734863,↑,0.190476,NS,16/20,5,4
Blood,JAK1,CD4_T,IA→AR,IA,AR,1.200669,1.2197127,1.600000023841858,↑,0.857143,NS,7/12,4,3
Blood,JAK1,CD4_T,CR→AR,CR,AR,1.3658333,1.2197127,-10.699999809265137,↓,0.4,NS,7/9,3,3
Blood,JAK1,CD8_T,NL→IT,NL,IT,0.8388737,1.0640117,26.799999237060547,↑,0.547619,NS,16/25,5,5
Blood,JAK1,CD8_T,NL→IA,NL,IA,0.8388737,1.2365465,47.400001525878906,↑,0.031746,*,19/20,5,4
Blood,JAK1,CD8_T,NL→AR,NL,AR,0.8388737,1.2437557,48.29999923706055,↑,0.035714,*,15/15,5,3
Blood,JAK1,CD8_T,NL→CR,NL,CR,0.8388737,1.3373814,59.400001525878906,↑,0.035714,*,15/15,5,3
Blood,JAK1,CD8_T,IT→IA,IT,IA,1.0640117,1.2365465,16.200000762939453,↑,0.285714,NS,15/20,5,4
Blood,JAK1,CD8_T,IA→AR,IA,AR,1.2365465,1.2437557,0.6000000238418579,↑,1.0,NS,6/12,4,3
Blood,JAK1,CD8_T,CR→AR,CR,AR,1.3373814,1.2437557,-7.0,↓,0.7,NS,6/9,3,3
Blood,JAK1,NK,NL→IT,NL,IT,1.0271492,1.509094,46.900001525878906,↑,0.007937,**,25/25,5,5
Blood,JAK1,NK,NL→IA,NL,IA,1.0271492,1.6923646,64.80000305175781,↑,0.015873,*,20/20,5,4
Blood,JAK1,NK,NL→AR,NL,AR,1.0271492,1.5530095,51.20000076293945,↑,0.035714,*,15/15,5,3
Blood,JAK1,NK,NL→CR,NL,CR,1.0271492,1.8350487,78.69999694824219,↑,0.035714,*,15/15,5,3
Blood,JAK1,NK,IT→IA,IT,IA,1.509094,1.6923646,12.100000381469728,↑,0.190476,NS,16/20,5,4
Blood,JAK1,NK,IA→AR,IA,AR,1.6923646,1.5530095,-8.199999809265137,↓,0.628571,NS,8/12,4,3
Blood,JAK1,NK,CR→AR,CR,AR,1.8350487,1.5530095,-15.399999618530272,↓,0.1,NS,9/9,3,3
Blood,JAK1,B,NL→IT,NL,IT,0.7028747,1.0304759,46.59999847412109,↑,0.007937,**,25/25,5,5
Blood,JAK1,B,NL→IA,NL,IA,0.7028747,1.0631589,51.29999923706055,↑,0.063492,†,18/20,5,4
Blood,JAK1,B,NL→AR,NL,AR,0.7028747,1.1518154,63.900001525878906,↑,0.035714,*,15/15,5,3
Blood,JAK1,B,NL→CR,NL,CR,0.7028747,1.2830043,82.5,↑,0.035714,*,15/15,5,3
Blood,JAK1,B,IT→IA,IT,IA,1.0304759,1.0631589,3.200000047683716,↑,0.555556,NS,13/20,5,4
Blood,JAK1,B,IA→AR,IA,AR,1.0631589,1.1518154,8.300000190734863,↑,0.628571,NS,8/12,4,3
Blood,JAK1,B,CR→AR,CR,AR,1.2830043,1.1518154,-10.199999809265137,↓,0.7,NS,6/9,3,3
Blood,JAK1,PlasmaB,NL→IT,NL,IT,0.35815883,0.8368808,133.6999969482422,↑,0.015873,*,24/25,5,5
Blood,JAK1,PlasmaB,NL→IA,NL,IA,0.35815883,0.7049916,96.8000030517578,↑,0.190476,NS,16/20,5,4
Blood,JAK1,PlasmaB,NL→AR,NL,AR,0.35815883,0.644365,79.9000015258789,↑,0.071429,†,14/15,5,3
Blood,JAK1,PlasmaB,NL→CR,NL,CR,0.35815883,1.2192076,240.3999938964844,↑,0.035714,*,15/15,5,3
Blood,JAK1,PlasmaB,IT→IA,IT,IA,0.8368808,0.7049916,-15.800000190734863,↓,0.904762,NS,11/20,5,4
Blood,JAK1,PlasmaB,IA→AR,IA,AR,0.7049916,0.644365,-8.600000381469727,↓,0.857143,NS,7/12,4,3
Blood,JAK1,PlasmaB,CR→AR,CR,AR,1.2192076,0.644365,-47.09999847412109,↓,0.1,NS,9/9,3,3
Blood,JAK3,Myeloid,NL→IT,NL,IT,0.18295081,0.1943557,6.199999809265137,↑,0.690476,NS,15/25,5,5
Blood,JAK3,Myeloid,NL→IA,NL,IA,0.18295081,0.19455227,6.300000190734863,↑,1.0,NS,10/20,5,4
Blood,JAK3,Myeloid,NL→AR,NL,AR,0.18295081,0.20669822,13.0,↑,0.785714,NS,9/15,5,3
Blood,JAK3,Myeloid,NL→CR,NL,CR,0.18295081,0.25594223,39.900001525878906,↑,0.785714,NS,9/15,5,3
Blood,JAK3,Myeloid,IT→IA,IT,IA,0.1943557,0.19455227,0.1000000014901161,↑,0.730159,NS,12/20,5,4
Blood,JAK3,Myeloid,IA→AR,IA,AR,0.19455227,0.20669822,6.199999809265137,↑,0.628571,NS,4/12,4,3
Blood,JAK3,Myeloid,CR→AR,CR,AR,0.25594223,0.20669822,-19.200000762939453,↓,0.1,NS,9/9,3,3
Blood,JAK3,CD4_T,NL→IT,NL,IT,0.3329324,0.40162668,20.600000381469727,↑,0.547619,NS,16/25,5,5
Blood,JAK3,CD4_T,NL→IA,NL,IA,0.3329324,0.43068588,29.399999618530277,↑,0.555556,NS,13/20,5,4
Blood,JAK3,CD4_T,NL→AR,NL,AR,0.3329324,0.4559524,37.0,↑,0.25,NS,12/15,5,3
Blood,JAK3,CD4_T,NL→CR,NL,CR,0.3329324,0.3811883,14.5,↑,0.392857,NS,11/15,5,3
Blood,JAK3,CD4_T,IT→IA,IT,IA,0.40162668,0.43068588,7.199999809265137,↑,1.0,NS,10/20,5,4
Blood,JAK3,CD4_T,IA→AR,IA,AR,0.43068588,0.4559524,5.900000095367432,↑,1.0,NS,6/12,4,3
Blood,JAK3,CD4_T,CR→AR,CR,AR,0.3811883,0.4559524,19.600000381469727,↑,0.1,NS,9/9,3,3
Blood,JAK3,CD8_T,NL→IT,NL,IT,0.29603052,0.3395127,14.699999809265137,↑,0.690476,NS,15/25,5,5
Blood,JAK3,CD8_T,NL→IA,NL,IA,0.29603052,0.39598736,33.79999923706055,↑,0.285714,NS,15/20,5,4
Blood,JAK3,CD8_T,NL→AR,NL,AR,0.29603052,0.4021506,35.79999923706055,↑,0.142857,NS,13/15,5,3
Blood,JAK3,CD8_T,NL→CR,NL,CR,0.29603052,0.369536,24.799999237060547,↑,0.142857,NS,13/15,5,3
Blood,JAK3,CD8_T,IT→IA,IT,IA,0.3395127,0.39598736,16.600000381469727,↑,0.730159,NS,12/20,5,4
Blood,JAK3,CD8_T,IA→AR,IA,AR,0.39598736,0.4021506,1.600000023841858,↑,1.0,NS,6/12,4,3
Blood,JAK3,CD8_T,CR→AR,CR,AR,0.369536,0.4021506,8.800000190734863,↑,0.4,NS,7/9,3,3
Blood,JAK3,NK,NL→IT,NL,IT,0.14706063,0.23745398,61.5,↑,0.150794,NS,20/25,5,5
Blood,JAK3,NK,NL→IA,NL,IA,0.14706063,0.29541504,100.9000015258789,↑,0.031746,*,19/20,5,4
Blood,JAK3,NK,NL→AR,NL,AR,0.14706063,0.30602258,108.0999984741211,↑,0.071429,†,14/15,5,3
Blood,JAK3,NK,NL→CR,NL,CR,0.14706063,0.23789088,61.79999923706055,↑,0.142857,NS,13/15,5,3
Blood,JAK3,NK,IT→IA,IT,IA,0.23745398,0.29541504,24.399999618530277,↑,0.412698,NS,14/20,5,4
Blood,JAK3,NK,IA→AR,IA,AR,0.29541504,0.30602258,3.5999999046325684,↑,1.0,NS,6/12,4,3
Blood,JAK3,NK,CR→AR,CR,AR,0.23789088,0.30602258,28.600000381469727,↑,0.4,NS,7/9,3,3
Blood,JAK3,B,NL→IT,NL,IT,0.10284438,0.20577271,100.0999984741211,↑,0.095238,†,21/25,5,5
Blood,JAK3,B,NL→IA,NL,IA,0.10284438,0.21869048,112.5999984741211,↑,0.111111,NS,17/20,5,4
Blood,JAK3,B,NL→AR,NL,AR,0.10284438,0.21831404,112.3000030517578,↑,0.035714,*,15/15,5,3
Blood,JAK3,B,NL→CR,NL,CR,0.10284438,0.20692746,101.1999969482422,↑,0.035714,*,15/15,5,3
Blood,JAK3,B,IT→IA,IT,IA,0.20577271,0.21869048,6.300000190734863,↑,0.730159,NS,12/20,5,4
Blood,JAK3,B,IA→AR,IA,AR,0.21869048,0.21831404,-0.2000000029802322,↓,0.857143,NS,7/12,4,3
Blood,JAK3,B,CR→AR,CR,AR,0.20692746,0.21831404,5.5,↑,0.7,NS,6/9,3,3
Blood,JAK3,PlasmaB,NL→IT,NL,IT,0.014100498,0.08140651,477.2999877929688,↑,0.011159,*,25/25,5,5
Blood,JAK3,PlasmaB,NL→IA,NL,IA,0.014100498,0.1276043,805.0,↑,0.034204,*,19/20,5,4
Blood,JAK3,PlasmaB,NL→AR,NL,AR,0.014100498,0.062318414,342.0,↑,0.12663,NS,13/15,5,3
Blood,JAK3,PlasmaB,NL→CR,NL,CR,0.014100498,0.11742768,732.7999877929688,↑,0.066798,†,14/15,5,3
Blood,JAK3,PlasmaB,IT→IA,IT,IA,0.08140651,0.1276043,56.70000076293945,↑,0.285714,NS,15/20,5,4
Blood,JAK3,PlasmaB,IA→AR,IA,AR,0.1276043,0.062318414,-51.20000076293945,↓,0.228571,NS,10/12,4,3
Blood,JAK3,PlasmaB,CR→AR,CR,AR,0.11742768,0.062318414,-46.900001525878906,↓,0.4,NS,7/9,3,3
Blood,KDM6A,Myeloid,NL→IT,NL,IT,0.05928976,0.12887534,117.4000015258789,↑,0.055556,†,22/25,5,5
Blood,KDM6A,Myeloid,NL→IA,NL,IA,0.05928976,0.11193881,88.80000305175781,↑,0.015873,*,20/20,5,4
Blood,KDM6A,Myeloid,NL→AR,NL,AR,0.05928976,0.12998746,119.1999969482422,↑,0.25,NS,12/15,5,3
Blood,KDM6A,Myeloid,NL→CR,NL,CR,0.05928976,0.1596482,169.3000030517578,↑,0.035714,*,15/15,5,3
Blood,KDM6A,Myeloid,IT→IA,IT,IA,0.12887534,0.11193881,-13.100000381469728,↓,0.412698,NS,14/20,5,4
Blood,KDM6A,Myeloid,IA→AR,IA,AR,0.11193881,0.12998746,16.100000381469727,↑,0.857143,NS,7/12,4,3
Blood,KDM6A,Myeloid,CR→AR,CR,AR,0.1596482,0.12998746,-18.600000381469727,↓,0.7,NS,6/9,3,3
Blood,KDM6A,CD4_T,NL→IT,NL,IT,0.085295305,0.14015096,64.30000305175781,↑,0.222222,NS,19/25,5,5
Blood,KDM6A,CD4_T,NL→IA,NL,IA,0.085295305,0.10699254,25.399999618530277,↑,0.555556,NS,13/20,5,4
Blood,KDM6A,CD4_T,NL→AR,NL,AR,0.085295305,0.15526892,82.0,↑,0.392857,NS,11/15,5,3
Blood,KDM6A,CD4_T,NL→CR,NL,CR,0.085295305,0.19585598,129.60000610351562,↑,0.035714,*,15/15,5,3
Blood,KDM6A,CD4_T,IT→IA,IT,IA,0.14015096,0.10699254,-23.700000762939453,↓,0.555556,NS,13/20,5,4
Blood,KDM6A,CD4_T,IA→AR,IA,AR,0.10699254,0.15526892,45.09999847412109,↑,0.628571,NS,8/12,4,3
Blood,KDM6A,CD4_T,CR→AR,CR,AR,0.19585598,0.15526892,-20.700000762939453,↓,0.7,NS,6/9,3,3
Blood,KDM6A,CD8_T,NL→IT,NL,IT,0.0720068,0.12566617,74.5,↑,0.294802,NS,18/25,5,5
Blood,KDM6A,CD8_T,NL→IA,NL,IA,0.0720068,0.10996267,52.70000076293945,↑,0.712155,NS,12/20,5,4
Blood,KDM6A,CD8_T,NL→AR,NL,AR,0.0720068,0.14384635,99.8000030517578,↑,0.368227,NS,11/15,5,3
Blood,KDM6A,CD8_T,NL→CR,NL,CR,0.0720068,0.19632791,172.6999969482422,↑,0.03577,*,15/15,5,3
Blood,KDM6A,CD8_T,IT→IA,IT,IA,0.12566617,0.10996267,-12.5,↓,0.730159,NS,12/20,5,4
Blood,KDM6A,CD8_T,IA→AR,IA,AR,0.10996267,0.14384635,30.799999237060547,↑,0.628571,NS,8/12,4,3
Blood,KDM6A,CD8_T,CR→AR,CR,AR,0.19632791,0.14384635,-26.700000762939453,↓,0.7,NS,6/9,3,3
Blood,KDM6A,NK,NL→IT,NL,IT,0.08163177,0.14957984,83.19999694824219,↑,0.222222,NS,19/25,5,5
Blood,KDM6A,NK,NL→IA,NL,IA,0.08163177,0.11948034,46.400001525878906,↑,0.285714,NS,15/20,5,4
Blood,KDM6A,NK,NL→AR,NL,AR,0.08163177,0.16611318,103.5,↑,0.25,NS,12/15,5,3
Blood,KDM6A,NK,NL→CR,NL,CR,0.08163177,0.18462007,126.1999969482422,↑,0.035714,*,15/15,5,3
Blood,KDM6A,NK,IT→IA,IT,IA,0.14957984,0.11948034,-20.100000381469727,↓,0.412698,NS,14/20,5,4
Blood,KDM6A,NK,IA→AR,IA,AR,0.11948034,0.16611318,39.0,↑,0.857143,NS,7/12,4,3
Blood,KDM6A,NK,CR→AR,CR,AR,0.18462007,0.16611318,-10.0,↓,0.7,NS,6/9,3,3
Blood,KDM6A,B,NL→IT,NL,IT,0.0988494,0.13662423,38.20000076293945,↑,0.547619,NS,16/25,5,5
Blood,KDM6A,B,NL→IA,NL,IA,0.0988494,0.11310072,14.399999618530272,↑,0.904762,NS,11/20,5,4
Blood,KDM6A,B,NL→AR,NL,AR,0.0988494,0.17082377,72.80000305175781,↑,0.392857,NS,11/15,5,3
Blood,KDM6A,B,NL→CR,NL,CR,0.0988494,0.19304748,95.3000030517578,↑,0.142857,NS,13/15,5,3
Blood,KDM6A,B,IT→IA,IT,IA,0.13662423,0.11310072,-17.200000762939453,↓,0.412698,NS,14/20,5,4
Blood,KDM6A,B,IA→AR,IA,AR,0.11310072,0.17082377,51.0,↑,0.628571,NS,8/12,4,3
Blood,KDM6A,B,CR→AR,CR,AR,0.19304748,0.17082377,-11.5,↓,0.7,NS,6/9,3,3
Blood,KDM6A,PlasmaB,NL→IT,NL,IT,0.06930991,0.18679959,169.5,↑,0.093693,†,21/25,5,5
Blood,KDM6A,PlasmaB,NL→IA,NL,IA,0.06930991,0.09670052,39.5,↑,0.533389,NS,12/20,5,4
Blood,KDM6A,PlasmaB,NL→AR,NL,AR,0.06930991,0.071458064,3.0999999046325684,↑,0.764228,NS,9/15,5,3
Blood,KDM6A,PlasmaB,NL→CR,NL,CR,0.06930991,0.22264113,221.1999969482422,↑,0.03577,*,15/15,5,3
Blood,KDM6A,PlasmaB,IT→IA,IT,IA,0.18679959,0.09670052,-48.20000076293945,↓,0.285714,NS,15/20,5,4
Blood,KDM6A,PlasmaB,IA→AR,IA,AR,0.09670052,0.071458064,-26.100000381469727,↓,1.0,NS,6/12,4,3
Blood,KDM6A,PlasmaB,CR→AR,CR,AR,0.22264113,0.071458064,-67.9000015258789,↓,0.1,NS,9/9,3,3
Blood,KDR,Myeloid,NL→IT,NL,IT,0.0,0.0,0.0,↑,1.0,NS,0/25,5,5
Blood,KDR,Myeloid,NL→IA,NL,IA,0.0,0.0,0.0,↑,1.0,NS,0/20,5,4
Blood,KDR,Myeloid,NL→AR,NL,AR,0.0,0.0,0.0,↑,1.0,NS,0/15,5,3
Blood,KDR,Myeloid,NL→CR,NL,CR,0.0,0.0,0.0,↑,1.0,NS,0/15,5,3
Blood,KDR,Myeloid,IT→IA,IT,IA,0.0,0.0,0.0,↑,1.0,NS,0/20,5,4
Blood,KDR,Myeloid,IA→AR,IA,AR,0.0,0.0,0.0,↑,1.0,NS,0/12,4,3
Blood,KDR,Myeloid,CR→AR,CR,AR,0.0,0.0,0.0,↑,1.0,NS,0/9,3,3
Blood,KDR,CD4_T,NL→IT,NL,IT,0.0,0.0,0.0,↑,1.0,NS,0/25,5,5
Blood,KDR,CD4_T,NL→IA,NL,IA,0.0,0.0,0.0,↑,1.0,NS,0/20,5,4
Blood,KDR,CD4_T,NL→AR,NL,AR,0.0,0.0,0.0,↑,1.0,NS,0/15,5,3
Blood,KDR,CD4_T,NL→CR,NL,CR,0.0,0.0,0.0,↑,1.0,NS,0/15,5,3
Blood,KDR,CD4_T,IT→IA,IT,IA,0.0,0.0,0.0,↑,1.0,NS,0/20,5,4
Blood,KDR,CD4_T,IA→AR,IA,AR,0.0,0.0,0.0,↑,1.0,NS,0/12,4,3
Blood,KDR,CD4_T,CR→AR,CR,AR,0.0,0.0,0.0,↑,1.0,NS,0/9,3,3
Blood,KDR,CD8_T,NL→IT,NL,IT,0.0,0.0,0.0,↑,1.0,NS,0/25,5,5
Blood,KDR,CD8_T,NL→IA,NL,IA,0.0,0.0,0.0,↑,1.0,NS,0/20,5,4
Blood,KDR,CD8_T,NL→AR,NL,AR,0.0,0.0,0.0,↑,1.0,NS,0/15,5,3
Blood,KDR,CD8_T,NL→CR,NL,CR,0.0,0.0,0.0,↑,1.0,NS,0/15,5,3
Blood,KDR,CD8_T,IT→IA,IT,IA,0.0,0.0,0.0,↑,1.0,NS,0/20,5,4
Blood,KDR,CD8_T,IA→AR,IA,AR,0.0,0.0,0.0,↑,1.0,NS,0/12,4,3
Blood,KDR,CD8_T,CR→AR,CR,AR,0.0,0.0,0.0,↑,1.0,NS,0/9,3,3
Blood,KDR,NK,NL→IT,NL,IT,0.0,0.0,0.0,↑,1.0,NS,0/25,5,5
Blood,KDR,NK,NL→IA,NL,IA,0.0,0.00022569674,99999.0,↑,0.371093,NS,5/20,5,4
Blood,KDR,NK,NL→AR,NL,AR,0.0,0.0,0.0,↑,1.0,NS,0/15,5,3
Blood,KDR,NK,NL→CR,NL,CR,0.0,0.0,0.0,↑,1.0,NS,0/15,5,3
Blood,KDR,NK,IT→IA,IT,IA,0.0,0.00022569674,99999.0,↑,0.371093,NS,5/20,5,4
Blood,KDR,NK,IA→AR,IA,AR,0.00022569674,0.0,-100.0,↓,0.563703,NS,3/12,4,3
Blood,KDR,NK,CR→AR,CR,AR,0.0,0.0,0.0,↑,1.0,NS,0/9,3,3
Blood,KDR,B,NL→IT,NL,IT,0.0,0.0,0.0,↑,1.0,NS,0/25,5,5
Blood,KDR,B,NL→IA,NL,IA,0.0,0.0,0.0,↑,1.0,NS,0/20,5,4
Blood,KDR,B,NL→AR,NL,AR,0.0,0.0,0.0,↑,1.0,NS,0/15,5,3
Blood,KDR,B,NL→CR,NL,CR,0.0,0.0,0.0,↑,1.0,NS,0/15,5,3
Blood,KDR,B,IT→IA,IT,IA,0.0,0.0,0.0,↑,1.0,NS,0/20,5,4
Blood,KDR,B,IA→AR,IA,AR,0.0,0.0,0.0,↑,1.0,NS,0/12,4,3
Blood,KDR,B,CR→AR,CR,AR,0.0,0.0,0.0,↑,1.0,NS,0/9,3,3
Blood,KDR,PlasmaB,NL→IT,NL,IT,0.0,0.0,0.0,↑,1.0,NS,0/25,5,5
Blood,KDR,PlasmaB,NL→IA,NL,IA,0.0,0.0,0.0,↑,1.0,NS,0/20,5,4
Blood,KDR,PlasmaB,NL→AR,NL,AR,0.0,0.0,0.0,↑,1.0,NS,0/15,5,3
Blood,KDR,PlasmaB,NL→CR,NL,CR,0.0,0.0,0.0,↑,1.0,NS,0/15,5,3
Blood,KDR,PlasmaB,IT→IA,IT,IA,0.0,0.0,0.0,↑,1.0,NS,0/20,5,4
Blood,KDR,PlasmaB,IA→AR,IA,AR,0.0,0.0,0.0,↑,1.0,NS,0/12,4,3
Blood,KDR,PlasmaB,CR→AR,CR,AR,0.0,0.0,0.0,↑,1.0,NS,0/9,3,3
Blood,KLRD1,Myeloid,NL→IT,NL,IT,0.0043175993,0.006503968,50.59999847412109,↑,0.503812,NS,13/25,5,5
Blood,KLRD1,Myeloid,NL→IA,NL,IA,0.0043175993,0.0073864805,71.0999984741211,↑,0.170609,NS,16/20,5,4
Blood,KLRD1,Myeloid,NL→AR,NL,AR,0.0043175993,0.004876237,12.899999618530272,↑,0.633737,NS,8/15,5,3
Blood,KLRD1,Myeloid,NL→CR,NL,CR,0.0043175993,0.0036427293,-15.600000381469728,↓,0.2217,NS,3/15,5,3
Blood,KLRD1,Myeloid,IT→IA,IT,IA,0.006503968,0.0073864805,13.600000381469728,↑,0.268341,NS,15/20,5,4
Blood,KLRD1,Myeloid,IA→AR,IA,AR,0.0073864805,0.004876237,-34.0,↓,0.628571,NS,8/12,4,3
Blood,KLRD1,Myeloid,CR→AR,CR,AR,0.0036427293,0.004876237,33.900001525878906,↑,0.7,NS,3/9,3,3
Blood,KLRD1,CD4_T,NL→IT,NL,IT,0.06734031,0.079566635,18.200000762939453,↑,0.420635,NS,17/25,5,5
Blood,KLRD1,CD4_T,NL→IA,NL,IA,0.06734031,0.13132304,95.0,↑,0.111111,NS,17/20,5,4
Blood,KLRD1,CD4_T,NL→AR,NL,AR,0.06734031,0.0267852,-60.20000076293945,↓,0.785714,NS,9/15,5,3
Blood,KLRD1,CD4_T,NL→CR,NL,CR,0.06734031,0.056744277,-15.699999809265137,↓,1.0,NS,7/15,5,3
Blood,KLRD1,CD4_T,IT→IA,IT,IA,0.079566635,0.13132304,65.0,↑,0.730159,NS,12/20,5,4
Blood,KLRD1,CD4_T,IA→AR,IA,AR,0.13132304,0.0267852,-79.5999984741211,↓,0.057143,†,12/12,4,3
Blood,KLRD1,CD4_T,CR→AR,CR,AR,0.056744277,0.0267852,-52.79999923706055,↓,0.4,NS,7/9,3,3
Blood,KLRD1,CD8_T,NL→IT,NL,IT,0.5268741,0.51996773,-1.2999999523162842,↓,0.84127,NS,11/25,5,5
Blood,KLRD1,CD8_T,NL→IA,NL,IA,0.5268741,0.58557737,11.100000381469728,↑,0.555556,NS,13/20,5,4
Blood,KLRD1,CD8_T,NL→AR,NL,AR,0.5268741,0.6059801,15.0,↑,0.785714,NS,9/15,5,3
Blood,KLRD1,CD8_T,NL→CR,NL,CR,0.5268741,0.3427877,-34.900001525878906,↓,0.785714,NS,6/15,5,3
Blood,KLRD1,CD8_T,IT→IA,IT,IA,0.51996773,0.58557737,12.600000381469728,↑,0.904762,NS,11/20,5,4
Blood,KLRD1,CD8_T,IA→AR,IA,AR,0.58557737,0.6059801,3.5,↑,0.857143,NS,7/12,4,3
Blood,KLRD1,CD8_T,CR→AR,CR,AR,0.3427877,0.6059801,76.80000305175781,↑,0.7,NS,6/9,3,3
Blood,KLRD1,NK,NL→IT,NL,IT,2.2257059,2.2223773,-0.1000000014901161,↓,1.0,NS,12/25,5,5
Blood,KLRD1,NK,NL→IA,NL,IA,2.2257059,1.987375,-10.699999809265137,↓,0.190476,NS,16/20,5,4
Blood,KLRD1,NK,NL→AR,NL,AR,2.2257059,1.9133157,-14.0,↓,0.142857,NS,13/15,5,3
Blood,KLRD1,NK,NL→CR,NL,CR,2.2257059,1.900673,-14.600000381469728,↓,0.25,NS,12/15,5,3
Blood,KLRD1,NK,IT→IA,IT,IA,2.2223773,1.987375,-10.600000381469728,↓,0.190476,NS,16/20,5,4
Blood,KLRD1,NK,IA→AR,IA,AR,1.987375,1.9133157,-3.700000047683716,↓,0.4,NS,9/12,4,3
Blood,KLRD1,NK,CR→AR,CR,AR,1.900673,1.9133157,0.699999988079071,↑,1.0,NS,4/9,3,3
Blood,KLRD1,B,NL→IT,NL,IT,0.035612512,0.01508552,-57.59999847412109,↓,0.834035,NS,14/25,5,5
Blood,KLRD1,B,NL→IA,NL,IA,0.035612512,0.0045699445,-87.19999694824219,↓,0.37055,NS,12/20,5,4
Blood,KLRD1,B,NL→AR,NL,AR,0.035612512,0.005673908,-84.0999984741211,↓,0.541193,NS,9/15,5,3
Blood,KLRD1,B,NL→CR,NL,CR,0.035612512,0.0069749416,-80.4000015258789,↓,0.764228,NS,9/15,5,3
Blood,KLRD1,B,IT→IA,IT,IA,0.01508552,0.0045699445,-69.69999694824219,↓,0.538594,NS,13/20,5,4
Blood,KLRD1,B,IA→AR,IA,AR,0.0045699445,0.005673908,24.200000762939453,↑,0.854445,NS,6/12,4,3
Blood,KLRD1,B,CR→AR,CR,AR,0.0069749416,0.005673908,-18.700000762939453,↓,0.7,NS,6/9,3,3
Blood,KLRD1,PlasmaB,NL→IT,NL,IT,0.002987341,0.010083492,237.5,↑,0.607236,NS,9/25,5,5
Blood,KLRD1,PlasmaB,NL→IA,NL,IA,0.002987341,0.02471607,727.4000244140625,↑,0.139996,NS,14/20,5,4
Blood,KLRD1,PlasmaB,NL→AR,NL,AR,0.002987341,0.0024361562,-18.5,↓,1.0,NS,3/15,5,3
Blood,KLRD1,PlasmaB,NL→CR,NL,CR,0.002987341,0.007893703,164.1999969482422,↑,0.494525,NS,8/15,5,3
Blood,KLRD1,PlasmaB,IT→IA,IT,IA,0.010083492,0.02471607,145.10000610351562,↑,0.306136,NS,13/20,5,4
Blood,KLRD1,PlasmaB,IA→AR,IA,AR,0.02471607,0.0024361562,-90.0999984741211,↓,0.19909,NS,9/12,4,3
Blood,KLRD1,PlasmaB,CR→AR,CR,AR,0.007893703,0.0024361562,-69.0999984741211,↓,0.353679,NS,6/9,3,3
Blood,KLRK1,Myeloid,NL→IT,NL,IT,0.001457942,0.0003613309,-75.19999694824219,↓,0.724082,NS,10/25,5,5
Blood,KLRK1,Myeloid,NL→IA,NL,IA,0.001457942,0.00016164771,-88.9000015258789,↓,0.560509,NS,8/20,5,4
Blood,KLRK1,Myeloid,NL→AR,NL,AR,0.001457942,0.00027444572,-81.19999694824219,↓,0.732678,NS,6/15,5,3
Blood,KLRK1,Myeloid,NL→CR,NL,CR,0.001457942,0.0022843701,56.70000076293945,↑,0.359397,NS,11/15,5,3
Blood,KLRK1,Myeloid,IT→IA,IT,IA,0.0003613309,0.00016164771,-55.29999923706055,↓,0.560509,NS,8/20,5,4
Blood,KLRK1,Myeloid,IA→AR,IA,AR,0.00016164771,0.00027444572,69.80000305175781,↑,0.825498,NS,4/12,4,3
Blood,KLRK1,Myeloid,CR→AR,CR,AR,0.0022843701,0.00027444572,-88.0,↓,0.076523,†,9/9,3,3
Blood,KLRK1,CD4_T,NL→IT,NL,IT,0.06294435,0.030386493,-51.70000076293945,↓,0.222222,NS,19/25,5,5
Blood,KLRK1,CD4_T,NL→IA,NL,IA,0.06294435,0.029880572,-52.5,↓,0.190476,NS,16/20,5,4
Blood,KLRK1,CD4_T,NL→AR,NL,AR,0.06294435,0.010804721,-82.80000305175781,↓,0.071429,†,14/15,5,3
Blood,KLRK1,CD4_T,NL→CR,NL,CR,0.06294435,0.0076653133,-87.80000305175781,↓,0.035714,*,15/15,5,3
Blood,KLRK1,CD4_T,IT→IA,IT,IA,0.030386493,0.029880572,-1.7000000476837158,↓,0.730159,NS,12/20,5,4
Blood,KLRK1,CD4_T,IA→AR,IA,AR,0.029880572,0.010804721,-63.79999923706055,↓,1.0,NS,6/12,4,3
Blood,KLRK1,CD4_T,CR→AR,CR,AR,0.0076653133,0.010804721,41.0,↑,0.4,NS,7/9,3,3
Blood,KLRK1,CD8_T,NL→IT,NL,IT,0.38346463,0.36076808,-5.900000095367432,↓,1.0,NS,12/25,5,5
Blood,KLRK1,CD8_T,NL→IA,NL,IA,0.38346463,0.12839057,-66.5,↓,0.031746,*,19/20,5,4
Blood,KLRK1,CD8_T,NL→AR,NL,AR,0.38346463,0.2760469,-28.0,↓,0.571429,NS,10/15,5,3
Blood,KLRK1,CD8_T,NL→CR,NL,CR,0.38346463,0.118276775,-69.19999694824219,↓,0.035714,*,15/15,5,3
Blood,KLRK1,CD8_T,IT→IA,IT,IA,0.36076808,0.12839057,-64.4000015258789,↓,0.063492,†,18/20,5,4
Blood,KLRK1,CD8_T,IA→AR,IA,AR,0.12839057,0.2760469,115.0,↑,0.628571,NS,8/12,4,3
Blood,KLRK1,CD8_T,CR→AR,CR,AR,0.118276775,0.2760469,133.39999389648438,↑,0.4,NS,7/9,3,3
Blood,KLRK1,NK,NL→IT,NL,IT,0.44230732,0.36877856,-16.600000381469727,↓,0.84127,NS,14/25,5,5
Blood,KLRK1,NK,NL→IA,NL,IA,0.44230732,0.16346508,-63.0,↓,0.031746,*,19/20,5,4
Blood,KLRK1,NK,NL→AR,NL,AR,0.44230732,0.28440726,-35.70000076293945,↓,0.571429,NS,10/15,5,3
Blood,KLRK1,NK,NL→CR,NL,CR,0.44230732,0.11811771,-73.30000305175781,↓,0.035714,*,15/15,5,3
Blood,KLRK1,NK,IT→IA,IT,IA,0.36877856,0.16346508,-55.70000076293945,↓,0.063492,†,18/20,5,4
Blood,KLRK1,NK,IA→AR,IA,AR,0.16346508,0.28440726,74.0,↑,0.628571,NS,8/12,4,3
Blood,KLRK1,NK,CR→AR,CR,AR,0.11811771,0.28440726,140.8000030517578,↑,1.0,NS,5/9,3,3
Blood,KLRK1,B,NL→IT,NL,IT,0.010366917,0.004830531,-53.400001525878906,↓,0.66643,NS,13/25,5,5
Blood,KLRK1,B,NL→IA,NL,IA,0.010366917,0.004885484,-52.900001525878906,↓,0.708624,NS,11/20,5,4
Blood,KLRK1,B,NL→AR,NL,AR,0.010366917,0.009433726,-9.0,↓,0.764228,NS,6/15,5,3
Blood,KLRK1,B,NL→CR,NL,CR,0.010366917,0.004147634,-60.0,↓,0.764228,NS,9/15,5,3
Blood,KLRK1,B,IT→IA,IT,IA,0.004830531,0.004885484,1.100000023841858,↑,0.900865,NS,10/20,5,4
Blood,KLRK1,B,IA→AR,IA,AR,0.004885484,0.009433726,93.0999984741211,↑,1.0,NS,6/12,4,3
Blood,KLRK1,B,CR→AR,CR,AR,0.004147634,0.009433726,127.4000015258789,↑,0.7,NS,3/9,3,3
Blood,KLRK1,PlasmaB,NL→IT,NL,IT,0.0,0.0,0.0,↑,1.0,NS,0/25,5,5
Blood,KLRK1,PlasmaB,NL→IA,NL,IA,0.0,0.0,0.0,↑,1.0,NS,0/20,5,4
Blood,KLRK1,PlasmaB,NL→AR,NL,AR,0.0,0.0,0.0,↑,1.0,NS,0/15,5,3
Blood,KLRK1,PlasmaB,NL→CR,NL,CR,0.0,0.0072528985,99999.0,↑,0.3017,NS,5/15,5,3
Blood,KLRK1,PlasmaB,IT→IA,IT,IA,0.0,0.0,0.0,↑,1.0,NS,0/20,5,4
Blood,KLRK1,PlasmaB,IA→AR,IA,AR,0.0,0.0,0.0,↑,1.0,NS,0/12,4,3
Blood,KLRK1,PlasmaB,CR→AR,CR,AR,0.0072528985,0.0,-100.0,↓,0.504985,NS,3/9,3,3
Blood,LAG3,Myeloid,NL→IT,NL,IT,0.0017271513,0.00090507243,-47.59999847412109,↓,0.79717,NS,5/25,5,5
Blood,LAG3,Myeloid,NL→IA,NL,IA,0.0017271513,0.0020133194,16.600000381469727,↑,0.347654,NS,12/20,5,4
Blood,LAG3,Myeloid,NL→AR,NL,AR,0.0017271513,0.00087654823,-49.20000076293945,↓,0.494525,NS,3/15,5,3
Blood,LAG3,Myeloid,NL→CR,NL,CR,0.0017271513,0.0010055177,-41.79999923706055,↓,0.203872,NS,3/15,5,3
Blood,LAG3,Myeloid,IT→IA,IT,IA,0.00090507243,0.0020133194,122.4000015258789,↑,0.608874,NS,11/20,5,4
Blood,LAG3,Myeloid,IA→AR,IA,AR,0.0020133194,0.00087654823,-56.5,↓,1.0,NS,6/12,4,3
Blood,LAG3,Myeloid,CR→AR,CR,AR,0.0010055177,0.00087654823,-12.800000190734863,↓,0.7,NS,6/9,3,3
Blood,LAG3,CD4_T,NL→IT,NL,IT,0.17870222,0.08146901,-54.400001525878906,↓,0.84127,NS,14/25,5,5
Blood,LAG3,CD4_T,NL→IA,NL,IA,0.17870222,0.17108649,-4.300000190734863,↓,1.0,NS,10/20,5,4
Blood,LAG3,CD4_T,NL→AR,NL,AR,0.17870222,0.05823565,-67.4000015258789,↓,0.785714,NS,9/15,5,3
Blood,LAG3,CD4_T,NL→CR,NL,CR,0.17870222,0.058559652,-67.19999694824219,↓,0.785714,NS,9/15,5,3
Blood,LAG3,CD4_T,IT→IA,IT,IA,0.08146901,0.17108649,110.0,↑,0.904762,NS,9/20,5,4
Blood,LAG3,CD4_T,IA→AR,IA,AR,0.17108649,0.05823565,-66.0,↓,0.4,NS,9/12,4,3
Blood,LAG3,CD4_T,CR→AR,CR,AR,0.058559652,0.05823565,-0.6000000238418579,↓,0.7,NS,3/9,3,3
Blood,LAG3,CD8_T,NL→IT,NL,IT,0.35271013,0.19458315,-44.79999923706055,↓,0.222222,NS,19/25,5,5
Blood,LAG3,CD8_T,NL→IA,NL,IA,0.35271013,0.43728137,24.0,↑,0.904762,NS,9/20,5,4
Blood,LAG3,CD8_T,NL→AR,NL,AR,0.35271013,0.25831163,-26.799999237060547,↓,1.0,NS,7/15,5,3
Blood,LAG3,CD8_T,NL→CR,NL,CR,0.35271013,0.15723425,-55.400001525878906,↓,0.25,NS,12/15,5,3
Blood,LAG3,CD8_T,IT→IA,IT,IA,0.19458315,0.43728137,124.6999969482422,↑,0.730159,NS,12/20,5,4
Blood,LAG3,CD8_T,IA→AR,IA,AR,0.43728137,0.25831163,-40.900001525878906,↓,0.857143,NS,5/12,4,3
Blood,LAG3,CD8_T,CR→AR,CR,AR,0.15723425,0.25831163,64.30000305175781,↑,0.7,NS,6/9,3,3
Blood,LAG3,NK,NL→IT,NL,IT,0.35351855,0.28058332,-20.600000381469727,↓,1.0,NS,13/25,5,5
Blood,LAG3,NK,NL→IA,NL,IA,0.35351855,0.26557332,-24.899999618530277,↓,1.0,NS,10/20,5,4
Blood,LAG3,NK,NL→AR,NL,AR,0.35351855,0.23384617,-33.900001525878906,↓,1.0,NS,8/15,5,3
Blood,LAG3,NK,NL→CR,NL,CR,0.35351855,0.20459051,-42.09999847412109,↓,0.785714,NS,9/15,5,3
Blood,LAG3,NK,IT→IA,IT,IA,0.28058332,0.26557332,-5.300000190734863,↓,1.0,NS,10/20,5,4
Blood,LAG3,NK,IA→AR,IA,AR,0.26557332,0.23384617,-11.899999618530272,↓,1.0,NS,6/12,4,3
Blood,LAG3,NK,CR→AR,CR,AR,0.20459051,0.23384617,14.300000190734863,↑,0.7,NS,3/9,3,3
Blood,LAG3,B,NL→IT,NL,IT,0.0015464793,0.00094726554,-38.70000076293945,↓,0.79717,NS,5/25,5,5
Blood,LAG3,B,NL→IA,NL,IA,0.0015464793,0.0037834998,144.6999969482422,↑,0.466854,NS,9/20,5,4
Blood,LAG3,B,NL→AR,NL,AR,0.0015464793,0.00038692832,-75.0,↓,1.0,NS,3/15,5,3
Blood,LAG3,B,NL→CR,NL,CR,0.0015464793,0.0010170256,-34.20000076293945,↓,0.494525,NS,3/15,5,3
Blood,LAG3,B,IT→IA,IT,IA,0.00094726554,0.0037834998,299.3999938964844,↑,0.502335,NS,10/20,5,4
Blood,LAG3,B,IA→AR,IA,AR,0.0037834998,0.00038692832,-89.80000305175781,↓,0.558452,NS,6/12,4,3
Blood,LAG3,B,CR→AR,CR,AR,0.0010170256,0.00038692832,-62.0,↓,0.642835,NS,5/9,3,3
Blood,LAG3,PlasmaB,NL→IT,NL,IT,0.029767847,0.020161372,-32.29999923706055,↓,0.480177,NS,5/25,5,5
Blood,LAG3,PlasmaB,NL→IA,NL,IA,0.029767847,0.020723872,-30.399999618530277,↓,0.347654,NS,4/20,5,4
Blood,LAG3,PlasmaB,NL→AR,NL,AR,0.029767847,0.0,-100.0,↓,0.605577,NS,3/15,5,3
Blood,LAG3,PlasmaB,NL→CR,NL,CR,0.029767847,0.0,-100.0,↓,0.605577,NS,3/15,5,3
Blood,LAG3,PlasmaB,IT→IA,IT,IA,0.020161372,0.020723872,2.799999952316284,↑,0.708624,NS,11/20,5,4
Blood,LAG3,PlasmaB,IA→AR,IA,AR,0.020723872,0.0,-100.0,↓,0.11867,NS,9/12,4,3
Blood,LAG3,PlasmaB,CR→AR,CR,AR,0.0,0.0,0.0,↑,1.0,NS,0/9,3,3
Blood,LAYN,Myeloid,NL→IT,NL,IT,0.0,0.0017457635,99999.0,↑,0.02537,*,20/25,5,5
Blood,LAYN,Myeloid,NL→IA,NL,IA,0.0,0.0019790349,99999.0,↑,0.04162,*,15/20,5,4
Blood,LAYN,Myeloid,NL→AR,NL,AR,0.0,0.0043391082,99999.0,↑,0.016805,*,15/15,5,3
Blood,LAYN,Myeloid,NL→CR,NL,CR,0.0,0.006406261,99999.0,↑,0.016805,*,15/15,5,3
Blood,LAYN,Myeloid,IT→IA,IT,IA,0.0017457635,0.0019790349,13.399999618530272,↑,0.805701,NS,11/20,5,4
Blood,LAYN,Myeloid,IA→AR,IA,AR,0.0019790349,0.0043391082,119.3000030517578,↑,0.857143,NS,7/12,4,3
Blood,LAYN,Myeloid,CR→AR,CR,AR,0.006406261,0.0043391082,-32.29999923706055,↓,0.7,NS,6/9,3,3
Blood,LAYN,CD4_T,NL→IT,NL,IT,0.009453646,0.004453427,-52.900001525878906,↓,0.401965,NS,8/25,5,5
Blood,LAYN,CD4_T,NL→IA,NL,IA,0.009453646,0.029038215,207.1999969482422,↑,0.109855,NS,17/20,5,4
Blood,LAYN,CD4_T,NL→AR,NL,AR,0.009453646,0.005854948,-38.09999847412109,↓,0.230243,NS,3/15,5,3
Blood,LAYN,CD4_T,NL→CR,NL,CR,0.009453646,0.00503484,-46.70000076293945,↓,0.230243,NS,3/15,5,3
Blood,LAYN,CD4_T,IT→IA,IT,IA,0.004453427,0.029038215,552.0,↑,0.190476,NS,16/20,5,4
Blood,LAYN,CD4_T,IA→AR,IA,AR,0.029038215,0.005854948,-79.80000305175781,↓,0.857143,NS,7/12,4,3
Blood,LAYN,CD4_T,CR→AR,CR,AR,0.00503484,0.005854948,16.299999237060547,↑,0.4,NS,7/9,3,3
Blood,LAYN,CD8_T,NL→IT,NL,IT,0.004467685,0.0043944875,-1.600000023841858,↓,0.450644,NS,7/25,5,5
Blood,LAYN,CD8_T,NL→IA,NL,IA,0.004467685,0.050804377,1037.199951171875,↑,0.262239,NS,15/20,5,4
Blood,LAYN,CD8_T,NL→AR,NL,AR,0.004467685,0.006157112,37.79999923706055,↑,0.2217,NS,12/15,5,3
Blood,LAYN,CD8_T,NL→CR,NL,CR,0.004467685,0.011679995,161.39999389648438,↑,0.2217,NS,12/15,5,3
Blood,LAYN,CD8_T,IT→IA,IT,IA,0.0043944875,0.050804377,1056.0999755859375,↑,0.730159,NS,12/20,5,4
Blood,LAYN,CD8_T,IA→AR,IA,AR,0.050804377,0.006157112,-87.9000015258789,↓,1.0,NS,6/12,4,3
Blood,LAYN,CD8_T,CR→AR,CR,AR,0.011679995,0.006157112,-47.29999923706055,↓,0.1,NS,9/9,3,3
Blood,LAYN,NK,NL→IT,NL,IT,0.0063397735,0.0039057,-38.400001525878906,↓,0.832519,NS,13/25,5,5
Blood,LAYN,NK,NL→IA,NL,IA,0.0063397735,0.010325484,62.900001525878906,↑,0.902117,NS,11/20,5,4
Blood,LAYN,NK,NL→AR,NL,AR,0.0063397735,0.00019989871,-96.8000030517578,↓,0.340617,NS,9/15,5,3
Blood,LAYN,NK,NL→CR,NL,CR,0.0063397735,0.0025202555,-60.20000076293945,↓,0.541193,NS,9/15,5,3
Blood,LAYN,NK,IT→IA,IT,IA,0.0039057,0.010325484,164.39999389648438,↑,0.285714,NS,15/20,5,4
Blood,LAYN,NK,IA→AR,IA,AR,0.010325484,0.00019989871,-98.0999984741211,↓,0.049746,*,12/12,4,3
Blood,LAYN,NK,CR→AR,CR,AR,0.0025202555,0.00019989871,-92.0999984741211,↓,0.353679,NS,6/9,3,3
Blood,LAYN,B,NL→IT,NL,IT,0.0,0.0,0.0,↑,1.0,NS,0/25,5,5
Blood,LAYN,B,NL→IA,NL,IA,0.0,0.0006082633,99999.0,↑,0.371093,NS,5/20,5,4
Blood,LAYN,B,NL→AR,NL,AR,0.0,0.0,0.0,↑,1.0,NS,0/15,5,3
Blood,LAYN,B,NL→CR,NL,CR,0.0,0.0,0.0,↑,1.0,NS,0/15,5,3
Blood,LAYN,B,IT→IA,IT,IA,0.0,0.0006082633,99999.0,↑,0.371093,NS,5/20,5,4
Blood,LAYN,B,IA→AR,IA,AR,0.0006082633,0.0,-100.0,↓,0.563703,NS,3/12,4,3
Blood,LAYN,B,CR→AR,CR,AR,0.0,0.0,0.0,↑,1.0,NS,0/9,3,3
Blood,LAYN,PlasmaB,NL→IT,NL,IT,0.0,0.0,0.0,↑,1.0,NS,0/25,5,5
Blood,LAYN,PlasmaB,NL→IA,NL,IA,0.0,0.003911261,99999.0,↑,0.371093,NS,5/20,5,4
Blood,LAYN,PlasmaB,NL→AR,NL,AR,0.0,0.0,0.0,↑,1.0,NS,0/15,5,3
Blood,LAYN,PlasmaB,NL→CR,NL,CR,0.0,0.0,0.0,↑,1.0,NS,0/15,5,3
Blood,LAYN,PlasmaB,IT→IA,IT,IA,0.0,0.003911261,99999.0,↑,0.371093,NS,5/20,5,4
Blood,LAYN,PlasmaB,IA→AR,IA,AR,0.003911261,0.0,-100.0,↓,0.563703,NS,3/12,4,3
Blood,LAYN,PlasmaB,CR→AR,CR,AR,0.0,0.0,0.0,↑,1.0,NS,0/9,3,3
Blood,LEF1,Myeloid,NL→IT,NL,IT,0.040506788,0.007555253,-81.30000305175781,↓,0.480177,NS,5/25,5,5
Blood,LEF1,Myeloid,NL→IA,NL,IA,0.040506788,0.008964093,-77.9000015258789,↓,0.347654,NS,4/20,5,4
Blood,LEF1,Myeloid,NL→AR,NL,AR,0.040506788,0.0130074555,-67.9000015258789,↓,0.494525,NS,3/15,5,3
Blood,LEF1,Myeloid,NL→CR,NL,CR,0.040506788,0.031275395,-22.799999237060547,↓,0.203872,NS,3/15,5,3
Blood,LEF1,Myeloid,IT→IA,IT,IA,0.007555253,0.008964093,18.600000381469727,↑,0.533389,NS,12/20,5,4
Blood,LEF1,Myeloid,IA→AR,IA,AR,0.008964093,0.0130074555,45.09999847412109,↑,1.0,NS,6/12,4,3
Blood,LEF1,Myeloid,CR→AR,CR,AR,0.031275395,0.0130074555,-58.400001525878906,↓,0.2,NS,8/9,3,3
Blood,LEF1,CD4_T,NL→IT,NL,IT,0.7871988,1.1705616,48.70000076293945,↑,0.095238,†,21/25,5,5
Blood,LEF1,CD4_T,NL→IA,NL,IA,0.7871988,1.0462301,32.900001525878906,↑,0.555556,NS,13/20,5,4
Blood,LEF1,CD4_T,NL→AR,NL,AR,0.7871988,1.3266174,68.5,↑,0.142857,NS,13/15,5,3
Blood,LEF1,CD4_T,NL→CR,NL,CR,0.7871988,1.050664,33.5,↑,0.25,NS,12/15,5,3
Blood,LEF1,CD4_T,IT→IA,IT,IA,1.1705616,1.0462301,-10.600000381469728,↓,0.904762,NS,11/20,5,4
Blood,LEF1,CD4_T,IA→AR,IA,AR,1.0462301,1.3266174,26.799999237060547,↑,0.628571,NS,8/12,4,3
Blood,LEF1,CD4_T,CR→AR,CR,AR,1.050664,1.3266174,26.299999237060547,↑,0.2,NS,8/9,3,3
Blood,LEF1,CD8_T,NL→IT,NL,IT,0.7666958,1.1112443,44.900001525878906,↑,0.309524,NS,18/25,5,5
Blood,LEF1,CD8_T,NL→IA,NL,IA,0.7666958,0.8100377,5.699999809265137,↑,1.0,NS,10/20,5,4
Blood,LEF1,CD8_T,NL→AR,NL,AR,0.7666958,0.87994844,14.800000190734863,↑,0.785714,NS,9/15,5,3
Blood,LEF1,CD8_T,NL→CR,NL,CR,0.7666958,0.9336474,21.799999237060547,↑,0.785714,NS,9/15,5,3
Blood,LEF1,CD8_T,IT→IA,IT,IA,1.1112443,0.8100377,-27.100000381469727,↓,0.412698,NS,14/20,5,4
Blood,LEF1,CD8_T,IA→AR,IA,AR,0.8100377,0.87994844,8.600000381469727,↑,0.857143,NS,7/12,4,3
Blood,LEF1,CD8_T,CR→AR,CR,AR,0.9336474,0.87994844,-5.800000190734863,↓,0.7,NS,3/9,3,3
Blood,LEF1,NK,NL→IT,NL,IT,0.022856155,0.062335886,172.6999969482422,↑,0.20869,NS,19/25,5,5
Blood,LEF1,NK,NL→IA,NL,IA,0.022856155,0.08025218,251.1000061035156,↑,0.036546,*,19/20,5,4
Blood,LEF1,NK,NL→AR,NL,AR,0.022856155,0.09492785,315.29998779296875,↑,0.03577,*,15/15,5,3
Blood,LEF1,NK,NL→CR,NL,CR,0.022856155,0.0980368,328.8999938964844,↑,0.03577,*,15/15,5,3
Blood,LEF1,NK,IT→IA,IT,IA,0.062335886,0.08025218,28.700000762939453,↑,0.555556,NS,13/20,5,4
Blood,LEF1,NK,IA→AR,IA,AR,0.08025218,0.09492785,18.299999237060547,↑,0.857143,NS,7/12,4,3
Blood,LEF1,NK,CR→AR,CR,AR,0.0980368,0.09492785,-3.200000047683716,↓,1.0,NS,4/9,3,3
Blood,LEF1,B,NL→IT,NL,IT,0.002542704,0.014240096,460.0,↑,0.239317,NS,14/25,5,5
Blood,LEF1,B,NL→IA,NL,IA,0.002542704,0.021509353,745.9000244140625,↑,0.015078,*,20/20,5,4
Blood,LEF1,B,NL→AR,NL,AR,0.002542704,0.022059381,767.5999755859375,↑,0.056664,†,14/15,5,3
Blood,LEF1,B,NL→CR,NL,CR,0.002542704,0.029779797,1071.199951171875,↑,0.026179,*,15/15,5,3
Blood,LEF1,B,IT→IA,IT,IA,0.014240096,0.021509353,51.0,↑,0.538594,NS,13/20,5,4
Blood,LEF1,B,IA→AR,IA,AR,0.021509353,0.022059381,2.5999999046325684,↑,1.0,NS,6/12,4,3
Blood,LEF1,B,CR→AR,CR,AR,0.029779797,0.022059381,-25.899999618530277,↓,0.7,NS,6/9,3,3
Blood,LEF1,PlasmaB,NL→IT,NL,IT,0.0110233,0.048201196,337.29998779296875,↑,0.181221,NS,17/25,5,5
Blood,LEF1,PlasmaB,NL→IA,NL,IA,0.0110233,0.027529772,149.6999969482422,↑,0.227249,NS,13/20,5,4
Blood,LEF1,PlasmaB,NL→AR,NL,AR,0.0110233,0.063049644,472.0,↑,0.056664,†,14/15,5,3
Blood,LEF1,PlasmaB,NL→CR,NL,CR,0.0110233,0.0939135,752.0,↑,0.056664,†,14/15,5,3
Blood,LEF1,PlasmaB,IT→IA,IT,IA,0.048201196,0.027529772,-42.900001525878906,↓,0.805701,NS,11/20,5,4
Blood,LEF1,PlasmaB,IA→AR,IA,AR,0.027529772,0.063049644,129.0,↑,0.228571,NS,10/12,4,3
Blood,LEF1,PlasmaB,CR→AR,CR,AR,0.0939135,0.063049644,-32.900001525878906,↓,0.7,NS,6/9,3,3
Blood,LGALS9,Myeloid,NL→IT,NL,IT,0.62604827,1.2128497,93.6999969482422,↑,0.015873,*,24/25,5,5
Blood,LGALS9,Myeloid,NL→IA,NL,IA,0.62604827,1.2295295,96.4000015258789,↑,0.031746,*,19/20,5,4
Blood,LGALS9,Myeloid,NL→AR,NL,AR,0.62604827,1.0495926,67.69999694824219,↑,0.071429,†,14/15,5,3
Blood,LGALS9,Myeloid,NL→CR,NL,CR,0.62604827,1.0701455,70.9000015258789,↑,0.035714,*,15/15,5,3
Blood,LGALS9,Myeloid,IT→IA,IT,IA,1.2128497,1.2295295,1.399999976158142,↑,1.0,NS,10/20,5,4
Blood,LGALS9,Myeloid,IA→AR,IA,AR,1.2295295,1.0495926,-14.600000381469728,↓,0.4,NS,9/12,4,3
Blood,LGALS9,Myeloid,CR→AR,CR,AR,1.0701455,1.0495926,-1.899999976158142,↓,0.7,NS,6/9,3,3
Blood,LGALS9,CD4_T,NL→IT,NL,IT,0.18639243,0.1644444,-11.800000190734863,↓,0.84127,NS,14/25,5,5
Blood,LGALS9,CD4_T,NL→IA,NL,IA,0.18639243,0.15350263,-17.600000381469727,↓,0.730159,NS,12/20,5,4
Blood,LGALS9,CD4_T,NL→AR,NL,AR,0.18639243,0.14064853,-24.5,↓,0.571429,NS,10/15,5,3
Blood,LGALS9,CD4_T,NL→CR,NL,CR,0.18639243,0.1639629,-12.0,↓,0.571429,NS,10/15,5,3
Blood,LGALS9,CD4_T,IT→IA,IT,IA,0.1644444,0.15350263,-6.699999809265137,↓,0.555556,NS,13/20,5,4
Blood,LGALS9,CD4_T,IA→AR,IA,AR,0.15350263,0.14064853,-8.399999618530273,↓,0.857143,NS,7/12,4,3
Blood,LGALS9,CD4_T,CR→AR,CR,AR,0.1639629,0.14064853,-14.199999809265137,↓,1.0,NS,5/9,3,3
Blood,LGALS9,CD8_T,NL→IT,NL,IT,0.12816337,0.08784695,-31.5,↓,0.222222,NS,19/25,5,5
Blood,LGALS9,CD8_T,NL→IA,NL,IA,0.12816337,0.103665434,-19.100000381469727,↓,0.555556,NS,13/20,5,4
Blood,LGALS9,CD8_T,NL→AR,NL,AR,0.12816337,0.07637609,-40.400001525878906,↓,0.142857,NS,13/15,5,3
Blood,LGALS9,CD8_T,NL→CR,NL,CR,0.12816337,0.09512835,-25.799999237060547,↓,0.392857,NS,11/15,5,3
Blood,LGALS9,CD8_T,IT→IA,IT,IA,0.08784695,0.103665434,18.0,↑,0.285714,NS,15/20,5,4
Blood,LGALS9,CD8_T,IA→AR,IA,AR,0.103665434,0.07637609,-26.299999237060547,↓,0.114286,NS,11/12,4,3
Blood,LGALS9,CD8_T,CR→AR,CR,AR,0.09512835,0.07637609,-19.700000762939453,↓,0.4,NS,7/9,3,3
Blood,LGALS9,NK,NL→IT,NL,IT,0.14600357,0.14907993,2.0999999046325684,↑,0.690476,NS,15/25,5,5
Blood,LGALS9,NK,NL→IA,NL,IA,0.14600357,0.16773799,14.899999618530272,↑,0.730159,NS,12/20,5,4
Blood,LGALS9,NK,NL→AR,NL,AR,0.14600357,0.10177948,-30.299999237060547,↓,0.785714,NS,9/15,5,3
Blood,LGALS9,NK,NL→CR,NL,CR,0.14600357,0.17754745,21.600000381469727,↑,0.785714,NS,9/15,5,3
Blood,LGALS9,NK,IT→IA,IT,IA,0.14907993,0.16773799,12.5,↑,0.555556,NS,13/20,5,4
Blood,LGALS9,NK,IA→AR,IA,AR,0.16773799,0.10177948,-39.29999923706055,↓,0.228571,NS,10/12,4,3
Blood,LGALS9,NK,CR→AR,CR,AR,0.17754745,0.10177948,-42.70000076293945,↓,0.4,NS,7/9,3,3
Blood,LGALS9,B,NL→IT,NL,IT,0.27269897,0.34712896,27.299999237060547,↑,0.309524,NS,18/25,5,5
Blood,LGALS9,B,NL→IA,NL,IA,0.27269897,0.3487275,27.899999618530277,↑,0.285714,NS,15/20,5,4
Blood,LGALS9,B,NL→AR,NL,AR,0.27269897,0.32376137,18.700000762939453,↑,0.392857,NS,11/15,5,3
Blood,LGALS9,B,NL→CR,NL,CR,0.27269897,0.3659927,34.20000076293945,↑,0.142857,NS,13/15,5,3
Blood,LGALS9,B,IT→IA,IT,IA,0.34712896,0.3487275,0.5,↑,1.0,NS,10/20,5,4
Blood,LGALS9,B,IA→AR,IA,AR,0.3487275,0.32376137,-7.199999809265137,↓,0.857143,NS,7/12,4,3
Blood,LGALS9,B,CR→AR,CR,AR,0.3659927,0.32376137,-11.5,↓,1.0,NS,5/9,3,3
Blood,LGALS9,PlasmaB,NL→IT,NL,IT,0.057884164,0.24667665,326.20001220703125,↑,0.08467,†,21/25,5,5
Blood,LGALS9,PlasmaB,NL→IA,NL,IA,0.057884164,0.16242531,180.6000061035156,↑,0.15939,NS,16/20,5,4
Blood,LGALS9,PlasmaB,NL→AR,NL,AR,0.057884164,0.052256867,-9.699999809265137,↓,0.203872,NS,3/15,5,3
Blood,LGALS9,PlasmaB,NL→CR,NL,CR,0.057884164,0.26122543,351.29998779296875,↑,0.056664,†,14/15,5,3
Blood,LGALS9,PlasmaB,IT→IA,IT,IA,0.24667665,0.16242531,-34.20000076293945,↓,0.555556,NS,13/20,5,4
Blood,LGALS9,PlasmaB,IA→AR,IA,AR,0.16242531,0.052256867,-67.80000305175781,↓,0.114286,NS,11/12,4,3
Blood,LGALS9,PlasmaB,CR→AR,CR,AR,0.26122543,0.052256867,-80.0,↓,0.1,NS,9/9,3,3
Blood,MAF,Myeloid,NL→IT,NL,IT,0.0657294,0.036755078,-44.09999847412109,↓,0.834035,NS,14/25,5,5
Blood,MAF,Myeloid,NL→IA,NL,IA,0.0657294,0.051005404,-22.399999618530277,↓,1.0,NS,10/20,5,4
Blood,MAF,Myeloid,NL→AR,NL,AR,0.0657294,0.029113045,-55.70000076293945,↓,1.0,NS,8/15,5,3
Blood,MAF,Myeloid,NL→CR,NL,CR,0.0657294,0.017861445,-72.80000305175781,↓,0.764228,NS,9/15,5,3
Blood,MAF,Myeloid,IT→IA,IT,IA,0.036755078,0.051005404,38.79999923706055,↑,0.904762,NS,11/20,5,4
Blood,MAF,Myeloid,IA→AR,IA,AR,0.051005404,0.029113045,-42.900001525878906,↓,0.628571,NS,8/12,4,3
Blood,MAF,Myeloid,CR→AR,CR,AR,0.017861445,0.029113045,63.0,↑,0.7,NS,6/9,3,3
Blood,MAF,CD4_T,NL→IT,NL,IT,0.30756193,0.14229558,-53.70000076293945,↓,0.055556,†,22/25,5,5
Blood,MAF,CD4_T,NL→IA,NL,IA,0.30756193,0.14484783,-52.900001525878906,↓,0.063492,†,18/20,5,4
Blood,MAF,CD4_T,NL→AR,NL,AR,0.30756193,0.12001576,-61.0,↓,0.035714,*,15/15,5,3
Blood,MAF,CD4_T,NL→CR,NL,CR,0.30756193,0.09620354,-68.69999694824219,↓,0.035714,*,15/15,5,3
Blood,MAF,CD4_T,IT→IA,IT,IA,0.14229558,0.14484783,1.7999999523162842,↑,0.730159,NS,8/20,5,4
Blood,MAF,CD4_T,IA→AR,IA,AR,0.14484783,0.12001576,-17.100000381469727,↓,0.857143,NS,7/12,4,3
Blood,MAF,CD4_T,CR→AR,CR,AR,0.09620354,0.12001576,24.799999237060547,↑,0.4,NS,7/9,3,3
Blood,MAF,CD8_T,NL→IT,NL,IT,0.15144768,0.076373056,-49.59999847412109,↓,0.84127,NS,14/25,5,5
Blood,MAF,CD8_T,NL→IA,NL,IA,0.15144768,0.10135992,-33.099998474121094,↓,0.730159,NS,12/20,5,4
Blood,MAF,CD8_T,NL→AR,NL,AR,0.15144768,0.08450103,-44.20000076293945,↓,0.785714,NS,9/15,5,3
Blood,MAF,CD8_T,NL→CR,NL,CR,0.15144768,0.06341236,-58.09999847412109,↓,0.392857,NS,11/15,5,3
Blood,MAF,CD8_T,IT→IA,IT,IA,0.076373056,0.10135992,32.70000076293945,↑,1.0,NS,10/20,5,4
Blood,MAF,CD8_T,IA→AR,IA,AR,0.10135992,0.08450103,-16.600000381469727,↓,1.0,NS,6/12,4,3
Blood,MAF,CD8_T,CR→AR,CR,AR,0.06341236,0.08450103,33.29999923706055,↑,0.7,NS,6/9,3,3
Blood,MAF,NK,NL→IT,NL,IT,0.2111022,0.18280569,-13.399999618530272,↓,0.547619,NS,16/25,5,5
Blood,MAF,NK,NL→IA,NL,IA,0.2111022,0.10451032,-50.5,↓,0.063492,†,18/20,5,4
Blood,MAF,NK,NL→AR,NL,AR,0.2111022,0.1485519,-29.600000381469727,↓,0.392857,NS,11/15,5,3
Blood,MAF,NK,NL→CR,NL,CR,0.2111022,0.11144421,-47.20000076293945,↓,0.035714,*,15/15,5,3
Blood,MAF,NK,IT→IA,IT,IA,0.18280569,0.10451032,-42.79999923706055,↓,0.111111,NS,17/20,5,4
Blood,MAF,NK,IA→AR,IA,AR,0.10451032,0.1485519,42.09999847412109,↑,0.4,NS,9/12,4,3
Blood,MAF,NK,CR→AR,CR,AR,0.11144421,0.1485519,33.29999923706055,↑,0.7,NS,6/9,3,3
Blood,MAF,B,NL→IT,NL,IT,0.0074634105,0.0051734177,-30.700000762939453,↓,1.0,NS,9/25,5,5
Blood,MAF,B,NL→IA,NL,IA,0.0074634105,0.0008630558,-88.4000015258789,↓,0.560509,NS,8/20,5,4
Blood,MAF,B,NL→AR,NL,AR,0.0074634105,0.0013294342,-82.19999694824219,↓,0.732678,NS,6/15,5,3
Blood,MAF,B,NL→CR,NL,CR,0.0074634105,0.002258707,-69.69999694824219,↓,0.759982,NS,6/15,5,3
Blood,MAF,B,IT→IA,IT,IA,0.0051734177,0.0008630558,-83.30000305175781,↓,0.227249,NS,12/20,5,4
Blood,MAF,B,IA→AR,IA,AR,0.0008630558,0.0013294342,54.0,↑,0.825498,NS,4/12,4,3
Blood,MAF,B,CR→AR,CR,AR,0.002258707,0.0013294342,-41.09999847412109,↓,0.657905,NS,6/9,3,3
Blood,MAF,PlasmaB,NL→IT,NL,IT,0.027302837,0.0,-100.0,↓,0.423711,NS,5/25,5,5
Blood,MAF,PlasmaB,NL→IA,NL,IA,0.027302837,0.0036412973,-86.69999694824219,↓,1.0,NS,4/20,5,4
Blood,MAF,PlasmaB,NL→AR,NL,AR,0.027302837,0.0061574145,-77.4000015258789,↓,1.0,NS,3/15,5,3
Blood,MAF,PlasmaB,NL→CR,NL,CR,0.027302837,0.0,-100.0,↓,0.605577,NS,3/15,5,3
Blood,MAF,PlasmaB,IT→IA,IT,IA,0.0,0.0036412973,99999.0,↑,0.371093,NS,5/20,5,4
Blood,MAF,PlasmaB,IA→AR,IA,AR,0.0036412973,0.0061574145,69.0999984741211,↑,0.825498,NS,4/12,4,3
Blood,MAF,PlasmaB,CR→AR,CR,AR,0.0,0.0061574145,99999.0,↑,0.504985,NS,3/9,3,3
Blood,MCM2,Myeloid,NL→IT,NL,IT,0.0,0.0018510338,99999.0,↑,0.02537,*,20/25,5,5
Blood,MCM2,Myeloid,NL→IA,NL,IA,0.0,0.006778182,99999.0,↑,0.0108,*,20/20,5,4
Blood,MCM2,Myeloid,NL→AR,NL,AR,0.0,0.0039256713,99999.0,↑,0.016805,*,15/15,5,3
Blood,MCM2,Myeloid,NL→CR,NL,CR,0.0,0.001837487,99999.0,↑,0.016805,*,15/15,5,3
Blood,MCM2,Myeloid,IT→IA,IT,IA,0.0018510338,0.006778182,266.20001220703125,↑,0.190476,NS,16/20,5,4
Blood,MCM2,Myeloid,IA→AR,IA,AR,0.006778182,0.0039256713,-42.09999847412109,↓,0.4,NS,9/12,4,3
Blood,MCM2,Myeloid,CR→AR,CR,AR,0.001837487,0.0039256713,113.5999984741211,↑,0.1,NS,9/9,3,3
Blood,MCM2,CD4_T,NL→IT,NL,IT,0.033536084,0.020859351,-37.79999923706055,↓,0.420635,NS,17/25,5,5
Blood,MCM2,CD4_T,NL→IA,NL,IA,0.033536084,0.015046068,-55.09999847412109,↓,0.063492,†,18/20,5,4
Blood,MCM2,CD4_T,NL→AR,NL,AR,0.033536084,0.016271213,-51.5,↓,0.142857,NS,13/15,5,3
Blood,MCM2,CD4_T,NL→CR,NL,CR,0.033536084,0.016628338,-50.400001525878906,↓,0.25,NS,12/15,5,3
Blood,MCM2,CD4_T,IT→IA,IT,IA,0.020859351,0.015046068,-27.899999618530277,↓,0.285714,NS,15/20,5,4
Blood,MCM2,CD4_T,IA→AR,IA,AR,0.015046068,0.016271213,8.100000381469727,↑,0.628571,NS,8/12,4,3
Blood,MCM2,CD4_T,CR→AR,CR,AR,0.016628338,0.016271213,-2.0999999046325684,↓,1.0,NS,4/9,3,3
Blood,MCM2,CD8_T,NL→IT,NL,IT,0.020083737,0.01967984,-2.0,↓,0.834035,NS,11/25,5,5
Blood,MCM2,CD8_T,NL→IA,NL,IA,0.020083737,0.023101084,15.0,↑,0.712155,NS,12/20,5,4
Blood,MCM2,CD8_T,NL→AR,NL,AR,0.020083737,0.02004458,-0.2000000029802322,↓,0.764228,NS,6/15,5,3
Blood,MCM2,CD8_T,NL→CR,NL,CR,0.020083737,0.014409703,-28.299999237060547,↓,1.0,NS,7/15,5,3
Blood,MCM2,CD8_T,IT→IA,IT,IA,0.01967984,0.023101084,17.399999618530273,↑,0.412698,NS,14/20,5,4
Blood,MCM2,CD8_T,IA→AR,IA,AR,0.023101084,0.02004458,-13.199999809265137,↓,0.4,NS,9/12,4,3
Blood,MCM2,CD8_T,CR→AR,CR,AR,0.014409703,0.02004458,39.09999847412109,↑,0.4,NS,7/9,3,3
Blood,MCM2,NK,NL→IT,NL,IT,0.046693105,0.02150352,-53.900001525878906,↓,0.031746,*,23/25,5,5
Blood,MCM2,NK,NL→IA,NL,IA,0.046693105,0.021252714,-54.5,↓,0.190476,NS,16/20,5,4
Blood,MCM2,NK,NL→AR,NL,AR,0.046693105,0.020267017,-56.59999847412109,↓,0.035714,*,15/15,5,3
Blood,MCM2,NK,NL→CR,NL,CR,0.046693105,0.025075039,-46.29999923706055,↓,0.142857,NS,13/15,5,3
Blood,MCM2,NK,IT→IA,IT,IA,0.02150352,0.021252714,-1.2000000476837158,↓,0.730159,NS,8/20,5,4
Blood,MCM2,NK,IA→AR,IA,AR,0.021252714,0.020267017,-4.599999904632568,↓,0.628571,NS,8/12,4,3
Blood,MCM2,NK,CR→AR,CR,AR,0.025075039,0.020267017,-19.200000762939453,↓,0.4,NS,7/9,3,3
Blood,MCM2,B,NL→IT,NL,IT,0.05232466,0.040864944,-21.899999618530277,↓,0.547619,NS,9/25,5,5
Blood,MCM2,B,NL→IA,NL,IA,0.05232466,0.03271185,-37.5,↓,0.904762,NS,11/20,5,4
Blood,MCM2,B,NL→AR,NL,AR,0.05232466,0.0376913,-28.0,↓,1.0,NS,7/15,5,3
Blood,MCM2,B,NL→CR,NL,CR,0.05232466,0.03007564,-42.5,↓,0.785714,NS,9/15,5,3
Blood,MCM2,B,IT→IA,IT,IA,0.040864944,0.03271185,-20.0,↓,0.285714,NS,15/20,5,4
Blood,MCM2,B,IA→AR,IA,AR,0.03271185,0.0376913,15.199999809265137,↑,0.857143,NS,7/12,4,3
Blood,MCM2,B,CR→AR,CR,AR,0.03007564,0.0376913,25.299999237060547,↑,1.0,NS,5/9,3,3
Blood,MCM2,PlasmaB,NL→IT,NL,IT,0.018856483,0.045387454,140.6999969482422,↑,0.131379,NS,20/25,5,5
Blood,MCM2,PlasmaB,NL→IA,NL,IA,0.018856483,0.04417296,134.3000030517578,↑,0.466854,NS,9/20,5,4
Blood,MCM2,PlasmaB,NL→AR,NL,AR,0.018856483,0.049461097,162.3000030517578,↑,0.203872,NS,12/15,5,3
Blood,MCM2,PlasmaB,NL→CR,NL,CR,0.018856483,0.055378977,193.6999969482422,↑,0.112231,NS,13/15,5,3
Blood,MCM2,PlasmaB,IT→IA,IT,IA,0.045387454,0.04417296,-2.700000047683716,↓,0.712155,NS,12/20,5,4
Blood,MCM2,PlasmaB,IA→AR,IA,AR,0.04417296,0.049461097,12.0,↑,0.59256,NS,8/12,4,3
Blood,MCM2,PlasmaB,CR→AR,CR,AR,0.055378977,0.049461097,-10.699999809265137,↓,1.0,NS,5/9,3,3
Blood,MEFV,Myeloid,NL→IT,NL,IT,0.13955507,0.42026076,201.1000061035156,↑,0.007937,**,25/25,5,5
Blood,MEFV,Myeloid,NL→IA,NL,IA,0.13955507,0.34363434,146.1999969482422,↑,0.190476,NS,16/20,5,4
Blood,MEFV,Myeloid,NL→AR,NL,AR,0.13955507,0.35841832,156.8000030517578,↑,0.035714,*,15/15,5,3
Blood,MEFV,Myeloid,NL→CR,NL,CR,0.13955507,0.37028837,165.3000030517578,↑,0.035714,*,15/15,5,3
Blood,MEFV,Myeloid,IT→IA,IT,IA,0.42026076,0.34363434,-18.200000762939453,↓,0.904762,NS,11/20,5,4
Blood,MEFV,Myeloid,IA→AR,IA,AR,0.34363434,0.35841832,4.300000190734863,↑,0.857143,NS,5/12,4,3
Blood,MEFV,Myeloid,CR→AR,CR,AR,0.37028837,0.35841832,-3.200000047683716,↓,0.7,NS,6/9,3,3
Blood,MEFV,CD4_T,NL→IT,NL,IT,0.0033406753,0.0018703459,-44.0,↓,0.480177,NS,5/25,5,5
Blood,MEFV,CD4_T,NL→IA,NL,IA,0.0033406753,0.0014833019,-55.59999847412109,↓,0.347654,NS,4/20,5,4
Blood,MEFV,CD4_T,NL→AR,NL,AR,0.0033406753,0.0028407313,-15.0,↓,0.494525,NS,3/15,5,3
Blood,MEFV,CD4_T,NL→CR,NL,CR,0.0033406753,0.005137514,53.79999923706055,↑,0.203872,NS,12/15,5,3
Blood,MEFV,CD4_T,IT→IA,IT,IA,0.0018703459,0.0014833019,-20.700000762939453,↓,0.708624,NS,7/20,5,4
Blood,MEFV,CD4_T,IA→AR,IA,AR,0.0014833019,0.0028407313,91.5,↑,0.475533,NS,8/12,4,3
Blood,MEFV,CD4_T,CR→AR,CR,AR,0.005137514,0.0028407313,-44.70000076293945,↓,0.7,NS,6/9,3,3
Blood,MEFV,CD8_T,NL→IT,NL,IT,0.005315724,0.0031354898,-41.0,↓,1.0,NS,8/25,5,5
Blood,MEFV,CD8_T,NL→IA,NL,IA,0.005315724,0.0021244395,-60.0,↓,0.442771,NS,5/20,5,4
Blood,MEFV,CD8_T,NL→AR,NL,AR,0.005315724,0.0004414034,-91.6999969482422,↓,0.873807,NS,5/15,5,3
Blood,MEFV,CD8_T,NL→CR,NL,CR,0.005315724,0.007794274,46.59999847412109,↑,0.2217,NS,12/15,5,3
Blood,MEFV,CD8_T,IT→IA,IT,IA,0.0031354898,0.0021244395,-32.20000076293945,↓,0.608874,NS,6/20,5,4
Blood,MEFV,CD8_T,IA→AR,IA,AR,0.0021244395,0.0004414034,-79.19999694824219,↓,0.284503,NS,9/12,4,3
Blood,MEFV,CD8_T,CR→AR,CR,AR,0.007794274,0.0004414034,-94.3000030517578,↓,0.1,NS,9/9,3,3
Blood,MEFV,NK,NL→IT,NL,IT,0.0,0.0026898582,99999.0,↑,0.423711,NS,5/25,5,5
Blood,MEFV,NK,NL→IA,NL,IA,0.0,0.00071026874,99999.0,↑,0.13121,NS,10/20,5,4
Blood,MEFV,NK,NL→AR,NL,AR,0.0,0.00053660775,99999.0,↑,0.078983,†,10/15,5,3
Blood,MEFV,NK,NL→CR,NL,CR,0.0,0.011073039,99999.0,↑,0.016805,*,15/15,5,3
Blood,MEFV,NK,IT→IA,IT,IA,0.0026898582,0.00071026874,-73.5999984741211,↓,0.662427,NS,4/20,5,4
Blood,MEFV,NK,IA→AR,IA,AR,0.00071026874,0.00053660775,-24.5,↓,1.0,NS,5/12,4,3
Blood,MEFV,NK,CR→AR,CR,AR,0.011073039,0.00053660775,-95.1999969482422,↓,0.1,NS,9/9,3,3
Blood,MEFV,B,NL→IT,NL,IT,0.0,0.001656243,99999.0,↑,0.423711,NS,5/25,5,5
Blood,MEFV,B,NL→IA,NL,IA,0.0,0.0005906611,99999.0,↑,0.371093,NS,5/20,5,4
Blood,MEFV,B,NL→AR,NL,AR,0.0,0.0,0.0,↑,1.0,NS,0/15,5,3
Blood,MEFV,B,NL→CR,NL,CR,0.0,0.005009842,99999.0,↑,0.016805,*,15/15,5,3
Blood,MEFV,B,IT→IA,IT,IA,0.001656243,0.0005906611,-64.30000305175781,↓,1.0,NS,4/20,5,4
Blood,MEFV,B,IA→AR,IA,AR,0.0005906611,0.0,-100.0,↓,0.563703,NS,3/12,4,3
Blood,MEFV,B,CR→AR,CR,AR,0.005009842,0.0,-100.0,↓,0.063603,†,9/9,3,3
Blood,MEFV,PlasmaB,NL→IT,NL,IT,0.0,0.0,0.0,↑,1.0,NS,0/25,5,5
Blood,MEFV,PlasmaB,NL→IA,NL,IA,0.0,0.013017849,99999.0,↑,0.371093,NS,5/20,5,4
Blood,MEFV,PlasmaB,NL→AR,NL,AR,0.0,0.0031567838,99999.0,↑,0.078983,†,10/15,5,3
Blood,MEFV,PlasmaB,NL→CR,NL,CR,0.0,0.030087352,99999.0,↑,0.3017,NS,5/15,5,3
Blood,MEFV,PlasmaB,IT→IA,IT,IA,0.0,0.013017849,99999.0,↑,0.371093,NS,5/20,5,4
Blood,MEFV,PlasmaB,IA→AR,IA,AR,0.013017849,0.0031567838,-75.80000305175781,↓,0.696466,NS,3/12,4,3
Blood,MEFV,PlasmaB,CR→AR,CR,AR,0.030087352,0.0031567838,-89.5,↓,1.0,NS,3/9,3,3
Blood,MKI67,Myeloid,NL→IT,NL,IT,0.012946303,0.0024998216,-80.69999694824219,↓,0.655836,NS,7/25,5,5
Blood,MKI67,Myeloid,NL→IA,NL,IA,0.012946303,0.002726728,-78.9000015258789,↓,0.442771,NS,5/20,5,4
Blood,MKI67,Myeloid,NL→AR,NL,AR,0.012946303,0.0041685184,-67.80000305175781,↓,0.2217,NS,3/15,5,3
Blood,MKI67,Myeloid,NL→CR,NL,CR,0.012946303,0.0021524269,-83.4000015258789,↓,0.541193,NS,5/15,5,3
Blood,MKI67,Myeloid,IT→IA,IT,IA,0.0024998216,0.002726728,9.100000381469728,↑,0.900865,NS,10/20,5,4
Blood,MKI67,Myeloid,IA→AR,IA,AR,0.002726728,0.0041685184,52.900001525878906,↑,0.4,NS,9/12,4,3
Blood,MKI67,Myeloid,CR→AR,CR,AR,0.0021524269,0.0041685184,93.6999969482422,↑,0.2,NS,8/9,3,3
Blood,MKI67,CD4_T,NL→IT,NL,IT,0.08110235,0.014298072,-82.4000015258789,↓,0.222222,NS,19/25,5,5
Blood,MKI67,CD4_T,NL→IA,NL,IA,0.08110235,0.010124761,-87.5,↓,0.285714,NS,15/20,5,4
Blood,MKI67,CD4_T,NL→AR,NL,AR,0.08110235,0.0058984845,-92.6999969482422,↓,0.25,NS,12/15,5,3
Blood,MKI67,CD4_T,NL→CR,NL,CR,0.08110235,0.006425457,-92.0999984741211,↓,0.25,NS,12/15,5,3
Blood,MKI67,CD4_T,IT→IA,IT,IA,0.014298072,0.010124761,-29.200000762939453,↓,0.412698,NS,14/20,5,4
Blood,MKI67,CD4_T,IA→AR,IA,AR,0.010124761,0.0058984845,-41.70000076293945,↓,0.857143,NS,5/12,4,3
Blood,MKI67,CD4_T,CR→AR,CR,AR,0.006425457,0.0058984845,-8.199999809265137,↓,1.0,NS,5/9,3,3
Blood,MKI67,CD8_T,NL→IT,NL,IT,0.052668788,0.023097824,-56.09999847412109,↓,0.84127,NS,14/25,5,5
Blood,MKI67,CD8_T,NL→IA,NL,IA,0.052668788,0.011359547,-78.4000015258789,↓,0.555556,NS,13/20,5,4
Blood,MKI67,CD8_T,NL→AR,NL,AR,0.052668788,0.013496809,-74.4000015258789,↓,0.571429,NS,10/15,5,3
Blood,MKI67,CD8_T,NL→CR,NL,CR,0.052668788,0.006418016,-87.80000305175781,↓,0.392857,NS,11/15,5,3
Blood,MKI67,CD8_T,IT→IA,IT,IA,0.023097824,0.011359547,-50.79999923706055,↓,0.555556,NS,13/20,5,4
Blood,MKI67,CD8_T,IA→AR,IA,AR,0.011359547,0.013496809,18.799999237060547,↑,1.0,NS,6/12,4,3
Blood,MKI67,CD8_T,CR→AR,CR,AR,0.006418016,0.013496809,110.3000030517578,↑,1.0,NS,5/9,3,3
Blood,MKI67,NK,NL→IT,NL,IT,0.030893499,0.011612818,-62.400001525878906,↓,0.309524,NS,18/25,5,5
Blood,MKI67,NK,NL→IA,NL,IA,0.030893499,0.021140717,-31.600000381469727,↓,0.555556,NS,13/20,5,4
Blood,MKI67,NK,NL→AR,NL,AR,0.030893499,0.0064471406,-79.0999984741211,↓,0.142857,NS,13/15,5,3
Blood,MKI67,NK,NL→CR,NL,CR,0.030893499,0.023339795,-24.5,↓,0.785714,NS,9/15,5,3
Blood,MKI67,NK,IT→IA,IT,IA,0.011612818,0.021140717,82.0,↑,0.111111,NS,17/20,5,4
Blood,MKI67,NK,IA→AR,IA,AR,0.021140717,0.0064471406,-69.5,↓,0.057143,†,12/12,4,3
Blood,MKI67,NK,CR→AR,CR,AR,0.023339795,0.0064471406,-72.4000015258789,↓,0.7,NS,6/9,3,3
Blood,MKI67,B,NL→IT,NL,IT,0.016009625,0.0009454408,-94.0999984741211,↓,1.0,NS,5/25,5,5
Blood,MKI67,B,NL→IA,NL,IA,0.016009625,0.0024867768,-84.5,↓,0.347654,NS,4/20,5,4
Blood,MKI67,B,NL→AR,NL,AR,0.016009625,0.002699429,-83.0999984741211,↓,0.203872,NS,3/15,5,3
Blood,MKI67,B,NL→CR,NL,CR,0.016009625,0.0,-100.0,↓,0.605577,NS,3/15,5,3
Blood,MKI67,B,IT→IA,IT,IA,0.0009454408,0.0024867768,163.0,↑,0.347654,NS,12/20,5,4
Blood,MKI67,B,IA→AR,IA,AR,0.0024867768,0.002699429,8.600000381469727,↑,1.0,NS,6/12,4,3
Blood,MKI67,B,CR→AR,CR,AR,0.0,0.002699429,99999.0,↑,0.063603,†,9/9,3,3
Blood,MKI67,PlasmaB,NL→IT,NL,IT,0.10156771,0.11340735,11.699999809265137,↑,1.0,NS,12/25,5,5
Blood,MKI67,PlasmaB,NL→IA,NL,IA,0.10156771,0.10888554,7.199999809265137,↑,0.708624,NS,7/20,5,4
Blood,MKI67,PlasmaB,NL→AR,NL,AR,0.10156771,0.1652617,62.70000076293945,↑,0.571429,NS,10/15,5,3
Blood,MKI67,PlasmaB,NL→CR,NL,CR,0.10156771,0.07263747,-28.5,↓,0.785714,NS,9/15,5,3
Blood,MKI67,PlasmaB,IT→IA,IT,IA,0.11340735,0.10888554,-4.0,↓,0.389284,NS,14/20,5,4
Blood,MKI67,PlasmaB,IA→AR,IA,AR,0.10888554,0.1652617,51.79999923706055,↑,0.372456,NS,9/12,4,3
Blood,MKI67,PlasmaB,CR→AR,CR,AR,0.07263747,0.1652617,127.5,↑,0.1,NS,9/9,3,3
Blood,MMP2,Myeloid,NL→IT,NL,IT,0.00043235635,0.0,-100.0,↓,0.423711,NS,5/25,5,5
Blood,MMP2,Myeloid,NL→IA,NL,IA,0.00043235635,0.0045708823,957.2000122070312,↑,0.866815,NS,5/20,5,4
Blood,MMP2,Myeloid,NL→AR,NL,AR,0.00043235635,0.0,-100.0,↓,0.605577,NS,3/15,5,3
Blood,MMP2,Myeloid,NL→CR,NL,CR,0.00043235635,0.0,-100.0,↓,0.605577,NS,3/15,5,3
Blood,MMP2,Myeloid,IT→IA,IT,IA,0.0,0.0045708823,99999.0,↑,0.371093,NS,5/20,5,4
Blood,MMP2,Myeloid,IA→AR,IA,AR,0.0045708823,0.0,-100.0,↓,0.563703,NS,3/12,4,3
Blood,MMP2,Myeloid,CR→AR,CR,AR,0.0,0.0,0.0,↑,1.0,NS,0/9,3,3
Blood,MMP2,CD4_T,NL→IT,NL,IT,0.0,0.0,0.0,↑,1.0,NS,0/25,5,5
Blood,MMP2,CD4_T,NL→IA,NL,IA,0.0,0.0,0.0,↑,1.0,NS,0/20,5,4
Blood,MMP2,CD4_T,NL→AR,NL,AR,0.0,0.0,0.0,↑,1.0,NS,0/15,5,3
Blood,MMP2,CD4_T,NL→CR,NL,CR,0.0,0.0,0.0,↑,1.0,NS,0/15,5,3
Blood,MMP2,CD4_T,IT→IA,IT,IA,0.0,0.0,0.0,↑,1.0,NS,0/20,5,4
Blood,MMP2,CD4_T,IA→AR,IA,AR,0.0,0.0,0.0,↑,1.0,NS,0/12,4,3
Blood,MMP2,CD4_T,CR→AR,CR,AR,0.0,0.0,0.0,↑,1.0,NS,0/9,3,3
Blood,MMP2,CD8_T,NL→IT,NL,IT,0.0,0.0,0.0,↑,1.0,NS,0/25,5,5
Blood,MMP2,CD8_T,NL→IA,NL,IA,0.0,0.0,0.0,↑,1.0,NS,0/20,5,4
Blood,MMP2,CD8_T,NL→AR,NL,AR,0.0,0.0,0.0,↑,1.0,NS,0/15,5,3
Blood,MMP2,CD8_T,NL→CR,NL,CR,0.0,0.0,0.0,↑,1.0,NS,0/15,5,3
Blood,MMP2,CD8_T,IT→IA,IT,IA,0.0,0.0,0.0,↑,1.0,NS,0/20,5,4
Blood,MMP2,CD8_T,IA→AR,IA,AR,0.0,0.0,0.0,↑,1.0,NS,0/12,4,3
Blood,MMP2,CD8_T,CR→AR,CR,AR,0.0,0.0,0.0,↑,1.0,NS,0/9,3,3
Blood,MMP2,NK,NL→IT,NL,IT,0.0,0.0,0.0,↑,1.0,NS,0/25,5,5
Blood,MMP2,NK,NL→IA,NL,IA,0.0,0.0,0.0,↑,1.0,NS,0/20,5,4
Blood,MMP2,NK,NL→AR,NL,AR,0.0,0.0,0.0,↑,1.0,NS,0/15,5,3
Blood,MMP2,NK,NL→CR,NL,CR,0.0,0.0,0.0,↑,1.0,NS,0/15,5,3
Blood,MMP2,NK,IT→IA,IT,IA,0.0,0.0,0.0,↑,1.0,NS,0/20,5,4
Blood,MMP2,NK,IA→AR,IA,AR,0.0,0.0,0.0,↑,1.0,NS,0/12,4,3
Blood,MMP2,NK,CR→AR,CR,AR,0.0,0.0,0.0,↑,1.0,NS,0/9,3,3
Blood,MMP2,B,NL→IT,NL,IT,0.0,0.0,0.0,↑,1.0,NS,0/25,5,5
Blood,MMP2,B,NL→IA,NL,IA,0.0,0.0,0.0,↑,1.0,NS,0/20,5,4
Blood,MMP2,B,NL→AR,NL,AR,0.0,0.0,0.0,↑,1.0,NS,0/15,5,3
Blood,MMP2,B,NL→CR,NL,CR,0.0,0.0,0.0,↑,1.0,NS,0/15,5,3
Blood,MMP2,B,IT→IA,IT,IA,0.0,0.0,0.0,↑,1.0,NS,0/20,5,4
Blood,MMP2,B,IA→AR,IA,AR,0.0,0.0,0.0,↑,1.0,NS,0/12,4,3
Blood,MMP2,B,CR→AR,CR,AR,0.0,0.0,0.0,↑,1.0,NS,0/9,3,3
Blood,MMP2,PlasmaB,NL→IT,NL,IT,0.0,0.0,0.0,↑,1.0,NS,0/25,5,5
Blood,MMP2,PlasmaB,NL→IA,NL,IA,0.0,0.0,0.0,↑,1.0,NS,0/20,5,4
Blood,MMP2,PlasmaB,NL→AR,NL,AR,0.0,0.0,0.0,↑,1.0,NS,0/15,5,3
Blood,MMP2,PlasmaB,NL→CR,NL,CR,0.0,0.0,0.0,↑,1.0,NS,0/15,5,3
Blood,MMP2,PlasmaB,IT→IA,IT,IA,0.0,0.0,0.0,↑,1.0,NS,0/20,5,4
Blood,MMP2,PlasmaB,IA→AR,IA,AR,0.0,0.0,0.0,↑,1.0,NS,0/12,4,3
Blood,MMP2,PlasmaB,CR→AR,CR,AR,0.0,0.0,0.0,↑,1.0,NS,0/9,3,3
Blood,MT-ATP6,Myeloid,NL→IT,NL,IT,3.1706386,3.4185188,7.800000190734863,↑,0.420635,NS,17/25,5,5
Blood,MT-ATP6,Myeloid,NL→IA,NL,IA,3.1706386,3.1907878,0.6000000238418579,↑,0.904762,NS,9/20,5,4
Blood,MT-ATP6,Myeloid,NL→AR,NL,AR,3.1706386,3.604045,13.699999809265137,↑,0.25,NS,12/15,5,3
Blood,MT-ATP6,Myeloid,NL→CR,NL,CR,3.1706386,3.26465,3.0,↑,0.785714,NS,9/15,5,3
Blood,MT-ATP6,Myeloid,IT→IA,IT,IA,3.4185188,3.1907878,-6.699999809265137,↓,0.730159,NS,12/20,5,4
Blood,MT-ATP6,Myeloid,IA→AR,IA,AR,3.1907878,3.604045,13.0,↑,0.4,NS,9/12,4,3
Blood,MT-ATP6,Myeloid,CR→AR,CR,AR,3.26465,3.604045,10.399999618530272,↑,0.1,NS,9/9,3,3
Blood,MT-ATP6,CD4_T,NL→IT,NL,IT,2.7920358,3.405727,22.0,↑,0.309524,NS,18/25,5,5
Blood,MT-ATP6,CD4_T,NL→IA,NL,IA,2.7920358,2.9251704,4.800000190734863,↑,0.904762,NS,11/20,5,4
Blood,MT-ATP6,CD4_T,NL→AR,NL,AR,2.7920358,3.7160587,33.099998474121094,↑,0.25,NS,12/15,5,3
Blood,MT-ATP6,CD4_T,NL→CR,NL,CR,2.7920358,3.2589703,16.700000762939453,↑,0.392857,NS,11/15,5,3
Blood,MT-ATP6,CD4_T,IT→IA,IT,IA,3.405727,2.9251704,-14.100000381469728,↓,0.285714,NS,15/20,5,4
Blood,MT-ATP6,CD4_T,IA→AR,IA,AR,2.9251704,3.7160587,27.0,↑,0.4,NS,9/12,4,3
Blood,MT-ATP6,CD4_T,CR→AR,CR,AR,3.2589703,3.7160587,14.0,↑,0.1,NS,9/9,3,3
Blood,MT-ATP6,CD8_T,NL→IT,NL,IT,2.9626029,3.5986316,21.5,↑,0.309524,NS,18/25,5,5
Blood,MT-ATP6,CD8_T,NL→IA,NL,IA,2.9626029,3.0339642,2.400000095367432,↑,0.730159,NS,12/20,5,4
Blood,MT-ATP6,CD8_T,NL→AR,NL,AR,2.9626029,3.800392,28.299999237060547,↑,0.25,NS,12/15,5,3
Blood,MT-ATP6,CD8_T,NL→CR,NL,CR,2.9626029,3.4091346,15.100000381469728,↑,0.571429,NS,10/15,5,3
Blood,MT-ATP6,CD8_T,IT→IA,IT,IA,3.5986316,3.0339642,-15.699999809265137,↓,0.190476,NS,16/20,5,4
Blood,MT-ATP6,CD8_T,IA→AR,IA,AR,3.0339642,3.800392,25.299999237060547,↑,0.4,NS,9/12,4,3
Blood,MT-ATP6,CD8_T,CR→AR,CR,AR,3.4091346,3.800392,11.5,↑,0.1,NS,9/9,3,3
Blood,MT-ATP6,NK,NL→IT,NL,IT,2.8956146,3.401109,17.5,↑,0.309524,NS,18/25,5,5
Blood,MT-ATP6,NK,NL→IA,NL,IA,2.8956146,2.9055026,0.3000000119209289,↑,0.904762,NS,11/20,5,4
Blood,MT-ATP6,NK,NL→AR,NL,AR,2.8956146,3.63686,25.600000381469727,↑,0.25,NS,12/15,5,3
Blood,MT-ATP6,NK,NL→CR,NL,CR,2.8956146,3.2667649,12.800000190734863,↑,0.392857,NS,11/15,5,3
Blood,MT-ATP6,NK,IT→IA,IT,IA,3.401109,2.9055026,-14.600000381469728,↓,0.190476,NS,16/20,5,4
Blood,MT-ATP6,NK,IA→AR,IA,AR,2.9055026,3.63686,25.200000762939453,↑,0.4,NS,9/12,4,3
Blood,MT-ATP6,NK,CR→AR,CR,AR,3.2667649,3.63686,11.300000190734863,↑,0.2,NS,8/9,3,3
Blood,MT-ATP6,B,NL→IT,NL,IT,3.3132033,3.6348412,9.699999809265137,↑,0.420635,NS,17/25,5,5
Blood,MT-ATP6,B,NL→IA,NL,IA,3.3132033,3.20025,-3.400000095367432,↓,0.730159,NS,12/20,5,4
Blood,MT-ATP6,B,NL→AR,NL,AR,3.3132033,3.9679925,19.799999237060547,↑,0.25,NS,12/15,5,3
Blood,MT-ATP6,B,NL→CR,NL,CR,3.3132033,3.5019836,5.699999809265137,↑,0.571429,NS,10/15,5,3
Blood,MT-ATP6,B,IT→IA,IT,IA,3.6348412,3.20025,-12.0,↓,0.412698,NS,14/20,5,4
Blood,MT-ATP6,B,IA→AR,IA,AR,3.20025,3.9679925,24.0,↑,0.4,NS,9/12,4,3
Blood,MT-ATP6,B,CR→AR,CR,AR,3.5019836,3.9679925,13.300000190734863,↑,0.1,NS,9/9,3,3
Blood,MT-ATP6,PlasmaB,NL→IT,NL,IT,2.1211107,2.9037137,36.900001525878906,↑,0.055556,†,22/25,5,5
Blood,MT-ATP6,PlasmaB,NL→IA,NL,IA,2.1211107,2.4568498,15.800000190734863,↑,0.555556,NS,13/20,5,4
Blood,MT-ATP6,PlasmaB,NL→AR,NL,AR,2.1211107,3.0992644,46.09999847412109,↑,0.071429,†,14/15,5,3
Blood,MT-ATP6,PlasmaB,NL→CR,NL,CR,2.1211107,2.6634204,25.600000381469727,↑,0.571429,NS,10/15,5,3
Blood,MT-ATP6,PlasmaB,IT→IA,IT,IA,2.9037137,2.4568498,-15.399999618530272,↓,0.285714,NS,15/20,5,4
Blood,MT-ATP6,PlasmaB,IA→AR,IA,AR,2.4568498,3.0992644,26.100000381469727,↑,0.4,NS,9/12,4,3
Blood,MT-ATP6,PlasmaB,CR→AR,CR,AR,2.6634204,3.0992644,16.399999618530273,↑,0.2,NS,8/9,3,3
Blood,MT-CO1,Myeloid,NL→IT,NL,IT,4.7290173,4.7587137,0.6000000238418579,↑,0.84127,NS,14/25,5,5
Blood,MT-CO1,Myeloid,NL→IA,NL,IA,4.7290173,4.7556763,0.6000000238418579,↑,0.904762,NS,11/20,5,4
Blood,MT-CO1,Myeloid,NL→AR,NL,AR,4.7290173,4.83959,2.299999952316284,↑,0.785714,NS,9/15,5,3
Blood,MT-CO1,Myeloid,NL→CR,NL,CR,4.7290173,4.7402854,0.2000000029802322,↑,0.785714,NS,9/15,5,3
Blood,MT-CO1,Myeloid,IT→IA,IT,IA,4.7587137,4.7556763,-0.1000000014901161,↓,0.730159,NS,8/20,5,4
Blood,MT-CO1,Myeloid,IA→AR,IA,AR,4.7556763,4.83959,1.7999999523162842,↑,0.4,NS,9/12,4,3
Blood,MT-CO1,Myeloid,CR→AR,CR,AR,4.7402854,4.83959,2.0999999046325684,↑,0.7,NS,6/9,3,3
Blood,MT-CO1,CD4_T,NL→IT,NL,IT,4.4355173,4.6603117,5.099999904632568,↑,0.547619,NS,16/25,5,5
Blood,MT-CO1,CD4_T,NL→IA,NL,IA,4.4355173,4.687461,5.699999809265137,↑,0.285714,NS,15/20,5,4
Blood,MT-CO1,CD4_T,NL→AR,NL,AR,4.4355173,4.6920953,5.800000190734863,↑,0.142857,NS,13/15,5,3
Blood,MT-CO1,CD4_T,NL→CR,NL,CR,4.4355173,4.341679,-2.0999999046325684,↓,0.785714,NS,9/15,5,3
Blood,MT-CO1,CD4_T,IT→IA,IT,IA,4.6603117,4.687461,0.6000000238418579,↑,0.730159,NS,12/20,5,4
Blood,MT-CO1,CD4_T,IA→AR,IA,AR,4.687461,4.6920953,0.1000000014901161,↑,0.628571,NS,8/12,4,3
Blood,MT-CO1,CD4_T,CR→AR,CR,AR,4.341679,4.6920953,8.100000381469727,↑,0.1,NS,9/9,3,3
Blood,MT-CO1,CD8_T,NL→IT,NL,IT,4.475749,4.8705587,8.800000190734863,↑,0.015873,*,24/25,5,5
Blood,MT-CO1,CD8_T,NL→IA,NL,IA,4.475749,4.8183093,7.699999809265137,↑,0.031746,*,19/20,5,4
Blood,MT-CO1,CD8_T,NL→AR,NL,AR,4.475749,4.8760114,8.899999618530273,↑,0.035714,*,15/15,5,3
Blood,MT-CO1,CD8_T,NL→CR,NL,CR,4.475749,4.542276,1.5,↑,1.0,NS,7/15,5,3
Blood,MT-CO1,CD8_T,IT→IA,IT,IA,4.8705587,4.8183093,-1.100000023841858,↓,0.730159,NS,12/20,5,4
Blood,MT-CO1,CD8_T,IA→AR,IA,AR,4.8183093,4.8760114,1.2000000476837158,↑,0.628571,NS,8/12,4,3
Blood,MT-CO1,CD8_T,CR→AR,CR,AR,4.542276,4.8760114,7.300000190734863,↑,0.1,NS,9/9,3,3
Blood,MT-CO1,NK,NL→IT,NL,IT,4.536868,4.870322,7.300000190734863,↑,0.055556,†,22/25,5,5
Blood,MT-CO1,NK,NL→IA,NL,IA,4.536868,4.803239,5.900000095367432,↑,0.190476,NS,16/20,5,4
Blood,MT-CO1,NK,NL→AR,NL,AR,4.536868,4.861387,7.199999809265137,↑,0.035714,*,15/15,5,3
Blood,MT-CO1,NK,NL→CR,NL,CR,4.536868,4.582818,1.0,↑,0.571429,NS,10/15,5,3
Blood,MT-CO1,NK,IT→IA,IT,IA,4.870322,4.803239,-1.399999976158142,↓,0.730159,NS,12/20,5,4
Blood,MT-CO1,NK,IA→AR,IA,AR,4.803239,4.861387,1.2000000476837158,↑,0.628571,NS,8/12,4,3
Blood,MT-CO1,NK,CR→AR,CR,AR,4.582818,4.861387,6.099999904632568,↑,0.1,NS,9/9,3,3
Blood,MT-CO1,B,NL→IT,NL,IT,4.6993837,4.902227,4.300000190734863,↑,0.150794,NS,20/25,5,5
Blood,MT-CO1,B,NL→IA,NL,IA,4.6993837,4.930358,4.900000095367432,↑,0.111111,NS,17/20,5,4
Blood,MT-CO1,B,NL→AR,NL,AR,4.6993837,5.0162063,6.699999809265137,↑,0.071429,†,14/15,5,3
Blood,MT-CO1,B,NL→CR,NL,CR,4.6993837,4.5545974,-3.0999999046325684,↓,0.25,NS,12/15,5,3
Blood,MT-CO1,B,IT→IA,IT,IA,4.902227,4.930358,0.6000000238418579,↑,1.0,NS,10/20,5,4
Blood,MT-CO1,B,IA→AR,IA,AR,4.930358,5.0162063,1.7000000476837158,↑,0.4,NS,9/12,4,3
Blood,MT-CO1,B,CR→AR,CR,AR,4.5545974,5.0162063,10.100000381469728,↑,0.1,NS,9/9,3,3
Blood,MT-CO1,PlasmaB,NL→IT,NL,IT,4.02069,4.408208,9.600000381469728,↑,0.150794,NS,20/25,5,5
Blood,MT-CO1,PlasmaB,NL→IA,NL,IA,4.02069,4.1472435,3.0999999046325684,↑,0.555556,NS,13/20,5,4
Blood,MT-CO1,PlasmaB,NL→AR,NL,AR,4.02069,4.409286,9.699999809265137,↑,0.071429,†,14/15,5,3
Blood,MT-CO1,PlasmaB,NL→CR,NL,CR,4.02069,4.1410656,3.0,↑,0.25,NS,12/15,5,3
Blood,MT-CO1,PlasmaB,IT→IA,IT,IA,4.408208,4.1472435,-5.900000095367432,↓,0.730159,NS,12/20,5,4
Blood,MT-CO1,PlasmaB,IA→AR,IA,AR,4.1472435,4.409286,6.300000190734863,↑,0.857143,NS,7/12,4,3
Blood,MT-CO1,PlasmaB,CR→AR,CR,AR,4.1410656,4.409286,6.5,↑,0.1,NS,9/9,3,3
Blood,MT-CYB,Myeloid,NL→IT,NL,IT,3.325294,3.5172944,5.800000190734863,↑,0.222222,NS,19/25,5,5
Blood,MT-CYB,Myeloid,NL→IA,NL,IA,3.325294,3.5265837,6.099999904632568,↑,0.190476,NS,16/20,5,4
Blood,MT-CYB,Myeloid,NL→AR,NL,AR,3.325294,3.5940087,8.100000381469727,↑,0.25,NS,12/15,5,3
Blood,MT-CYB,Myeloid,NL→CR,NL,CR,3.325294,3.55972,7.0,↑,0.25,NS,12/15,5,3
Blood,MT-CYB,Myeloid,IT→IA,IT,IA,3.5172944,3.5265837,0.3000000119209289,↑,0.412698,NS,14/20,5,4
Blood,MT-CYB,Myeloid,IA→AR,IA,AR,3.5265837,3.5940087,1.899999976158142,↑,0.857143,NS,7/12,4,3
Blood,MT-CYB,Myeloid,CR→AR,CR,AR,3.55972,3.5940087,1.0,↑,0.7,NS,6/9,3,3
Blood,MT-CYB,CD4_T,NL→IT,NL,IT,3.4267254,4.1355376,20.700000762939453,↑,0.007937,**,25/25,5,5
Blood,MT-CYB,CD4_T,NL→IA,NL,IA,3.4267254,4.069482,18.799999237060547,↑,0.015873,*,20/20,5,4
Blood,MT-CYB,CD4_T,NL→AR,NL,AR,3.4267254,4.2714996,24.700000762939453,↑,0.035714,*,15/15,5,3
Blood,MT-CYB,CD4_T,NL→CR,NL,CR,3.4267254,4.175657,21.899999618530277,↑,0.035714,*,15/15,5,3
Blood,MT-CYB,CD4_T,IT→IA,IT,IA,4.1355376,4.069482,-1.600000023841858,↓,0.904762,NS,11/20,5,4
Blood,MT-CYB,CD4_T,IA→AR,IA,AR,4.069482,4.2714996,5.0,↑,0.228571,NS,10/12,4,3
Blood,MT-CYB,CD4_T,CR→AR,CR,AR,4.175657,4.2714996,2.299999952316284,↑,1.0,NS,5/9,3,3
Blood,MT-CYB,CD8_T,NL→IT,NL,IT,3.497755,4.2790556,22.299999237060547,↑,0.007937,**,25/25,5,5
Blood,MT-CYB,CD8_T,NL→IA,NL,IA,3.497755,4.0751877,16.5,↑,0.015873,*,20/20,5,4
Blood,MT-CYB,CD8_T,NL→AR,NL,AR,3.497755,4.243348,21.299999237060547,↑,0.035714,*,15/15,5,3
Blood,MT-CYB,CD8_T,NL→CR,NL,CR,3.497755,4.2320313,21.0,↑,0.071429,†,14/15,5,3
Blood,MT-CYB,CD8_T,IT→IA,IT,IA,4.2790556,4.0751877,-4.800000190734863,↓,0.412698,NS,14/20,5,4
Blood,MT-CYB,CD8_T,IA→AR,IA,AR,4.0751877,4.243348,4.099999904632568,↑,0.4,NS,9/12,4,3
Blood,MT-CYB,CD8_T,CR→AR,CR,AR,4.2320313,4.243348,0.3000000119209289,↑,0.7,NS,3/9,3,3
Blood,MT-CYB,NK,NL→IT,NL,IT,3.1926525,3.8790765,21.5,↑,0.015873,*,24/25,5,5
Blood,MT-CYB,NK,NL→IA,NL,IA,3.1926525,3.7311783,16.899999618530273,↑,0.015873,*,20/20,5,4
Blood,MT-CYB,NK,NL→AR,NL,AR,3.1926525,3.952444,23.799999237060547,↑,0.035714,*,15/15,5,3
Blood,MT-CYB,NK,NL→CR,NL,CR,3.1926525,3.86567,21.100000381469727,↑,0.035714,*,15/15,5,3
Blood,MT-CYB,NK,IT→IA,IT,IA,3.8790765,3.7311783,-3.799999952316284,↓,0.555556,NS,13/20,5,4
Blood,MT-CYB,NK,IA→AR,IA,AR,3.7311783,3.952444,5.900000095367432,↑,0.114286,NS,11/12,4,3
Blood,MT-CYB,NK,CR→AR,CR,AR,3.86567,3.952444,2.200000047683716,↑,1.0,NS,4/9,3,3
Blood,MT-CYB,B,NL→IT,NL,IT,3.8904223,4.1457834,6.599999904632568,↑,0.150794,NS,20/25,5,5
Blood,MT-CYB,B,NL→IA,NL,IA,3.8904223,4.099285,5.400000095367432,↑,0.190476,NS,16/20,5,4
Blood,MT-CYB,B,NL→AR,NL,AR,3.8904223,4.246657,9.199999809265137,↑,0.071429,†,14/15,5,3
Blood,MT-CYB,B,NL→CR,NL,CR,3.8904223,4.1550727,6.800000190734863,↑,0.25,NS,12/15,5,3
Blood,MT-CYB,B,IT→IA,IT,IA,4.1457834,4.099285,-1.100000023841858,↓,0.730159,NS,12/20,5,4
Blood,MT-CYB,B,IA→AR,IA,AR,4.099285,4.246657,3.5999999046325684,↑,0.228571,NS,10/12,4,3
Blood,MT-CYB,B,CR→AR,CR,AR,4.1550727,4.246657,2.200000047683716,↑,1.0,NS,5/9,3,3
Blood,MT-CYB,PlasmaB,NL→IT,NL,IT,2.9577527,3.3336215,12.699999809265137,↑,0.150794,NS,20/25,5,5
Blood,MT-CYB,PlasmaB,NL→IA,NL,IA,2.9577527,3.2782178,10.800000190734863,↑,0.285714,NS,15/20,5,4
Blood,MT-CYB,PlasmaB,NL→AR,NL,AR,2.9577527,3.4765348,17.5,↑,0.035714,*,15/15,5,3
Blood,MT-CYB,PlasmaB,NL→CR,NL,CR,2.9577527,3.4212554,15.699999809265137,↑,0.071429,†,14/15,5,3
Blood,MT-CYB,PlasmaB,IT→IA,IT,IA,3.3336215,3.2782178,-1.7000000476837158,↓,1.0,NS,10/20,5,4
Blood,MT-CYB,PlasmaB,IA→AR,IA,AR,3.2782178,3.4765348,6.0,↑,0.628571,NS,8/12,4,3
Blood,MT-CYB,PlasmaB,CR→AR,CR,AR,3.4212554,3.4765348,1.600000023841858,↑,1.0,NS,5/9,3,3
Blood,MT-ND1,Myeloid,NL→IT,NL,IT,3.0077043,3.6316268,20.700000762939453,↑,0.007937,**,25/25,5,5
Blood,MT-ND1,Myeloid,NL→IA,NL,IA,3.0077043,3.4519074,14.800000190734863,↑,0.190476,NS,16/20,5,4
Blood,MT-ND1,Myeloid,NL→AR,NL,AR,3.0077043,3.6939535,22.799999237060547,↑,0.035714,*,15/15,5,3
Blood,MT-ND1,Myeloid,NL→CR,NL,CR,3.0077043,3.7104256,23.399999618530277,↑,0.035714,*,15/15,5,3
Blood,MT-ND1,Myeloid,IT→IA,IT,IA,3.6316268,3.4519074,-4.900000095367432,↓,0.904762,NS,11/20,5,4
Blood,MT-ND1,Myeloid,IA→AR,IA,AR,3.4519074,3.6939535,7.0,↑,0.628571,NS,8/12,4,3
Blood,MT-ND1,Myeloid,CR→AR,CR,AR,3.7104256,3.6939535,-0.4000000059604645,↓,0.7,NS,6/9,3,3
Blood,MT-ND1,CD4_T,NL→IT,NL,IT,2.4966884,3.3817322,35.400001525878906,↑,0.007937,**,25/25,5,5
Blood,MT-ND1,CD4_T,NL→IA,NL,IA,2.4966884,3.1798325,27.399999618530277,↑,0.031746,*,19/20,5,4
Blood,MT-ND1,CD4_T,NL→AR,NL,AR,2.4966884,3.387901,35.70000076293945,↑,0.035714,*,15/15,5,3
Blood,MT-ND1,CD4_T,NL→CR,NL,CR,2.4966884,3.5287168,41.29999923706055,↑,0.035714,*,15/15,5,3
Blood,MT-ND1,CD4_T,IT→IA,IT,IA,3.3817322,3.1798325,-6.0,↓,0.555556,NS,13/20,5,4
Blood,MT-ND1,CD4_T,IA→AR,IA,AR,3.1798325,3.387901,6.5,↑,0.628571,NS,8/12,4,3
Blood,MT-ND1,CD4_T,CR→AR,CR,AR,3.5287168,3.387901,-4.0,↓,0.4,NS,7/9,3,3
Blood,MT-ND1,CD8_T,NL→IT,NL,IT,2.5908537,3.5117753,35.5,↑,0.007937,**,25/25,5,5
Blood,MT-ND1,CD8_T,NL→IA,NL,IA,2.5908537,3.192626,23.200000762939453,↑,0.111111,NS,17/20,5,4
Blood,MT-ND1,CD8_T,NL→AR,NL,AR,2.5908537,3.37848,30.399999618530277,↑,0.035714,*,15/15,5,3
Blood,MT-ND1,CD8_T,NL→CR,NL,CR,2.5908537,3.5940323,38.70000076293945,↑,0.035714,*,15/15,5,3
Blood,MT-ND1,CD8_T,IT→IA,IT,IA,3.5117753,3.192626,-9.100000381469728,↓,0.412698,NS,14/20,5,4
Blood,MT-ND1,CD8_T,IA→AR,IA,AR,3.192626,3.37848,5.800000190734863,↑,0.857143,NS,7/12,4,3
Blood,MT-ND1,CD8_T,CR→AR,CR,AR,3.5940323,3.37848,-6.0,↓,0.4,NS,7/9,3,3
Blood,MT-ND1,NK,NL→IT,NL,IT,2.2163157,2.9819117,34.5,↑,0.031746,*,23/25,5,5
Blood,MT-ND1,NK,NL→IA,NL,IA,2.2163157,2.795453,26.100000381469727,↑,0.063492,†,18/20,5,4
Blood,MT-ND1,NK,NL→AR,NL,AR,2.2163157,3.0186136,36.20000076293945,↑,0.035714,*,15/15,5,3
Blood,MT-ND1,NK,NL→CR,NL,CR,2.2163157,3.1675327,42.900001525878906,↑,0.035714,*,15/15,5,3
Blood,MT-ND1,NK,IT→IA,IT,IA,2.9819117,2.795453,-6.300000190734863,↓,0.412698,NS,14/20,5,4
Blood,MT-ND1,NK,IA→AR,IA,AR,2.795453,3.0186136,8.0,↑,0.4,NS,9/12,4,3
Blood,MT-ND1,NK,CR→AR,CR,AR,3.1675327,3.0186136,-4.699999809265137,↓,0.7,NS,6/9,3,3
Blood,MT-ND1,B,NL→IT,NL,IT,2.8333576,3.5448983,25.100000381469727,↑,0.007937,**,25/25,5,5
Blood,MT-ND1,B,NL→IA,NL,IA,2.8333576,3.3058157,16.700000762939453,↑,0.063492,†,18/20,5,4
Blood,MT-ND1,B,NL→AR,NL,AR,2.8333576,3.5768375,26.200000762939453,↑,0.035714,*,15/15,5,3
Blood,MT-ND1,B,NL→CR,NL,CR,2.8333576,3.61963,27.799999237060547,↑,0.035714,*,15/15,5,3
Blood,MT-ND1,B,IT→IA,IT,IA,3.5448983,3.3058157,-6.699999809265137,↓,0.412698,NS,14/20,5,4
Blood,MT-ND1,B,IA→AR,IA,AR,3.3058157,3.5768375,8.199999809265137,↑,0.628571,NS,8/12,4,3
Blood,MT-ND1,B,CR→AR,CR,AR,3.61963,3.5768375,-1.2000000476837158,↓,1.0,NS,4/9,3,3
Blood,MT-ND1,PlasmaB,NL→IT,NL,IT,2.26957,2.8697608,26.399999618530277,↑,0.095238,†,21/25,5,5
Blood,MT-ND1,PlasmaB,NL→IA,NL,IA,2.26957,2.6800144,18.100000381469727,↑,0.285714,NS,15/20,5,4
Blood,MT-ND1,PlasmaB,NL→AR,NL,AR,2.26957,2.8030777,23.5,↑,0.035714,*,15/15,5,3
Blood,MT-ND1,PlasmaB,NL→CR,NL,CR,2.26957,3.0098631,32.599998474121094,↑,0.035714,*,15/15,5,3
Blood,MT-ND1,PlasmaB,IT→IA,IT,IA,2.8697608,2.6800144,-6.599999904632568,↓,0.555556,NS,13/20,5,4
Blood,MT-ND1,PlasmaB,IA→AR,IA,AR,2.6800144,2.8030777,4.599999904632568,↑,0.4,NS,3/12,4,3
Blood,MT-ND1,PlasmaB,CR→AR,CR,AR,3.0098631,2.8030777,-6.900000095367432,↓,0.1,NS,9/9,3,3
Blood,MT-ND2,Myeloid,NL→IT,NL,IT,2.7403343,3.2504992,18.600000381469727,↑,0.055556,†,22/25,5,5
Blood,MT-ND2,Myeloid,NL→IA,NL,IA,2.7403343,2.9531152,7.800000190734863,↑,0.730159,NS,12/20,5,4
Blood,MT-ND2,Myeloid,NL→AR,NL,AR,2.7403343,3.186435,16.299999237060547,↑,0.25,NS,12/15,5,3
Blood,MT-ND2,Myeloid,NL→CR,NL,CR,2.7403343,3.1223211,13.899999618530272,↑,0.25,NS,12/15,5,3
Blood,MT-ND2,Myeloid,IT→IA,IT,IA,3.2504992,2.9531152,-9.100000381469728,↓,0.412698,NS,14/20,5,4
Blood,MT-ND2,Myeloid,IA→AR,IA,AR,2.9531152,3.186435,7.900000095367432,↑,0.857143,NS,7/12,4,3
Blood,MT-ND2,Myeloid,CR→AR,CR,AR,3.1223211,3.186435,2.0999999046325684,↑,1.0,NS,5/9,3,3
Blood,MT-ND2,CD4_T,NL→IT,NL,IT,1.862051,2.6235232,40.900001525878906,↑,0.007937,**,25/25,5,5
Blood,MT-ND2,CD4_T,NL→IA,NL,IA,1.862051,2.4042108,29.100000381469727,↑,0.015873,*,20/20,5,4
Blood,MT-ND2,CD4_T,NL→AR,NL,AR,1.862051,2.4647007,32.400001525878906,↑,0.035714,*,15/15,5,3
Blood,MT-ND2,CD4_T,NL→CR,NL,CR,1.862051,2.4541285,31.799999237060547,↑,0.035714,*,15/15,5,3
Blood,MT-ND2,CD4_T,IT→IA,IT,IA,2.6235232,2.4042108,-8.399999618530273,↓,0.190476,NS,16/20,5,4
Blood,MT-ND2,CD4_T,IA→AR,IA,AR,2.4042108,2.4647007,2.5,↑,1.0,NS,6/12,4,3
Blood,MT-ND2,CD4_T,CR→AR,CR,AR,2.4541285,2.4647007,0.4000000059604645,↑,1.0,NS,5/9,3,3
Blood,MT-ND2,CD8_T,NL→IT,NL,IT,1.9204197,2.8444717,48.09999847412109,↑,0.007937,**,25/25,5,5
Blood,MT-ND2,CD8_T,NL→IA,NL,IA,1.9204197,2.471562,28.700000762939453,↑,0.063492,†,18/20,5,4
Blood,MT-ND2,CD8_T,NL→AR,NL,AR,1.9204197,2.557763,33.20000076293945,↑,0.035714,*,15/15,5,3
Blood,MT-ND2,CD8_T,NL→CR,NL,CR,1.9204197,2.5869665,34.70000076293945,↑,0.035714,*,15/15,5,3
Blood,MT-ND2,CD8_T,IT→IA,IT,IA,2.8444717,2.471562,-13.100000381469728,↓,0.063492,†,18/20,5,4
Blood,MT-ND2,CD8_T,IA→AR,IA,AR,2.471562,2.557763,3.5,↑,0.857143,NS,7/12,4,3
Blood,MT-ND2,CD8_T,CR→AR,CR,AR,2.5869665,2.557763,-1.100000023841858,↓,1.0,NS,5/9,3,3
Blood,MT-ND2,NK,NL→IT,NL,IT,1.7209238,2.339943,36.0,↑,0.007937,**,25/25,5,5
Blood,MT-ND2,NK,NL→IA,NL,IA,1.7209238,2.140703,24.399999618530277,↑,0.015873,*,20/20,5,4
Blood,MT-ND2,NK,NL→AR,NL,AR,1.7209238,2.1754127,26.399999618530277,↑,0.035714,*,15/15,5,3
Blood,MT-ND2,NK,NL→CR,NL,CR,1.7209238,2.2320347,29.700000762939453,↑,0.035714,*,15/15,5,3
Blood,MT-ND2,NK,IT→IA,IT,IA,2.339943,2.140703,-8.5,↓,0.063492,†,18/20,5,4
Blood,MT-ND2,NK,IA→AR,IA,AR,2.140703,2.1754127,1.600000023841858,↑,0.857143,NS,7/12,4,3
Blood,MT-ND2,NK,CR→AR,CR,AR,2.2320347,2.1754127,-2.5,↓,1.0,NS,5/9,3,3
Blood,MT-ND2,B,NL→IT,NL,IT,2.478381,2.8293297,14.199999809265137,↑,0.031746,*,23/25,5,5
Blood,MT-ND2,B,NL→IA,NL,IA,2.478381,2.4676204,-0.4000000059604645,↓,1.0,NS,10/20,5,4
Blood,MT-ND2,B,NL→AR,NL,AR,2.478381,2.6426842,6.599999904632568,↑,0.25,NS,12/15,5,3
Blood,MT-ND2,B,NL→CR,NL,CR,2.478381,2.6528633,7.0,↑,0.142857,NS,13/15,5,3
Blood,MT-ND2,B,IT→IA,IT,IA,2.8293297,2.4676204,-12.800000190734863,↓,0.111111,NS,17/20,5,4
Blood,MT-ND2,B,IA→AR,IA,AR,2.4676204,2.6426842,7.099999904632568,↑,0.4,NS,9/12,4,3
Blood,MT-ND2,B,CR→AR,CR,AR,2.6528633,2.6426842,-0.4000000059604645,↓,1.0,NS,5/9,3,3
Blood,MT-ND2,PlasmaB,NL→IT,NL,IT,1.263617,2.2036614,74.4000015258789,↑,0.007937,**,25/25,5,5
Blood,MT-ND2,PlasmaB,NL→IA,NL,IA,1.263617,1.9395577,53.5,↑,0.031746,*,19/20,5,4
Blood,MT-ND2,PlasmaB,NL→AR,NL,AR,1.263617,1.708794,35.20000076293945,↑,0.142857,NS,13/15,5,3
Blood,MT-ND2,PlasmaB,NL→CR,NL,CR,1.263617,1.9565926,54.79999923706055,↑,0.035714,*,15/15,5,3
Blood,MT-ND2,PlasmaB,IT→IA,IT,IA,2.2036614,1.9395577,-12.0,↓,0.555556,NS,13/20,5,4
Blood,MT-ND2,PlasmaB,IA→AR,IA,AR,1.9395577,1.708794,-11.899999618530272,↓,0.4,NS,9/12,4,3
Blood,MT-ND2,PlasmaB,CR→AR,CR,AR,1.9565926,1.708794,-12.699999809265137,↓,0.1,NS,9/9,3,3
Blood,MTOR,Myeloid,NL→IT,NL,IT,0.019455237,0.12071423,520.5,↑,0.011925,*,25/25,5,5
Blood,MTOR,Myeloid,NL→IA,NL,IA,0.019455237,0.13784574,608.5,↑,0.019451,*,20/20,5,4
Blood,MTOR,Myeloid,NL→AR,NL,AR,0.019455237,0.13953464,617.2000122070312,↑,0.03577,*,15/15,5,3
Blood,MTOR,Myeloid,NL→CR,NL,CR,0.019455237,0.12098378,521.9000244140625,↑,0.03577,*,15/15,5,3
Blood,MTOR,Myeloid,IT→IA,IT,IA,0.12071423,0.13784574,14.199999809265137,↑,0.730159,NS,12/20,5,4
Blood,MTOR,Myeloid,IA→AR,IA,AR,0.13784574,0.13953464,1.2000000476837158,↑,0.4,NS,3/12,4,3
Blood,MTOR,Myeloid,CR→AR,CR,AR,0.12098378,0.13953464,15.300000190734863,↑,0.1,NS,9/9,3,3
Blood,MTOR,CD4_T,NL→IT,NL,IT,0.04954762,0.0864851,74.5,↑,0.150794,NS,20/25,5,5
Blood,MTOR,CD4_T,NL→IA,NL,IA,0.04954762,0.09078538,83.19999694824219,↑,0.063492,†,18/20,5,4
Blood,MTOR,CD4_T,NL→AR,NL,AR,0.04954762,0.08795261,77.5,↑,0.142857,NS,13/15,5,3
Blood,MTOR,CD4_T,NL→CR,NL,CR,0.04954762,0.08933898,80.30000305175781,↑,0.142857,NS,13/15,5,3
Blood,MTOR,CD4_T,IT→IA,IT,IA,0.0864851,0.09078538,5.0,↑,0.904762,NS,11/20,5,4
Blood,MTOR,CD4_T,IA→AR,IA,AR,0.09078538,0.08795261,-3.0999999046325684,↓,0.628571,NS,8/12,4,3
Blood,MTOR,CD4_T,CR→AR,CR,AR,0.08933898,0.08795261,-1.600000023841858,↓,1.0,NS,5/9,3,3
Blood,MTOR,CD8_T,NL→IT,NL,IT,0.0447276,0.08744743,95.5,↑,0.222222,NS,19/25,5,5
Blood,MTOR,CD8_T,NL→IA,NL,IA,0.0447276,0.09253766,106.9000015258789,↑,0.015873,*,20/20,5,4
Blood,MTOR,CD8_T,NL→AR,NL,AR,0.0447276,0.102896065,130.10000610351562,↑,0.035714,*,15/15,5,3
Blood,MTOR,CD8_T,NL→CR,NL,CR,0.0447276,0.09577337,114.0999984741211,↑,0.035714,*,15/15,5,3
Blood,MTOR,CD8_T,IT→IA,IT,IA,0.08744743,0.09253766,5.800000190734863,↑,0.904762,NS,11/20,5,4
Blood,MTOR,CD8_T,IA→AR,IA,AR,0.09253766,0.102896065,11.199999809265137,↑,0.4,NS,9/12,4,3
Blood,MTOR,CD8_T,CR→AR,CR,AR,0.09577337,0.102896065,7.400000095367432,↑,0.7,NS,6/9,3,3
Blood,MTOR,NK,NL→IT,NL,IT,0.061571807,0.104078986,69.0,↑,0.150794,NS,20/25,5,5
Blood,MTOR,NK,NL→IA,NL,IA,0.061571807,0.11614634,88.5999984741211,↑,0.190476,NS,16/20,5,4
Blood,MTOR,NK,NL→AR,NL,AR,0.061571807,0.111581646,81.19999694824219,↑,0.25,NS,12/15,5,3
Blood,MTOR,NK,NL→CR,NL,CR,0.061571807,0.13105,112.8000030517578,↑,0.142857,NS,13/15,5,3
Blood,MTOR,NK,IT→IA,IT,IA,0.104078986,0.11614634,11.600000381469728,↑,0.555556,NS,13/20,5,4
Blood,MTOR,NK,IA→AR,IA,AR,0.11614634,0.111581646,-3.900000095367432,↓,0.857143,NS,7/12,4,3
Blood,MTOR,NK,CR→AR,CR,AR,0.13105,0.111581646,-14.899999618530272,↓,0.7,NS,6/9,3,3
Blood,MTOR,B,NL→IT,NL,IT,0.029709095,0.09334224,214.1999969482422,↑,0.021177,*,24/25,5,5
Blood,MTOR,B,NL→IA,NL,IA,0.029709095,0.087821156,195.6000061035156,↑,0.109855,NS,17/20,5,4
Blood,MTOR,B,NL→AR,NL,AR,0.029709095,0.10552194,255.1999969482422,↑,0.03577,*,15/15,5,3
Blood,MTOR,B,NL→CR,NL,CR,0.029709095,0.09883695,232.6999969482422,↑,0.03577,*,15/15,5,3
Blood,MTOR,B,IT→IA,IT,IA,0.09334224,0.087821156,-5.900000095367432,↓,1.0,NS,10/20,5,4
Blood,MTOR,B,IA→AR,IA,AR,0.087821156,0.10552194,20.200000762939453,↑,0.857143,NS,7/12,4,3
Blood,MTOR,B,CR→AR,CR,AR,0.09883695,0.10552194,6.800000190734863,↑,0.4,NS,7/9,3,3
Blood,MTOR,PlasmaB,NL→IT,NL,IT,0.107754506,0.13550083,25.700000762939453,↑,0.690476,NS,15/25,5,5
Blood,MTOR,PlasmaB,NL→IA,NL,IA,0.107754506,0.08965601,-16.799999237060547,↓,1.0,NS,10/20,5,4
Blood,MTOR,PlasmaB,NL→AR,NL,AR,0.107754506,0.06689154,-37.900001525878906,↓,0.571429,NS,10/15,5,3
Blood,MTOR,PlasmaB,NL→CR,NL,CR,0.107754506,0.11057845,2.5999999046325684,↑,1.0,NS,8/15,5,3
Blood,MTOR,PlasmaB,IT→IA,IT,IA,0.13550083,0.08965601,-33.79999923706055,↓,0.111111,NS,17/20,5,4
Blood,MTOR,PlasmaB,IA→AR,IA,AR,0.08965601,0.06689154,-25.399999618530277,↓,1.0,NS,6/12,4,3
Blood,MTOR,PlasmaB,CR→AR,CR,AR,0.11057845,0.06689154,-39.5,↓,0.7,NS,6/9,3,3
Blood,MYB,Myeloid,NL→IT,NL,IT,0.0053335847,0.010978269,105.8000030517578,↑,0.204501,NS,19/25,5,5
Blood,MYB,Myeloid,NL→IA,NL,IA,0.0053335847,0.013875471,160.1999969482422,↑,0.442771,NS,12/20,5,4
Blood,MYB,Myeloid,NL→AR,NL,AR,0.0053335847,0.015491709,190.5,↑,0.2217,NS,12/15,5,3
Blood,MYB,Myeloid,NL→CR,NL,CR,0.0053335847,0.0026810048,-49.70000076293945,↓,0.541193,NS,5/15,5,3
Blood,MYB,Myeloid,IT→IA,IT,IA,0.010978269,0.013875471,26.399999618530277,↑,0.412698,NS,14/20,5,4
Blood,MYB,Myeloid,IA→AR,IA,AR,0.013875471,0.015491709,11.600000381469728,↑,0.857143,NS,5/12,4,3
Blood,MYB,Myeloid,CR→AR,CR,AR,0.0026810048,0.015491709,477.7999877929688,↑,0.1,NS,9/9,3,3
Blood,MYB,CD4_T,NL→IT,NL,IT,0.025541848,0.021338321,-16.5,↓,0.834035,NS,14/25,5,5
Blood,MYB,CD4_T,NL→IA,NL,IA,0.025541848,0.01990556,-22.100000381469727,↓,1.0,NS,10/20,5,4
Blood,MYB,CD4_T,NL→AR,NL,AR,0.025541848,0.022755122,-10.899999618530272,↓,1.0,NS,8/15,5,3
Blood,MYB,CD4_T,NL→CR,NL,CR,0.025541848,0.011584535,-54.59999847412109,↓,0.764228,NS,9/15,5,3
Blood,MYB,CD4_T,IT→IA,IT,IA,0.021338321,0.01990556,-6.699999809265137,↓,0.412698,NS,14/20,5,4
Blood,MYB,CD4_T,IA→AR,IA,AR,0.01990556,0.022755122,14.300000190734863,↑,0.857143,NS,7/12,4,3
Blood,MYB,CD4_T,CR→AR,CR,AR,0.011584535,0.022755122,96.4000015258789,↑,0.2,NS,8/9,3,3
Blood,MYB,CD8_T,NL→IT,NL,IT,0.018633943,0.020269562,8.800000190734863,↑,1.0,NS,13/25,5,5
Blood,MYB,CD8_T,NL→IA,NL,IA,0.018633943,0.0180942,-2.900000095367432,↓,0.902117,NS,9/20,5,4
Blood,MYB,CD8_T,NL→AR,NL,AR,0.018633943,0.018637408,0.0,↑,1.0,NS,8/15,5,3
Blood,MYB,CD8_T,NL→CR,NL,CR,0.018633943,0.0185385,-0.5,↓,1.0,NS,8/15,5,3
Blood,MYB,CD8_T,IT→IA,IT,IA,0.020269562,0.0180942,-10.699999809265137,↓,0.730159,NS,12/20,5,4
Blood,MYB,CD8_T,IA→AR,IA,AR,0.0180942,0.018637408,3.0,↑,0.857143,NS,7/12,4,3
Blood,MYB,CD8_T,CR→AR,CR,AR,0.0185385,0.018637408,0.5,↑,1.0,NS,5/9,3,3
Blood,MYB,NK,NL→IT,NL,IT,0.0009261193,0.001065591,15.100000381469728,↑,0.906329,NS,9/25,5,5
Blood,MYB,NK,NL→IA,NL,IA,0.0009261193,0.0021750398,134.89999389648438,↑,0.170609,NS,16/20,5,4
Blood,MYB,NK,NL→AR,NL,AR,0.0009261193,0.0011761042,27.0,↑,1.0,NS,5/15,5,3
Blood,MYB,NK,NL→CR,NL,CR,0.0009261193,0.00063394365,-31.5,↓,1.0,NS,6/15,5,3
Blood,MYB,NK,IT→IA,IT,IA,0.001065591,0.0021750398,104.0999984741211,↑,0.262239,NS,15/20,5,4
Blood,MYB,NK,IA→AR,IA,AR,0.0021750398,0.0011761042,-45.900001525878906,↓,0.372456,NS,9/12,4,3
Blood,MYB,NK,CR→AR,CR,AR,0.00063394365,0.0011761042,85.5,↑,1.0,NS,3/9,3,3
Blood,MYB,B,NL→IT,NL,IT,0.0,0.000936824,99999.0,↑,0.423711,NS,5/25,5,5
Blood,MYB,B,NL→IA,NL,IA,0.0,0.00037357546,99999.0,↑,0.371093,NS,5/20,5,4
Blood,MYB,B,NL→AR,NL,AR,0.0,0.0020776826,99999.0,↑,0.3017,NS,5/15,5,3
Blood,MYB,B,NL→CR,NL,CR,0.0,0.0005590196,99999.0,↑,0.078983,†,10/15,5,3
Blood,MYB,B,IT→IA,IT,IA,0.000936824,0.00037357546,-60.09999847412109,↓,1.0,NS,4/20,5,4
Blood,MYB,B,IA→AR,IA,AR,0.00037357546,0.0020776826,456.2000122070313,↑,0.825498,NS,4/12,4,3
Blood,MYB,B,CR→AR,CR,AR,0.0005590196,0.0020776826,271.70001220703125,↑,1.0,NS,3/9,3,3
Blood,MYB,PlasmaB,NL→IT,NL,IT,0.05902139,0.033823825,-42.70000076293945,↓,0.672336,NS,9/25,5,5
Blood,MYB,PlasmaB,NL→IA,NL,IA,0.05902139,0.042332914,-28.299999237060547,↓,0.708624,NS,7/20,5,4
Blood,MYB,PlasmaB,NL→AR,NL,AR,0.05902139,0.026376879,-55.29999923706055,↓,1.0,NS,6/15,5,3
Blood,MYB,PlasmaB,NL→CR,NL,CR,0.05902139,0.06716621,13.800000190734863,↑,0.230243,NS,12/15,5,3
Blood,MYB,PlasmaB,IT→IA,IT,IA,0.033823825,0.042332914,25.200000762939453,↑,1.0,NS,10/20,5,4
Blood,MYB,PlasmaB,IA→AR,IA,AR,0.042332914,0.026376879,-37.70000076293945,↓,1.0,NS,6/12,4,3
Blood,MYB,PlasmaB,CR→AR,CR,AR,0.06716621,0.026376879,-60.70000076293945,↓,0.1,NS,9/9,3,3
Blood,MYC,Myeloid,NL→IT,NL,IT,0.050795935,0.07087965,39.5,↑,0.309524,NS,18/25,5,5
Blood,MYC,Myeloid,NL→IA,NL,IA,0.050795935,0.07686315,51.29999923706055,↑,0.190476,NS,16/20,5,4
Blood,MYC,Myeloid,NL→AR,NL,AR,0.050795935,0.062188145,22.399999618530277,↑,0.785714,NS,9/15,5,3
Blood,MYC,Myeloid,NL→CR,NL,CR,0.050795935,0.05583259,9.899999618530272,↑,0.785714,NS,6/15,5,3
Blood,MYC,Myeloid,IT→IA,IT,IA,0.07087965,0.07686315,8.399999618530273,↑,0.904762,NS,11/20,5,4
Blood,MYC,Myeloid,IA→AR,IA,AR,0.07686315,0.062188145,-19.100000381469727,↓,0.628571,NS,8/12,4,3
Blood,MYC,Myeloid,CR→AR,CR,AR,0.05583259,0.062188145,11.399999618530272,↑,0.7,NS,6/9,3,3
Blood,MYC,CD4_T,NL→IT,NL,IT,0.72561044,0.6418292,-11.5,↓,1.0,NS,12/25,5,5
Blood,MYC,CD4_T,NL→IA,NL,IA,0.72561044,0.50706875,-30.100000381469727,↓,0.555556,NS,13/20,5,4
Blood,MYC,CD4_T,NL→AR,NL,AR,0.72561044,0.65403676,-9.899999618530272,↓,0.785714,NS,6/15,5,3
Blood,MYC,CD4_T,NL→CR,NL,CR,0.72561044,0.44750652,-38.29999923706055,↓,0.25,NS,12/15,5,3
Blood,MYC,CD4_T,IT→IA,IT,IA,0.6418292,0.50706875,-21.0,↓,0.730159,NS,12/20,5,4
Blood,MYC,CD4_T,IA→AR,IA,AR,0.50706875,0.65403676,29.0,↑,0.4,NS,9/12,4,3
Blood,MYC,CD4_T,CR→AR,CR,AR,0.44750652,0.65403676,46.20000076293945,↑,0.1,NS,9/9,3,3
Blood,MYC,CD8_T,NL→IT,NL,IT,0.52858996,0.5157927,-2.400000095367432,↓,1.0,NS,13/25,5,5
Blood,MYC,CD8_T,NL→IA,NL,IA,0.52858996,0.38811103,-26.600000381469727,↓,0.555556,NS,13/20,5,4
Blood,MYC,CD8_T,NL→AR,NL,AR,0.52858996,0.3668834,-30.600000381469727,↓,0.785714,NS,9/15,5,3
Blood,MYC,CD8_T,NL→CR,NL,CR,0.52858996,0.33109653,-37.400001525878906,↓,0.785714,NS,9/15,5,3
Blood,MYC,CD8_T,IT→IA,IT,IA,0.5157927,0.38811103,-24.799999237060547,↓,0.412698,NS,14/20,5,4
Blood,MYC,CD8_T,IA→AR,IA,AR,0.38811103,0.3668834,-5.5,↓,1.0,NS,6/12,4,3
Blood,MYC,CD8_T,CR→AR,CR,AR,0.33109653,0.3668834,10.800000190734863,↑,0.7,NS,6/9,3,3
Blood,MYC,NK,NL→IT,NL,IT,0.039040513,0.046489745,19.100000381469727,↑,0.420635,NS,17/25,5,5
Blood,MYC,NK,NL→IA,NL,IA,0.039040513,0.13056487,234.3999938964844,↑,0.063492,†,18/20,5,4
Blood,MYC,NK,NL→AR,NL,AR,0.039040513,0.046050135,18.0,↑,0.785714,NS,9/15,5,3
Blood,MYC,NK,NL→CR,NL,CR,0.039040513,0.040453065,3.5999999046325684,↑,0.785714,NS,6/15,5,3
Blood,MYC,NK,IT→IA,IT,IA,0.046489745,0.13056487,180.8000030517578,↑,0.063492,†,18/20,5,4
Blood,MYC,NK,IA→AR,IA,AR,0.13056487,0.046050135,-64.69999694824219,↓,0.114286,NS,11/12,4,3
Blood,MYC,NK,CR→AR,CR,AR,0.040453065,0.046050135,13.800000190734863,↑,0.7,NS,6/9,3,3
Blood,MYC,B,NL→IT,NL,IT,0.46117678,0.4149434,-10.0,↓,1.0,NS,12/25,5,5
Blood,MYC,B,NL→IA,NL,IA,0.46117678,0.30980065,-32.79999923706055,↓,0.190476,NS,16/20,5,4
Blood,MYC,B,NL→AR,NL,AR,0.46117678,0.40295777,-12.600000381469728,↓,0.785714,NS,9/15,5,3
Blood,MYC,B,NL→CR,NL,CR,0.46117678,0.29661593,-35.70000076293945,↓,0.25,NS,12/15,5,3
Blood,MYC,B,IT→IA,IT,IA,0.4149434,0.30980065,-25.299999237060547,↓,0.031746,*,19/20,5,4
Blood,MYC,B,IA→AR,IA,AR,0.30980065,0.40295777,30.100000381469727,↑,0.4,NS,9/12,4,3
Blood,MYC,B,CR→AR,CR,AR,0.29661593,0.40295777,35.900001525878906,↑,0.7,NS,6/9,3,3
Blood,MYC,PlasmaB,NL→IT,NL,IT,0.25527397,0.17715262,-30.600000381469727,↓,0.547619,NS,16/25,5,5
Blood,MYC,PlasmaB,NL→IA,NL,IA,0.25527397,0.13299465,-47.900001525878906,↓,0.412698,NS,14/20,5,4
Blood,MYC,PlasmaB,NL→AR,NL,AR,0.25527397,0.19138576,-25.0,↓,0.785714,NS,9/15,5,3
Blood,MYC,PlasmaB,NL→CR,NL,CR,0.25527397,0.099367745,-61.09999847412109,↓,0.392857,NS,11/15,5,3
Blood,MYC,PlasmaB,IT→IA,IT,IA,0.17715262,0.13299465,-24.899999618530277,↓,0.190476,NS,16/20,5,4
Blood,MYC,PlasmaB,IA→AR,IA,AR,0.13299465,0.19138576,43.900001525878906,↑,0.4,NS,9/12,4,3
Blood,MYC,PlasmaB,CR→AR,CR,AR,0.099367745,0.19138576,92.5999984741211,↑,0.1,NS,9/9,3,3
Blood,NCAM1,Myeloid,NL→IT,NL,IT,0.0031299177,0.00865337,176.5,↑,0.142457,NS,20/25,5,5
Blood,NCAM1,Myeloid,NL→IA,NL,IA,0.0031299177,0.0007055992,-77.5,↓,0.522431,NS,11/20,5,4
Blood,NCAM1,Myeloid,NL→AR,NL,AR,0.0031299177,0.004895709,56.400001525878906,↑,0.764228,NS,9/15,5,3
Blood,NCAM1,Myeloid,NL→CR,NL,CR,0.0031299177,0.0035235083,12.600000381469728,↑,0.764228,NS,9/15,5,3
Blood,NCAM1,Myeloid,IT→IA,IT,IA,0.00865337,0.0007055992,-91.8000030517578,↓,0.019451,*,20/20,5,4
Blood,NCAM1,Myeloid,IA→AR,IA,AR,0.0007055992,0.004895709,593.7999877929688,↑,0.049746,*,12/12,4,3
Blood,NCAM1,Myeloid,CR→AR,CR,AR,0.0035235083,0.004895709,38.900001525878906,↑,0.4,NS,7/9,3,3
Blood,NCAM1,CD4_T,NL→IT,NL,IT,0.0016929405,0.002070062,22.299999237060547,↑,0.746476,NS,13/25,5,5
Blood,NCAM1,CD4_T,NL→IA,NL,IA,0.0016929405,0.0075314203,344.8999938964844,↑,0.893273,NS,8/20,5,4
Blood,NCAM1,CD4_T,NL→AR,NL,AR,0.0016929405,0.0019435057,14.800000190734863,↑,0.759982,NS,9/15,5,3
Blood,NCAM1,CD4_T,NL→CR,NL,CR,0.0016929405,0.00046337815,-72.5999984741211,↓,0.759982,NS,6/15,5,3
Blood,NCAM1,CD4_T,IT→IA,IT,IA,0.002070062,0.0075314203,263.79998779296875,↑,0.708624,NS,7/20,5,4
Blood,NCAM1,CD4_T,IA→AR,IA,AR,0.0075314203,0.0019435057,-74.19999694824219,↓,1.0,NS,6/12,4,3
Blood,NCAM1,CD4_T,CR→AR,CR,AR,0.00046337815,0.0019435057,319.3999938964844,↑,0.1,NS,9/9,3,3
Blood,NCAM1,CD8_T,NL→IT,NL,IT,0.0012015735,0.002923069,143.3000030517578,↑,0.235861,NS,17/25,5,5
Blood,NCAM1,CD8_T,NL→IA,NL,IA,0.0012015735,0.0094507225,686.5,↑,0.061689,†,18/20,5,4
Blood,NCAM1,CD8_T,NL→AR,NL,AR,0.0012015735,0.009263235,670.9000244140625,↑,0.066798,†,14/15,5,3
Blood,NCAM1,CD8_T,NL→CR,NL,CR,0.0012015735,0.0007760005,-35.400001525878906,↓,1.0,NS,6/15,5,3
Blood,NCAM1,CD8_T,IT→IA,IT,IA,0.002923069,0.0094507225,223.3000030517578,↑,0.190476,NS,16/20,5,4
Blood,NCAM1,CD8_T,IA→AR,IA,AR,0.0094507225,0.009263235,-2.0,↓,0.857143,NS,7/12,4,3
Blood,NCAM1,CD8_T,CR→AR,CR,AR,0.0007760005,0.009263235,1093.699951171875,↑,0.1,NS,9/9,3,3
Blood,NCAM1,NK,NL→IT,NL,IT,0.16299486,0.2487118,52.59999847412109,↑,0.150794,NS,20/25,5,5
Blood,NCAM1,NK,NL→IA,NL,IA,0.16299486,0.27723512,70.0999984741211,↑,0.031746,*,19/20,5,4
Blood,NCAM1,NK,NL→AR,NL,AR,0.16299486,0.20154448,23.700000762939453,↑,0.571429,NS,10/15,5,3
Blood,NCAM1,NK,NL→CR,NL,CR,0.16299486,0.17312409,6.199999809265137,↑,0.571429,NS,5/15,5,3
Blood,NCAM1,NK,IT→IA,IT,IA,0.2487118,0.27723512,11.5,↑,0.412698,NS,14/20,5,4
Blood,NCAM1,NK,IA→AR,IA,AR,0.27723512,0.20154448,-27.299999237060547,↓,0.228571,NS,10/12,4,3
Blood,NCAM1,NK,CR→AR,CR,AR,0.17312409,0.20154448,16.399999618530273,↑,0.7,NS,6/9,3,3
Blood,NCAM1,B,NL→IT,NL,IT,0.00050962437,0.0,-100.0,↓,0.423711,NS,5/25,5,5
Blood,NCAM1,B,NL→IA,NL,IA,0.00050962437,0.000978082,91.9000015258789,↑,0.466854,NS,9/20,5,4
Blood,NCAM1,B,NL→AR,NL,AR,0.00050962437,0.0,-100.0,↓,0.605577,NS,3/15,5,3
Blood,NCAM1,B,NL→CR,NL,CR,0.00050962437,0.0,-100.0,↓,0.605577,NS,3/15,5,3
Blood,NCAM1,B,IT→IA,IT,IA,0.0,0.000978082,99999.0,↑,0.13121,NS,10/20,5,4
Blood,NCAM1,B,IA→AR,IA,AR,0.000978082,0.0,-100.0,↓,0.270289,NS,6/12,4,3
Blood,NCAM1,B,CR→AR,CR,AR,0.0,0.0,0.0,↑,1.0,NS,0/9,3,3
Blood,NCAM1,PlasmaB,NL→IT,NL,IT,0.0,0.0047421926,99999.0,↑,0.423711,NS,5/25,5,5
Blood,NCAM1,PlasmaB,NL→IA,NL,IA,0.0,0.0,0.0,↑,1.0,NS,0/20,5,4
Blood,NCAM1,PlasmaB,NL→AR,NL,AR,0.0,0.0,0.0,↑,1.0,NS,0/15,5,3
Blood,NCAM1,PlasmaB,NL→CR,NL,CR,0.0,0.0,0.0,↑,1.0,NS,0/15,5,3
Blood,NCAM1,PlasmaB,IT→IA,IT,IA,0.0047421926,0.0,-100.0,↓,0.502335,NS,4/20,5,4
Blood,NCAM1,PlasmaB,IA→AR,IA,AR,0.0,0.0,0.0,↑,1.0,NS,0/12,4,3
Blood,NCAM1,PlasmaB,CR→AR,CR,AR,0.0,0.0,0.0,↑,1.0,NS,0/9,3,3
Blood,NCR1,Myeloid,NL→IT,NL,IT,0.0,0.0012902592,99999.0,↑,0.179712,NS,10/25,5,5
Blood,NCR1,Myeloid,NL→IA,NL,IA,0.0,0.00067187083,99999.0,↑,0.13121,NS,10/20,5,4
Blood,NCR1,Myeloid,NL→AR,NL,AR,0.0,0.0,0.0,↑,1.0,NS,0/15,5,3
Blood,NCR1,Myeloid,NL→CR,NL,CR,0.0,0.0007113723,99999.0,↑,0.3017,NS,5/15,5,3
Blood,NCR1,Myeloid,IT→IA,IT,IA,0.0012902592,0.00067187083,-47.900001525878906,↓,0.893273,NS,8/20,5,4
Blood,NCR1,Myeloid,IA→AR,IA,AR,0.00067187083,0.0,-100.0,↓,0.270289,NS,6/12,4,3
Blood,NCR1,Myeloid,CR→AR,CR,AR,0.0007113723,0.0,-100.0,↓,0.504985,NS,3/9,3,3
Blood,NCR1,CD4_T,NL→IT,NL,IT,0.021570954,0.009681856,-55.09999847412109,↓,0.834035,NS,11/25,5,5
Blood,NCR1,CD4_T,NL→IA,NL,IA,0.021570954,0.014605554,-32.29999923706055,↓,0.902117,NS,9/20,5,4
Blood,NCR1,CD4_T,NL→AR,NL,AR,0.021570954,0.0022034214,-89.80000305175781,↓,0.764228,NS,9/15,5,3
Blood,NCR1,CD4_T,NL→CR,NL,CR,0.021570954,0.0030872233,-85.69999694824219,↓,0.764228,NS,9/15,5,3
Blood,NCR1,CD4_T,IT→IA,IT,IA,0.009681856,0.014605554,50.900001525878906,↑,0.904762,NS,11/20,5,4
Blood,NCR1,CD4_T,IA→AR,IA,AR,0.014605554,0.0022034214,-84.9000015258789,↓,0.228571,NS,10/12,4,3
Blood,NCR1,CD4_T,CR→AR,CR,AR,0.0030872233,0.0022034214,-28.600000381469727,↓,0.4,NS,7/9,3,3
Blood,NCR1,CD8_T,NL→IT,NL,IT,0.023719827,0.03854605,62.5,↑,0.397615,NS,17/25,5,5
Blood,NCR1,CD8_T,NL→IA,NL,IA,0.023719827,0.057758033,143.5,↑,0.262239,NS,15/20,5,4
Blood,NCR1,CD8_T,NL→AR,NL,AR,0.023719827,0.059136093,149.3000030517578,↑,0.12663,NS,13/15,5,3
Blood,NCR1,CD8_T,NL→CR,NL,CR,0.023719827,0.01845632,-22.200000762939453,↓,0.759982,NS,6/15,5,3
Blood,NCR1,CD8_T,IT→IA,IT,IA,0.03854605,0.057758033,49.79999923706055,↑,1.0,NS,10/20,5,4
Blood,NCR1,CD8_T,IA→AR,IA,AR,0.057758033,0.059136093,2.400000095367432,↑,0.857143,NS,7/12,4,3
Blood,NCR1,CD8_T,CR→AR,CR,AR,0.01845632,0.059136093,220.3999938964844,↑,0.1,NS,9/9,3,3
Blood,NCR1,NK,NL→IT,NL,IT,0.3414209,0.43187624,26.5,↑,0.222222,NS,19/25,5,5
Blood,NCR1,NK,NL→IA,NL,IA,0.3414209,0.4341339,27.200000762939453,↑,0.412698,NS,14/20,5,4
Blood,NCR1,NK,NL→AR,NL,AR,0.3414209,0.31279743,-8.399999618530273,↓,0.571429,NS,10/15,5,3
Blood,NCR1,NK,NL→CR,NL,CR,0.3414209,0.37628484,10.199999809265137,↑,0.785714,NS,9/15,5,3
Blood,NCR1,NK,IT→IA,IT,IA,0.43187624,0.4341339,0.5,↑,0.730159,NS,8/20,5,4
Blood,NCR1,NK,IA→AR,IA,AR,0.4341339,0.31279743,-27.899999618530277,↓,0.228571,NS,10/12,4,3
Blood,NCR1,NK,CR→AR,CR,AR,0.37628484,0.31279743,-16.899999618530273,↓,0.4,NS,7/9,3,3
Blood,NCR1,B,NL→IT,NL,IT,0.0025016344,0.0015948092,-36.20000076293945,↓,0.607236,NS,9/25,5,5
Blood,NCR1,B,NL→IA,NL,IA,0.0025016344,0.0002848685,-88.5999984741211,↓,0.560509,NS,8/20,5,4
Blood,NCR1,B,NL→AR,NL,AR,0.0025016344,0.0,-100.0,↓,0.329114,NS,6/15,5,3
Blood,NCR1,B,NL→CR,NL,CR,0.0025016344,0.0,-100.0,↓,0.329114,NS,6/15,5,3
Blood,NCR1,B,IT→IA,IT,IA,0.0015948092,0.0002848685,-82.0999984741211,↓,1.0,NS,4/20,5,4
Blood,NCR1,B,IA→AR,IA,AR,0.0002848685,0.0,-100.0,↓,0.563703,NS,3/12,4,3
Blood,NCR1,B,CR→AR,CR,AR,0.0,0.0,0.0,↑,1.0,NS,0/9,3,3
Blood,NCR1,PlasmaB,NL→IT,NL,IT,0.0,0.0,0.0,↑,1.0,NS,0/25,5,5
Blood,NCR1,PlasmaB,NL→IA,NL,IA,0.0,0.0033385071,99999.0,↑,0.371093,NS,5/20,5,4
Blood,NCR1,PlasmaB,NL→AR,NL,AR,0.0,0.0,0.0,↑,1.0,NS,0/15,5,3
Blood,NCR1,PlasmaB,NL→CR,NL,CR,0.0,0.0,0.0,↑,1.0,NS,0/15,5,3
Blood,NCR1,PlasmaB,IT→IA,IT,IA,0.0,0.0033385071,99999.0,↑,0.371093,NS,5/20,5,4
Blood,NCR1,PlasmaB,IA→AR,IA,AR,0.0033385071,0.0,-100.0,↓,0.563703,NS,3/12,4,3
Blood,NCR1,PlasmaB,CR→AR,CR,AR,0.0,0.0,0.0,↑,1.0,NS,0/9,3,3
Blood,NCR3,Myeloid,NL→IT,NL,IT,0.018217169,0.0035767774,-80.4000015258789,↓,0.829357,NS,12/25,5,5
Blood,NCR3,Myeloid,NL→IA,NL,IA,0.018217169,0.0038327347,-79.0,↓,0.900865,NS,10/20,5,4
Blood,NCR3,Myeloid,NL→AR,NL,AR,0.018217169,0.004152532,-77.19999694824219,↓,0.764228,NS,6/15,5,3
Blood,NCR3,Myeloid,NL→CR,NL,CR,0.018217169,0.0013120491,-92.8000030517578,↓,0.759982,NS,8/15,5,3
Blood,NCR3,Myeloid,IT→IA,IT,IA,0.0035767774,0.0038327347,7.199999809265137,↑,0.708624,NS,11/20,5,4
Blood,NCR3,Myeloid,IA→AR,IA,AR,0.0038327347,0.004152532,8.300000190734863,↑,1.0,NS,6/12,4,3
Blood,NCR3,Myeloid,CR→AR,CR,AR,0.0013120491,0.004152532,216.5,↑,0.2,NS,8/9,3,3
Blood,NCR3,CD4_T,NL→IT,NL,IT,0.1240923,0.10002427,-19.399999618530277,↓,1.0,NS,13/25,5,5
Blood,NCR3,CD4_T,NL→IA,NL,IA,0.1240923,0.16267446,31.100000381469727,↑,0.555556,NS,13/20,5,4
Blood,NCR3,CD4_T,NL→AR,NL,AR,0.1240923,0.115290046,-7.099999904632568,↓,1.0,NS,7/15,5,3
Blood,NCR3,CD4_T,NL→CR,NL,CR,0.1240923,0.07573137,-39.0,↓,0.571429,NS,10/15,5,3
Blood,NCR3,CD4_T,IT→IA,IT,IA,0.10002427,0.16267446,62.59999847412109,↑,0.412698,NS,14/20,5,4
Blood,NCR3,CD4_T,IA→AR,IA,AR,0.16267446,0.115290046,-29.100000381469727,↓,0.628571,NS,8/12,4,3
Blood,NCR3,CD4_T,CR→AR,CR,AR,0.07573137,0.115290046,52.20000076293945,↑,0.4,NS,7/9,3,3
Blood,NCR3,CD8_T,NL→IT,NL,IT,0.25096476,0.18798794,-25.100000381469727,↓,0.690476,NS,15/25,5,5
Blood,NCR3,CD8_T,NL→IA,NL,IA,0.25096476,0.24367628,-2.900000095367432,↓,0.730159,NS,8/20,5,4
Blood,NCR3,CD8_T,NL→AR,NL,AR,0.25096476,0.24251162,-3.400000095367432,↓,0.785714,NS,6/15,5,3
Blood,NCR3,CD8_T,NL→CR,NL,CR,0.25096476,0.15792547,-37.09999847412109,↓,0.571429,NS,10/15,5,3
Blood,NCR3,CD8_T,IT→IA,IT,IA,0.18798794,0.24367628,29.600000381469727,↑,0.412698,NS,14/20,5,4
Blood,NCR3,CD8_T,IA→AR,IA,AR,0.24367628,0.24251162,-0.5,↓,0.628571,NS,4/12,4,3
Blood,NCR3,CD8_T,CR→AR,CR,AR,0.15792547,0.24251162,53.59999847412109,↑,0.2,NS,8/9,3,3
Blood,NCR3,NK,NL→IT,NL,IT,0.6152456,0.6710404,9.100000381469728,↑,0.690476,NS,15/25,5,5
Blood,NCR3,NK,NL→IA,NL,IA,0.6152456,0.6874284,11.699999809265137,↑,0.555556,NS,13/20,5,4
Blood,NCR3,NK,NL→AR,NL,AR,0.6152456,0.6547333,6.400000095367432,↑,0.25,NS,12/15,5,3
Blood,NCR3,NK,NL→CR,NL,CR,0.6152456,0.47344998,-23.0,↓,0.392857,NS,11/15,5,3
Blood,NCR3,NK,IT→IA,IT,IA,0.6710404,0.6874284,2.400000095367432,↑,0.904762,NS,9/20,5,4
Blood,NCR3,NK,IA→AR,IA,AR,0.6874284,0.6547333,-4.800000190734863,↓,0.4,NS,9/12,4,3
Blood,NCR3,NK,CR→AR,CR,AR,0.47344998,0.6547333,38.29999923706055,↑,0.7,NS,6/9,3,3
Blood,NCR3,B,NL→IT,NL,IT,0.37645936,0.303292,-19.399999618530277,↓,1.0,NS,13/25,5,5
Blood,NCR3,B,NL→IA,NL,IA,0.37645936,0.3163564,-16.0,↓,1.0,NS,10/20,5,4
Blood,NCR3,B,NL→AR,NL,AR,0.37645936,0.4360794,15.800000190734863,↑,0.392857,NS,11/15,5,3
Blood,NCR3,B,NL→CR,NL,CR,0.37645936,0.22265185,-40.900001525878906,↓,0.392857,NS,11/15,5,3
Blood,NCR3,B,IT→IA,IT,IA,0.303292,0.3163564,4.300000190734863,↑,0.904762,NS,9/20,5,4
Blood,NCR3,B,IA→AR,IA,AR,0.3163564,0.4360794,37.79999923706055,↑,0.057143,†,12/12,4,3
Blood,NCR3,B,CR→AR,CR,AR,0.22265185,0.4360794,95.9000015258789,↑,0.2,NS,8/9,3,3
Blood,NCR3,PlasmaB,NL→IT,NL,IT,0.01565525,0.036437135,132.6999969482422,↑,0.440686,NS,10/25,5,5
Blood,NCR3,PlasmaB,NL→IA,NL,IA,0.01565525,0.038445227,145.60000610351562,↑,0.466854,NS,9/20,5,4
Blood,NCR3,PlasmaB,NL→AR,NL,AR,0.01565525,0.050242692,220.8999938964844,↑,0.305507,NS,9/15,5,3
Blood,NCR3,PlasmaB,NL→CR,NL,CR,0.01565525,0.057445854,266.8999938964844,↑,0.305507,NS,9/15,5,3
Blood,NCR3,PlasmaB,IT→IA,IT,IA,0.036437135,0.038445227,5.5,↑,0.893273,NS,8/20,5,4
Blood,NCR3,PlasmaB,IA→AR,IA,AR,0.038445227,0.050242692,30.700000762939453,↑,0.854445,NS,6/12,4,3
Blood,NCR3,PlasmaB,CR→AR,CR,AR,0.057445854,0.050242692,-12.5,↓,1.0,NS,4/9,3,3
Blood,NDUFA1,Myeloid,NL→IT,NL,IT,1.2292747,1.427486,16.100000381469727,↑,0.150794,NS,20/25,5,5
Blood,NDUFA1,Myeloid,NL→IA,NL,IA,1.2292747,1.3569484,10.399999618530272,↑,0.285714,NS,15/20,5,4
Blood,NDUFA1,Myeloid,NL→AR,NL,AR,1.2292747,1.2973717,5.5,↑,0.785714,NS,9/15,5,3
Blood,NDUFA1,Myeloid,NL→CR,NL,CR,1.2292747,1.0977081,-10.699999809265137,↓,0.392857,NS,11/15,5,3
Blood,NDUFA1,Myeloid,IT→IA,IT,IA,1.427486,1.3569484,-4.900000095367432,↓,0.730159,NS,12/20,5,4
Blood,NDUFA1,Myeloid,IA→AR,IA,AR,1.3569484,1.2973717,-4.400000095367432,↓,0.857143,NS,7/12,4,3
Blood,NDUFA1,Myeloid,CR→AR,CR,AR,1.0977081,1.2973717,18.200000762939453,↑,0.4,NS,7/9,3,3
Blood,NDUFA1,CD4_T,NL→IT,NL,IT,1.283646,1.2265263,-4.400000095367432,↓,0.690476,NS,15/25,5,5
Blood,NDUFA1,CD4_T,NL→IA,NL,IA,1.283646,1.1206797,-12.699999809265137,↓,0.190476,NS,16/20,5,4
Blood,NDUFA1,CD4_T,NL→AR,NL,AR,1.283646,1.0303755,-19.700000762939453,↓,0.142857,NS,13/15,5,3
Blood,NDUFA1,CD4_T,NL→CR,NL,CR,1.283646,0.89531523,-30.299999237060547,↓,0.071429,†,14/15,5,3
Blood,NDUFA1,CD4_T,IT→IA,IT,IA,1.2265263,1.1206797,-8.600000381469727,↓,0.285714,NS,15/20,5,4
Blood,NDUFA1,CD4_T,IA→AR,IA,AR,1.1206797,1.0303755,-8.100000381469727,↓,0.4,NS,9/12,4,3
Blood,NDUFA1,CD4_T,CR→AR,CR,AR,0.89531523,1.0303755,15.100000381469728,↑,0.4,NS,7/9,3,3
Blood,NDUFA1,CD8_T,NL→IT,NL,IT,1.2463908,1.2896868,3.5,↑,0.84127,NS,14/25,5,5
Blood,NDUFA1,CD8_T,NL→IA,NL,IA,1.2463908,1.1510019,-7.699999809265137,↓,0.730159,NS,12/20,5,4
Blood,NDUFA1,CD8_T,NL→AR,NL,AR,1.2463908,1.1278116,-9.5,↓,0.571429,NS,10/15,5,3
Blood,NDUFA1,CD8_T,NL→CR,NL,CR,1.2463908,0.9477032,-24.0,↓,0.142857,NS,13/15,5,3
Blood,NDUFA1,CD8_T,IT→IA,IT,IA,1.2896868,1.1510019,-10.800000190734863,↓,0.111111,NS,17/20,5,4
Blood,NDUFA1,CD8_T,IA→AR,IA,AR,1.1510019,1.1278116,-2.0,↓,1.0,NS,6/12,4,3
Blood,NDUFA1,CD8_T,CR→AR,CR,AR,0.9477032,1.1278116,19.0,↑,0.4,NS,7/9,3,3
Blood,NDUFA1,NK,NL→IT,NL,IT,1.0751998,1.2596171,17.200000762939453,↑,0.309524,NS,18/25,5,5
Blood,NDUFA1,NK,NL→IA,NL,IA,1.0751998,1.1184874,4.0,↑,0.730159,NS,12/20,5,4
Blood,NDUFA1,NK,NL→AR,NL,AR,1.0751998,1.1261573,4.699999809265137,↑,0.785714,NS,9/15,5,3
Blood,NDUFA1,NK,NL→CR,NL,CR,1.0751998,0.92205316,-14.199999809265137,↓,0.392857,NS,11/15,5,3
Blood,NDUFA1,NK,IT→IA,IT,IA,1.2596171,1.1184874,-11.199999809265137,↓,0.190476,NS,16/20,5,4
Blood,NDUFA1,NK,IA→AR,IA,AR,1.1184874,1.1261573,0.699999988079071,↑,0.628571,NS,4/12,4,3
Blood,NDUFA1,NK,CR→AR,CR,AR,0.92205316,1.1261573,22.100000381469727,↑,0.4,NS,7/9,3,3
Blood,NDUFA1,B,NL→IT,NL,IT,0.9598091,1.038099,8.199999809265137,↑,0.222222,NS,19/25,5,5
Blood,NDUFA1,B,NL→IA,NL,IA,0.9598091,0.8736945,-9.0,↓,0.555556,NS,13/20,5,4
Blood,NDUFA1,B,NL→AR,NL,AR,0.9598091,0.91512156,-4.699999809265137,↓,0.785714,NS,9/15,5,3
Blood,NDUFA1,B,NL→CR,NL,CR,0.9598091,0.73920506,-23.0,↓,0.25,NS,12/15,5,3
Blood,NDUFA1,B,IT→IA,IT,IA,1.038099,0.8736945,-15.800000190734863,↓,0.015873,*,20/20,5,4
Blood,NDUFA1,B,IA→AR,IA,AR,0.8736945,0.91512156,4.699999809265137,↑,0.628571,NS,8/12,4,3
Blood,NDUFA1,B,CR→AR,CR,AR,0.73920506,0.91512156,23.799999237060547,↑,0.4,NS,7/9,3,3
Blood,NDUFA1,PlasmaB,NL→IT,NL,IT,1.5247618,1.5075686,-1.100000023841858,↓,0.547619,NS,16/25,5,5
Blood,NDUFA1,PlasmaB,NL→IA,NL,IA,1.5247618,1.2686033,-16.799999237060547,↓,0.111111,NS,17/20,5,4
Blood,NDUFA1,PlasmaB,NL→AR,NL,AR,1.5247618,1.3726177,-10.0,↓,0.25,NS,12/15,5,3
Blood,NDUFA1,PlasmaB,NL→CR,NL,CR,1.5247618,1.062184,-30.299999237060547,↓,0.035714,*,15/15,5,3
Blood,NDUFA1,PlasmaB,IT→IA,IT,IA,1.5075686,1.2686033,-15.899999618530272,↓,0.190476,NS,16/20,5,4
Blood,NDUFA1,PlasmaB,IA→AR,IA,AR,1.2686033,1.3726177,8.199999809265137,↑,0.628571,NS,8/12,4,3
Blood,NDUFA1,PlasmaB,CR→AR,CR,AR,1.062184,1.3726177,29.200000762939453,↑,0.1,NS,9/9,3,3
Blood,NDUFB1,Myeloid,NL→IT,NL,IT,1.5686556,1.1665409,-25.600000381469727,↓,0.150794,NS,20/25,5,5
Blood,NDUFB1,Myeloid,NL→IA,NL,IA,1.5686556,0.93080133,-40.70000076293945,↓,0.031746,*,19/20,5,4
Blood,NDUFB1,Myeloid,NL→AR,NL,AR,1.5686556,0.8496401,-45.79999923706055,↓,0.071429,†,14/15,5,3
Blood,NDUFB1,Myeloid,NL→CR,NL,CR,1.5686556,0.53387046,-66.0,↓,0.035714,*,15/15,5,3
Blood,NDUFB1,Myeloid,IT→IA,IT,IA,1.1665409,0.93080133,-20.200000762939453,↓,0.285714,NS,15/20,5,4
Blood,NDUFB1,Myeloid,IA→AR,IA,AR,0.93080133,0.8496401,-8.699999809265137,↓,0.628571,NS,8/12,4,3
Blood,NDUFB1,Myeloid,CR→AR,CR,AR,0.53387046,0.8496401,59.09999847412109,↑,0.4,NS,7/9,3,3
Blood,NDUFB1,CD4_T,NL→IT,NL,IT,1.1567919,0.81452286,-29.600000381469727,↓,0.095238,†,21/25,5,5
Blood,NDUFB1,CD4_T,NL→IA,NL,IA,1.1567919,0.61229795,-47.09999847412109,↓,0.015873,*,20/20,5,4
Blood,NDUFB1,CD4_T,NL→AR,NL,AR,1.1567919,0.5835474,-49.59999847412109,↓,0.071429,†,14/15,5,3
Blood,NDUFB1,CD4_T,NL→CR,NL,CR,1.1567919,0.33558965,-71.0,↓,0.035714,*,15/15,5,3
Blood,NDUFB1,CD4_T,IT→IA,IT,IA,0.81452286,0.61229795,-24.799999237060547,↓,0.285714,NS,15/20,5,4
Blood,NDUFB1,CD4_T,IA→AR,IA,AR,0.61229795,0.5835474,-4.699999809265137,↓,1.0,NS,6/12,4,3
Blood,NDUFB1,CD4_T,CR→AR,CR,AR,0.33558965,0.5835474,73.9000015258789,↑,0.4,NS,7/9,3,3
Blood,NDUFB1,CD8_T,NL→IT,NL,IT,1.0244598,0.82410085,-19.600000381469727,↓,0.150794,NS,20/25,5,5
Blood,NDUFB1,CD8_T,NL→IA,NL,IA,1.0244598,0.5881038,-42.59999847412109,↓,0.015873,*,20/20,5,4
Blood,NDUFB1,CD8_T,NL→AR,NL,AR,1.0244598,0.58338755,-43.09999847412109,↓,0.071429,†,14/15,5,3
Blood,NDUFB1,CD8_T,NL→CR,NL,CR,1.0244598,0.3225567,-68.5,↓,0.035714,*,15/15,5,3
Blood,NDUFB1,CD8_T,IT→IA,IT,IA,0.82410085,0.5881038,-28.600000381469727,↓,0.111111,NS,17/20,5,4
Blood,NDUFB1,CD8_T,IA→AR,IA,AR,0.5881038,0.58338755,-0.800000011920929,↓,0.857143,NS,7/12,4,3
Blood,NDUFB1,CD8_T,CR→AR,CR,AR,0.3225567,0.58338755,80.9000015258789,↑,0.2,NS,8/9,3,3
Blood,NDUFB1,NK,NL→IT,NL,IT,0.9310628,0.71946603,-22.700000762939453,↓,0.222222,NS,19/25,5,5
Blood,NDUFB1,NK,NL→IA,NL,IA,0.9310628,0.582163,-37.5,↓,0.031746,*,19/20,5,4
Blood,NDUFB1,NK,NL→AR,NL,AR,0.9310628,0.5591773,-39.900001525878906,↓,0.142857,NS,13/15,5,3
Blood,NDUFB1,NK,NL→CR,NL,CR,0.9310628,0.30649316,-67.0999984741211,↓,0.035714,*,15/15,5,3
Blood,NDUFB1,NK,IT→IA,IT,IA,0.71946603,0.582163,-19.100000381469727,↓,0.555556,NS,13/20,5,4
Blood,NDUFB1,NK,IA→AR,IA,AR,0.582163,0.5591773,-3.900000095367432,↓,0.857143,NS,7/12,4,3
Blood,NDUFB1,NK,CR→AR,CR,AR,0.30649316,0.5591773,82.4000015258789,↑,0.4,NS,7/9,3,3
Blood,NDUFB1,B,NL→IT,NL,IT,0.7794626,0.66155577,-15.100000381469728,↓,0.690476,NS,15/25,5,5
Blood,NDUFB1,B,NL→IA,NL,IA,0.7794626,0.45886928,-41.09999847412109,↓,0.190476,NS,16/20,5,4
Blood,NDUFB1,B,NL→AR,NL,AR,0.7794626,0.43462598,-44.20000076293945,↓,0.25,NS,12/15,5,3
Blood,NDUFB1,B,NL→CR,NL,CR,0.7794626,0.23539619,-69.80000305175781,↓,0.071429,†,14/15,5,3
Blood,NDUFB1,B,IT→IA,IT,IA,0.66155577,0.45886928,-30.600000381469727,↓,0.111111,NS,17/20,5,4
Blood,NDUFB1,B,IA→AR,IA,AR,0.45886928,0.43462598,-5.300000190734863,↓,0.857143,NS,7/12,4,3
Blood,NDUFB1,B,CR→AR,CR,AR,0.23539619,0.43462598,84.5999984741211,↑,0.4,NS,7/9,3,3
Blood,NDUFB1,PlasmaB,NL→IT,NL,IT,1.1811062,1.006426,-14.800000190734863,↓,0.222222,NS,19/25,5,5
Blood,NDUFB1,PlasmaB,NL→IA,NL,IA,1.1811062,0.711169,-39.79999923706055,↓,0.015873,*,20/20,5,4
Blood,NDUFB1,PlasmaB,NL→AR,NL,AR,1.1811062,0.6546289,-44.59999847412109,↓,0.071429,†,14/15,5,3
Blood,NDUFB1,PlasmaB,NL→CR,NL,CR,1.1811062,0.30840847,-73.9000015258789,↓,0.035714,*,15/15,5,3
Blood,NDUFB1,PlasmaB,IT→IA,IT,IA,1.006426,0.711169,-29.299999237060547,↓,0.190476,NS,16/20,5,4
Blood,NDUFB1,PlasmaB,IA→AR,IA,AR,0.711169,0.6546289,-8.0,↓,0.857143,NS,7/12,4,3
Blood,NDUFB1,PlasmaB,CR→AR,CR,AR,0.30840847,0.6546289,112.3000030517578,↑,0.2,NS,8/9,3,3
Blood,NKG7,Myeloid,NL→IT,NL,IT,0.69975436,0.1295712,-81.5,↓,0.007937,**,25/25,5,5
Blood,NKG7,Myeloid,NL→IA,NL,IA,0.69975436,0.19592226,-72.0,↓,0.031746,*,19/20,5,4
Blood,NKG7,Myeloid,NL→AR,NL,AR,0.69975436,0.18412612,-73.69999694824219,↓,0.035714,*,15/15,5,3
Blood,NKG7,Myeloid,NL→CR,NL,CR,0.69975436,0.14226387,-79.69999694824219,↓,0.035714,*,15/15,5,3
Blood,NKG7,Myeloid,IT→IA,IT,IA,0.1295712,0.19592226,51.20000076293945,↑,0.285714,NS,15/20,5,4
Blood,NKG7,Myeloid,IA→AR,IA,AR,0.19592226,0.18412612,-6.0,↓,0.857143,NS,7/12,4,3
Blood,NKG7,Myeloid,CR→AR,CR,AR,0.14226387,0.18412612,29.399999618530277,↑,0.7,NS,6/9,3,3
Blood,NKG7,CD4_T,NL→IT,NL,IT,0.9370812,0.6064488,-35.29999923706055,↓,0.690476,NS,15/25,5,5
Blood,NKG7,CD4_T,NL→IA,NL,IA,0.9370812,0.7957711,-15.100000381469728,↓,1.0,NS,10/20,5,4
Blood,NKG7,CD4_T,NL→AR,NL,AR,0.9370812,0.45356092,-51.59999847412109,↓,0.392857,NS,11/15,5,3
Blood,NKG7,CD4_T,NL→CR,NL,CR,0.9370812,0.4110601,-56.09999847412109,↓,0.392857,NS,11/15,5,3
Blood,NKG7,CD4_T,IT→IA,IT,IA,0.6064488,0.7957711,31.200000762939453,↑,0.555556,NS,13/20,5,4
Blood,NKG7,CD4_T,IA→AR,IA,AR,0.7957711,0.45356092,-43.0,↓,0.4,NS,9/12,4,3
Blood,NKG7,CD4_T,CR→AR,CR,AR,0.4110601,0.45356092,10.300000190734863,↑,1.0,NS,5/9,3,3
Blood,NKG7,CD8_T,NL→IT,NL,IT,2.2698162,1.7087862,-24.700000762939453,↓,0.547619,NS,16/25,5,5
Blood,NKG7,CD8_T,NL→IA,NL,IA,2.2698162,2.2500982,-0.8999999761581421,↓,1.0,NS,10/20,5,4
Blood,NKG7,CD8_T,NL→AR,NL,AR,2.2698162,2.460056,8.399999618530273,↑,0.785714,NS,9/15,5,3
Blood,NKG7,CD8_T,NL→CR,NL,CR,2.2698162,1.6853248,-25.799999237060547,↓,0.571429,NS,10/15,5,3
Blood,NKG7,CD8_T,IT→IA,IT,IA,1.7087862,2.2500982,31.700000762939453,↑,0.555556,NS,13/20,5,4
Blood,NKG7,CD8_T,IA→AR,IA,AR,2.2500982,2.460056,9.300000190734863,↑,1.0,NS,6/12,4,3
Blood,NKG7,CD8_T,CR→AR,CR,AR,1.6853248,2.460056,46.0,↑,0.1,NS,9/9,3,3
Blood,NKG7,NK,NL→IT,NL,IT,4.4741964,4.5435743,1.600000023841858,↑,0.420635,NS,17/25,5,5
Blood,NKG7,NK,NL→IA,NL,IA,4.4741964,4.4004073,-1.600000023841858,↓,1.0,NS,10/20,5,4
Blood,NKG7,NK,NL→AR,NL,AR,4.4741964,4.5884094,2.5999999046325684,↑,0.392857,NS,11/15,5,3
Blood,NKG7,NK,NL→CR,NL,CR,4.4741964,4.3281784,-3.299999952316284,↓,0.392857,NS,11/15,5,3
Blood,NKG7,NK,IT→IA,IT,IA,4.5435743,4.4004073,-3.200000047683716,↓,0.412698,NS,14/20,5,4
Blood,NKG7,NK,IA→AR,IA,AR,4.4004073,4.5884094,4.300000190734863,↑,0.857143,NS,7/12,4,3
Blood,NKG7,NK,CR→AR,CR,AR,4.3281784,4.5884094,6.0,↑,0.1,NS,9/9,3,3
Blood,NKG7,B,NL→IT,NL,IT,0.111955546,0.07666429,-31.5,↓,0.547619,NS,16/25,5,5
Blood,NKG7,B,NL→IA,NL,IA,0.111955546,0.10714635,-4.300000190734863,↓,1.0,NS,10/20,5,4
Blood,NKG7,B,NL→AR,NL,AR,0.111955546,0.1380655,23.299999237060547,↑,1.0,NS,8/15,5,3
Blood,NKG7,B,NL→CR,NL,CR,0.111955546,0.07950387,-29.0,↓,0.785714,NS,9/15,5,3
Blood,NKG7,B,IT→IA,IT,IA,0.07666429,0.10714635,39.79999923706055,↑,0.730159,NS,12/20,5,4
Blood,NKG7,B,IA→AR,IA,AR,0.10714635,0.1380655,28.899999618530277,↑,0.857143,NS,7/12,4,3
Blood,NKG7,B,CR→AR,CR,AR,0.07950387,0.1380655,73.69999694824219,↑,0.7,NS,6/9,3,3
Blood,NKG7,PlasmaB,NL→IT,NL,IT,0.09873362,0.12803613,29.700000762939453,↑,0.834035,NS,14/25,5,5
Blood,NKG7,PlasmaB,NL→IA,NL,IA,0.09873362,0.20307183,105.6999969482422,↑,0.268341,NS,15/20,5,4
Blood,NKG7,PlasmaB,NL→AR,NL,AR,0.09873362,0.114734136,16.200000762939453,↑,1.0,NS,8/15,5,3
Blood,NKG7,PlasmaB,NL→CR,NL,CR,0.09873362,0.1693573,71.5,↑,0.368227,NS,11/15,5,3
Blood,NKG7,PlasmaB,IT→IA,IT,IA,0.12803613,0.20307183,58.59999847412109,↑,0.190476,NS,16/20,5,4
Blood,NKG7,PlasmaB,IA→AR,IA,AR,0.20307183,0.114734136,-43.5,↓,0.4,NS,9/12,4,3
Blood,NKG7,PlasmaB,CR→AR,CR,AR,0.1693573,0.114734136,-32.29999923706055,↓,0.7,NS,6/9,3,3
Blood,NLRC4,Myeloid,NL→IT,NL,IT,0.08312495,0.1577828,89.80000305175781,↑,0.095238,†,21/25,5,5
Blood,NLRC4,Myeloid,NL→IA,NL,IA,0.08312495,0.16819307,102.3000030517578,↑,0.015873,*,20/20,5,4
Blood,NLRC4,Myeloid,NL→AR,NL,AR,0.08312495,0.1426946,71.69999694824219,↑,0.142857,NS,13/15,5,3
Blood,NLRC4,Myeloid,NL→CR,NL,CR,0.08312495,0.08222527,-1.100000023841858,↓,1.0,NS,8/15,5,3
Blood,NLRC4,Myeloid,IT→IA,IT,IA,0.1577828,0.16819307,6.599999904632568,↑,1.0,NS,10/20,5,4
Blood,NLRC4,Myeloid,IA→AR,IA,AR,0.16819307,0.1426946,-15.199999809265137,↓,0.4,NS,9/12,4,3
Blood,NLRC4,Myeloid,CR→AR,CR,AR,0.08222527,0.1426946,73.5,↑,0.4,NS,7/9,3,3
Blood,NLRC4,CD4_T,NL→IT,NL,IT,0.00619568,0.000789624,-87.30000305175781,↓,1.0,NS,5/25,5,5
Blood,NLRC4,CD4_T,NL→IA,NL,IA,0.00619568,0.0010672302,-82.80000305175781,↓,0.347654,NS,4/20,5,4
Blood,NLRC4,CD4_T,NL→AR,NL,AR,0.00619568,0.0005173677,-91.5999984741211,↓,1.0,NS,3/15,5,3
Blood,NLRC4,CD4_T,NL→CR,NL,CR,0.00619568,0.0012473135,-79.9000015258789,↓,0.203872,NS,3/15,5,3
Blood,NLRC4,CD4_T,IT→IA,IT,IA,0.000789624,0.0010672302,35.20000076293945,↑,0.347654,NS,12/20,5,4
Blood,NLRC4,CD4_T,IA→AR,IA,AR,0.0010672302,0.0005173677,-51.5,↓,0.58208,NS,7/12,4,3
Blood,NLRC4,CD4_T,CR→AR,CR,AR,0.0012473135,0.0005173677,-58.5,↓,0.375825,NS,7/9,3,3
Blood,NLRC4,CD8_T,NL→IT,NL,IT,0.0,0.00043868987,99999.0,↑,0.423711,NS,5/25,5,5
Blood,NLRC4,CD8_T,NL→IA,NL,IA,0.0,0.00064166187,99999.0,↑,0.371093,NS,5/20,5,4
Blood,NLRC4,CD8_T,NL→AR,NL,AR,0.0,0.00033349267,99999.0,↑,0.3017,NS,5/15,5,3
Blood,NLRC4,CD8_T,NL→CR,NL,CR,0.0,0.0010624477,99999.0,↑,0.016805,*,15/15,5,3
Blood,NLRC4,CD8_T,IT→IA,IT,IA,0.00043868987,0.00064166187,46.29999923706055,↑,0.866815,NS,5/20,5,4
Blood,NLRC4,CD8_T,IA→AR,IA,AR,0.00064166187,0.00033349267,-48.0,↓,1.0,NS,3/12,4,3
Blood,NLRC4,CD8_T,CR→AR,CR,AR,0.0010624477,0.00033349267,-68.5999984741211,↓,0.184039,NS,8/9,3,3
Blood,NLRC4,NK,NL→IT,NL,IT,0.0,0.00043921903,99999.0,↑,0.423711,NS,5/25,5,5
Blood,NLRC4,NK,NL→IA,NL,IA,0.0,0.00040961677,99999.0,↑,0.371093,NS,5/20,5,4
Blood,NLRC4,NK,NL→AR,NL,AR,0.0,0.00014135738,99999.0,↑,0.3017,NS,5/15,5,3
Blood,NLRC4,NK,NL→CR,NL,CR,0.0,0.0011670174,99999.0,↑,0.3017,NS,5/15,5,3
Blood,NLRC4,NK,IT→IA,IT,IA,0.00043921903,0.00040961677,-6.699999809265137,↓,1.0,NS,4/20,5,4
Blood,NLRC4,NK,IA→AR,IA,AR,0.00040961677,0.00014135738,-65.5,↓,1.0,NS,3/12,4,3
Blood,NLRC4,NK,CR→AR,CR,AR,0.0011670174,0.00014135738,-87.9000015258789,↓,1.0,NS,3/9,3,3
Blood,NLRC4,B,NL→IT,NL,IT,0.003766556,0.007846531,108.3000030517578,↑,0.138792,NS,20/25,5,5
Blood,NLRC4,B,NL→IA,NL,IA,0.003766556,0.0032137055,-14.699999809265137,↓,0.442771,NS,5/20,5,4
Blood,NLRC4,B,NL→AR,NL,AR,0.003766556,0.004029498,7.0,↑,0.2217,NS,12/15,5,3
Blood,NLRC4,B,NL→CR,NL,CR,0.003766556,0.0027463594,-27.100000381469727,↓,0.541193,NS,5/15,5,3
Blood,NLRC4,B,IT→IA,IT,IA,0.007846531,0.0032137055,-59.0,↓,0.015873,*,20/20,5,4
Blood,NLRC4,B,IA→AR,IA,AR,0.0032137055,0.004029498,25.399999618530277,↑,0.628571,NS,8/12,4,3
Blood,NLRC4,B,CR→AR,CR,AR,0.0027463594,0.004029498,46.70000076293945,↑,0.7,NS,6/9,3,3
Blood,NLRC4,PlasmaB,NL→IT,NL,IT,0.0,0.0,0.0,↑,1.0,NS,0/25,5,5
Blood,NLRC4,PlasmaB,NL→IA,NL,IA,0.0,0.007169295,99999.0,↑,0.371093,NS,5/20,5,4
Blood,NLRC4,PlasmaB,NL→AR,NL,AR,0.0,0.0,0.0,↑,1.0,NS,0/15,5,3
Blood,NLRC4,PlasmaB,NL→CR,NL,CR,0.0,0.0,0.0,↑,1.0,NS,0/15,5,3
Blood,NLRC4,PlasmaB,IT→IA,IT,IA,0.0,0.007169295,99999.0,↑,0.371093,NS,5/20,5,4
Blood,NLRC4,PlasmaB,IA→AR,IA,AR,0.007169295,0.0,-100.0,↓,0.563703,NS,3/12,4,3
Blood,NLRC4,PlasmaB,CR→AR,CR,AR,0.0,0.0,0.0,↑,1.0,NS,0/9,3,3
Blood,NLRP3,Myeloid,NL→IT,NL,IT,0.39224845,0.29920858,-23.700000762939453,↓,0.222222,NS,6/25,5,5
Blood,NLRP3,Myeloid,NL→IA,NL,IA,0.39224845,0.31592315,-19.5,↓,0.285714,NS,5/20,5,4
Blood,NLRP3,Myeloid,NL→AR,NL,AR,0.39224845,0.31976423,-18.5,↓,0.392857,NS,4/15,5,3
Blood,NLRP3,Myeloid,NL→CR,NL,CR,0.39224845,0.31793883,-18.899999618530277,↓,0.571429,NS,5/15,5,3
Blood,NLRP3,Myeloid,IT→IA,IT,IA,0.29920858,0.31592315,5.599999904632568,↑,0.904762,NS,9/20,5,4
Blood,NLRP3,Myeloid,IA→AR,IA,AR,0.31592315,0.31976423,1.2000000476837158,↑,1.0,NS,6/12,4,3
Blood,NLRP3,Myeloid,CR→AR,CR,AR,0.31793883,0.31976423,0.6000000238418579,↑,1.0,NS,4/9,3,3
Blood,NLRP3,CD4_T,NL→IT,NL,IT,0.0029350205,0.0077918964,165.5,↑,0.138792,NS,20/25,5,5
Blood,NLRP3,CD4_T,NL→IA,NL,IA,0.0029350205,0.018585995,533.2000122070312,↑,0.170609,NS,16/20,5,4
Blood,NLRP3,CD4_T,NL→AR,NL,AR,0.0029350205,0.009263262,215.6000061035156,↑,0.2217,NS,12/15,5,3
Blood,NLRP3,CD4_T,NL→CR,NL,CR,0.0029350205,0.011207688,281.8999938964844,↑,0.032473,*,15/15,5,3
Blood,NLRP3,CD4_T,IT→IA,IT,IA,0.0077918964,0.018585995,138.5,↑,0.555556,NS,13/20,5,4
Blood,NLRP3,CD4_T,IA→AR,IA,AR,0.018585995,0.009263262,-50.20000076293945,↓,0.857143,NS,7/12,4,3
Blood,NLRP3,CD4_T,CR→AR,CR,AR,0.011207688,0.009263262,-17.299999237060547,↓,0.7,NS,6/9,3,3
Blood,NLRP3,CD8_T,NL→IT,NL,IT,0.0015674613,0.0067796083,332.5,↑,0.161238,NS,18/25,5,5
Blood,NLRP3,CD8_T,NL→IA,NL,IA,0.0015674613,0.015845139,910.9000244140624,↑,0.061689,†,18/20,5,4
Blood,NLRP3,CD8_T,NL→AR,NL,AR,0.0015674613,0.0034523618,120.3000030517578,↑,0.359397,NS,11/15,5,3
Blood,NLRP3,CD8_T,NL→CR,NL,CR,0.0015674613,0.008806676,461.7999877929688,↑,0.032473,*,15/15,5,3
Blood,NLRP3,CD8_T,IT→IA,IT,IA,0.0067796083,0.015845139,133.6999969482422,↑,0.412698,NS,14/20,5,4
Blood,NLRP3,CD8_T,IA→AR,IA,AR,0.015845139,0.0034523618,-78.19999694824219,↓,0.4,NS,9/12,4,3
Blood,NLRP3,CD8_T,CR→AR,CR,AR,0.008806676,0.0034523618,-60.79999923706055,↓,0.1,NS,9/9,3,3
Blood,NLRP3,NK,NL→IT,NL,IT,0.0023155366,0.0021475526,-7.300000190734863,↓,0.823664,NS,11/25,5,5
Blood,NLRP3,NK,NL→IA,NL,IA,0.0023155366,0.007584227,227.5,↑,0.383221,NS,13/20,5,4
Blood,NLRP3,NK,NL→AR,NL,AR,0.0023155366,0.0018028176,-22.100000381469727,↓,0.230243,NS,3/15,5,3
Blood,NLRP3,NK,NL→CR,NL,CR,0.0023155366,0.013605245,487.6000061035156,↑,0.133701,NS,13/15,5,3
Blood,NLRP3,NK,IT→IA,IT,IA,0.0021475526,0.007584227,253.1999969482422,↑,0.608874,NS,11/20,5,4
Blood,NLRP3,NK,IA→AR,IA,AR,0.007584227,0.0018028176,-76.19999694824219,↓,0.4,NS,9/12,4,3
Blood,NLRP3,NK,CR→AR,CR,AR,0.013605245,0.0018028176,-86.69999694824219,↓,0.2,NS,8/9,3,3
Blood,NLRP3,B,NL→IT,NL,IT,0.0,0.00196375,99999.0,↑,0.072006,†,15/25,5,5
Blood,NLRP3,B,NL→IA,NL,IA,0.0,0.00072083785,99999.0,↑,0.371093,NS,5/20,5,4
Blood,NLRP3,B,NL→AR,NL,AR,0.0,0.0017150914,99999.0,↑,0.078983,†,10/15,5,3
Blood,NLRP3,B,NL→CR,NL,CR,0.0,0.0061530997,99999.0,↑,0.016805,*,15/15,5,3
Blood,NLRP3,B,IT→IA,IT,IA,0.00196375,0.00072083785,-63.29999923706055,↓,0.502335,NS,10/20,5,4
Blood,NLRP3,B,IA→AR,IA,AR,0.00072083785,0.0017150914,137.89999389648438,↑,0.435279,NS,7/12,4,3
Blood,NLRP3,B,CR→AR,CR,AR,0.0061530997,0.0017150914,-72.0999984741211,↓,0.1,NS,9/9,3,3
Blood,NLRP3,PlasmaB,NL→IT,NL,IT,0.0,0.015582755,99999.0,↑,0.179712,NS,10/25,5,5
Blood,NLRP3,PlasmaB,NL→IA,NL,IA,0.0,0.013050371,99999.0,↑,0.371093,NS,5/20,5,4
Blood,NLRP3,PlasmaB,NL→AR,NL,AR,0.0,0.003269952,99999.0,↑,0.3017,NS,5/15,5,3
Blood,NLRP3,PlasmaB,NL→CR,NL,CR,0.0,0.009071819,99999.0,↑,0.078983,†,10/15,5,3
Blood,NLRP3,PlasmaB,IT→IA,IT,IA,0.015582755,0.013050371,-16.299999237060547,↓,0.771019,NS,7/20,5,4
Blood,NLRP3,PlasmaB,IA→AR,IA,AR,0.013050371,0.003269952,-74.9000015258789,↓,1.0,NS,3/12,4,3
Blood,NLRP3,PlasmaB,CR→AR,CR,AR,0.009071819,0.003269952,-64.0,↓,0.642835,NS,5/9,3,3
Blood,NRF1,Myeloid,NL→IT,NL,IT,0.017343394,0.04518245,160.5,↑,0.036145,*,23/25,5,5
Blood,NRF1,Myeloid,NL→IA,NL,IA,0.017343394,0.048181593,177.8000030517578,↑,0.036546,*,19/20,5,4
Blood,NRF1,Myeloid,NL→AR,NL,AR,0.017343394,0.06297027,263.1000061035156,↑,0.03577,*,15/15,5,3
Blood,NRF1,Myeloid,NL→CR,NL,CR,0.017343394,0.068340324,294.0,↑,0.03577,*,15/15,5,3
Blood,NRF1,Myeloid,IT→IA,IT,IA,0.04518245,0.048181593,6.599999904632568,↑,0.730159,NS,12/20,5,4
Blood,NRF1,Myeloid,IA→AR,IA,AR,0.048181593,0.06297027,30.700000762939453,↑,0.228571,NS,10/12,4,3
Blood,NRF1,Myeloid,CR→AR,CR,AR,0.068340324,0.06297027,-7.900000095367432,↓,1.0,NS,5/9,3,3
Blood,NRF1,CD4_T,NL→IT,NL,IT,0.06480153,0.0767495,18.399999618530277,↑,0.690476,NS,15/25,5,5
Blood,NRF1,CD4_T,NL→IA,NL,IA,0.06480153,0.07097059,9.5,↑,0.904762,NS,11/20,5,4
Blood,NRF1,CD4_T,NL→AR,NL,AR,0.06480153,0.07633286,17.799999237060547,↑,0.571429,NS,10/15,5,3
Blood,NRF1,CD4_T,NL→CR,NL,CR,0.06480153,0.09901401,52.79999923706055,↑,0.142857,NS,13/15,5,3
Blood,NRF1,CD4_T,IT→IA,IT,IA,0.0767495,0.07097059,-7.5,↓,0.904762,NS,11/20,5,4
Blood,NRF1,CD4_T,IA→AR,IA,AR,0.07097059,0.07633286,7.599999904632568,↑,0.628571,NS,8/12,4,3
Blood,NRF1,CD4_T,CR→AR,CR,AR,0.09901401,0.07633286,-22.899999618530277,↓,0.1,NS,9/9,3,3
Blood,NRF1,CD8_T,NL→IT,NL,IT,0.038487665,0.08101461,110.5,↑,0.059327,†,22/25,5,5
Blood,NRF1,CD8_T,NL→IA,NL,IA,0.038487665,0.06686501,73.69999694824219,↑,0.268341,NS,15/20,5,4
Blood,NRF1,CD8_T,NL→AR,NL,AR,0.038487665,0.07814136,103.0,↑,0.133701,NS,13/15,5,3
Blood,NRF1,CD8_T,NL→CR,NL,CR,0.038487665,0.09474146,146.1999969482422,↑,0.03577,*,15/15,5,3
Blood,NRF1,CD8_T,IT→IA,IT,IA,0.08101461,0.06686501,-17.5,↓,0.190476,NS,16/20,5,4
Blood,NRF1,CD8_T,IA→AR,IA,AR,0.06686501,0.07814136,16.899999618530273,↑,0.4,NS,9/12,4,3
Blood,NRF1,CD8_T,CR→AR,CR,AR,0.09474146,0.07814136,-17.5,↓,0.4,NS,7/9,3,3
Blood,NRF1,NK,NL→IT,NL,IT,0.056575764,0.081893325,44.70000076293945,↑,0.222222,NS,19/25,5,5
Blood,NRF1,NK,NL→IA,NL,IA,0.056575764,0.07297702,29.0,↑,0.190476,NS,16/20,5,4
Blood,NRF1,NK,NL→AR,NL,AR,0.056575764,0.077373415,36.79999923706055,↑,0.392857,NS,11/15,5,3
Blood,NRF1,NK,NL→CR,NL,CR,0.056575764,0.08558776,51.29999923706055,↑,0.142857,NS,13/15,5,3
Blood,NRF1,NK,IT→IA,IT,IA,0.081893325,0.07297702,-10.899999618530272,↓,0.904762,NS,11/20,5,4
Blood,NRF1,NK,IA→AR,IA,AR,0.07297702,0.077373415,6.0,↑,0.857143,NS,7/12,4,3
Blood,NRF1,NK,CR→AR,CR,AR,0.08558776,0.077373415,-9.600000381469728,↓,1.0,NS,5/9,3,3
Blood,NRF1,B,NL→IT,NL,IT,0.09401591,0.07766615,-17.399999618530273,↓,0.84127,NS,11/25,5,5
Blood,NRF1,B,NL→IA,NL,IA,0.09401591,0.065183766,-30.700000762939453,↓,0.904762,NS,11/20,5,4
Blood,NRF1,B,NL→AR,NL,AR,0.09401591,0.08604302,-8.5,↓,0.785714,NS,6/15,5,3
Blood,NRF1,B,NL→CR,NL,CR,0.09401591,0.11871212,26.299999237060547,↑,0.25,NS,12/15,5,3
Blood,NRF1,B,IT→IA,IT,IA,0.07766615,0.065183766,-16.100000381469727,↓,0.730159,NS,12/20,5,4
Blood,NRF1,B,IA→AR,IA,AR,0.065183766,0.08604302,32.0,↑,0.628571,NS,8/12,4,3
Blood,NRF1,B,CR→AR,CR,AR,0.11871212,0.08604302,-27.5,↓,0.1,NS,9/9,3,3
Blood,NRF1,PlasmaB,NL→IT,NL,IT,0.041766606,0.026199799,-37.29999923706055,↓,0.832519,NS,13/25,5,5
Blood,NRF1,PlasmaB,NL→IA,NL,IA,0.041766606,0.02276987,-45.5,↓,0.900865,NS,10/20,5,4
Blood,NRF1,PlasmaB,NL→AR,NL,AR,0.041766606,0.025976827,-37.79999923706055,↓,0.541193,NS,9/15,5,3
Blood,NRF1,PlasmaB,NL→CR,NL,CR,0.041766606,0.06820459,63.29999923706055,↑,0.368227,NS,11/15,5,3
Blood,NRF1,PlasmaB,IT→IA,IT,IA,0.026199799,0.02276987,-13.100000381469728,↓,1.0,NS,10/20,5,4
Blood,NRF1,PlasmaB,IA→AR,IA,AR,0.02276987,0.025976827,14.100000381469728,↑,1.0,NS,6/12,4,3
Blood,NRF1,PlasmaB,CR→AR,CR,AR,0.06820459,0.025976827,-61.900001525878906,↓,0.4,NS,7/9,3,3
Blood,NRP1,Myeloid,NL→IT,NL,IT,0.003340638,0.027423322,720.9000244140625,↑,0.031141,*,23/25,5,5
Blood,NRP1,Myeloid,NL→IA,NL,IA,0.003340638,0.01983301,493.7000122070313,↑,0.055009,†,18/20,5,4
Blood,NRP1,Myeloid,NL→AR,NL,AR,0.003340638,0.014485203,333.6000061035156,↑,0.056664,†,14/15,5,3
Blood,NRP1,Myeloid,NL→CR,NL,CR,0.003340638,0.013011907,289.5,↑,0.112231,NS,13/15,5,3
Blood,NRP1,Myeloid,IT→IA,IT,IA,0.027423322,0.01983301,-27.700000762939453,↓,0.412698,NS,14/20,5,4
Blood,NRP1,Myeloid,IA→AR,IA,AR,0.01983301,0.014485203,-27.0,↓,1.0,NS,6/12,4,3
Blood,NRP1,Myeloid,CR→AR,CR,AR,0.013011907,0.014485203,11.300000190734863,↑,0.7,NS,6/9,3,3
Blood,NRP1,CD4_T,NL→IT,NL,IT,0.0,0.00018680924,99999.0,↑,0.423711,NS,5/25,5,5
Blood,NRP1,CD4_T,NL→IA,NL,IA,0.0,0.0,0.0,↑,1.0,NS,0/20,5,4
Blood,NRP1,CD4_T,NL→AR,NL,AR,0.0,0.00033415598,99999.0,↑,0.078983,†,10/15,5,3
Blood,NRP1,CD4_T,NL→CR,NL,CR,0.0,0.0,0.0,↑,1.0,NS,0/15,5,3
Blood,NRP1,CD4_T,IT→IA,IT,IA,0.00018680924,0.0,-100.0,↓,0.502335,NS,4/20,5,4
Blood,NRP1,CD4_T,IA→AR,IA,AR,0.0,0.00033415598,99999.0,↑,0.122745,NS,8/12,4,3
Blood,NRP1,CD4_T,CR→AR,CR,AR,0.0,0.00033415598,99999.0,↑,0.196706,NS,6/9,3,3
Blood,NRP1,CD8_T,NL→IT,NL,IT,0.0,0.00045718788,99999.0,↑,0.423711,NS,5/25,5,5
Blood,NRP1,CD8_T,NL→IA,NL,IA,0.0,0.0010157791,99999.0,↑,0.04162,*,15/20,5,4
Blood,NRP1,CD8_T,NL→AR,NL,AR,0.0,0.00015890831,99999.0,↑,0.3017,NS,5/15,5,3
Blood,NRP1,CD8_T,NL→CR,NL,CR,0.0,0.0,0.0,↑,1.0,NS,0/15,5,3
Blood,NRP1,CD8_T,IT→IA,IT,IA,0.00045718788,0.0010157791,122.1999969482422,↑,0.347654,NS,12/20,5,4
Blood,NRP1,CD8_T,IA→AR,IA,AR,0.0010157791,0.00015890831,-84.4000015258789,↓,0.19909,NS,9/12,4,3
Blood,NRP1,CD8_T,CR→AR,CR,AR,0.0,0.00015890831,99999.0,↑,0.504985,NS,3/9,3,3
Blood,NRP1,NK,NL→IT,NL,IT,0.0,0.0,0.0,↑,1.0,NS,0/25,5,5
Blood,NRP1,NK,NL→IA,NL,IA,0.0,0.0,0.0,↑,1.0,NS,0/20,5,4
Blood,NRP1,NK,NL→AR,NL,AR,0.0,0.00019025005,99999.0,↑,0.3017,NS,5/15,5,3
Blood,NRP1,NK,NL→CR,NL,CR,0.0,0.0,0.0,↑,1.0,NS,0/15,5,3
Blood,NRP1,NK,IT→IA,IT,IA,0.0,0.0,0.0,↑,1.0,NS,0/20,5,4
Blood,NRP1,NK,IA→AR,IA,AR,0.0,0.00019025005,99999.0,↑,0.386476,NS,4/12,4,3
Blood,NRP1,NK,CR→AR,CR,AR,0.0,0.00019025005,99999.0,↑,0.504985,NS,3/9,3,3
Blood,NRP1,B,NL→IT,NL,IT,0.0,0.0006629075,99999.0,↑,0.179712,NS,10/25,5,5
Blood,NRP1,B,NL→IA,NL,IA,0.0,0.0,0.0,↑,1.0,NS,0/20,5,4
Blood,NRP1,B,NL→AR,NL,AR,0.0,0.0,0.0,↑,1.0,NS,0/15,5,3
Blood,NRP1,B,NL→CR,NL,CR,0.0,0.0,0.0,↑,1.0,NS,0/15,5,3
Blood,NRP1,B,IT→IA,IT,IA,0.0006629075,0.0,-100.0,↓,0.240421,NS,8/20,5,4
Blood,NRP1,B,IA→AR,IA,AR,0.0,0.0,0.0,↑,1.0,NS,0/12,4,3
Blood,NRP1,B,CR→AR,CR,AR,0.0,0.0,0.0,↑,1.0,NS,0/9,3,3
Blood,NRP1,PlasmaB,NL→IT,NL,IT,0.1155409,0.20594117,78.19999694824219,↑,0.131379,NS,20/25,5,5
Blood,NRP1,PlasmaB,NL→IA,NL,IA,0.1155409,0.21939775,89.9000015258789,↑,0.15939,NS,16/20,5,4
Blood,NRP1,PlasmaB,NL→AR,NL,AR,0.1155409,0.030256694,-73.80000305175781,↓,0.494525,NS,3/15,5,3
Blood,NRP1,PlasmaB,NL→CR,NL,CR,0.1155409,0.1262658,9.300000190734863,↑,0.203872,NS,12/15,5,3
Blood,NRP1,PlasmaB,IT→IA,IT,IA,0.20594117,0.21939775,6.5,↑,1.0,NS,10/20,5,4
Blood,NRP1,PlasmaB,IA→AR,IA,AR,0.21939775,0.030256694,-86.19999694824219,↓,0.057143,†,12/12,4,3
Blood,NRP1,PlasmaB,CR→AR,CR,AR,0.1262658,0.030256694,-76.0,↓,0.1,NS,9/9,3,3
Blood,PCNA,Myeloid,NL→IT,NL,IT,0.053849556,0.08255644,53.29999923706055,↑,0.222222,NS,19/25,5,5
Blood,PCNA,Myeloid,NL→IA,NL,IA,0.053849556,0.08347313,55.0,↑,0.285714,NS,15/20,5,4
Blood,PCNA,Myeloid,NL→AR,NL,AR,0.053849556,0.061992582,15.100000381469728,↑,1.0,NS,7/15,5,3
Blood,PCNA,Myeloid,NL→CR,NL,CR,0.053849556,0.036646765,-31.899999618530277,↓,0.571429,NS,10/15,5,3
Blood,PCNA,Myeloid,IT→IA,IT,IA,0.08255644,0.08347313,1.100000023841858,↑,0.904762,NS,9/20,5,4
Blood,PCNA,Myeloid,IA→AR,IA,AR,0.08347313,0.061992582,-25.700000762939453,↓,0.228571,NS,10/12,4,3
Blood,PCNA,Myeloid,CR→AR,CR,AR,0.036646765,0.061992582,69.19999694824219,↑,0.4,NS,7/9,3,3
Blood,PCNA,CD4_T,NL→IT,NL,IT,0.15327075,0.13300082,-13.199999809265137,↓,0.84127,NS,14/25,5,5
Blood,PCNA,CD4_T,NL→IA,NL,IA,0.15327075,0.1573029,2.5999999046325684,↑,0.904762,NS,11/20,5,4
Blood,PCNA,CD4_T,NL→AR,NL,AR,0.15327075,0.1300592,-15.100000381469728,↓,1.0,NS,8/15,5,3
Blood,PCNA,CD4_T,NL→CR,NL,CR,0.15327075,0.08315053,-45.70000076293945,↓,0.142857,NS,13/15,5,3
Blood,PCNA,CD4_T,IT→IA,IT,IA,0.13300082,0.1573029,18.299999237060547,↑,0.555556,NS,13/20,5,4
Blood,PCNA,CD4_T,IA→AR,IA,AR,0.1573029,0.1300592,-17.299999237060547,↓,0.4,NS,9/12,4,3
Blood,PCNA,CD4_T,CR→AR,CR,AR,0.08315053,0.1300592,56.400001525878906,↑,0.4,NS,7/9,3,3
Blood,PCNA,CD8_T,NL→IT,NL,IT,0.14753129,0.11475942,-22.200000762939453,↓,0.547619,NS,16/25,5,5
Blood,PCNA,CD8_T,NL→IA,NL,IA,0.14753129,0.15141648,2.5999999046325684,↑,0.904762,NS,11/20,5,4
Blood,PCNA,CD8_T,NL→AR,NL,AR,0.14753129,0.13196798,-10.5,↓,1.0,NS,7/15,5,3
Blood,PCNA,CD8_T,NL→CR,NL,CR,0.14753129,0.07100055,-51.900001525878906,↓,0.142857,NS,13/15,5,3
Blood,PCNA,CD8_T,IT→IA,IT,IA,0.11475942,0.15141648,31.899999618530277,↑,0.285714,NS,15/20,5,4
Blood,PCNA,CD8_T,IA→AR,IA,AR,0.15141648,0.13196798,-12.800000190734863,↓,0.857143,NS,7/12,4,3
Blood,PCNA,CD8_T,CR→AR,CR,AR,0.07100055,0.13196798,85.9000015258789,↑,0.1,NS,9/9,3,3
Blood,PCNA,NK,NL→IT,NL,IT,0.15588033,0.1270669,-18.5,↓,1.0,NS,13/25,5,5
Blood,PCNA,NK,NL→IA,NL,IA,0.15588033,0.1652342,6.0,↑,0.555556,NS,13/20,5,4
Blood,PCNA,NK,NL→AR,NL,AR,0.15588033,0.13591395,-12.800000190734863,↓,0.785714,NS,6/15,5,3
Blood,PCNA,NK,NL→CR,NL,CR,0.15588033,0.09750744,-37.400001525878906,↓,0.25,NS,12/15,5,3
Blood,PCNA,NK,IT→IA,IT,IA,0.1270669,0.1652342,30.0,↑,0.190476,NS,16/20,5,4
Blood,PCNA,NK,IA→AR,IA,AR,0.1652342,0.13591395,-17.700000762939453,↓,0.628571,NS,8/12,4,3
Blood,PCNA,NK,CR→AR,CR,AR,0.09750744,0.13591395,39.400001525878906,↑,0.7,NS,6/9,3,3
Blood,PCNA,B,NL→IT,NL,IT,0.07142367,0.101678394,42.400001525878906,↑,0.222222,NS,19/25,5,5
Blood,PCNA,B,NL→IA,NL,IA,0.07142367,0.10782943,51.0,↑,0.285714,NS,15/20,5,4
Blood,PCNA,B,NL→AR,NL,AR,0.07142367,0.10093257,41.29999923706055,↑,0.392857,NS,11/15,5,3
Blood,PCNA,B,NL→CR,NL,CR,0.07142367,0.057105422,-20.0,↓,1.0,NS,8/15,5,3
Blood,PCNA,B,IT→IA,IT,IA,0.101678394,0.10782943,6.0,↑,0.904762,NS,11/20,5,4
Blood,PCNA,B,IA→AR,IA,AR,0.10782943,0.10093257,-6.400000095367432,↓,1.0,NS,6/12,4,3
Blood,PCNA,B,CR→AR,CR,AR,0.057105422,0.10093257,76.69999694824219,↑,0.4,NS,7/9,3,3
Blood,PCNA,PlasmaB,NL→IT,NL,IT,0.064415045,0.20758832,222.3000030517578,↑,0.093693,†,21/25,5,5
Blood,PCNA,PlasmaB,NL→IA,NL,IA,0.064415045,0.1473246,128.6999969482422,↑,0.176098,NS,16/20,5,4
Blood,PCNA,PlasmaB,NL→AR,NL,AR,0.064415045,0.15015788,133.10000610351562,↑,0.368227,NS,11/15,5,3
Blood,PCNA,PlasmaB,NL→CR,NL,CR,0.064415045,0.073058404,13.399999618530272,↑,0.764228,NS,9/15,5,3
Blood,PCNA,PlasmaB,IT→IA,IT,IA,0.20758832,0.1473246,-29.0,↓,0.555556,NS,13/20,5,4
Blood,PCNA,PlasmaB,IA→AR,IA,AR,0.1473246,0.15015788,1.899999976158142,↑,1.0,NS,6/12,4,3
Blood,PCNA,PlasmaB,CR→AR,CR,AR,0.073058404,0.15015788,105.5,↑,0.7,NS,6/9,3,3
Blood,PDCD1,Myeloid,NL→IT,NL,IT,0.0014391064,0.0002374008,-83.5,↓,1.0,NS,5/25,5,5
Blood,PDCD1,Myeloid,NL→IA,NL,IA,0.0014391064,0.006024757,318.6000061035156,↑,0.466854,NS,9/20,5,4
Blood,PDCD1,Myeloid,NL→AR,NL,AR,0.0014391064,0.00035094554,-75.5999984741211,↓,1.0,NS,3/15,5,3
Blood,PDCD1,Myeloid,NL→CR,NL,CR,0.0014391064,0.0,-100.0,↓,0.605577,NS,3/15,5,3
Blood,PDCD1,Myeloid,IT→IA,IT,IA,0.0002374008,0.006024757,2437.800048828125,↑,0.466854,NS,9/20,5,4
Blood,PDCD1,Myeloid,IA→AR,IA,AR,0.006024757,0.00035094554,-94.1999969482422,↓,0.845356,NS,5/12,4,3
Blood,PDCD1,Myeloid,CR→AR,CR,AR,0.0,0.00035094554,99999.0,↑,0.504985,NS,3/9,3,3
Blood,PDCD1,CD4_T,NL→IT,NL,IT,0.08064022,0.057235718,-29.0,↓,0.84127,NS,14/25,5,5
Blood,PDCD1,CD4_T,NL→IA,NL,IA,0.08064022,0.1106258,37.20000076293945,↑,0.904762,NS,11/20,5,4
Blood,PDCD1,CD4_T,NL→AR,NL,AR,0.08064022,0.039993476,-50.400001525878906,↓,0.392857,NS,11/15,5,3
Blood,PDCD1,CD4_T,NL→CR,NL,CR,0.08064022,0.030712327,-61.900001525878906,↓,0.25,NS,12/15,5,3
Blood,PDCD1,CD4_T,IT→IA,IT,IA,0.057235718,0.1106258,93.3000030517578,↑,1.0,NS,10/20,5,4
Blood,PDCD1,CD4_T,IA→AR,IA,AR,0.1106258,0.039993476,-63.79999923706055,↓,0.4,NS,9/12,4,3
Blood,PDCD1,CD4_T,CR→AR,CR,AR,0.030712327,0.039993476,30.200000762939453,↑,0.2,NS,8/9,3,3
Blood,PDCD1,CD8_T,NL→IT,NL,IT,0.1500996,0.063714325,-57.59999847412109,↓,1.0,NS,12/25,5,5
Blood,PDCD1,CD8_T,NL→IA,NL,IA,0.1500996,0.23303033,55.29999923706055,↑,0.730159,NS,12/20,5,4
Blood,PDCD1,CD8_T,NL→AR,NL,AR,0.1500996,0.0800219,-46.70000076293945,↓,0.785714,NS,6/15,5,3
Blood,PDCD1,CD8_T,NL→CR,NL,CR,0.1500996,0.04122561,-72.5,↓,0.392857,NS,11/15,5,3
Blood,PDCD1,CD8_T,IT→IA,IT,IA,0.063714325,0.23303033,265.70001220703125,↑,1.0,NS,10/20,5,4
Blood,PDCD1,CD8_T,IA→AR,IA,AR,0.23303033,0.0800219,-65.69999694824219,↓,1.0,NS,6/12,4,3
Blood,PDCD1,CD8_T,CR→AR,CR,AR,0.04122561,0.0800219,94.0999984741211,↑,0.4,NS,7/9,3,3
Blood,PDCD1,NK,NL→IT,NL,IT,0.022972222,0.037083775,61.400001525878906,↑,0.420635,NS,17/25,5,5
Blood,PDCD1,NK,NL→IA,NL,IA,0.022972222,0.049347144,114.8000030517578,↑,0.111111,NS,17/20,5,4
Blood,PDCD1,NK,NL→AR,NL,AR,0.022972222,0.025480622,10.899999618530272,↑,1.0,NS,8/15,5,3
Blood,PDCD1,NK,NL→CR,NL,CR,0.022972222,0.021818882,-5.0,↓,1.0,NS,7/15,5,3
Blood,PDCD1,NK,IT→IA,IT,IA,0.037083775,0.049347144,33.099998474121094,↑,0.730159,NS,12/20,5,4
Blood,PDCD1,NK,IA→AR,IA,AR,0.049347144,0.025480622,-48.400001525878906,↓,0.228571,NS,10/12,4,3
Blood,PDCD1,NK,CR→AR,CR,AR,0.021818882,0.025480622,16.799999237060547,↑,0.7,NS,6/9,3,3
Blood,PDCD1,B,NL→IT,NL,IT,0.00044942708,0.0029611543,558.9000244140625,↑,0.118797,NS,18/25,5,5
Blood,PDCD1,B,NL→IA,NL,IA,0.00044942708,0.010440354,2223.0,↑,0.081136,†,15/20,5,4
Blood,PDCD1,B,NL→AR,NL,AR,0.00044942708,0.0024555568,446.3999938964844,↑,0.305507,NS,9/15,5,3
Blood,PDCD1,B,NL→CR,NL,CR,0.00044942708,0.0010999478,144.6999969482422,↑,0.494525,NS,8/15,5,3
Blood,PDCD1,B,IT→IA,IT,IA,0.0029611543,0.010440354,252.6000061035156,↑,0.460558,NS,13/20,5,4
Blood,PDCD1,B,IA→AR,IA,AR,0.010440354,0.0024555568,-76.5,↓,0.721277,NS,7/12,4,3
Blood,PDCD1,B,CR→AR,CR,AR,0.0010999478,0.0024555568,123.1999969482422,↑,1.0,NS,4/9,3,3
Blood,PDCD1,PlasmaB,NL→IT,NL,IT,0.0,0.0,0.0,↑,1.0,NS,0/25,5,5
Blood,PDCD1,PlasmaB,NL→IA,NL,IA,0.0,0.011983761,99999.0,↑,0.371093,NS,5/20,5,4
Blood,PDCD1,PlasmaB,NL→AR,NL,AR,0.0,0.0,0.0,↑,1.0,NS,0/15,5,3
Blood,PDCD1,PlasmaB,NL→CR,NL,CR,0.0,0.0,0.0,↑,1.0,NS,0/15,5,3
Blood,PDCD1,PlasmaB,IT→IA,IT,IA,0.0,0.011983761,99999.0,↑,0.371093,NS,5/20,5,4
Blood,PDCD1,PlasmaB,IA→AR,IA,AR,0.011983761,0.0,-100.0,↓,0.563703,NS,3/12,4,3
Blood,PDCD1,PlasmaB,CR→AR,CR,AR,0.0,0.0,0.0,↑,1.0,NS,0/9,3,3
Blood,PDCD1LG2,Myeloid,NL→IT,NL,IT,0.0,0.00241068,99999.0,↑,0.072006,†,15/25,5,5
Blood,PDCD1LG2,Myeloid,NL→IA,NL,IA,0.0,0.0011574666,99999.0,↑,0.04162,*,15/20,5,4
Blood,PDCD1LG2,Myeloid,NL→AR,NL,AR,0.0,0.006530179,99999.0,↑,0.016805,*,15/15,5,3
Blood,PDCD1LG2,Myeloid,NL→CR,NL,CR,0.0,0.0020966935,99999.0,↑,0.016805,*,15/15,5,3
Blood,PDCD1LG2,Myeloid,IT→IA,IT,IA,0.00241068,0.0011574666,-52.0,↓,0.900865,NS,10/20,5,4
Blood,PDCD1LG2,Myeloid,IA→AR,IA,AR,0.0011574666,0.006530179,464.2000122070313,↑,0.057143,†,12/12,4,3
Blood,PDCD1LG2,Myeloid,CR→AR,CR,AR,0.0020966935,0.006530179,211.5,↑,0.2,NS,8/9,3,3
Blood,PDCD1LG2,CD4_T,NL→IT,NL,IT,0.0050881905,0.003244919,-36.20000076293945,↓,0.834035,NS,11/25,5,5
Blood,PDCD1LG2,CD4_T,NL→IA,NL,IA,0.0050881905,0.0038397233,-24.5,↓,0.902117,NS,9/20,5,4
Blood,PDCD1LG2,CD4_T,NL→AR,NL,AR,0.0050881905,0.0022691085,-55.400001525878906,↓,1.0,NS,7/15,5,3
Blood,PDCD1LG2,CD4_T,NL→CR,NL,CR,0.0050881905,0.006541697,28.600000381469727,↑,0.764228,NS,9/15,5,3
Blood,PDCD1LG2,CD4_T,IT→IA,IT,IA,0.003244919,0.0038397233,18.299999237060547,↑,0.904762,NS,11/20,5,4
Blood,PDCD1LG2,CD4_T,IA→AR,IA,AR,0.0038397233,0.0022691085,-40.900001525878906,↓,0.857143,NS,7/12,4,3
Blood,PDCD1LG2,CD4_T,CR→AR,CR,AR,0.006541697,0.0022691085,-65.30000305175781,↓,0.1,NS,9/9,3,3
Blood,PDCD1LG2,CD8_T,NL→IT,NL,IT,0.010876146,0.0017983004,-83.5,↓,0.372748,NS,14/25,5,5
Blood,PDCD1LG2,CD8_T,NL→IA,NL,IA,0.010876146,0.0039546415,-63.59999847412109,↓,1.0,NS,10/20,5,4
Blood,PDCD1LG2,CD8_T,NL→AR,NL,AR,0.010876146,0.0023247332,-78.5999984741211,↓,0.764228,NS,9/15,5,3
Blood,PDCD1LG2,CD8_T,NL→CR,NL,CR,0.010876146,0.0047229473,-56.59999847412109,↓,1.0,NS,7/15,5,3
Blood,PDCD1LG2,CD8_T,IT→IA,IT,IA,0.0017983004,0.0039546415,119.9000015258789,↑,0.262239,NS,15/20,5,4
Blood,PDCD1LG2,CD8_T,IA→AR,IA,AR,0.0039546415,0.0023247332,-41.20000076293945,↓,0.4,NS,9/12,4,3
Blood,PDCD1LG2,CD8_T,CR→AR,CR,AR,0.0047229473,0.0023247332,-50.79999923706055,↓,0.1,NS,9/9,3,3
Blood,PDCD1LG2,NK,NL→IT,NL,IT,0.0036390678,0.005967665,64.0,↑,0.332112,NS,16/25,5,5
Blood,PDCD1LG2,NK,NL→IA,NL,IA,0.0036390678,0.0036081458,-0.800000011920929,↓,1.0,NS,8/20,5,4
Blood,PDCD1LG2,NK,NL→AR,NL,AR,0.0036390678,0.004884668,34.20000076293945,↑,0.759982,NS,9/15,5,3
Blood,PDCD1LG2,NK,NL→CR,NL,CR,0.0036390678,0.004439357,22.0,↑,0.759982,NS,9/15,5,3
Blood,PDCD1LG2,NK,IT→IA,IT,IA,0.005967665,0.0036081458,-39.5,↓,0.325163,NS,14/20,5,4
Blood,PDCD1LG2,NK,IA→AR,IA,AR,0.0036081458,0.004884668,35.400001525878906,↑,0.628571,NS,8/12,4,3
Blood,PDCD1LG2,NK,CR→AR,CR,AR,0.004439357,0.004884668,10.0,↑,0.7,NS,3/9,3,3
Blood,PDCD1LG2,B,NL→IT,NL,IT,0.00019579279,0.0012289227,527.7000122070312,↑,0.440686,NS,10/25,5,5
Blood,PDCD1LG2,B,NL→IA,NL,IA,0.00019579279,0.0014453027,638.2000122070312,↑,0.139996,NS,14/20,5,4
Blood,PDCD1LG2,B,NL→AR,NL,AR,0.00019579279,0.00057518727,193.8000030517578,↑,0.69627,NS,5/15,5,3
Blood,PDCD1LG2,B,NL→CR,NL,CR,0.00019579279,0.00027282684,39.29999923706055,↑,1.0,NS,4/15,5,3
Blood,PDCD1LG2,B,IT→IA,IT,IA,0.0012289227,0.0014453027,17.600000381469727,↑,1.0,NS,9/20,5,4
Blood,PDCD1LG2,B,IA→AR,IA,AR,0.0014453027,0.00057518727,-60.20000076293945,↓,0.359012,NS,8/12,4,3
Blood,PDCD1LG2,B,CR→AR,CR,AR,0.00027282684,0.00057518727,110.8000030517578,↑,1.0,NS,3/9,3,3
Blood,PDCD1LG2,PlasmaB,NL→IT,NL,IT,0.0,0.013890344,99999.0,↑,0.423711,NS,5/25,5,5
Blood,PDCD1LG2,PlasmaB,NL→IA,NL,IA,0.0,0.0011235743,99999.0,↑,0.371093,NS,5/20,5,4
Blood,PDCD1LG2,PlasmaB,NL→AR,NL,AR,0.0,0.0038371112,99999.0,↑,0.3017,NS,5/15,5,3
Blood,PDCD1LG2,PlasmaB,NL→CR,NL,CR,0.0,0.0030625004,99999.0,↑,0.078983,†,10/15,5,3
Blood,PDCD1LG2,PlasmaB,IT→IA,IT,IA,0.013890344,0.0011235743,-91.9000015258789,↓,1.0,NS,4/20,5,4
Blood,PDCD1LG2,PlasmaB,IA→AR,IA,AR,0.0011235743,0.0038371112,241.5,↑,0.825498,NS,4/12,4,3
Blood,PDCD1LG2,PlasmaB,CR→AR,CR,AR,0.0030625004,0.0038371112,25.299999237060547,↑,1.0,NS,3/9,3,3
Blood,PECAM1,Myeloid,NL→IT,NL,IT,0.6203026,0.9902897,59.59999847412109,↑,0.095238,†,21/25,5,5
Blood,PECAM1,Myeloid,NL→IA,NL,IA,0.6203026,0.9927266,60.0,↑,0.190476,NS,16/20,5,4
Blood,PECAM1,Myeloid,NL→AR,NL,AR,0.6203026,1.1442415,84.5,↑,0.142857,NS,13/15,5,3
Blood,PECAM1,Myeloid,NL→CR,NL,CR,0.6203026,1.021861,64.69999694824219,↑,0.25,NS,12/15,5,3
Blood,PECAM1,Myeloid,IT→IA,IT,IA,0.9902897,0.9927266,0.2000000029802322,↑,0.555556,NS,13/20,5,4
Blood,PECAM1,Myeloid,IA→AR,IA,AR,0.9927266,1.1442415,15.300000190734863,↑,1.0,NS,6/12,4,3
Blood,PECAM1,Myeloid,CR→AR,CR,AR,1.021861,1.1442415,12.0,↑,0.7,NS,3/9,3,3
Blood,PECAM1,CD4_T,NL→IT,NL,IT,0.118717216,0.11193959,-5.699999809265137,↓,0.84127,NS,11/25,5,5
Blood,PECAM1,CD4_T,NL→IA,NL,IA,0.118717216,0.12848271,8.199999809265137,↑,1.0,NS,10/20,5,4
Blood,PECAM1,CD4_T,NL→AR,NL,AR,0.118717216,0.12705736,7.0,↑,0.392857,NS,11/15,5,3
Blood,PECAM1,CD4_T,NL→CR,NL,CR,0.118717216,0.074471675,-37.29999923706055,↓,0.571429,NS,10/15,5,3
Blood,PECAM1,CD4_T,IT→IA,IT,IA,0.11193959,0.12848271,14.800000190734863,↑,0.904762,NS,11/20,5,4
Blood,PECAM1,CD4_T,IA→AR,IA,AR,0.12848271,0.12705736,-1.100000023841858,↓,1.0,NS,6/12,4,3
Blood,PECAM1,CD4_T,CR→AR,CR,AR,0.074471675,0.12705736,70.5999984741211,↑,0.2,NS,8/9,3,3
Blood,PECAM1,CD8_T,NL→IT,NL,IT,0.30982715,0.31752938,2.5,↑,0.84127,NS,14/25,5,5
Blood,PECAM1,CD8_T,NL→IA,NL,IA,0.30982715,0.3853367,24.399999618530277,↑,0.555556,NS,13/20,5,4
Blood,PECAM1,CD8_T,NL→AR,NL,AR,0.30982715,0.32523277,5.0,↑,0.785714,NS,9/15,5,3
Blood,PECAM1,CD8_T,NL→CR,NL,CR,0.30982715,0.2724202,-12.100000381469728,↓,0.785714,NS,9/15,5,3
Blood,PECAM1,CD8_T,IT→IA,IT,IA,0.31752938,0.3853367,21.399999618530277,↑,0.412698,NS,14/20,5,4
Blood,PECAM1,CD8_T,IA→AR,IA,AR,0.3853367,0.32523277,-15.600000381469728,↓,0.628571,NS,8/12,4,3
Blood,PECAM1,CD8_T,CR→AR,CR,AR,0.2724202,0.32523277,19.399999618530277,↑,1.0,NS,5/9,3,3
Blood,PECAM1,NK,NL→IT,NL,IT,0.117286995,0.15714681,34.0,↑,1.0,NS,13/25,5,5
Blood,PECAM1,NK,NL→IA,NL,IA,0.117286995,0.23379028,99.3000030517578,↑,0.031746,*,19/20,5,4
Blood,PECAM1,NK,NL→AR,NL,AR,0.117286995,0.18239658,55.5,↑,0.392857,NS,11/15,5,3
Blood,PECAM1,NK,NL→CR,NL,CR,0.117286995,0.23962843,104.3000030517578,↑,0.035714,*,15/15,5,3
Blood,PECAM1,NK,IT→IA,IT,IA,0.15714681,0.23379028,48.79999923706055,↑,0.190476,NS,16/20,5,4
Blood,PECAM1,NK,IA→AR,IA,AR,0.23379028,0.18239658,-22.0,↓,0.628571,NS,8/12,4,3
Blood,PECAM1,NK,CR→AR,CR,AR,0.23962843,0.18239658,-23.899999618530277,↓,0.4,NS,7/9,3,3
Blood,PECAM1,B,NL→IT,NL,IT,0.06164807,0.13859907,124.8000030517578,↑,0.015873,*,24/25,5,5
Blood,PECAM1,B,NL→IA,NL,IA,0.06164807,0.11826493,91.8000030517578,↑,0.111111,NS,17/20,5,4
Blood,PECAM1,B,NL→AR,NL,AR,0.06164807,0.11811584,91.5999984741211,↑,0.035714,*,15/15,5,3
Blood,PECAM1,B,NL→CR,NL,CR,0.06164807,0.19216667,211.6999969482422,↑,0.035714,*,15/15,5,3
Blood,PECAM1,B,IT→IA,IT,IA,0.13859907,0.11826493,-14.699999809265137,↓,0.904762,NS,11/20,5,4
Blood,PECAM1,B,IA→AR,IA,AR,0.11826493,0.11811584,-0.1000000014901161,↓,1.0,NS,6/12,4,3
Blood,PECAM1,B,CR→AR,CR,AR,0.19216667,0.11811584,-38.5,↓,0.1,NS,9/9,3,3
Blood,PECAM1,PlasmaB,NL→IT,NL,IT,0.19266394,0.36917964,91.5999984741211,↑,0.309524,NS,18/25,5,5
Blood,PECAM1,PlasmaB,NL→IA,NL,IA,0.19266394,0.3803425,97.4000015258789,↑,0.111111,NS,17/20,5,4
Blood,PECAM1,PlasmaB,NL→AR,NL,AR,0.19266394,0.10345837,-46.29999923706055,↓,0.571429,NS,10/15,5,3
Blood,PECAM1,PlasmaB,NL→CR,NL,CR,0.19266394,0.34539282,79.30000305175781,↑,0.25,NS,12/15,5,3
Blood,PECAM1,PlasmaB,IT→IA,IT,IA,0.36917964,0.3803425,3.0,↑,0.904762,NS,11/20,5,4
Blood,PECAM1,PlasmaB,IA→AR,IA,AR,0.3803425,0.10345837,-72.80000305175781,↓,0.057143,†,12/12,4,3
Blood,PECAM1,PlasmaB,CR→AR,CR,AR,0.34539282,0.10345837,-70.0,↓,0.1,NS,9/9,3,3
Blood,PINK1,Myeloid,NL→IT,NL,IT,0.11461749,0.17759767,54.900001525878906,↑,0.150794,NS,20/25,5,5
Blood,PINK1,Myeloid,NL→IA,NL,IA,0.11461749,0.17044543,48.70000076293945,↑,0.285714,NS,15/20,5,4
Blood,PINK1,Myeloid,NL→AR,NL,AR,0.11461749,0.15856944,38.29999923706055,↑,0.25,NS,12/15,5,3
Blood,PINK1,Myeloid,NL→CR,NL,CR,0.11461749,0.15001442,30.899999618530277,↑,0.25,NS,12/15,5,3
Blood,PINK1,Myeloid,IT→IA,IT,IA,0.17759767,0.17044543,-4.0,↓,0.904762,NS,9/20,5,4
Blood,PINK1,Myeloid,IA→AR,IA,AR,0.17044543,0.15856944,-7.0,↓,0.628571,NS,8/12,4,3
Blood,PINK1,Myeloid,CR→AR,CR,AR,0.15001442,0.15856944,5.699999809265137,↑,1.0,NS,5/9,3,3
Blood,PINK1,CD4_T,NL→IT,NL,IT,0.04886771,0.07917968,62.0,↑,0.309524,NS,18/25,5,5
Blood,PINK1,CD4_T,NL→IA,NL,IA,0.04886771,0.09234658,89.0,↑,0.015873,*,20/20,5,4
Blood,PINK1,CD4_T,NL→AR,NL,AR,0.04886771,0.07157119,46.5,↑,0.785714,NS,9/15,5,3
Blood,PINK1,CD4_T,NL→CR,NL,CR,0.04886771,0.09202143,88.30000305175781,↑,0.035714,*,15/15,5,3
Blood,PINK1,CD4_T,IT→IA,IT,IA,0.07917968,0.09234658,16.600000381469727,↑,0.730159,NS,12/20,5,4
Blood,PINK1,CD4_T,IA→AR,IA,AR,0.09234658,0.07157119,-22.5,↓,0.628571,NS,8/12,4,3
Blood,PINK1,CD4_T,CR→AR,CR,AR,0.09202143,0.07157119,-22.200000762939453,↓,0.7,NS,6/9,3,3
Blood,PINK1,CD8_T,NL→IT,NL,IT,0.0633612,0.09436692,48.900001525878906,↑,0.222222,NS,19/25,5,5
Blood,PINK1,CD8_T,NL→IA,NL,IA,0.0633612,0.095220916,50.29999923706055,↑,0.285714,NS,15/20,5,4
Blood,PINK1,CD8_T,NL→AR,NL,AR,0.0633612,0.08870572,40.0,↑,0.785714,NS,9/15,5,3
Blood,PINK1,CD8_T,NL→CR,NL,CR,0.0633612,0.10264479,62.0,↑,0.142857,NS,13/15,5,3
Blood,PINK1,CD8_T,IT→IA,IT,IA,0.09436692,0.095220916,0.8999999761581421,↑,1.0,NS,10/20,5,4
Blood,PINK1,CD8_T,IA→AR,IA,AR,0.095220916,0.08870572,-6.800000190734863,↓,0.857143,NS,7/12,4,3
Blood,PINK1,CD8_T,CR→AR,CR,AR,0.10264479,0.08870572,-13.600000381469728,↓,0.4,NS,7/9,3,3
Blood,PINK1,NK,NL→IT,NL,IT,0.06702338,0.114247575,70.5,↑,0.055556,†,22/25,5,5
Blood,PINK1,NK,NL→IA,NL,IA,0.06702338,0.120018214,79.0999984741211,↑,0.063492,†,18/20,5,4
Blood,PINK1,NK,NL→AR,NL,AR,0.06702338,0.10591078,58.0,↑,0.142857,NS,13/15,5,3
Blood,PINK1,NK,NL→CR,NL,CR,0.06702338,0.10682414,59.400001525878906,↑,0.142857,NS,13/15,5,3
Blood,PINK1,NK,IT→IA,IT,IA,0.114247575,0.120018214,5.099999904632568,↑,0.904762,NS,11/20,5,4
Blood,PINK1,NK,IA→AR,IA,AR,0.120018214,0.10591078,-11.800000190734863,↓,0.4,NS,9/12,4,3
Blood,PINK1,NK,CR→AR,CR,AR,0.10682414,0.10591078,-0.8999999761581421,↓,1.0,NS,5/9,3,3
Blood,PINK1,B,NL→IT,NL,IT,0.016101515,0.06288774,290.6000061035156,↑,0.021177,*,24/25,5,5
Blood,PINK1,B,NL→IA,NL,IA,0.016101515,0.070575245,338.29998779296875,↑,0.019451,*,20/20,5,4
Blood,PINK1,B,NL→AR,NL,AR,0.016101515,0.05656393,251.3000030517578,↑,0.071924,†,14/15,5,3
Blood,PINK1,B,NL→CR,NL,CR,0.016101515,0.06352097,294.5,↑,0.03577,*,15/15,5,3
Blood,PINK1,B,IT→IA,IT,IA,0.06288774,0.070575245,12.199999809265137,↑,0.904762,NS,11/20,5,4
Blood,PINK1,B,IA→AR,IA,AR,0.070575245,0.05656393,-19.899999618530277,↓,0.114286,NS,11/12,4,3
Blood,PINK1,B,CR→AR,CR,AR,0.06352097,0.05656393,-11.0,↓,0.4,NS,7/9,3,3
Blood,PINK1,PlasmaB,NL→IT,NL,IT,0.07607216,0.06388803,-16.0,↓,0.675174,NS,10/25,5,5
Blood,PINK1,PlasmaB,NL→IA,NL,IA,0.07607216,0.09391021,23.399999618530277,↑,0.712155,NS,12/20,5,4
Blood,PINK1,PlasmaB,NL→AR,NL,AR,0.07607216,0.11235615,47.70000076293945,↑,0.548595,NS,10/15,5,3
Blood,PINK1,PlasmaB,NL→CR,NL,CR,0.07607216,0.099290885,30.5,↑,0.764228,NS,9/15,5,3
Blood,PINK1,PlasmaB,IT→IA,IT,IA,0.06388803,0.09391021,47.0,↑,0.285714,NS,15/20,5,4
Blood,PINK1,PlasmaB,IA→AR,IA,AR,0.09391021,0.11235615,19.600000381469727,↑,0.857143,NS,7/12,4,3
Blood,PINK1,PlasmaB,CR→AR,CR,AR,0.099290885,0.11235615,13.199999809265137,↑,1.0,NS,5/9,3,3
Blood,PPARGC1A,Myeloid,NL→IT,NL,IT,0.0,0.0022698063,99999.0,↑,0.072006,†,15/25,5,5
Blood,PPARGC1A,Myeloid,NL→IA,NL,IA,0.0,0.0014011317,99999.0,↑,0.13121,NS,10/20,5,4
Blood,PPARGC1A,Myeloid,NL→AR,NL,AR,0.0,0.0034287516,99999.0,↑,0.078983,†,10/15,5,3
Blood,PPARGC1A,Myeloid,NL→CR,NL,CR,0.0,0.0,0.0,↑,1.0,NS,0/15,5,3
Blood,PPARGC1A,Myeloid,IT→IA,IT,IA,0.0022698063,0.0014011317,-38.29999923706055,↓,0.701155,NS,10/20,5,4
Blood,PPARGC1A,Myeloid,IA→AR,IA,AR,0.0014011317,0.0034287516,144.6999969482422,↑,0.58208,NS,7/12,4,3
Blood,PPARGC1A,Myeloid,CR→AR,CR,AR,0.0,0.0034287516,99999.0,↑,0.196706,NS,6/9,3,3
Blood,PPARGC1A,CD4_T,NL→IT,NL,IT,0.0,0.0,0.0,↑,1.0,NS,0/25,5,5
Blood,PPARGC1A,CD4_T,NL→IA,NL,IA,0.0,0.0,0.0,↑,1.0,NS,0/20,5,4
Blood,PPARGC1A,CD4_T,NL→AR,NL,AR,0.0,0.0,0.0,↑,1.0,NS,0/15,5,3
Blood,PPARGC1A,CD4_T,NL→CR,NL,CR,0.0,0.0,0.0,↑,1.0,NS,0/15,5,3
Blood,PPARGC1A,CD4_T,IT→IA,IT,IA,0.0,0.0,0.0,↑,1.0,NS,0/20,5,4
Blood,PPARGC1A,CD4_T,IA→AR,IA,AR,0.0,0.0,0.0,↑,1.0,NS,0/12,4,3
Blood,PPARGC1A,CD4_T,CR→AR,CR,AR,0.0,0.0,0.0,↑,1.0,NS,0/9,3,3
Blood,PPARGC1A,CD8_T,NL→IT,NL,IT,0.0,0.0,0.0,↑,1.0,NS,0/25,5,5
Blood,PPARGC1A,CD8_T,NL→IA,NL,IA,0.0,0.0,0.0,↑,1.0,NS,0/20,5,4
Blood,PPARGC1A,CD8_T,NL→AR,NL,AR,0.0,0.0,0.0,↑,1.0,NS,0/15,5,3
Blood,PPARGC1A,CD8_T,NL→CR,NL,CR,0.0,0.0,0.0,↑,1.0,NS,0/15,5,3
Blood,PPARGC1A,CD8_T,IT→IA,IT,IA,0.0,0.0,0.0,↑,1.0,NS,0/20,5,4
Blood,PPARGC1A,CD8_T,IA→AR,IA,AR,0.0,0.0,0.0,↑,1.0,NS,0/12,4,3
Blood,PPARGC1A,CD8_T,CR→AR,CR,AR,0.0,0.0,0.0,↑,1.0,NS,0/9,3,3
Blood,PPARGC1A,NK,NL→IT,NL,IT,0.0,0.0,0.0,↑,1.0,NS,0/25,5,5
Blood,PPARGC1A,NK,NL→IA,NL,IA,0.0,0.0,0.0,↑,1.0,NS,0/20,5,4
Blood,PPARGC1A,NK,NL→AR,NL,AR,0.0,0.0,0.0,↑,1.0,NS,0/15,5,3
Blood,PPARGC1A,NK,NL→CR,NL,CR,0.0,0.0,0.0,↑,1.0,NS,0/15,5,3
Blood,PPARGC1A,NK,IT→IA,IT,IA,0.0,0.0,0.0,↑,1.0,NS,0/20,5,4
Blood,PPARGC1A,NK,IA→AR,IA,AR,0.0,0.0,0.0,↑,1.0,NS,0/12,4,3
Blood,PPARGC1A,NK,CR→AR,CR,AR,0.0,0.0,0.0,↑,1.0,NS,0/9,3,3
Blood,PPARGC1A,B,NL→IT,NL,IT,0.0,0.0,0.0,↑,1.0,NS,0/25,5,5
Blood,PPARGC1A,B,NL→IA,NL,IA,0.0,0.0,0.0,↑,1.0,NS,0/20,5,4
Blood,PPARGC1A,B,NL→AR,NL,AR,0.0,0.0,0.0,↑,1.0,NS,0/15,5,3
Blood,PPARGC1A,B,NL→CR,NL,CR,0.0,0.0,0.0,↑,1.0,NS,0/15,5,3
Blood,PPARGC1A,B,IT→IA,IT,IA,0.0,0.0,0.0,↑,1.0,NS,0/20,5,4
Blood,PPARGC1A,B,IA→AR,IA,AR,0.0,0.0,0.0,↑,1.0,NS,0/12,4,3
Blood,PPARGC1A,B,CR→AR,CR,AR,0.0,0.0,0.0,↑,1.0,NS,0/9,3,3
Blood,PPARGC1A,PlasmaB,NL→IT,NL,IT,0.0,0.0,0.0,↑,1.0,NS,0/25,5,5
Blood,PPARGC1A,PlasmaB,NL→IA,NL,IA,0.0,0.0,0.0,↑,1.0,NS,0/20,5,4
Blood,PPARGC1A,PlasmaB,NL→AR,NL,AR,0.0,0.0,0.0,↑,1.0,NS,0/15,5,3
Blood,PPARGC1A,PlasmaB,NL→CR,NL,CR,0.0,0.0,0.0,↑,1.0,NS,0/15,5,3
Blood,PPARGC1A,PlasmaB,IT→IA,IT,IA,0.0,0.0,0.0,↑,1.0,NS,0/20,5,4
Blood,PPARGC1A,PlasmaB,IA→AR,IA,AR,0.0,0.0,0.0,↑,1.0,NS,0/12,4,3
Blood,PPARGC1A,PlasmaB,CR→AR,CR,AR,0.0,0.0,0.0,↑,1.0,NS,0/9,3,3
Blood,PRDM1,Myeloid,NL→IT,NL,IT,0.035375316,0.030170238,-14.699999809265137,↓,0.834035,NS,11/25,5,5
Blood,PRDM1,Myeloid,NL→IA,NL,IA,0.035375316,0.05075402,43.5,↑,0.389284,NS,14/20,5,4
Blood,PRDM1,Myeloid,NL→AR,NL,AR,0.035375316,0.017999446,-49.09999847412109,↓,1.0,NS,7/15,5,3
Blood,PRDM1,Myeloid,NL→CR,NL,CR,0.035375316,0.03165204,-10.5,↓,0.764228,NS,6/15,5,3
Blood,PRDM1,Myeloid,IT→IA,IT,IA,0.030170238,0.05075402,68.19999694824219,↑,0.555556,NS,13/20,5,4
Blood,PRDM1,Myeloid,IA→AR,IA,AR,0.05075402,0.017999446,-64.5,↓,0.057143,†,12/12,4,3
Blood,PRDM1,Myeloid,CR→AR,CR,AR,0.03165204,0.017999446,-43.09999847412109,↓,0.7,NS,6/9,3,3
Blood,PRDM1,CD4_T,NL→IT,NL,IT,0.45495135,0.18862681,-58.5,↓,0.007937,**,25/25,5,5
Blood,PRDM1,CD4_T,NL→IA,NL,IA,0.45495135,0.16368927,-64.0,↓,0.015873,*,20/20,5,4
Blood,PRDM1,CD4_T,NL→AR,NL,AR,0.45495135,0.14144957,-68.9000015258789,↓,0.035714,*,15/15,5,3
Blood,PRDM1,CD4_T,NL→CR,NL,CR,0.45495135,0.24633034,-45.900001525878906,↓,0.035714,*,15/15,5,3
Blood,PRDM1,CD4_T,IT→IA,IT,IA,0.18862681,0.16368927,-13.199999809265137,↓,0.730159,NS,12/20,5,4
Blood,PRDM1,CD4_T,IA→AR,IA,AR,0.16368927,0.14144957,-13.600000381469728,↓,0.628571,NS,8/12,4,3
Blood,PRDM1,CD4_T,CR→AR,CR,AR,0.24633034,0.14144957,-42.59999847412109,↓,0.1,NS,9/9,3,3
Blood,PRDM1,CD8_T,NL→IT,NL,IT,0.4151701,0.17458619,-57.900001525878906,↓,0.007937,**,25/25,5,5
Blood,PRDM1,CD8_T,NL→IA,NL,IA,0.4151701,0.22467043,-45.900001525878906,↓,0.111111,NS,17/20,5,4
Blood,PRDM1,CD8_T,NL→AR,NL,AR,0.4151701,0.24379744,-41.29999923706055,↓,0.142857,NS,13/15,5,3
Blood,PRDM1,CD8_T,NL→CR,NL,CR,0.4151701,0.23979284,-42.20000076293945,↓,0.142857,NS,13/15,5,3
Blood,PRDM1,CD8_T,IT→IA,IT,IA,0.17458619,0.22467043,28.700000762939453,↑,0.285714,NS,15/20,5,4
Blood,PRDM1,CD8_T,IA→AR,IA,AR,0.22467043,0.24379744,8.5,↑,0.857143,NS,7/12,4,3
Blood,PRDM1,CD8_T,CR→AR,CR,AR,0.23979284,0.24379744,1.7000000476837158,↑,1.0,NS,4/9,3,3
Blood,PRDM1,NK,NL→IT,NL,IT,0.6673753,0.45810604,-31.399999618530277,↓,0.055556,†,22/25,5,5
Blood,PRDM1,NK,NL→IA,NL,IA,0.6673753,0.3337185,-50.0,↓,0.015873,*,20/20,5,4
Blood,PRDM1,NK,NL→AR,NL,AR,0.6673753,0.43533716,-34.79999923706055,↓,0.142857,NS,13/15,5,3
Blood,PRDM1,NK,NL→CR,NL,CR,0.6673753,0.5328751,-20.200000762939453,↓,0.392857,NS,11/15,5,3
Blood,PRDM1,NK,IT→IA,IT,IA,0.45810604,0.3337185,-27.200000762939453,↓,0.111111,NS,17/20,5,4
Blood,PRDM1,NK,IA→AR,IA,AR,0.3337185,0.43533716,30.5,↑,0.4,NS,9/12,4,3
Blood,PRDM1,NK,CR→AR,CR,AR,0.5328751,0.43533716,-18.299999237060547,↓,0.4,NS,7/9,3,3
Blood,PRDM1,B,NL→IT,NL,IT,0.08065886,0.015411308,-80.9000015258789,↓,0.675174,NS,15/25,5,5
Blood,PRDM1,B,NL→IA,NL,IA,0.08065886,0.017046738,-78.9000015258789,↓,1.0,NS,10/20,5,4
Blood,PRDM1,B,NL→AR,NL,AR,0.08065886,0.0133185685,-83.5,↓,0.764228,NS,9/15,5,3
Blood,PRDM1,B,NL→CR,NL,CR,0.08065886,0.015663482,-80.5999984741211,↓,0.764228,NS,9/15,5,3
Blood,PRDM1,B,IT→IA,IT,IA,0.015411308,0.017046738,10.600000381469728,↑,0.904762,NS,9/20,5,4
Blood,PRDM1,B,IA→AR,IA,AR,0.017046738,0.0133185685,-21.899999618530277,↓,0.628571,NS,4/12,4,3
Blood,PRDM1,B,CR→AR,CR,AR,0.015663482,0.0133185685,-15.0,↓,0.1,NS,9/9,3,3
Blood,PRDM1,PlasmaB,NL→IT,NL,IT,0.56125313,0.3513476,-37.400001525878906,↓,0.150794,NS,20/25,5,5
Blood,PRDM1,PlasmaB,NL→IA,NL,IA,0.56125313,0.2926057,-47.900001525878906,↓,0.111111,NS,17/20,5,4
Blood,PRDM1,PlasmaB,NL→AR,NL,AR,0.56125313,0.600647,7.0,↑,1.0,NS,7/15,5,3
Blood,PRDM1,PlasmaB,NL→CR,NL,CR,0.56125313,0.44386783,-20.899999618530277,↓,0.392857,NS,11/15,5,3
Blood,PRDM1,PlasmaB,IT→IA,IT,IA,0.3513476,0.2926057,-16.700000762939453,↓,0.412698,NS,14/20,5,4
Blood,PRDM1,PlasmaB,IA→AR,IA,AR,0.2926057,0.600647,105.3000030517578,↑,0.057143,†,12/12,4,3
Blood,PRDM1,PlasmaB,CR→AR,CR,AR,0.44386783,0.600647,35.29999923706055,↑,0.2,NS,8/9,3,3
Blood,PRF1,Myeloid,NL→IT,NL,IT,0.006606796,0.007545507,14.199999809265137,↑,1.0,NS,12/25,5,5
Blood,PRF1,Myeloid,NL→IA,NL,IA,0.006606796,0.008392286,27.0,↑,0.902117,NS,11/20,5,4
Blood,PRF1,Myeloid,NL→AR,NL,AR,0.006606796,0.0052507534,-20.5,↓,1.0,NS,6/15,5,3
Blood,PRF1,Myeloid,NL→CR,NL,CR,0.006606796,0.005624002,-14.899999618530272,↓,1.0,NS,8/15,5,3
Blood,PRF1,Myeloid,IT→IA,IT,IA,0.007545507,0.008392286,11.199999809265137,↑,0.730159,NS,12/20,5,4
Blood,PRF1,Myeloid,IA→AR,IA,AR,0.008392286,0.0052507534,-37.400001525878906,↓,0.628571,NS,8/12,4,3
Blood,PRF1,Myeloid,CR→AR,CR,AR,0.005624002,0.0052507534,-6.599999904632568,↓,0.7,NS,6/9,3,3
Blood,PRF1,CD4_T,NL→IT,NL,IT,0.5084551,0.36829585,-27.600000381469727,↓,1.0,NS,12/25,5,5
Blood,PRF1,CD4_T,NL→IA,NL,IA,0.5084551,0.4531805,-10.899999618530272,↓,1.0,NS,10/20,5,4
Blood,PRF1,CD4_T,NL→AR,NL,AR,0.5084551,0.26173392,-48.5,↓,0.785714,NS,6/15,5,3
Blood,PRF1,CD4_T,NL→CR,NL,CR,0.5084551,0.20826061,-59.0,↓,0.25,NS,12/15,5,3
Blood,PRF1,CD4_T,IT→IA,IT,IA,0.36829585,0.4531805,23.0,↑,0.412698,NS,14/20,5,4
Blood,PRF1,CD4_T,IA→AR,IA,AR,0.4531805,0.26173392,-42.20000076293945,↓,0.4,NS,9/12,4,3
Blood,PRF1,CD4_T,CR→AR,CR,AR,0.20826061,0.26173392,25.700000762939453,↑,0.7,NS,6/9,3,3
Blood,PRF1,CD8_T,NL→IT,NL,IT,0.98937255,0.83532107,-15.600000381469728,↓,1.0,NS,12/25,5,5
Blood,PRF1,CD8_T,NL→IA,NL,IA,0.98937255,1.0513579,6.300000190734863,↑,0.730159,NS,12/20,5,4
Blood,PRF1,CD8_T,NL→AR,NL,AR,0.98937255,1.2267461,24.0,↑,0.25,NS,12/15,5,3
Blood,PRF1,CD8_T,NL→CR,NL,CR,0.98937255,0.59883344,-39.5,↓,0.25,NS,12/15,5,3
Blood,PRF1,CD8_T,IT→IA,IT,IA,0.83532107,1.0513579,25.899999618530277,↑,0.730159,NS,12/20,5,4
Blood,PRF1,CD8_T,IA→AR,IA,AR,1.0513579,1.2267461,16.700000762939453,↑,0.628571,NS,8/12,4,3
Blood,PRF1,CD8_T,CR→AR,CR,AR,0.59883344,1.2267461,104.9000015258789,↑,0.1,NS,9/9,3,3
Blood,PRF1,NK,NL→IT,NL,IT,2.8494632,2.7589087,-3.200000047683716,↓,0.84127,NS,14/25,5,5
Blood,PRF1,NK,NL→IA,NL,IA,2.8494632,2.5784614,-9.5,↓,0.730159,NS,12/20,5,4
Blood,PRF1,NK,NL→AR,NL,AR,2.8494632,2.612118,-8.300000190734863,↓,0.571429,NS,10/15,5,3
Blood,PRF1,NK,NL→CR,NL,CR,2.8494632,2.3207197,-18.600000381469727,↓,0.071429,†,14/15,5,3
Blood,PRF1,NK,IT→IA,IT,IA,2.7589087,2.5784614,-6.5,↓,0.904762,NS,11/20,5,4
Blood,PRF1,NK,IA→AR,IA,AR,2.5784614,2.612118,1.2999999523162842,↑,1.0,NS,6/12,4,3
Blood,PRF1,NK,CR→AR,CR,AR,2.3207197,2.612118,12.600000381469728,↑,0.2,NS,8/9,3,3
Blood,PRF1,B,NL→IT,NL,IT,0.017553326,0.006420997,-63.400001525878906,↓,0.914184,NS,10/25,5,5
Blood,PRF1,B,NL→IA,NL,IA,0.017553326,0.011741627,-33.099998474121094,↓,0.708624,NS,8/20,5,4
Blood,PRF1,B,NL→AR,NL,AR,0.017553326,0.0070533515,-59.79999923706055,↓,1.0,NS,6/15,5,3
Blood,PRF1,B,NL→CR,NL,CR,0.017553326,0.002980657,-83.0,↓,0.759982,NS,6/15,5,3
Blood,PRF1,B,IT→IA,IT,IA,0.006420997,0.011741627,82.9000015258789,↑,0.190476,NS,16/20,5,4
Blood,PRF1,B,IA→AR,IA,AR,0.011741627,0.0070533515,-39.900001525878906,↓,0.628571,NS,8/12,4,3
Blood,PRF1,B,CR→AR,CR,AR,0.002980657,0.0070533515,136.60000610351562,↑,0.7,NS,6/9,3,3
Blood,PRF1,PlasmaB,NL→IT,NL,IT,0.012724517,0.017886639,40.59999847412109,↑,0.265205,NS,16/25,5,5
Blood,PRF1,PlasmaB,NL→IA,NL,IA,0.012724517,0.035392053,178.10000610351562,↑,0.227249,NS,13/20,5,4
Blood,PRF1,PlasmaB,NL→AR,NL,AR,0.012724517,0.05798805,355.70001220703125,↑,0.112231,NS,13/15,5,3
Blood,PRF1,PlasmaB,NL→CR,NL,CR,0.012724517,0.0036556823,-71.30000305175781,↓,0.203872,NS,3/15,5,3
Blood,PRF1,PlasmaB,IT→IA,IT,IA,0.017886639,0.035392053,97.9000015258789,↑,0.805701,NS,11/20,5,4
Blood,PRF1,PlasmaB,IA→AR,IA,AR,0.035392053,0.05798805,63.79999923706055,↑,0.628571,NS,8/12,4,3
Blood,PRF1,PlasmaB,CR→AR,CR,AR,0.0036556823,0.05798805,1486.199951171875,↑,0.1,NS,9/9,3,3
Blood,PRKN,Myeloid,NL→IT,NL,IT,0.0014600916,0.0027421368,87.80000305175781,↑,0.204501,NS,19/25,5,5
Blood,PRKN,Myeloid,NL→IA,NL,IA,0.0014600916,0.0017292392,18.399999618530277,↑,0.608874,NS,11/20,5,4
Blood,PRKN,Myeloid,NL→AR,NL,AR,0.0014600916,0.0012152073,-16.799999237060547,↓,0.633737,NS,4/15,5,3
Blood,PRKN,Myeloid,NL→CR,NL,CR,0.0014600916,0.007079892,384.8999938964844,↑,0.066798,†,14/15,5,3
Blood,PRKN,Myeloid,IT→IA,IT,IA,0.0027421368,0.0017292392,-36.900001525878906,↓,0.730159,NS,12/20,5,4
Blood,PRKN,Myeloid,IA→AR,IA,AR,0.0017292392,0.0012152073,-29.700000762939453,↓,1.0,NS,6/12,4,3
Blood,PRKN,Myeloid,CR→AR,CR,AR,0.007079892,0.0012152073,-82.80000305175781,↓,0.1,NS,9/9,3,3
Blood,PRKN,CD4_T,NL→IT,NL,IT,0.020649746,0.018759029,-9.199999809265137,↓,1.0,NS,12/25,5,5
Blood,PRKN,CD4_T,NL→IA,NL,IA,0.020649746,0.023166113,12.199999809265137,↑,0.904762,NS,11/20,5,4
Blood,PRKN,CD4_T,NL→AR,NL,AR,0.020649746,0.032154247,55.70000076293945,↑,0.571429,NS,10/15,5,3
Blood,PRKN,CD4_T,NL→CR,NL,CR,0.020649746,0.038906742,88.4000015258789,↑,0.25,NS,12/15,5,3
Blood,PRKN,CD4_T,IT→IA,IT,IA,0.018759029,0.023166113,23.5,↑,0.555556,NS,13/20,5,4
Blood,PRKN,CD4_T,IA→AR,IA,AR,0.023166113,0.032154247,38.79999923706055,↑,0.628571,NS,8/12,4,3
Blood,PRKN,CD4_T,CR→AR,CR,AR,0.038906742,0.032154247,-17.399999618530273,↓,0.4,NS,7/9,3,3
Blood,PRKN,CD8_T,NL→IT,NL,IT,0.01805136,0.018394027,1.899999976158142,↑,1.0,NS,13/25,5,5
Blood,PRKN,CD8_T,NL→IA,NL,IA,0.01805136,0.025590952,41.79999923706055,↑,0.730159,NS,12/20,5,4
Blood,PRKN,CD8_T,NL→AR,NL,AR,0.01805136,0.018495789,2.5,↑,0.785714,NS,9/15,5,3
Blood,PRKN,CD8_T,NL→CR,NL,CR,0.01805136,0.038199645,111.5999984741211,↑,0.392857,NS,11/15,5,3
Blood,PRKN,CD8_T,IT→IA,IT,IA,0.018394027,0.025590952,39.09999847412109,↑,0.730159,NS,12/20,5,4
Blood,PRKN,CD8_T,IA→AR,IA,AR,0.025590952,0.018495789,-27.700000762939453,↓,0.857143,NS,7/12,4,3
Blood,PRKN,CD8_T,CR→AR,CR,AR,0.038199645,0.018495789,-51.59999847412109,↓,0.1,NS,9/9,3,3
Blood,PRKN,NK,NL→IT,NL,IT,0.008490058,0.0065179216,-23.200000762939453,↓,0.294802,NS,7/25,5,5
Blood,PRKN,NK,NL→IA,NL,IA,0.008490058,0.007183375,-15.399999618530272,↓,0.268341,NS,5/20,5,4
Blood,PRKN,NK,NL→AR,NL,AR,0.008490058,0.007875823,-7.199999809265137,↓,0.230243,NS,3/15,5,3
Blood,PRKN,NK,NL→CR,NL,CR,0.008490058,0.010095622,18.899999618530277,↑,0.368227,NS,11/15,5,3
Blood,PRKN,NK,IT→IA,IT,IA,0.0065179216,0.007183375,10.199999809265137,↑,0.730159,NS,12/20,5,4
Blood,PRKN,NK,IA→AR,IA,AR,0.007183375,0.007875823,9.600000381469728,↑,0.857143,NS,7/12,4,3
Blood,PRKN,NK,CR→AR,CR,AR,0.010095622,0.007875823,-22.0,↓,0.7,NS,6/9,3,3
Blood,PRKN,B,NL→IT,NL,IT,0.009595297,0.015302214,59.5,↑,0.20869,NS,19/25,5,5
Blood,PRKN,B,NL→IA,NL,IA,0.009595297,0.018042265,88.0,↑,0.902117,NS,11/20,5,4
Blood,PRKN,B,NL→AR,NL,AR,0.009595297,0.029523904,207.6999969482422,↑,0.03577,*,15/15,5,3
Blood,PRKN,B,NL→CR,NL,CR,0.009595297,0.033968057,254.0,↑,0.03577,*,15/15,5,3
Blood,PRKN,B,IT→IA,IT,IA,0.015302214,0.018042265,17.899999618530273,↑,0.730159,NS,8/20,5,4
Blood,PRKN,B,IA→AR,IA,AR,0.018042265,0.029523904,63.59999847412109,↑,0.228571,NS,10/12,4,3
Blood,PRKN,B,CR→AR,CR,AR,0.033968057,0.029523904,-13.100000381469728,↓,0.7,NS,6/9,3,3
Blood,PRKN,PlasmaB,NL→IT,NL,IT,0.029767847,0.0132545335,-55.5,↓,1.0,NS,5/25,5,5
Blood,PRKN,PlasmaB,NL→IA,NL,IA,0.029767847,0.013847724,-53.5,↓,0.662427,NS,4/20,5,4
Blood,PRKN,PlasmaB,NL→AR,NL,AR,0.029767847,0.02388188,-19.799999237060547,↓,1.0,NS,3/15,5,3
Blood,PRKN,PlasmaB,NL→CR,NL,CR,0.029767847,0.021963468,-26.200000762939453,↓,0.203872,NS,3/15,5,3
Blood,PRKN,PlasmaB,IT→IA,IT,IA,0.0132545335,0.013847724,4.5,↑,0.662427,NS,8/20,5,4
Blood,PRKN,PlasmaB,IA→AR,IA,AR,0.013847724,0.02388188,72.5,↑,1.0,NS,4/12,4,3
Blood,PRKN,PlasmaB,CR→AR,CR,AR,0.021963468,0.02388188,8.699999809265137,↑,0.657905,NS,3/9,3,3
Blood,PYCARD,Myeloid,NL→IT,NL,IT,1.512367,1.8861771,24.700000762939453,↑,0.007937,**,25/25,5,5
Blood,PYCARD,Myeloid,NL→IA,NL,IA,1.512367,1.8347294,21.299999237060547,↑,0.190476,NS,16/20,5,4
Blood,PYCARD,Myeloid,NL→AR,NL,AR,1.512367,1.8997908,25.600000381469727,↑,0.035714,*,15/15,5,3
Blood,PYCARD,Myeloid,NL→CR,NL,CR,1.512367,1.6590748,9.699999809265137,↑,0.142857,NS,13/15,5,3
Blood,PYCARD,Myeloid,IT→IA,IT,IA,1.8861771,1.8347294,-2.700000047683716,↓,1.0,NS,10/20,5,4
Blood,PYCARD,Myeloid,IA→AR,IA,AR,1.8347294,1.8997908,3.5,↑,1.0,NS,6/12,4,3
Blood,PYCARD,Myeloid,CR→AR,CR,AR,1.6590748,1.8997908,14.5,↑,0.1,NS,9/9,3,3
Blood,PYCARD,CD4_T,NL→IT,NL,IT,0.45627785,0.35466954,-22.299999237060547,↓,0.420635,NS,17/25,5,5
Blood,PYCARD,CD4_T,NL→IA,NL,IA,0.45627785,0.33646023,-26.299999237060547,↓,0.412698,NS,14/20,5,4
Blood,PYCARD,CD4_T,NL→AR,NL,AR,0.45627785,0.39787546,-12.800000190734863,↓,0.785714,NS,9/15,5,3
Blood,PYCARD,CD4_T,NL→CR,NL,CR,0.45627785,0.29293218,-35.79999923706055,↓,0.142857,NS,13/15,5,3
Blood,PYCARD,CD4_T,IT→IA,IT,IA,0.35466954,0.33646023,-5.099999904632568,↓,0.555556,NS,13/20,5,4
Blood,PYCARD,CD4_T,IA→AR,IA,AR,0.33646023,0.39787546,18.299999237060547,↑,0.4,NS,9/12,4,3
Blood,PYCARD,CD4_T,CR→AR,CR,AR,0.29293218,0.39787546,35.79999923706055,↑,0.7,NS,6/9,3,3
Blood,PYCARD,CD8_T,NL→IT,NL,IT,0.49592274,0.40909243,-17.5,↓,0.547619,NS,16/25,5,5
Blood,PYCARD,CD8_T,NL→IA,NL,IA,0.49592274,0.41334313,-16.700000762939453,↓,0.555556,NS,13/20,5,4
Blood,PYCARD,CD8_T,NL→AR,NL,AR,0.49592274,0.5323364,7.300000190734863,↑,0.785714,NS,9/15,5,3
Blood,PYCARD,CD8_T,NL→CR,NL,CR,0.49592274,0.3231989,-34.79999923706055,↓,0.142857,NS,13/15,5,3
Blood,PYCARD,CD8_T,IT→IA,IT,IA,0.40909243,0.41334313,1.0,↑,1.0,NS,10/20,5,4
Blood,PYCARD,CD8_T,IA→AR,IA,AR,0.41334313,0.5323364,28.799999237060547,↑,0.228571,NS,10/12,4,3
Blood,PYCARD,CD8_T,CR→AR,CR,AR,0.3231989,0.5323364,64.69999694824219,↑,0.1,NS,9/9,3,3
Blood,PYCARD,NK,NL→IT,NL,IT,0.3740514,0.57206076,52.900001525878906,↑,0.095238,†,21/25,5,5
Blood,PYCARD,NK,NL→IA,NL,IA,0.3740514,0.6073335,62.400001525878906,↑,0.190476,NS,16/20,5,4
Blood,PYCARD,NK,NL→AR,NL,AR,0.3740514,0.6810972,82.0999984741211,↑,0.035714,*,15/15,5,3
Blood,PYCARD,NK,NL→CR,NL,CR,0.3740514,0.49304035,31.799999237060547,↑,0.785714,NS,9/15,5,3
Blood,PYCARD,NK,IT→IA,IT,IA,0.57206076,0.6073335,6.199999809265137,↑,0.555556,NS,13/20,5,4
Blood,PYCARD,NK,IA→AR,IA,AR,0.6073335,0.6810972,12.100000381469728,↑,0.857143,NS,7/12,4,3
Blood,PYCARD,NK,CR→AR,CR,AR,0.49304035,0.6810972,38.09999847412109,↑,0.7,NS,6/9,3,3
Blood,PYCARD,B,NL→IT,NL,IT,0.29638928,0.5237005,76.69999694824219,↑,0.015873,*,24/25,5,5
Blood,PYCARD,B,NL→IA,NL,IA,0.29638928,0.434877,46.70000076293945,↑,0.285714,NS,15/20,5,4
Blood,PYCARD,B,NL→AR,NL,AR,0.29638928,0.64504915,117.5999984741211,↑,0.035714,*,15/15,5,3
Blood,PYCARD,B,NL→CR,NL,CR,0.29638928,0.3105113,4.800000190734863,↑,1.0,NS,7/15,5,3
Blood,PYCARD,B,IT→IA,IT,IA,0.5237005,0.434877,-17.0,↓,0.555556,NS,13/20,5,4
Blood,PYCARD,B,IA→AR,IA,AR,0.434877,0.64504915,48.29999923706055,↑,0.057143,†,12/12,4,3
Blood,PYCARD,B,CR→AR,CR,AR,0.3105113,0.64504915,107.6999969482422,↑,0.1,NS,9/9,3,3
Blood,PYCARD,PlasmaB,NL→IT,NL,IT,0.40983146,0.97751725,138.5,↑,0.007937,**,25/25,5,5
Blood,PYCARD,PlasmaB,NL→IA,NL,IA,0.40983146,0.8858196,116.0999984741211,↑,0.190476,NS,16/20,5,4
Blood,PYCARD,PlasmaB,NL→AR,NL,AR,0.40983146,0.82984924,102.5,↑,0.035714,*,15/15,5,3
Blood,PYCARD,PlasmaB,NL→CR,NL,CR,0.40983146,0.6858048,67.30000305175781,↑,0.035714,*,15/15,5,3
Blood,PYCARD,PlasmaB,IT→IA,IT,IA,0.97751725,0.8858196,-9.399999618530272,↓,0.904762,NS,11/20,5,4
Blood,PYCARD,PlasmaB,IA→AR,IA,AR,0.8858196,0.82984924,-6.300000190734863,↓,0.628571,NS,8/12,4,3
Blood,PYCARD,PlasmaB,CR→AR,CR,AR,0.6858048,0.82984924,21.0,↑,0.2,NS,8/9,3,3
Blood,RB1,Myeloid,NL→IT,NL,IT,0.29625288,0.46647653,57.5,↑,0.150794,NS,20/25,5,5
Blood,RB1,Myeloid,NL→IA,NL,IA,0.29625288,0.47842482,61.5,↑,0.111111,NS,17/20,5,4
Blood,RB1,Myeloid,NL→AR,NL,AR,0.29625288,0.4929881,66.4000015258789,↑,0.25,NS,12/15,5,3
Blood,RB1,Myeloid,NL→CR,NL,CR,0.29625288,0.5683153,91.8000030517578,↑,0.035714,*,15/15,5,3
Blood,RB1,Myeloid,IT→IA,IT,IA,0.46647653,0.47842482,2.5999999046325684,↑,1.0,NS,10/20,5,4
Blood,RB1,Myeloid,IA→AR,IA,AR,0.47842482,0.4929881,3.0,↑,1.0,NS,6/12,4,3
Blood,RB1,Myeloid,CR→AR,CR,AR,0.5683153,0.4929881,-13.300000190734863,↓,0.7,NS,6/9,3,3
Blood,RB1,CD4_T,NL→IT,NL,IT,0.21875015,0.23102948,5.599999904632568,↑,1.0,NS,13/25,5,5
Blood,RB1,CD4_T,NL→IA,NL,IA,0.21875015,0.2514003,14.899999618530272,↑,0.555556,NS,13/20,5,4
Blood,RB1,CD4_T,NL→AR,NL,AR,0.21875015,0.23148239,5.800000190734863,↑,0.25,NS,12/15,5,3
Blood,RB1,CD4_T,NL→CR,NL,CR,0.21875015,0.33877507,54.900001525878906,↑,0.142857,NS,13/15,5,3
Blood,RB1,CD4_T,IT→IA,IT,IA,0.23102948,0.2514003,8.800000190734863,↑,0.904762,NS,11/20,5,4
Blood,RB1,CD4_T,IA→AR,IA,AR,0.2514003,0.23148239,-7.900000095367432,↓,0.628571,NS,8/12,4,3
Blood,RB1,CD4_T,CR→AR,CR,AR,0.33877507,0.23148239,-31.700000762939453,↓,0.1,NS,9/9,3,3
Blood,RB1,CD8_T,NL→IT,NL,IT,0.16284102,0.25408947,56.0,↑,0.150794,NS,20/25,5,5
Blood,RB1,CD8_T,NL→IA,NL,IA,0.16284102,0.23704827,45.59999847412109,↑,0.285714,NS,15/20,5,4
Blood,RB1,CD8_T,NL→AR,NL,AR,0.16284102,0.26702058,64.0,↑,0.142857,NS,13/15,5,3
Blood,RB1,CD8_T,NL→CR,NL,CR,0.16284102,0.3470339,113.0999984741211,↑,0.035714,*,15/15,5,3
Blood,RB1,CD8_T,IT→IA,IT,IA,0.25408947,0.23704827,-6.699999809265137,↓,0.904762,NS,11/20,5,4
Blood,RB1,CD8_T,IA→AR,IA,AR,0.23704827,0.26702058,12.600000381469728,↑,0.4,NS,9/12,4,3
Blood,RB1,CD8_T,CR→AR,CR,AR,0.3470339,0.26702058,-23.100000381469727,↓,0.1,NS,9/9,3,3
Blood,RB1,NK,NL→IT,NL,IT,0.19890341,0.28797397,44.79999923706055,↑,0.095238,†,21/25,5,5
Blood,RB1,NK,NL→IA,NL,IA,0.19890341,0.2702247,35.900001525878906,↑,0.111111,NS,17/20,5,4
Blood,RB1,NK,NL→AR,NL,AR,0.19890341,0.2736911,37.59999847412109,↑,0.142857,NS,13/15,5,3
Blood,RB1,NK,NL→CR,NL,CR,0.19890341,0.3374699,69.69999694824219,↑,0.035714,*,15/15,5,3
Blood,RB1,NK,IT→IA,IT,IA,0.28797397,0.2702247,-6.199999809265137,↓,0.730159,NS,12/20,5,4
Blood,RB1,NK,IA→AR,IA,AR,0.2702247,0.2736911,1.2999999523162842,↑,1.0,NS,6/12,4,3
Blood,RB1,NK,CR→AR,CR,AR,0.3374699,0.2736911,-18.899999618530277,↓,0.1,NS,9/9,3,3
Blood,RB1,B,NL→IT,NL,IT,0.3761783,0.650227,72.9000015258789,↑,0.031746,*,23/25,5,5
Blood,RB1,B,NL→IA,NL,IA,0.3761783,0.6224542,65.5,↑,0.190476,NS,16/20,5,4
Blood,RB1,B,NL→AR,NL,AR,0.3761783,0.62656194,66.5999984741211,↑,0.142857,NS,13/15,5,3
Blood,RB1,B,NL→CR,NL,CR,0.3761783,0.80292034,113.4000015258789,↑,0.035714,*,15/15,5,3
Blood,RB1,B,IT→IA,IT,IA,0.650227,0.6224542,-4.300000190734863,↓,1.0,NS,10/20,5,4
Blood,RB1,B,IA→AR,IA,AR,0.6224542,0.62656194,0.699999988079071,↑,1.0,NS,6/12,4,3
Blood,RB1,B,CR→AR,CR,AR,0.80292034,0.62656194,-22.0,↓,0.1,NS,9/9,3,3
Blood,RB1,PlasmaB,NL→IT,NL,IT,0.34763652,0.49866524,43.400001525878906,↑,0.222222,NS,19/25,5,5
Blood,RB1,PlasmaB,NL→IA,NL,IA,0.34763652,0.3019976,-13.100000381469728,↓,0.730159,NS,12/20,5,4
Blood,RB1,PlasmaB,NL→AR,NL,AR,0.34763652,0.31936243,-8.100000381469727,↓,0.392857,NS,11/15,5,3
Blood,RB1,PlasmaB,NL→CR,NL,CR,0.34763652,0.57914656,66.5999984741211,↑,0.071429,†,14/15,5,3
Blood,RB1,PlasmaB,IT→IA,IT,IA,0.49866524,0.3019976,-39.400001525878906,↓,0.190476,NS,16/20,5,4
Blood,RB1,PlasmaB,IA→AR,IA,AR,0.3019976,0.31936243,5.699999809265137,↑,0.857143,NS,7/12,4,3
Blood,RB1,PlasmaB,CR→AR,CR,AR,0.57914656,0.31936243,-44.900001525878906,↓,0.1,NS,9/9,3,3
Blood,RICTOR,Myeloid,NL→IT,NL,IT,0.51338565,0.20291781,-60.5,↓,1.0,NS,13/25,5,5
Blood,RICTOR,Myeloid,NL→IA,NL,IA,0.51338565,0.18006365,-64.9000015258789,↓,0.904762,NS,11/20,5,4
Blood,RICTOR,Myeloid,NL→AR,NL,AR,0.51338565,0.19175775,-62.59999847412109,↓,1.0,NS,7/15,5,3
Blood,RICTOR,Myeloid,NL→CR,NL,CR,0.51338565,0.3307486,-35.599998474121094,↓,0.25,NS,3/15,5,3
Blood,RICTOR,Myeloid,IT→IA,IT,IA,0.20291781,0.18006365,-11.300000190734863,↓,0.904762,NS,11/20,5,4
Blood,RICTOR,Myeloid,IA→AR,IA,AR,0.18006365,0.19175775,6.5,↑,1.0,NS,6/12,4,3
Blood,RICTOR,Myeloid,CR→AR,CR,AR,0.3307486,0.19175775,-42.0,↓,0.1,NS,9/9,3,3
Blood,RICTOR,CD4_T,NL→IT,NL,IT,0.17915623,0.22153416,23.700000762939453,↑,0.309524,NS,18/25,5,5
Blood,RICTOR,CD4_T,NL→IA,NL,IA,0.17915623,0.22400387,25.0,↑,0.412698,NS,14/20,5,4
Blood,RICTOR,CD4_T,NL→AR,NL,AR,0.17915623,0.257884,43.900001525878906,↑,0.142857,NS,13/15,5,3
Blood,RICTOR,CD4_T,NL→CR,NL,CR,0.17915623,0.3660346,104.3000030517578,↑,0.035714,*,15/15,5,3
Blood,RICTOR,CD4_T,IT→IA,IT,IA,0.22153416,0.22400387,1.100000023841858,↑,0.904762,NS,11/20,5,4
Blood,RICTOR,CD4_T,IA→AR,IA,AR,0.22400387,0.257884,15.100000381469728,↑,0.857143,NS,7/12,4,3
Blood,RICTOR,CD4_T,CR→AR,CR,AR,0.3660346,0.257884,-29.5,↓,0.1,NS,9/9,3,3
Blood,RICTOR,CD8_T,NL→IT,NL,IT,0.2400717,0.23069198,-3.900000095367432,↓,1.0,NS,13/25,5,5
Blood,RICTOR,CD8_T,NL→IA,NL,IA,0.2400717,0.229148,-4.599999904632568,↓,0.730159,NS,8/20,5,4
Blood,RICTOR,CD8_T,NL→AR,NL,AR,0.2400717,0.24604602,2.5,↑,0.392857,NS,11/15,5,3
Blood,RICTOR,CD8_T,NL→CR,NL,CR,0.2400717,0.41299438,72.0,↑,0.071429,†,14/15,5,3
Blood,RICTOR,CD8_T,IT→IA,IT,IA,0.23069198,0.229148,-0.699999988079071,↓,0.904762,NS,9/20,5,4
Blood,RICTOR,CD8_T,IA→AR,IA,AR,0.229148,0.24604602,7.400000095367432,↑,0.857143,NS,5/12,4,3
Blood,RICTOR,CD8_T,CR→AR,CR,AR,0.41299438,0.24604602,-40.400001525878906,↓,0.1,NS,9/9,3,3
Blood,RICTOR,NK,NL→IT,NL,IT,0.18352537,0.23794174,29.700000762939453,↑,0.309524,NS,18/25,5,5
Blood,RICTOR,NK,NL→IA,NL,IA,0.18352537,0.24222127,32.0,↑,0.285714,NS,15/20,5,4
Blood,RICTOR,NK,NL→AR,NL,AR,0.18352537,0.24892145,35.599998474121094,↑,0.071429,†,14/15,5,3
Blood,RICTOR,NK,NL→CR,NL,CR,0.18352537,0.37832704,106.0999984741211,↑,0.035714,*,15/15,5,3
Blood,RICTOR,NK,IT→IA,IT,IA,0.23794174,0.24222127,1.7999999523162842,↑,0.730159,NS,12/20,5,4
Blood,RICTOR,NK,IA→AR,IA,AR,0.24222127,0.24892145,2.799999952316284,↑,1.0,NS,6/12,4,3
Blood,RICTOR,NK,CR→AR,CR,AR,0.37832704,0.24892145,-34.20000076293945,↓,0.1,NS,9/9,3,3
Blood,RICTOR,B,NL→IT,NL,IT,0.14702299,0.24020171,63.400001525878906,↑,0.007937,**,25/25,5,5
Blood,RICTOR,B,NL→IA,NL,IA,0.14702299,0.23422402,59.29999923706055,↑,0.015873,*,20/20,5,4
Blood,RICTOR,B,NL→AR,NL,AR,0.14702299,0.2355361,60.20000076293945,↑,0.035714,*,15/15,5,3
Blood,RICTOR,B,NL→CR,NL,CR,0.14702299,0.32400313,120.4000015258789,↑,0.035714,*,15/15,5,3
Blood,RICTOR,B,IT→IA,IT,IA,0.24020171,0.23422402,-2.5,↓,0.904762,NS,9/20,5,4
Blood,RICTOR,B,IA→AR,IA,AR,0.23422402,0.2355361,0.6000000238418579,↑,1.0,NS,6/12,4,3
Blood,RICTOR,B,CR→AR,CR,AR,0.32400313,0.2355361,-27.299999237060547,↓,0.1,NS,9/9,3,3
Blood,RICTOR,PlasmaB,NL→IT,NL,IT,0.12274642,0.17719162,44.400001525878906,↑,0.420635,NS,17/25,5,5
Blood,RICTOR,PlasmaB,NL→IA,NL,IA,0.12274642,0.2283319,86.0,↑,0.555556,NS,13/20,5,4
Blood,RICTOR,PlasmaB,NL→AR,NL,AR,0.12274642,0.13591616,10.699999809265137,↑,0.571429,NS,10/15,5,3
Blood,RICTOR,PlasmaB,NL→CR,NL,CR,0.12274642,0.3985171,224.6999969482422,↑,0.071429,†,14/15,5,3
Blood,RICTOR,PlasmaB,IT→IA,IT,IA,0.17719162,0.2283319,28.899999618530277,↑,0.730159,NS,12/20,5,4
Blood,RICTOR,PlasmaB,IA→AR,IA,AR,0.2283319,0.13591616,-40.5,↓,0.4,NS,9/12,4,3
Blood,RICTOR,PlasmaB,CR→AR,CR,AR,0.3985171,0.13591616,-65.9000015258789,↓,0.2,NS,8/9,3,3
Blood,RORC,Myeloid,NL→IT,NL,IT,0.0,0.0,0.0,↑,1.0,NS,0/25,5,5
Blood,RORC,Myeloid,NL→IA,NL,IA,0.0,0.0003256235,99999.0,↑,0.371093,NS,5/20,5,4
Blood,RORC,Myeloid,NL→AR,NL,AR,0.0,0.0,0.0,↑,1.0,NS,0/15,5,3
Blood,RORC,Myeloid,NL→CR,NL,CR,0.0,0.0,0.0,↑,1.0,NS,0/15,5,3
Blood,RORC,Myeloid,IT→IA,IT,IA,0.0,0.0003256235,99999.0,↑,0.371093,NS,5/20,5,4
Blood,RORC,Myeloid,IA→AR,IA,AR,0.0003256235,0.0,-100.0,↓,0.563703,NS,3/12,4,3
Blood,RORC,Myeloid,CR→AR,CR,AR,0.0,0.0,0.0,↑,1.0,NS,0/9,3,3
Blood,RORC,CD4_T,NL→IT,NL,IT,0.03143166,0.028618839,-8.899999618530273,↓,0.690476,NS,10/25,5,5
Blood,RORC,CD4_T,NL→IA,NL,IA,0.03143166,0.0367346,16.899999618530273,↑,0.555556,NS,13/20,5,4
Blood,RORC,CD4_T,NL→AR,NL,AR,0.03143166,0.038596835,22.799999237060547,↑,0.785714,NS,9/15,5,3
Blood,RORC,CD4_T,NL→CR,NL,CR,0.03143166,0.030478602,-3.0,↓,1.0,NS,8/15,5,3
Blood,RORC,CD4_T,IT→IA,IT,IA,0.028618839,0.0367346,28.399999618530277,↑,0.555556,NS,13/20,5,4
Blood,RORC,CD4_T,IA→AR,IA,AR,0.0367346,0.038596835,5.099999904632568,↑,1.0,NS,6/12,4,3
Blood,RORC,CD4_T,CR→AR,CR,AR,0.030478602,0.038596835,26.600000381469727,↑,1.0,NS,5/9,3,3
Blood,RORC,CD8_T,NL→IT,NL,IT,0.024118016,0.015251043,-36.79999923706055,↓,0.20869,NS,6/25,5,5
Blood,RORC,CD8_T,NL→IA,NL,IA,0.024118016,0.03547759,47.09999847412109,↑,0.268341,NS,15/20,5,4
Blood,RORC,CD8_T,NL→AR,NL,AR,0.024118016,0.014134612,-41.400001525878906,↓,0.368227,NS,4/15,5,3
Blood,RORC,CD8_T,NL→CR,NL,CR,0.024118016,0.009102076,-62.29999923706055,↓,0.368227,NS,4/15,5,3
Blood,RORC,CD8_T,IT→IA,IT,IA,0.015251043,0.03547759,132.60000610351562,↑,0.730159,NS,12/20,5,4
Blood,RORC,CD8_T,IA→AR,IA,AR,0.03547759,0.014134612,-60.20000076293945,↓,0.628571,NS,8/12,4,3
Blood,RORC,CD8_T,CR→AR,CR,AR,0.009102076,0.014134612,55.29999923706055,↑,0.7,NS,6/9,3,3
Blood,RORC,NK,NL→IT,NL,IT,0.010287011,0.0044130883,-57.09999847412109,↓,0.420635,NS,17/25,5,5
Blood,RORC,NK,NL→IA,NL,IA,0.010287011,0.013215849,28.5,↑,0.904762,NS,11/20,5,4
Blood,RORC,NK,NL→AR,NL,AR,0.010287011,0.010566909,2.700000047683716,↑,1.0,NS,7/15,5,3
Blood,RORC,NK,NL→CR,NL,CR,0.010287011,0.004890686,-52.5,↓,0.571429,NS,10/15,5,3
Blood,RORC,NK,IT→IA,IT,IA,0.0044130883,0.013215849,199.5,↑,0.412698,NS,14/20,5,4
Blood,RORC,NK,IA→AR,IA,AR,0.013215849,0.010566909,-20.0,↓,1.0,NS,6/12,4,3
Blood,RORC,NK,CR→AR,CR,AR,0.004890686,0.010566909,116.0999984741211,↑,0.4,NS,7/9,3,3
Blood,RORC,B,NL→IT,NL,IT,0.0,0.0,0.0,↑,1.0,NS,0/25,5,5
Blood,RORC,B,NL→IA,NL,IA,0.0,0.0,0.0,↑,1.0,NS,0/20,5,4
Blood,RORC,B,NL→AR,NL,AR,0.0,0.0,0.0,↑,1.0,NS,0/15,5,3
Blood,RORC,B,NL→CR,NL,CR,0.0,0.00069909985,99999.0,↑,0.3017,NS,5/15,5,3
Blood,RORC,B,IT→IA,IT,IA,0.0,0.0,0.0,↑,1.0,NS,0/20,5,4
Blood,RORC,B,IA→AR,IA,AR,0.0,0.0,0.0,↑,1.0,NS,0/12,4,3
Blood,RORC,B,CR→AR,CR,AR,0.00069909985,0.0,-100.0,↓,0.504985,NS,3/9,3,3
Blood,RORC,PlasmaB,NL→IT,NL,IT,0.0,0.0,0.0,↑,1.0,NS,0/25,5,5
Blood,RORC,PlasmaB,NL→IA,NL,IA,0.0,0.0,0.0,↑,1.0,NS,0/20,5,4
Blood,RORC,PlasmaB,NL→AR,NL,AR,0.0,0.0020741906,99999.0,↑,0.3017,NS,5/15,5,3
Blood,RORC,PlasmaB,NL→CR,NL,CR,0.0,0.0,0.0,↑,1.0,NS,0/15,5,3
Blood,RORC,PlasmaB,IT→IA,IT,IA,0.0,0.0,0.0,↑,1.0,NS,0/20,5,4
Blood,RORC,PlasmaB,IA→AR,IA,AR,0.0,0.0020741906,99999.0,↑,0.386476,NS,4/12,4,3
Blood,RORC,PlasmaB,CR→AR,CR,AR,0.0,0.0020741906,99999.0,↑,0.504985,NS,3/9,3,3
Blood,RPTOR,Myeloid,NL→IT,NL,IT,0.01921243,0.05168002,169.0,↑,0.059327,†,22/25,5,5
Blood,RPTOR,Myeloid,NL→IA,NL,IA,0.01921243,0.062953465,227.6999969482422,↑,0.036546,*,19/20,5,4
Blood,RPTOR,Myeloid,NL→AR,NL,AR,0.01921243,0.067591265,251.8000030517578,↑,0.03577,*,15/15,5,3
Blood,RPTOR,Myeloid,NL→CR,NL,CR,0.01921243,0.08332973,333.70001220703125,↑,0.03577,*,15/15,5,3
Blood,RPTOR,Myeloid,IT→IA,IT,IA,0.05168002,0.062953465,21.799999237060547,↑,0.555556,NS,13/20,5,4
Blood,RPTOR,Myeloid,IA→AR,IA,AR,0.062953465,0.067591265,7.400000095367432,↑,1.0,NS,6/12,4,3
Blood,RPTOR,Myeloid,CR→AR,CR,AR,0.08332973,0.067591265,-18.899999618530277,↓,0.2,NS,8/9,3,3
Blood,RPTOR,CD4_T,NL→IT,NL,IT,0.052351426,0.10224156,95.3000030517578,↑,0.031746,*,23/25,5,5
Blood,RPTOR,CD4_T,NL→IA,NL,IA,0.052351426,0.10124838,93.4000015258789,↑,0.111111,NS,17/20,5,4
Blood,RPTOR,CD4_T,NL→AR,NL,AR,0.052351426,0.12884428,146.10000610351562,↑,0.035714,*,15/15,5,3
Blood,RPTOR,CD4_T,NL→CR,NL,CR,0.052351426,0.12741856,143.39999389648438,↑,0.035714,*,15/15,5,3
Blood,RPTOR,CD4_T,IT→IA,IT,IA,0.10224156,0.10124838,-1.0,↓,1.0,NS,10/20,5,4
Blood,RPTOR,CD4_T,IA→AR,IA,AR,0.10124838,0.12884428,27.299999237060547,↑,0.628571,NS,8/12,4,3
Blood,RPTOR,CD4_T,CR→AR,CR,AR,0.12741856,0.12884428,1.100000023841858,↑,0.7,NS,3/9,3,3
Blood,RPTOR,CD8_T,NL→IT,NL,IT,0.046755712,0.10784713,130.6999969482422,↑,0.055556,†,22/25,5,5
Blood,RPTOR,CD8_T,NL→IA,NL,IA,0.046755712,0.11029257,135.89999389648438,↑,0.111111,NS,17/20,5,4
Blood,RPTOR,CD8_T,NL→AR,NL,AR,0.046755712,0.16966926,262.8999938964844,↑,0.035714,*,15/15,5,3
Blood,RPTOR,CD8_T,NL→CR,NL,CR,0.046755712,0.14149545,202.6000061035156,↑,0.035714,*,15/15,5,3
Blood,RPTOR,CD8_T,IT→IA,IT,IA,0.10784713,0.11029257,2.299999952316284,↑,1.0,NS,10/20,5,4
Blood,RPTOR,CD8_T,IA→AR,IA,AR,0.11029257,0.16966926,53.79999923706055,↑,0.057143,†,12/12,4,3
Blood,RPTOR,CD8_T,CR→AR,CR,AR,0.14149545,0.16966926,19.899999618530277,↑,0.1,NS,9/9,3,3
Blood,RPTOR,NK,NL→IT,NL,IT,0.06922816,0.13857682,100.1999969482422,↑,0.015873,*,24/25,5,5
Blood,RPTOR,NK,NL→IA,NL,IA,0.06922816,0.09983866,44.20000076293945,↑,0.190476,NS,16/20,5,4
Blood,RPTOR,NK,NL→AR,NL,AR,0.06922816,0.1693207,144.60000610351562,↑,0.035714,*,15/15,5,3
Blood,RPTOR,NK,NL→CR,NL,CR,0.06922816,0.12116706,75.0,↑,0.035714,*,15/15,5,3
Blood,RPTOR,NK,IT→IA,IT,IA,0.13857682,0.09983866,-28.0,↓,0.412698,NS,14/20,5,4
Blood,RPTOR,NK,IA→AR,IA,AR,0.09983866,0.1693207,69.5999984741211,↑,0.057143,†,12/12,4,3
Blood,RPTOR,NK,CR→AR,CR,AR,0.12116706,0.1693207,39.70000076293945,↑,0.1,NS,9/9,3,3
Blood,RPTOR,B,NL→IT,NL,IT,0.03548849,0.055045225,55.09999847412109,↑,0.309524,NS,18/25,5,5
Blood,RPTOR,B,NL→IA,NL,IA,0.03548849,0.06009891,69.30000305175781,↑,0.412698,NS,14/20,5,4
Blood,RPTOR,B,NL→AR,NL,AR,0.03548849,0.082495056,132.5,↑,0.142857,NS,13/15,5,3
Blood,RPTOR,B,NL→CR,NL,CR,0.03548849,0.100713305,183.8000030517578,↑,0.035714,*,15/15,5,3
Blood,RPTOR,B,IT→IA,IT,IA,0.055045225,0.06009891,9.199999809265137,↑,0.730159,NS,12/20,5,4
Blood,RPTOR,B,IA→AR,IA,AR,0.06009891,0.082495056,37.29999923706055,↑,0.628571,NS,8/12,4,3
Blood,RPTOR,B,CR→AR,CR,AR,0.100713305,0.082495056,-18.100000381469727,↓,0.4,NS,7/9,3,3
Blood,RPTOR,PlasmaB,NL→IT,NL,IT,0.0,0.08773868,99999.0,↑,0.02537,*,20/25,5,5
Blood,RPTOR,PlasmaB,NL→IA,NL,IA,0.0,0.11058365,99999.0,↑,0.0108,*,20/20,5,4
Blood,RPTOR,PlasmaB,NL→AR,NL,AR,0.0,0.052395508,99999.0,↑,0.016805,*,15/15,5,3
Blood,RPTOR,PlasmaB,NL→CR,NL,CR,0.0,0.101990245,99999.0,↑,0.016805,*,15/15,5,3
Blood,RPTOR,PlasmaB,IT→IA,IT,IA,0.08773868,0.11058365,26.0,↑,0.904762,NS,11/20,5,4
Blood,RPTOR,PlasmaB,IA→AR,IA,AR,0.11058365,0.052395508,-52.59999847412109,↓,0.4,NS,9/12,4,3
Blood,RPTOR,PlasmaB,CR→AR,CR,AR,0.101990245,0.052395508,-48.59999847412109,↓,0.1,NS,9/9,3,3
Blood,SDHB,Myeloid,NL→IT,NL,IT,0.25066355,0.47376713,89.0,↑,0.055556,†,22/25,5,5
Blood,SDHB,Myeloid,NL→IA,NL,IA,0.25066355,0.46627843,86.0,↑,0.063492,†,18/20,5,4
Blood,SDHB,Myeloid,NL→AR,NL,AR,0.25066355,0.4579276,82.69999694824219,↑,0.142857,NS,13/15,5,3
Blood,SDHB,Myeloid,NL→CR,NL,CR,0.25066355,0.44598463,77.9000015258789,↑,0.25,NS,12/15,5,3
Blood,SDHB,Myeloid,IT→IA,IT,IA,0.47376713,0.46627843,-1.600000023841858,↓,0.904762,NS,11/20,5,4
Blood,SDHB,Myeloid,IA→AR,IA,AR,0.46627843,0.4579276,-1.7999999523162842,↓,1.0,NS,6/12,4,3
Blood,SDHB,Myeloid,CR→AR,CR,AR,0.44598463,0.4579276,2.700000047683716,↑,0.7,NS,6/9,3,3
Blood,SDHB,CD4_T,NL→IT,NL,IT,0.18779716,0.28771466,53.20000076293945,↑,0.055556,†,22/25,5,5
Blood,SDHB,CD4_T,NL→IA,NL,IA,0.18779716,0.2852529,51.900001525878906,↑,0.063492,†,18/20,5,4
Blood,SDHB,CD4_T,NL→AR,NL,AR,0.18779716,0.28516337,51.79999923706055,↑,0.071429,†,14/15,5,3
Blood,SDHB,CD4_T,NL→CR,NL,CR,0.18779716,0.3239173,72.5,↑,0.035714,*,15/15,5,3
Blood,SDHB,CD4_T,IT→IA,IT,IA,0.28771466,0.2852529,-0.8999999761581421,↓,0.904762,NS,9/20,5,4
Blood,SDHB,CD4_T,IA→AR,IA,AR,0.2852529,0.28516337,-0.0,↓,1.0,NS,6/12,4,3
Blood,SDHB,CD4_T,CR→AR,CR,AR,0.3239173,0.28516337,-12.0,↓,0.1,NS,9/9,3,3
Blood,SDHB,CD8_T,NL→IT,NL,IT,0.20085153,0.27745977,38.09999847412109,↑,0.150794,NS,20/25,5,5
Blood,SDHB,CD8_T,NL→IA,NL,IA,0.20085153,0.29275575,45.79999923706055,↑,0.063492,†,18/20,5,4
Blood,SDHB,CD8_T,NL→AR,NL,AR,0.20085153,0.3091837,53.900001525878906,↑,0.035714,*,15/15,5,3
Blood,SDHB,CD8_T,NL→CR,NL,CR,0.20085153,0.3394997,69.0,↑,0.035714,*,15/15,5,3
Blood,SDHB,CD8_T,IT→IA,IT,IA,0.27745977,0.29275575,5.5,↑,0.555556,NS,13/20,5,4
Blood,SDHB,CD8_T,IA→AR,IA,AR,0.29275575,0.3091837,5.599999904632568,↑,0.628571,NS,8/12,4,3
Blood,SDHB,CD8_T,CR→AR,CR,AR,0.3394997,0.3091837,-8.899999618530273,↓,0.1,NS,9/9,3,3
Blood,SDHB,NK,NL→IT,NL,IT,0.21422343,0.27474108,28.200000762939453,↑,0.095238,†,21/25,5,5
Blood,SDHB,NK,NL→IA,NL,IA,0.21422343,0.2887016,34.79999923706055,↑,0.111111,NS,17/20,5,4
Blood,SDHB,NK,NL→AR,NL,AR,0.21422343,0.30951622,44.5,↑,0.071429,†,14/15,5,3
Blood,SDHB,NK,NL→CR,NL,CR,0.21422343,0.3190882,49.0,↑,0.071429,†,14/15,5,3
Blood,SDHB,NK,IT→IA,IT,IA,0.27474108,0.2887016,5.099999904632568,↑,0.730159,NS,12/20,5,4
Blood,SDHB,NK,IA→AR,IA,AR,0.2887016,0.30951622,7.199999809265137,↑,0.628571,NS,8/12,4,3
Blood,SDHB,NK,CR→AR,CR,AR,0.3190882,0.30951622,-3.0,↓,0.7,NS,6/9,3,3
Blood,SDHB,B,NL→IT,NL,IT,0.26315218,0.28018123,6.5,↑,0.690476,NS,15/25,5,5
Blood,SDHB,B,NL→IA,NL,IA,0.26315218,0.28665593,8.899999618530273,↑,0.730159,NS,12/20,5,4
Blood,SDHB,B,NL→AR,NL,AR,0.26315218,0.32580328,23.799999237060547,↑,0.142857,NS,13/15,5,3
Blood,SDHB,B,NL→CR,NL,CR,0.26315218,0.3230459,22.799999237060547,↑,0.142857,NS,13/15,5,3
Blood,SDHB,B,IT→IA,IT,IA,0.28018123,0.28665593,2.299999952316284,↑,1.0,NS,10/20,5,4
Blood,SDHB,B,IA→AR,IA,AR,0.28665593,0.32580328,13.699999809265137,↑,0.628571,NS,8/12,4,3
Blood,SDHB,B,CR→AR,CR,AR,0.3230459,0.32580328,0.8999999761581421,↑,0.7,NS,6/9,3,3
Blood,SDHB,PlasmaB,NL→IT,NL,IT,0.43634504,0.4300069,-1.5,↓,0.690476,NS,15/25,5,5
Blood,SDHB,PlasmaB,NL→IA,NL,IA,0.43634504,0.4137827,-5.199999809265137,↓,0.904762,NS,11/20,5,4
Blood,SDHB,PlasmaB,NL→AR,NL,AR,0.43634504,0.4977406,14.100000381469728,↑,0.571429,NS,10/15,5,3
Blood,SDHB,PlasmaB,NL→CR,NL,CR,0.43634504,0.42285046,-3.0999999046325684,↓,0.785714,NS,9/15,5,3
Blood,SDHB,PlasmaB,IT→IA,IT,IA,0.4300069,0.4137827,-3.799999952316284,↓,0.904762,NS,11/20,5,4
Blood,SDHB,PlasmaB,IA→AR,IA,AR,0.4137827,0.4977406,20.299999237060547,↑,0.628571,NS,8/12,4,3
Blood,SDHB,PlasmaB,CR→AR,CR,AR,0.42285046,0.4977406,17.700000762939453,↑,0.4,NS,7/9,3,3
Blood,SELL,Myeloid,NL→IT,NL,IT,1.1195322,0.98514855,-12.0,↓,0.84127,NS,14/25,5,5
Blood,SELL,Myeloid,NL→IA,NL,IA,1.1195322,0.8036877,-28.200000762939453,↓,0.412698,NS,14/20,5,4
Blood,SELL,Myeloid,NL→AR,NL,AR,1.1195322,0.7788246,-30.399999618530277,↓,0.392857,NS,11/15,5,3
Blood,SELL,Myeloid,NL→CR,NL,CR,1.1195322,0.9493472,-15.199999809265137,↓,0.785714,NS,9/15,5,3
Blood,SELL,Myeloid,IT→IA,IT,IA,0.98514855,0.8036877,-18.399999618530277,↓,0.412698,NS,14/20,5,4
Blood,SELL,Myeloid,IA→AR,IA,AR,0.8036877,0.7788246,-3.0999999046325684,↓,1.0,NS,6/12,4,3
Blood,SELL,Myeloid,CR→AR,CR,AR,0.9493472,0.7788246,-18.0,↓,0.4,NS,7/9,3,3
Blood,SELL,CD4_T,NL→IT,NL,IT,1.3442967,1.6892357,25.700000762939453,↑,0.420635,NS,17/25,5,5
Blood,SELL,CD4_T,NL→IA,NL,IA,1.3442967,1.4224727,5.800000190734863,↑,0.904762,NS,11/20,5,4
Blood,SELL,CD4_T,NL→AR,NL,AR,1.3442967,1.8793494,39.79999923706055,↑,0.25,NS,12/15,5,3
Blood,SELL,CD4_T,NL→CR,NL,CR,1.3442967,1.5091825,12.300000190734863,↑,0.785714,NS,9/15,5,3
Blood,SELL,CD4_T,IT→IA,IT,IA,1.6892357,1.4224727,-15.800000190734863,↓,0.904762,NS,9/20,5,4
Blood,SELL,CD4_T,IA→AR,IA,AR,1.4224727,1.8793494,32.099998474121094,↑,0.4,NS,9/12,4,3
Blood,SELL,CD4_T,CR→AR,CR,AR,1.5091825,1.8793494,24.5,↑,0.1,NS,9/9,3,3
Blood,SELL,CD8_T,NL→IT,NL,IT,1.0591736,1.4043868,32.599998474121094,↑,0.222222,NS,19/25,5,5
Blood,SELL,CD8_T,NL→IA,NL,IA,1.0591736,1.0312955,-2.5999999046325684,↓,1.0,NS,10/20,5,4
Blood,SELL,CD8_T,NL→AR,NL,AR,1.0591736,1.2165672,14.899999618530272,↑,0.571429,NS,10/15,5,3
Blood,SELL,CD8_T,NL→CR,NL,CR,1.0591736,1.2888054,21.700000762939453,↑,0.571429,NS,10/15,5,3
Blood,SELL,CD8_T,IT→IA,IT,IA,1.4043868,1.0312955,-26.600000381469727,↓,0.412698,NS,14/20,5,4
Blood,SELL,CD8_T,IA→AR,IA,AR,1.0312955,1.2165672,18.0,↑,0.857143,NS,7/12,4,3
Blood,SELL,CD8_T,CR→AR,CR,AR,1.2888054,1.2165672,-5.599999904632568,↓,0.7,NS,6/9,3,3
Blood,SELL,NK,NL→IT,NL,IT,0.33283684,0.49613437,49.09999847412109,↑,0.150794,NS,20/25,5,5
Blood,SELL,NK,NL→IA,NL,IA,0.33283684,0.6687612,100.9000015258789,↑,0.190476,NS,16/20,5,4
Blood,SELL,NK,NL→AR,NL,AR,0.33283684,0.60431963,81.5999984741211,↑,0.035714,*,15/15,5,3
Blood,SELL,NK,NL→CR,NL,CR,0.33283684,0.4670814,40.29999923706055,↑,1.0,NS,8/15,5,3
Blood,SELL,NK,IT→IA,IT,IA,0.49613437,0.6687612,34.79999923706055,↑,0.412698,NS,14/20,5,4
Blood,SELL,NK,IA→AR,IA,AR,0.6687612,0.60431963,-9.600000381469728,↓,0.4,NS,9/12,4,3
Blood,SELL,NK,CR→AR,CR,AR,0.4670814,0.60431963,29.399999618530277,↑,0.7,NS,6/9,3,3
Blood,SELL,B,NL→IT,NL,IT,1.2144834,1.6540161,36.20000076293945,↑,0.095238,†,21/25,5,5
Blood,SELL,B,NL→IA,NL,IA,1.2144834,1.733402,42.70000076293945,↑,0.031746,*,19/20,5,4
Blood,SELL,B,NL→AR,NL,AR,1.2144834,1.8271322,50.400001525878906,↑,0.071429,†,14/15,5,3
Blood,SELL,B,NL→CR,NL,CR,1.2144834,1.7632612,45.20000076293945,↑,0.035714,*,15/15,5,3
Blood,SELL,B,IT→IA,IT,IA,1.6540161,1.733402,4.800000190734863,↑,0.555556,NS,13/20,5,4
Blood,SELL,B,IA→AR,IA,AR,1.733402,1.8271322,5.400000095367432,↑,0.857143,NS,7/12,4,3
Blood,SELL,B,CR→AR,CR,AR,1.7632612,1.8271322,3.5999999046325684,↑,0.7,NS,6/9,3,3
Blood,SELL,PlasmaB,NL→IT,NL,IT,0.5468236,1.1204638,104.9000015258789,↑,0.055556,†,22/25,5,5
Blood,SELL,PlasmaB,NL→IA,NL,IA,0.5468236,1.02732,87.9000015258789,↑,0.190476,NS,16/20,5,4
Blood,SELL,PlasmaB,NL→AR,NL,AR,0.5468236,0.5034873,-7.900000095367432,↓,1.0,NS,7/15,5,3
Blood,SELL,PlasmaB,NL→CR,NL,CR,0.5468236,1.2319878,125.3000030517578,↑,0.071429,†,14/15,5,3
Blood,SELL,PlasmaB,IT→IA,IT,IA,1.1204638,1.02732,-8.300000190734863,↓,0.904762,NS,11/20,5,4
Blood,SELL,PlasmaB,IA→AR,IA,AR,1.02732,0.5034873,-51.0,↓,0.228571,NS,10/12,4,3
Blood,SELL,PlasmaB,CR→AR,CR,AR,1.2319878,0.5034873,-59.09999847412109,↓,0.1,NS,9/9,3,3
Blood,SERPINE1,Myeloid,NL→IT,NL,IT,0.00024159501,0.0032383644,1240.4000244140625,↑,0.044909,*,20/25,5,5
Blood,SERPINE1,Myeloid,NL→IA,NL,IA,0.00024159501,0.0052112318,2057.0,↑,0.227249,NS,13/20,5,4
Blood,SERPINE1,Myeloid,NL→AR,NL,AR,0.00024159501,0.0050000316,1969.5999755859373,↑,0.171857,NS,10/15,5,3
Blood,SERPINE1,Myeloid,NL→CR,NL,CR,0.00024159501,0.0017921547,641.7999877929688,↑,0.056664,†,14/15,5,3
Blood,SERPINE1,Myeloid,IT→IA,IT,IA,0.0032383644,0.0052112318,60.900001525878906,↑,0.622753,NS,7/20,5,4
Blood,SERPINE1,Myeloid,IA→AR,IA,AR,0.0052112318,0.0050000316,-4.099999904632568,↓,1.0,NS,5/12,4,3
Blood,SERPINE1,Myeloid,CR→AR,CR,AR,0.0017921547,0.0050000316,179.0,↑,1.0,NS,4/9,3,3
Blood,SERPINE1,CD4_T,NL→IT,NL,IT,0.0,0.0,0.0,↑,1.0,NS,0/25,5,5
Blood,SERPINE1,CD4_T,NL→IA,NL,IA,0.0,0.0021485884,99999.0,↑,0.13121,NS,10/20,5,4
Blood,SERPINE1,CD4_T,NL→AR,NL,AR,0.0,0.0,0.0,↑,1.0,NS,0/15,5,3
Blood,SERPINE1,CD4_T,NL→CR,NL,CR,0.0,0.0,0.0,↑,1.0,NS,0/15,5,3
Blood,SERPINE1,CD4_T,IT→IA,IT,IA,0.0,0.0021485884,99999.0,↑,0.13121,NS,10/20,5,4
Blood,SERPINE1,CD4_T,IA→AR,IA,AR,0.0021485884,0.0,-100.0,↓,0.270289,NS,6/12,4,3
Blood,SERPINE1,CD4_T,CR→AR,CR,AR,0.0,0.0,0.0,↑,1.0,NS,0/9,3,3
Blood,SERPINE1,CD8_T,NL→IT,NL,IT,0.0003637649,0.0,-100.0,↓,0.423711,NS,5/25,5,5
Blood,SERPINE1,CD8_T,NL→IA,NL,IA,0.0003637649,0.0013447234,269.70001220703125,↑,0.466854,NS,9/20,5,4
Blood,SERPINE1,CD8_T,NL→AR,NL,AR,0.0003637649,0.0,-100.0,↓,0.605577,NS,3/15,5,3
Blood,SERPINE1,CD8_T,NL→CR,NL,CR,0.0003637649,0.0004963497,36.400001525878906,↑,1.0,NS,4/15,5,3
Blood,SERPINE1,CD8_T,IT→IA,IT,IA,0.0,0.0013447234,99999.0,↑,0.13121,NS,10/20,5,4
Blood,SERPINE1,CD8_T,IA→AR,IA,AR,0.0013447234,0.0,-100.0,↓,0.270289,NS,6/12,4,3
Blood,SERPINE1,CD8_T,CR→AR,CR,AR,0.0004963497,0.0,-100.0,↓,0.504985,NS,3/9,3,3
Blood,SERPINE1,NK,NL→IT,NL,IT,0.0014344046,0.00269742,88.0999984741211,↑,0.204501,NS,19/25,5,5
Blood,SERPINE1,NK,NL→IA,NL,IA,0.0014344046,0.011907717,730.2000122070312,↑,0.061689,†,18/20,5,4
Blood,SERPINE1,NK,NL→AR,NL,AR,0.0014344046,0.0046256618,222.5,↑,0.12663,NS,13/15,5,3
Blood,SERPINE1,NK,NL→CR,NL,CR,0.0014344046,0.0,-100.0,↓,0.329114,NS,6/15,5,3
Blood,SERPINE1,NK,IT→IA,IT,IA,0.00269742,0.011907717,341.3999938964844,↑,0.015873,*,20/20,5,4
Blood,SERPINE1,NK,IA→AR,IA,AR,0.011907717,0.0046256618,-61.20000076293945,↓,0.228571,NS,10/12,4,3
Blood,SERPINE1,NK,CR→AR,CR,AR,0.0,0.0046256618,99999.0,↑,0.063603,†,9/9,3,3
Blood,SERPINE1,B,NL→IT,NL,IT,0.0,0.00050012453,99999.0,↑,0.423711,NS,5/25,5,5
Blood,SERPINE1,B,NL→IA,NL,IA,0.0,0.0,0.0,↑,1.0,NS,0/20,5,4
Blood,SERPINE1,B,NL→AR,NL,AR,0.0,0.00059584324,99999.0,↑,0.3017,NS,5/15,5,3
Blood,SERPINE1,B,NL→CR,NL,CR,0.0,0.0,0.0,↑,1.0,NS,0/15,5,3
Blood,SERPINE1,B,IT→IA,IT,IA,0.00050012453,0.0,-100.0,↓,0.502335,NS,4/20,5,4
Blood,SERPINE1,B,IA→AR,IA,AR,0.0,0.00059584324,99999.0,↑,0.386476,NS,4/12,4,3
Blood,SERPINE1,B,CR→AR,CR,AR,0.0,0.00059584324,99999.0,↑,0.504985,NS,3/9,3,3
Blood,SERPINE1,PlasmaB,NL→IT,NL,IT,0.0,0.0,0.0,↑,1.0,NS,0/25,5,5
Blood,SERPINE1,PlasmaB,NL→IA,NL,IA,0.0,0.01147343,99999.0,↑,0.371093,NS,5/20,5,4
Blood,SERPINE1,PlasmaB,NL→AR,NL,AR,0.0,0.0,0.0,↑,1.0,NS,0/15,5,3
Blood,SERPINE1,PlasmaB,NL→CR,NL,CR,0.0,0.0,0.0,↑,1.0,NS,0/15,5,3
Blood,SERPINE1,PlasmaB,IT→IA,IT,IA,0.0,0.01147343,99999.0,↑,0.371093,NS,5/20,5,4
Blood,SERPINE1,PlasmaB,IA→AR,IA,AR,0.01147343,0.0,-100.0,↓,0.563703,NS,3/12,4,3
Blood,SERPINE1,PlasmaB,CR→AR,CR,AR,0.0,0.0,0.0,↑,1.0,NS,0/9,3,3
Blood,SIRT1,Myeloid,NL→IT,NL,IT,0.06579719,0.07007796,6.5,↑,0.309524,NS,18/25,5,5
Blood,SIRT1,Myeloid,NL→IA,NL,IA,0.06579719,0.11869298,80.4000015258789,↑,0.190476,NS,16/20,5,4
Blood,SIRT1,Myeloid,NL→AR,NL,AR,0.06579719,0.061762262,-6.099999904632568,↓,0.25,NS,3/15,5,3
Blood,SIRT1,Myeloid,NL→CR,NL,CR,0.06579719,0.07191312,9.300000190734863,↑,0.25,NS,12/15,5,3
Blood,SIRT1,Myeloid,IT→IA,IT,IA,0.07007796,0.11869298,69.4000015258789,↑,0.285714,NS,15/20,5,4
Blood,SIRT1,Myeloid,IA→AR,IA,AR,0.11869298,0.061762262,-48.0,↓,0.228571,NS,10/12,4,3
Blood,SIRT1,Myeloid,CR→AR,CR,AR,0.07191312,0.061762262,-14.100000381469728,↓,0.7,NS,6/9,3,3
Blood,SIRT1,CD4_T,NL→IT,NL,IT,0.037398256,0.042288464,13.100000381469728,↑,0.690476,NS,15/25,5,5
Blood,SIRT1,CD4_T,NL→IA,NL,IA,0.037398256,0.0757004,102.4000015258789,↑,0.111111,NS,17/20,5,4
Blood,SIRT1,CD4_T,NL→AR,NL,AR,0.037398256,0.03963101,6.0,↑,1.0,NS,8/15,5,3
Blood,SIRT1,CD4_T,NL→CR,NL,CR,0.037398256,0.03752124,0.3000000119209289,↑,1.0,NS,7/15,5,3
Blood,SIRT1,CD4_T,IT→IA,IT,IA,0.042288464,0.0757004,79.0,↑,0.111111,NS,17/20,5,4
Blood,SIRT1,CD4_T,IA→AR,IA,AR,0.0757004,0.03963101,-47.59999847412109,↓,0.114286,NS,11/12,4,3
Blood,SIRT1,CD4_T,CR→AR,CR,AR,0.03752124,0.03963101,5.599999904632568,↑,0.7,NS,3/9,3,3
Blood,SIRT1,CD8_T,NL→IT,NL,IT,0.021959042,0.0430093,95.9000015258789,↑,0.294802,NS,18/25,5,5
Blood,SIRT1,CD8_T,NL→IA,NL,IA,0.021959042,0.065996766,200.5,↑,0.019451,*,20/20,5,4
Blood,SIRT1,CD8_T,NL→AR,NL,AR,0.021959042,0.045665354,108.0,↑,0.230243,NS,12/15,5,3
Blood,SIRT1,CD8_T,NL→CR,NL,CR,0.021959042,0.032528237,48.09999847412109,↑,0.764228,NS,9/15,5,3
Blood,SIRT1,CD8_T,IT→IA,IT,IA,0.0430093,0.065996766,53.400001525878906,↑,0.063492,†,18/20,5,4
Blood,SIRT1,CD8_T,IA→AR,IA,AR,0.065996766,0.045665354,-30.799999237060547,↓,0.628571,NS,8/12,4,3
Blood,SIRT1,CD8_T,CR→AR,CR,AR,0.032528237,0.045665354,40.400001525878906,↑,0.4,NS,7/9,3,3
Blood,SIRT1,NK,NL→IT,NL,IT,0.028407276,0.048577506,71.0,↑,0.222222,NS,19/25,5,5
Blood,SIRT1,NK,NL→IA,NL,IA,0.028407276,0.06439204,126.6999969482422,↑,0.111111,NS,17/20,5,4
Blood,SIRT1,NK,NL→AR,NL,AR,0.028407276,0.036994457,30.200000762939453,↑,0.571429,NS,10/15,5,3
Blood,SIRT1,NK,NL→CR,NL,CR,0.028407276,0.050413534,77.5,↑,0.571429,NS,10/15,5,3
Blood,SIRT1,NK,IT→IA,IT,IA,0.048577506,0.06439204,32.599998474121094,↑,0.412698,NS,14/20,5,4
Blood,SIRT1,NK,IA→AR,IA,AR,0.06439204,0.036994457,-42.5,↓,0.4,NS,9/12,4,3
Blood,SIRT1,NK,CR→AR,CR,AR,0.050413534,0.036994457,-26.600000381469727,↓,1.0,NS,5/9,3,3
Blood,SIRT1,B,NL→IT,NL,IT,0.046465777,0.055873193,20.200000762939453,↑,0.547619,NS,16/25,5,5
Blood,SIRT1,B,NL→IA,NL,IA,0.046465777,0.07553976,62.59999847412109,↑,0.555556,NS,13/20,5,4
Blood,SIRT1,B,NL→AR,NL,AR,0.046465777,0.05320013,14.5,↑,1.0,NS,8/15,5,3
Blood,SIRT1,B,NL→CR,NL,CR,0.046465777,0.052259427,12.5,↑,0.571429,NS,10/15,5,3
Blood,SIRT1,B,IT→IA,IT,IA,0.055873193,0.07553976,35.20000076293945,↑,0.285714,NS,15/20,5,4
Blood,SIRT1,B,IA→AR,IA,AR,0.07553976,0.05320013,-29.600000381469727,↓,0.4,NS,9/12,4,3
Blood,SIRT1,B,CR→AR,CR,AR,0.052259427,0.05320013,1.7999999523162842,↑,1.0,NS,4/9,3,3
Blood,SIRT1,PlasmaB,NL→IT,NL,IT,0.010450621,0.033564515,221.1999969482422,↑,0.181221,NS,17/25,5,5
Blood,SIRT1,PlasmaB,NL→IA,NL,IA,0.010450621,0.048464533,363.7000122070313,↑,0.055009,†,18/20,5,4
Blood,SIRT1,PlasmaB,NL→AR,NL,AR,0.010450621,0.033311415,218.8000030517578,↑,0.203872,NS,12/15,5,3
Blood,SIRT1,PlasmaB,NL→CR,NL,CR,0.010450621,0.026113784,149.89999389648438,↑,0.203872,NS,12/15,5,3
Blood,SIRT1,PlasmaB,IT→IA,IT,IA,0.033564515,0.048464533,44.400001525878906,↑,0.412698,NS,14/20,5,4
Blood,SIRT1,PlasmaB,IA→AR,IA,AR,0.048464533,0.033311415,-31.299999237060547,↓,0.114286,NS,11/12,4,3
Blood,SIRT1,PlasmaB,CR→AR,CR,AR,0.026113784,0.033311415,27.600000381469727,↑,1.0,NS,5/9,3,3
Blood,SIRT3,Myeloid,NL→IT,NL,IT,0.017101375,0.04282848,150.39999389648438,↑,0.093693,†,21/25,5,5
Blood,SIRT3,Myeloid,NL→IA,NL,IA,0.017101375,0.059194326,246.1000061035156,↑,0.019451,*,20/20,5,4
Blood,SIRT3,Myeloid,NL→AR,NL,AR,0.017101375,0.047724634,179.10000610351562,↑,0.03577,*,15/15,5,3
Blood,SIRT3,Myeloid,NL→CR,NL,CR,0.017101375,0.05817023,240.1000061035156,↑,0.03577,*,15/15,5,3
Blood,SIRT3,Myeloid,IT→IA,IT,IA,0.04282848,0.059194326,38.20000076293945,↑,0.285714,NS,15/20,5,4
Blood,SIRT3,Myeloid,IA→AR,IA,AR,0.059194326,0.047724634,-19.399999618530277,↓,0.4,NS,9/12,4,3
Blood,SIRT3,Myeloid,CR→AR,CR,AR,0.05817023,0.047724634,-18.0,↓,0.1,NS,9/9,3,3
Blood,SIRT3,CD4_T,NL→IT,NL,IT,0.07765983,0.075723425,-2.5,↓,1.0,NS,12/25,5,5
Blood,SIRT3,CD4_T,NL→IA,NL,IA,0.07765983,0.09099205,17.200000762939453,↑,0.285714,NS,15/20,5,4
Blood,SIRT3,CD4_T,NL→AR,NL,AR,0.07765983,0.09610508,23.799999237060547,↑,0.142857,NS,13/15,5,3
Blood,SIRT3,CD4_T,NL→CR,NL,CR,0.07765983,0.10017335,29.0,↑,0.071429,†,14/15,5,3
Blood,SIRT3,CD4_T,IT→IA,IT,IA,0.075723425,0.09099205,20.200000762939453,↑,0.190476,NS,16/20,5,4
Blood,SIRT3,CD4_T,IA→AR,IA,AR,0.09099205,0.09610508,5.599999904632568,↑,0.857143,NS,5/12,4,3
Blood,SIRT3,CD4_T,CR→AR,CR,AR,0.10017335,0.09610508,-4.099999904632568,↓,0.7,NS,6/9,3,3
Blood,SIRT3,CD8_T,NL→IT,NL,IT,0.034867834,0.078999564,126.5999984741211,↑,0.093693,†,21/25,5,5
Blood,SIRT3,CD8_T,NL→IA,NL,IA,0.034867834,0.07863001,125.5,↑,0.109855,NS,17/20,5,4
Blood,SIRT3,CD8_T,NL→AR,NL,AR,0.034867834,0.08133487,133.3000030517578,↑,0.230243,NS,12/15,5,3
Blood,SIRT3,CD8_T,NL→CR,NL,CR,0.034867834,0.11125956,219.1000061035156,↑,0.03577,*,15/15,5,3
Blood,SIRT3,CD8_T,IT→IA,IT,IA,0.078999564,0.07863001,-0.5,↓,0.904762,NS,11/20,5,4
Blood,SIRT3,CD8_T,IA→AR,IA,AR,0.07863001,0.08133487,3.400000095367432,↑,0.857143,NS,5/12,4,3
Blood,SIRT3,CD8_T,CR→AR,CR,AR,0.11125956,0.08133487,-26.899999618530277,↓,0.1,NS,9/9,3,3
Blood,SIRT3,NK,NL→IT,NL,IT,0.057016123,0.0657984,15.399999618530272,↑,0.690476,NS,15/25,5,5
Blood,SIRT3,NK,NL→IA,NL,IA,0.057016123,0.06766931,18.700000762939453,↑,0.190476,NS,16/20,5,4
Blood,SIRT3,NK,NL→AR,NL,AR,0.057016123,0.06815062,19.5,↑,0.392857,NS,11/15,5,3
Blood,SIRT3,NK,NL→CR,NL,CR,0.057016123,0.08485656,48.79999923706055,↑,0.035714,*,15/15,5,3
Blood,SIRT3,NK,IT→IA,IT,IA,0.0657984,0.06766931,2.799999952316284,↑,0.904762,NS,9/20,5,4
Blood,SIRT3,NK,IA→AR,IA,AR,0.06766931,0.06815062,0.699999988079071,↑,1.0,NS,6/12,4,3
Blood,SIRT3,NK,CR→AR,CR,AR,0.08485656,0.06815062,-19.700000762939453,↓,0.1,NS,9/9,3,3
Blood,SIRT3,B,NL→IT,NL,IT,0.034485076,0.063043624,82.80000305175781,↑,0.093693,†,21/25,5,5
Blood,SIRT3,B,NL→IA,NL,IA,0.034485076,0.08061662,133.8000030517578,↑,0.065064,†,18/20,5,4
Blood,SIRT3,B,NL→AR,NL,AR,0.034485076,0.08136779,136.0,↑,0.03577,*,15/15,5,3
Blood,SIRT3,B,NL→CR,NL,CR,0.034485076,0.09161606,165.6999969482422,↑,0.03577,*,15/15,5,3
Blood,SIRT3,B,IT→IA,IT,IA,0.063043624,0.08061662,27.899999618530277,↑,0.285714,NS,15/20,5,4
Blood,SIRT3,B,IA→AR,IA,AR,0.08061662,0.08136779,0.8999999761581421,↑,0.857143,NS,7/12,4,3
Blood,SIRT3,B,CR→AR,CR,AR,0.09161606,0.08136779,-11.199999809265137,↓,0.4,NS,7/9,3,3
Blood,SIRT3,PlasmaB,NL→IT,NL,IT,0.032135334,0.067040935,108.5999984741211,↑,0.138792,NS,20/25,5,5
Blood,SIRT3,PlasmaB,NL→IA,NL,IA,0.032135334,0.06824802,112.4000015258789,↑,0.170609,NS,16/20,5,4
Blood,SIRT3,PlasmaB,NL→AR,NL,AR,0.032135334,0.10518009,227.3000030517578,↑,0.2217,NS,12/15,5,3
Blood,SIRT3,PlasmaB,NL→CR,NL,CR,0.032135334,0.08840805,175.10000610351562,↑,0.2217,NS,12/15,5,3
Blood,SIRT3,PlasmaB,IT→IA,IT,IA,0.067040935,0.06824802,1.7999999523162842,↑,0.555556,NS,13/20,5,4
Blood,SIRT3,PlasmaB,IA→AR,IA,AR,0.06824802,0.10518009,54.09999847412109,↑,0.114286,NS,11/12,4,3
Blood,SIRT3,PlasmaB,CR→AR,CR,AR,0.08840805,0.10518009,19.0,↑,0.4,NS,7/9,3,3
Blood,SLAMF6,Myeloid,NL→IT,NL,IT,0.0004415678,0.0032053697,625.9000244140625,↑,0.118797,NS,18/25,5,5
Blood,SLAMF6,Myeloid,NL→IA,NL,IA,0.0004415678,0.0028094137,536.2000122070312,↑,0.139996,NS,14/20,5,4
Blood,SLAMF6,Myeloid,NL→AR,NL,AR,0.0004415678,0.004432435,903.7999877929688,↑,0.171857,NS,10/15,5,3
Blood,SLAMF6,Myeloid,NL→CR,NL,CR,0.0004415678,0.0033997,669.9000244140625,↑,0.056664,†,14/15,5,3
Blood,SLAMF6,Myeloid,IT→IA,IT,IA,0.0032053697,0.0028094137,-12.399999618530272,↓,1.0,NS,10/20,5,4
Blood,SLAMF6,Myeloid,IA→AR,IA,AR,0.0028094137,0.004432435,57.79999923706055,↑,1.0,NS,6/12,4,3
Blood,SLAMF6,Myeloid,CR→AR,CR,AR,0.0033997,0.004432435,30.399999618530277,↑,1.0,NS,4/9,3,3
Blood,SLAMF6,CD4_T,NL→IT,NL,IT,0.26653197,0.19595632,-26.5,↓,0.84127,NS,14/25,5,5
Blood,SLAMF6,CD4_T,NL→IA,NL,IA,0.26653197,0.1688235,-36.70000076293945,↓,0.555556,NS,13/20,5,4
Blood,SLAMF6,CD4_T,NL→AR,NL,AR,0.26653197,0.19886917,-25.399999618530277,↓,0.785714,NS,9/15,5,3
Blood,SLAMF6,CD4_T,NL→CR,NL,CR,0.26653197,0.10537473,-60.5,↓,0.142857,NS,13/15,5,3
Blood,SLAMF6,CD4_T,IT→IA,IT,IA,0.19595632,0.1688235,-13.800000190734863,↓,0.904762,NS,11/20,5,4
Blood,SLAMF6,CD4_T,IA→AR,IA,AR,0.1688235,0.19886917,17.799999237060547,↑,0.857143,NS,7/12,4,3
Blood,SLAMF6,CD4_T,CR→AR,CR,AR,0.10537473,0.19886917,88.69999694824219,↑,0.2,NS,8/9,3,3
Blood,SLAMF6,CD8_T,NL→IT,NL,IT,0.26900667,0.23940353,-11.0,↓,0.547619,NS,16/25,5,5
Blood,SLAMF6,CD8_T,NL→IA,NL,IA,0.26900667,0.23800392,-11.5,↓,1.0,NS,10/20,5,4
Blood,SLAMF6,CD8_T,NL→AR,NL,AR,0.26900667,0.30793256,14.5,↑,0.571429,NS,10/15,5,3
Blood,SLAMF6,CD8_T,NL→CR,NL,CR,0.26900667,0.14056104,-47.70000076293945,↓,0.142857,NS,13/15,5,3
Blood,SLAMF6,CD8_T,IT→IA,IT,IA,0.23940353,0.23800392,-0.6000000238418579,↓,1.0,NS,10/20,5,4
Blood,SLAMF6,CD8_T,IA→AR,IA,AR,0.23800392,0.30793256,29.399999618530277,↑,0.228571,NS,10/12,4,3
Blood,SLAMF6,CD8_T,CR→AR,CR,AR,0.14056104,0.30793256,119.0999984741211,↑,0.2,NS,8/9,3,3
Blood,SLAMF6,NK,NL→IT,NL,IT,0.30081287,0.32842,9.199999809265137,↑,0.84127,NS,14/25,5,5
Blood,SLAMF6,NK,NL→IA,NL,IA,0.30081287,0.2813353,-6.5,↓,0.904762,NS,9/20,5,4
Blood,SLAMF6,NK,NL→AR,NL,AR,0.30081287,0.3485713,15.899999618530272,↑,0.392857,NS,11/15,5,3
Blood,SLAMF6,NK,NL→CR,NL,CR,0.30081287,0.20858078,-30.700000762939453,↓,0.392857,NS,11/15,5,3
Blood,SLAMF6,NK,IT→IA,IT,IA,0.32842,0.2813353,-14.300000190734863,↓,0.904762,NS,11/20,5,4
Blood,SLAMF6,NK,IA→AR,IA,AR,0.2813353,0.3485713,23.899999618530277,↑,0.4,NS,9/12,4,3
Blood,SLAMF6,NK,CR→AR,CR,AR,0.20858078,0.3485713,67.0999984741211,↑,0.2,NS,8/9,3,3
Blood,SLAMF6,B,NL→IT,NL,IT,0.19866252,0.28000104,40.900001525878906,↑,0.150794,NS,20/25,5,5
Blood,SLAMF6,B,NL→IA,NL,IA,0.19866252,0.25278473,27.200000762939453,↑,0.285714,NS,15/20,5,4
Blood,SLAMF6,B,NL→AR,NL,AR,0.19866252,0.2700868,36.0,↑,0.392857,NS,11/15,5,3
Blood,SLAMF6,B,NL→CR,NL,CR,0.19866252,0.15266566,-23.200000762939453,↓,1.0,NS,8/15,5,3
Blood,SLAMF6,B,IT→IA,IT,IA,0.28000104,0.25278473,-9.699999809265137,↓,0.904762,NS,11/20,5,4
Blood,SLAMF6,B,IA→AR,IA,AR,0.25278473,0.2700868,6.800000190734863,↑,1.0,NS,6/12,4,3
Blood,SLAMF6,B,CR→AR,CR,AR,0.15266566,0.2700868,76.9000015258789,↑,0.4,NS,7/9,3,3
Blood,SLAMF6,PlasmaB,NL→IT,NL,IT,0.12633988,0.05550506,-56.09999847412109,↓,0.547619,NS,16/25,5,5
Blood,SLAMF6,PlasmaB,NL→IA,NL,IA,0.12633988,0.13005438,2.900000095367432,↑,1.0,NS,10/20,5,4
Blood,SLAMF6,PlasmaB,NL→AR,NL,AR,0.12633988,0.07932802,-37.20000076293945,↓,0.785714,NS,9/15,5,3
Blood,SLAMF6,PlasmaB,NL→CR,NL,CR,0.12633988,0.06496353,-48.59999847412109,↓,0.785714,NS,9/15,5,3
Blood,SLAMF6,PlasmaB,IT→IA,IT,IA,0.05550506,0.13005438,134.3000030517578,↑,0.111111,NS,17/20,5,4
Blood,SLAMF6,PlasmaB,IA→AR,IA,AR,0.13005438,0.07932802,-39.0,↓,0.228571,NS,10/12,4,3
Blood,SLAMF6,PlasmaB,CR→AR,CR,AR,0.06496353,0.07932802,22.100000381469727,↑,0.4,NS,7/9,3,3
Blood,SNAI1,Myeloid,NL→IT,NL,IT,0.0034968995,0.0050532827,44.5,↑,0.525809,NS,16/25,5,5
Blood,SNAI1,Myeloid,NL→IA,NL,IA,0.0034968995,0.04974811,1322.5999755859375,↑,0.383221,NS,14/20,5,4
Blood,SNAI1,Myeloid,NL→AR,NL,AR,0.0034968995,0.0072014933,105.9000015258789,↑,0.359397,NS,11/15,5,3
Blood,SNAI1,Myeloid,NL→CR,NL,CR,0.0034968995,0.011221441,220.8999938964844,↑,0.359397,NS,11/15,5,3
Blood,SNAI1,Myeloid,IT→IA,IT,IA,0.0050532827,0.04974811,884.5,↑,0.904762,NS,9/20,5,4
Blood,SNAI1,Myeloid,IA→AR,IA,AR,0.04974811,0.0072014933,-85.5,↓,0.4,NS,3/12,4,3
Blood,SNAI1,Myeloid,CR→AR,CR,AR,0.011221441,0.0072014933,-35.79999923706055,↓,1.0,NS,5/9,3,3
Blood,SNAI1,CD4_T,NL→IT,NL,IT,0.0,0.00035778488,99999.0,↑,0.179712,NS,10/25,5,5
Blood,SNAI1,CD4_T,NL→IA,NL,IA,0.0,0.0025980193,99999.0,↑,0.371093,NS,5/20,5,4
Blood,SNAI1,CD4_T,NL→AR,NL,AR,0.0,0.00059365045,99999.0,↑,0.078983,†,10/15,5,3
Blood,SNAI1,CD4_T,NL→CR,NL,CR,0.0,0.0015105433,99999.0,↑,0.016805,*,15/15,5,3
Blood,SNAI1,CD4_T,IT→IA,IT,IA,0.00035778488,0.0025980193,626.0999755859375,↑,1.0,NS,5/20,5,4
Blood,SNAI1,CD4_T,IA→AR,IA,AR,0.0025980193,0.00059365045,-77.0999984741211,↓,0.696466,NS,3/12,4,3
Blood,SNAI1,CD4_T,CR→AR,CR,AR,0.0015105433,0.00059365045,-60.70000076293945,↓,1.0,NS,5/9,3,3
Blood,SNAI1,CD8_T,NL→IT,NL,IT,0.00024972242,0.0002892068,15.800000190734863,↑,1.0,NS,5/25,5,5
Blood,SNAI1,CD8_T,NL→IA,NL,IA,0.00024972242,0.0022999544,821.0,↑,0.866815,NS,5/20,5,4
Blood,SNAI1,CD8_T,NL→AR,NL,AR,0.00024972242,0.00062079745,148.60000610351562,↑,0.305507,NS,9/15,5,3
Blood,SNAI1,CD8_T,NL→CR,NL,CR,0.00024972242,0.0012717082,409.2000122070313,↑,0.69627,NS,5/15,5,3
Blood,SNAI1,CD8_T,IT→IA,IT,IA,0.0002892068,0.0022999544,695.2999877929688,↑,0.866815,NS,5/20,5,4
Blood,SNAI1,CD8_T,IA→AR,IA,AR,0.0022999544,0.00062079745,-73.0,↓,0.696466,NS,3/12,4,3
Blood,SNAI1,CD8_T,CR→AR,CR,AR,0.0012717082,0.00062079745,-51.20000076293945,↓,1.0,NS,3/9,3,3
Blood,SNAI1,NK,NL→IT,NL,IT,9.42773e-05,0.0008399413,790.9000244140625,↑,0.157939,NS,15/25,5,5
Blood,SNAI1,NK,NL→IA,NL,IA,9.42773e-05,0.006666671,6971.2998046875,↑,0.866815,NS,5/20,5,4
Blood,SNAI1,NK,NL→AR,NL,AR,9.42773e-05,0.0006405635,579.4000244140625,↑,0.305507,NS,9/15,5,3
Blood,SNAI1,NK,NL→CR,NL,CR,9.42773e-05,0.0,-100.0,↓,0.605577,NS,3/15,5,3
Blood,SNAI1,NK,IT→IA,IT,IA,0.0008399413,0.006666671,693.7000122070312,↑,0.687322,NS,5/20,5,4
Blood,SNAI1,NK,IA→AR,IA,AR,0.006666671,0.0006405635,-90.4000015258789,↓,0.696466,NS,3/12,4,3
Blood,SNAI1,NK,CR→AR,CR,AR,0.0,0.0006405635,99999.0,↑,0.196706,NS,6/9,3,3
Blood,SNAI1,B,NL→IT,NL,IT,0.0036321592,0.0,-100.0,↓,0.423711,NS,5/25,5,5
Blood,SNAI1,B,NL→IA,NL,IA,0.0036321592,0.006593176,81.5,↑,0.466854,NS,9/20,5,4
Blood,SNAI1,B,NL→AR,NL,AR,0.0036321592,0.0,-100.0,↓,0.605577,NS,3/15,5,3
Blood,SNAI1,B,NL→CR,NL,CR,0.0036321592,0.0013768226,-62.09999847412109,↓,0.203872,NS,3/15,5,3
Blood,SNAI1,B,IT→IA,IT,IA,0.0,0.006593176,99999.0,↑,0.13121,NS,10/20,5,4
Blood,SNAI1,B,IA→AR,IA,AR,0.006593176,0.0,-100.0,↓,0.270289,NS,6/12,4,3
Blood,SNAI1,B,CR→AR,CR,AR,0.0013768226,0.0,-100.0,↓,0.063603,†,9/9,3,3
Blood,SNAI1,PlasmaB,NL→IT,NL,IT,0.0,0.0034730756,99999.0,↑,0.423711,NS,5/25,5,5
Blood,SNAI1,PlasmaB,NL→IA,NL,IA,0.0,0.010441448,99999.0,↑,0.371093,NS,5/20,5,4
Blood,SNAI1,PlasmaB,NL→AR,NL,AR,0.0,0.004874434,99999.0,↑,0.3017,NS,5/15,5,3
Blood,SNAI1,PlasmaB,NL→CR,NL,CR,0.0,0.0,0.0,↑,1.0,NS,0/15,5,3
Blood,SNAI1,PlasmaB,IT→IA,IT,IA,0.0034730756,0.010441448,200.6000061035156,↑,0.866815,NS,5/20,5,4
Blood,SNAI1,PlasmaB,IA→AR,IA,AR,0.010441448,0.004874434,-53.29999923706055,↓,1.0,NS,3/12,4,3
Blood,SNAI1,PlasmaB,CR→AR,CR,AR,0.0,0.004874434,99999.0,↑,0.504985,NS,3/9,3,3
Blood,STAT5A,Myeloid,NL→IT,NL,IT,0.110155776,0.25766256,133.89999389648438,↑,0.007937,**,25/25,5,5
Blood,STAT5A,Myeloid,NL→IA,NL,IA,0.110155776,0.25983456,135.89999389648438,↑,0.063492,†,18/20,5,4
Blood,STAT5A,Myeloid,NL→AR,NL,AR,0.110155776,0.3161685,187.0,↑,0.035714,*,15/15,5,3
Blood,STAT5A,Myeloid,NL→CR,NL,CR,0.110155776,0.3003621,172.6999969482422,↑,0.035714,*,15/15,5,3
Blood,STAT5A,Myeloid,IT→IA,IT,IA,0.25766256,0.25983456,0.800000011920929,↑,0.555556,NS,13/20,5,4
Blood,STAT5A,Myeloid,IA→AR,IA,AR,0.25983456,0.3161685,21.700000762939453,↑,0.628571,NS,8/12,4,3
Blood,STAT5A,Myeloid,CR→AR,CR,AR,0.3003621,0.3161685,5.300000190734863,↑,0.7,NS,6/9,3,3
Blood,STAT5A,CD4_T,NL→IT,NL,IT,0.17720722,0.20723934,16.899999618530273,↑,0.690476,NS,15/25,5,5
Blood,STAT5A,CD4_T,NL→IA,NL,IA,0.17720722,0.19203441,8.399999618530273,↑,0.555556,NS,13/20,5,4
Blood,STAT5A,CD4_T,NL→AR,NL,AR,0.17720722,0.22184853,25.200000762939453,↑,0.392857,NS,11/15,5,3
Blood,STAT5A,CD4_T,NL→CR,NL,CR,0.17720722,0.21352716,20.5,↑,0.571429,NS,10/15,5,3
Blood,STAT5A,CD4_T,IT→IA,IT,IA,0.20723934,0.19203441,-7.300000190734863,↓,1.0,NS,10/20,5,4
Blood,STAT5A,CD4_T,IA→AR,IA,AR,0.19203441,0.22184853,15.5,↑,1.0,NS,6/12,4,3
Blood,STAT5A,CD4_T,CR→AR,CR,AR,0.21352716,0.22184853,3.900000095367432,↑,0.4,NS,7/9,3,3
Blood,STAT5A,CD8_T,NL→IT,NL,IT,0.15998869,0.19345684,20.899999618530277,↑,0.547619,NS,16/25,5,5
Blood,STAT5A,CD8_T,NL→IA,NL,IA,0.15998869,0.21839416,36.5,↑,0.412698,NS,14/20,5,4
Blood,STAT5A,CD8_T,NL→AR,NL,AR,0.15998869,0.18521321,15.800000190734863,↑,0.785714,NS,9/15,5,3
Blood,STAT5A,CD8_T,NL→CR,NL,CR,0.15998869,0.19543946,22.200000762939453,↑,1.0,NS,8/15,5,3
Blood,STAT5A,CD8_T,IT→IA,IT,IA,0.19345684,0.21839416,12.899999618530272,↑,0.555556,NS,13/20,5,4
Blood,STAT5A,CD8_T,IA→AR,IA,AR,0.21839416,0.18521321,-15.199999809265137,↓,0.4,NS,9/12,4,3
Blood,STAT5A,CD8_T,CR→AR,CR,AR,0.19543946,0.18521321,-5.199999809265137,↓,1.0,NS,5/9,3,3
Blood,STAT5A,NK,NL→IT,NL,IT,0.06913277,0.09955765,44.0,↑,0.309524,NS,18/25,5,5
Blood,STAT5A,NK,NL→IA,NL,IA,0.06913277,0.14586073,111.0,↑,0.063492,†,18/20,5,4
Blood,STAT5A,NK,NL→AR,NL,AR,0.06913277,0.10920449,58.0,↑,0.571429,NS,10/15,5,3
Blood,STAT5A,NK,NL→CR,NL,CR,0.06913277,0.14053982,103.3000030517578,↑,0.392857,NS,11/15,5,3
Blood,STAT5A,NK,IT→IA,IT,IA,0.09955765,0.14586073,46.5,↑,0.111111,NS,17/20,5,4
Blood,STAT5A,NK,IA→AR,IA,AR,0.14586073,0.10920449,-25.100000381469727,↓,0.228571,NS,10/12,4,3
Blood,STAT5A,NK,CR→AR,CR,AR,0.14053982,0.10920449,-22.299999237060547,↓,0.4,NS,7/9,3,3
Blood,STAT5A,B,NL→IT,NL,IT,0.12631348,0.13726082,8.699999809265137,↑,0.84127,NS,14/25,5,5
Blood,STAT5A,B,NL→IA,NL,IA,0.12631348,0.1186993,-6.0,↓,0.730159,NS,12/20,5,4
Blood,STAT5A,B,NL→AR,NL,AR,0.12631348,0.14775912,17.0,↑,1.0,NS,7/15,5,3
Blood,STAT5A,B,NL→CR,NL,CR,0.12631348,0.11334058,-10.300000190734863,↓,1.0,NS,8/15,5,3
Blood,STAT5A,B,IT→IA,IT,IA,0.13726082,0.1186993,-13.5,↓,0.730159,NS,12/20,5,4
Blood,STAT5A,B,IA→AR,IA,AR,0.1186993,0.14775912,24.5,↑,0.4,NS,9/12,4,3
Blood,STAT5A,B,CR→AR,CR,AR,0.11334058,0.14775912,30.399999618530277,↑,0.4,NS,7/9,3,3
Blood,STAT5A,PlasmaB,NL→IT,NL,IT,0.037547298,0.08277057,120.4000015258789,↑,0.138792,NS,20/25,5,5
Blood,STAT5A,PlasmaB,NL→IA,NL,IA,0.037547298,0.056946546,51.70000076293945,↑,0.262239,NS,15/20,5,4
Blood,STAT5A,PlasmaB,NL→AR,NL,AR,0.037547298,0.04552908,21.299999237060547,↑,0.359397,NS,11/15,5,3
Blood,STAT5A,PlasmaB,NL→CR,NL,CR,0.037547298,0.11017767,193.3999938964844,↑,0.12663,NS,13/15,5,3
Blood,STAT5A,PlasmaB,IT→IA,IT,IA,0.08277057,0.056946546,-31.200000762939453,↓,0.285714,NS,15/20,5,4
Blood,STAT5A,PlasmaB,IA→AR,IA,AR,0.056946546,0.04552908,-20.0,↓,0.857143,NS,5/12,4,3
Blood,STAT5A,PlasmaB,CR→AR,CR,AR,0.11017767,0.04552908,-58.70000076293945,↓,0.1,NS,9/9,3,3
Blood,STAT5B,Myeloid,NL→IT,NL,IT,0.108449794,0.15464167,42.59999847412109,↑,0.547619,NS,16/25,5,5
Blood,STAT5B,Myeloid,NL→IA,NL,IA,0.108449794,0.16763698,54.59999847412109,↑,0.555556,NS,13/20,5,4
Blood,STAT5B,Myeloid,NL→AR,NL,AR,0.108449794,0.15336528,41.400001525878906,↑,0.392857,NS,11/15,5,3
Blood,STAT5B,Myeloid,NL→CR,NL,CR,0.108449794,0.1575331,45.29999923706055,↑,0.25,NS,12/15,5,3
Blood,STAT5B,Myeloid,IT→IA,IT,IA,0.15464167,0.16763698,8.399999618530273,↑,0.904762,NS,11/20,5,4
Blood,STAT5B,Myeloid,IA→AR,IA,AR,0.16763698,0.15336528,-8.5,↓,0.4,NS,9/12,4,3
Blood,STAT5B,Myeloid,CR→AR,CR,AR,0.1575331,0.15336528,-2.5999999046325684,↓,0.7,NS,3/9,3,3
Blood,STAT5B,CD4_T,NL→IT,NL,IT,0.16433744,0.22844215,39.0,↑,0.150794,NS,20/25,5,5
Blood,STAT5B,CD4_T,NL→IA,NL,IA,0.16433744,0.2800734,70.4000015258789,↑,0.031746,*,19/20,5,4
Blood,STAT5B,CD4_T,NL→AR,NL,AR,0.16433744,0.23820537,44.900001525878906,↑,0.142857,NS,13/15,5,3
Blood,STAT5B,CD4_T,NL→CR,NL,CR,0.16433744,0.22503524,36.900001525878906,↑,0.25,NS,12/15,5,3
Blood,STAT5B,CD4_T,IT→IA,IT,IA,0.22844215,0.2800734,22.600000381469727,↑,0.285714,NS,15/20,5,4
Blood,STAT5B,CD4_T,IA→AR,IA,AR,0.2800734,0.23820537,-14.899999618530272,↓,0.4,NS,9/12,4,3
Blood,STAT5B,CD4_T,CR→AR,CR,AR,0.22503524,0.23820537,5.900000095367432,↑,0.7,NS,6/9,3,3
Blood,STAT5B,CD8_T,NL→IT,NL,IT,0.10486786,0.18532851,76.69999694824219,↑,0.095238,†,21/25,5,5
Blood,STAT5B,CD8_T,NL→IA,NL,IA,0.10486786,0.24669054,135.1999969482422,↑,0.015873,*,20/20,5,4
Blood,STAT5B,CD8_T,NL→AR,NL,AR,0.10486786,0.19025302,81.4000015258789,↑,0.035714,*,15/15,5,3
Blood,STAT5B,CD8_T,NL→CR,NL,CR,0.10486786,0.16681065,59.09999847412109,↑,0.035714,*,15/15,5,3
Blood,STAT5B,CD8_T,IT→IA,IT,IA,0.18532851,0.24669054,33.099998474121094,↑,0.190476,NS,16/20,5,4
Blood,STAT5B,CD8_T,IA→AR,IA,AR,0.24669054,0.19025302,-22.899999618530277,↓,0.4,NS,9/12,4,3
Blood,STAT5B,CD8_T,CR→AR,CR,AR,0.16681065,0.19025302,14.100000381469728,↑,0.7,NS,6/9,3,3
Blood,STAT5B,NK,NL→IT,NL,IT,0.07921873,0.1378225,74.0,↑,0.095238,†,21/25,5,5
Blood,STAT5B,NK,NL→IA,NL,IA,0.07921873,0.16134404,103.6999969482422,↑,0.063492,†,18/20,5,4
Blood,STAT5B,NK,NL→AR,NL,AR,0.07921873,0.16600683,109.5999984741211,↑,0.035714,*,15/15,5,3
Blood,STAT5B,NK,NL→CR,NL,CR,0.07921873,0.1377631,73.9000015258789,↑,0.071429,†,14/15,5,3
Blood,STAT5B,NK,IT→IA,IT,IA,0.1378225,0.16134404,17.100000381469727,↑,0.412698,NS,14/20,5,4
Blood,STAT5B,NK,IA→AR,IA,AR,0.16134404,0.16600683,2.900000095367432,↑,0.857143,NS,7/12,4,3
Blood,STAT5B,NK,CR→AR,CR,AR,0.1377631,0.16600683,20.5,↑,0.4,NS,7/9,3,3
Blood,STAT5B,B,NL→IT,NL,IT,0.089562096,0.09082766,1.399999976158142,↑,0.309524,NS,18/25,5,5
Blood,STAT5B,B,NL→IA,NL,IA,0.089562096,0.11026637,23.100000381469727,↑,0.285714,NS,15/20,5,4
Blood,STAT5B,B,NL→AR,NL,AR,0.089562096,0.11974001,33.70000076293945,↑,0.392857,NS,11/15,5,3
Blood,STAT5B,B,NL→CR,NL,CR,0.089562096,0.07275614,-18.799999237060547,↓,0.571429,NS,5/15,5,3
Blood,STAT5B,B,IT→IA,IT,IA,0.09082766,0.11026637,21.399999618530277,↑,0.285714,NS,15/20,5,4
Blood,STAT5B,B,IA→AR,IA,AR,0.11026637,0.11974001,8.600000381469727,↑,0.628571,NS,8/12,4,3
Blood,STAT5B,B,CR→AR,CR,AR,0.07275614,0.11974001,64.5999984741211,↑,0.2,NS,8/9,3,3
Blood,STAT5B,PlasmaB,NL→IT,NL,IT,0.018015169,0.08098313,349.5,↑,0.052412,†,22/25,5,5
Blood,STAT5B,PlasmaB,NL→IA,NL,IA,0.018015169,0.115290515,540.0,↑,0.029657,*,19/20,5,4
Blood,STAT5B,PlasmaB,NL→AR,NL,AR,0.018015169,0.08652397,380.2999877929688,↑,0.112231,NS,13/15,5,3
Blood,STAT5B,PlasmaB,NL→CR,NL,CR,0.018015169,0.073869176,310.0,↑,0.112231,NS,13/15,5,3
Blood,STAT5B,PlasmaB,IT→IA,IT,IA,0.08098313,0.115290515,42.400001525878906,↑,0.285714,NS,15/20,5,4
Blood,STAT5B,PlasmaB,IA→AR,IA,AR,0.115290515,0.08652397,-25.0,↓,0.628571,NS,8/12,4,3
Blood,STAT5B,PlasmaB,CR→AR,CR,AR,0.073869176,0.08652397,17.100000381469727,↑,1.0,NS,5/9,3,3
Blood,TBX21,Myeloid,NL→IT,NL,IT,0.0,0.003510053,99999.0,↑,0.072006,†,15/25,5,5
Blood,TBX21,Myeloid,NL→IA,NL,IA,0.0,0.0017162303,99999.0,↑,0.13121,NS,10/20,5,4
Blood,TBX21,Myeloid,NL→AR,NL,AR,0.0,0.0020617528,99999.0,↑,0.078983,†,10/15,5,3
Blood,TBX21,Myeloid,NL→CR,NL,CR,0.0,0.0032523607,99999.0,↑,0.016805,*,15/15,5,3
Blood,TBX21,Myeloid,IT→IA,IT,IA,0.003510053,0.0017162303,-51.09999847412109,↓,0.898212,NS,9/20,5,4
Blood,TBX21,Myeloid,IA→AR,IA,AR,0.0017162303,0.0020617528,20.100000381469727,↑,1.0,NS,5/12,4,3
Blood,TBX21,Myeloid,CR→AR,CR,AR,0.0032523607,0.0020617528,-36.59999847412109,↓,0.7,NS,6/9,3,3
Blood,TBX21,CD4_T,NL→IT,NL,IT,0.12137604,0.1211886,-0.2000000029802322,↓,0.420635,NS,8/25,5,5
Blood,TBX21,CD4_T,NL→IA,NL,IA,0.12137604,0.1336669,10.100000381469728,↑,0.730159,NS,12/20,5,4
Blood,TBX21,CD4_T,NL→AR,NL,AR,0.12137604,0.06727453,-44.59999847412109,↓,0.785714,NS,9/15,5,3
Blood,TBX21,CD4_T,NL→CR,NL,CR,0.12137604,0.09402472,-22.5,↓,1.0,NS,7/15,5,3
Blood,TBX21,CD4_T,IT→IA,IT,IA,0.1211886,0.1336669,10.300000190734863,↑,0.904762,NS,9/20,5,4
Blood,TBX21,CD4_T,IA→AR,IA,AR,0.1336669,0.06727453,-49.70000076293945,↓,0.4,NS,9/12,4,3
Blood,TBX21,CD4_T,CR→AR,CR,AR,0.09402472,0.06727453,-28.5,↓,0.4,NS,7/9,3,3
Blood,TBX21,CD8_T,NL→IT,NL,IT,0.25374135,0.2985874,17.700000762939453,↑,0.690476,NS,15/25,5,5
Blood,TBX21,CD8_T,NL→IA,NL,IA,0.25374135,0.3656183,44.09999847412109,↑,0.190476,NS,16/20,5,4
Blood,TBX21,CD8_T,NL→AR,NL,AR,0.25374135,0.44752708,76.4000015258789,↑,0.25,NS,12/15,5,3
Blood,TBX21,CD8_T,NL→CR,NL,CR,0.25374135,0.24393117,-3.900000095367432,↓,0.392857,NS,4/15,5,3
Blood,TBX21,CD8_T,IT→IA,IT,IA,0.2985874,0.3656183,22.399999618530277,↑,0.904762,NS,11/20,5,4
Blood,TBX21,CD8_T,IA→AR,IA,AR,0.3656183,0.44752708,22.399999618530277,↑,0.857143,NS,7/12,4,3
Blood,TBX21,CD8_T,CR→AR,CR,AR,0.24393117,0.44752708,83.5,↑,0.4,NS,7/9,3,3
Blood,TBX21,NK,NL→IT,NL,IT,0.7725617,1.1572285,49.79999923706055,↑,0.055556,†,22/25,5,5
Blood,TBX21,NK,NL→IA,NL,IA,0.7725617,1.0318775,33.599998474121094,↑,0.285714,NS,15/20,5,4
Blood,TBX21,NK,NL→AR,NL,AR,0.7725617,1.0896702,41.0,↑,0.071429,†,14/15,5,3
Blood,TBX21,NK,NL→CR,NL,CR,0.7725617,0.95780843,24.0,↑,0.142857,NS,13/15,5,3
Blood,TBX21,NK,IT→IA,IT,IA,1.1572285,1.0318775,-10.800000190734863,↓,0.555556,NS,13/20,5,4
Blood,TBX21,NK,IA→AR,IA,AR,1.0318775,1.0896702,5.599999904632568,↑,1.0,NS,6/12,4,3
Blood,TBX21,NK,CR→AR,CR,AR,0.95780843,1.0896702,13.800000190734863,↑,0.7,NS,6/9,3,3
Blood,TBX21,B,NL→IT,NL,IT,0.048439343,0.045906615,-5.199999809265137,↓,0.84127,NS,14/25,5,5
Blood,TBX21,B,NL→IA,NL,IA,0.048439343,0.055506077,14.600000381469728,↑,1.0,NS,10/20,5,4
Blood,TBX21,B,NL→AR,NL,AR,0.048439343,0.05425349,12.0,↑,1.0,NS,7/15,5,3
Blood,TBX21,B,NL→CR,NL,CR,0.048439343,0.015845457,-67.30000305175781,↓,0.25,NS,12/15,5,3
Blood,TBX21,B,IT→IA,IT,IA,0.045906615,0.055506077,20.899999618530277,↑,0.904762,NS,11/20,5,4
Blood,TBX21,B,IA→AR,IA,AR,0.055506077,0.05425349,-2.299999952316284,↓,1.0,NS,6/12,4,3
Blood,TBX21,B,CR→AR,CR,AR,0.015845457,0.05425349,242.3999938964844,↑,0.1,NS,9/9,3,3
Blood,TBX21,PlasmaB,NL→IT,NL,IT,0.010617116,0.010214195,-3.799999952316284,↓,1.0,NS,5/25,5,5
Blood,TBX21,PlasmaB,NL→IA,NL,IA,0.010617116,0.026016116,145.0,↑,0.227249,NS,13/20,5,4
Blood,TBX21,PlasmaB,NL→AR,NL,AR,0.010617116,0.00444619,-58.09999847412109,↓,0.494525,NS,3/15,5,3
Blood,TBX21,PlasmaB,NL→CR,NL,CR,0.010617116,0.007413667,-30.200000762939453,↓,1.0,NS,3/15,5,3
Blood,TBX21,PlasmaB,IT→IA,IT,IA,0.010214195,0.026016116,154.6999969482422,↑,0.227249,NS,13/20,5,4
Blood,TBX21,PlasmaB,IA→AR,IA,AR,0.026016116,0.00444619,-82.9000015258789,↓,0.475533,NS,8/12,4,3
Blood,TBX21,PlasmaB,CR→AR,CR,AR,0.007413667,0.00444619,-40.0,↓,1.0,NS,3/9,3,3
Blood,TCF7,Myeloid,NL→IT,NL,IT,0.033426706,0.010245924,-69.30000305175781,↓,1.0,NS,10/25,5,5
Blood,TCF7,Myeloid,NL→IA,NL,IA,0.033426706,0.014331033,-57.09999847412109,↓,0.533389,NS,6/20,5,4
Blood,TCF7,Myeloid,NL→AR,NL,AR,0.033426706,0.018376315,-45.0,↓,0.548595,NS,5/15,5,3
Blood,TCF7,Myeloid,NL→CR,NL,CR,0.033426706,0.035098147,5.0,↑,0.230243,NS,12/15,5,3
Blood,TCF7,Myeloid,IT→IA,IT,IA,0.010245924,0.014331033,39.900001525878906,↑,0.708624,NS,11/20,5,4
Blood,TCF7,Myeloid,IA→AR,IA,AR,0.014331033,0.018376315,28.200000762939453,↑,1.0,NS,6/12,4,3
Blood,TCF7,Myeloid,CR→AR,CR,AR,0.035098147,0.018376315,-47.59999847412109,↓,0.4,NS,7/9,3,3
Blood,TCF7,CD4_T,NL→IT,NL,IT,0.8704773,1.4355121,64.9000015258789,↑,0.095238,†,21/25,5,5
Blood,TCF7,CD4_T,NL→IA,NL,IA,0.8704773,1.4041619,61.29999923706055,↑,0.412698,NS,14/20,5,4
Blood,TCF7,CD4_T,NL→AR,NL,AR,0.8704773,1.5602232,79.19999694824219,↑,0.071429,†,14/15,5,3
Blood,TCF7,CD4_T,NL→CR,NL,CR,0.8704773,1.2449695,43.0,↑,0.25,NS,12/15,5,3
Blood,TCF7,CD4_T,IT→IA,IT,IA,1.4355121,1.4041619,-2.200000047683716,↓,1.0,NS,10/20,5,4
Blood,TCF7,CD4_T,IA→AR,IA,AR,1.4041619,1.5602232,11.100000381469728,↑,0.857143,NS,7/12,4,3
Blood,TCF7,CD4_T,CR→AR,CR,AR,1.2449695,1.5602232,25.299999237060547,↑,0.7,NS,6/9,3,3
Blood,TCF7,CD8_T,NL→IT,NL,IT,0.65347505,1.2383771,89.5,↑,0.031746,*,23/25,5,5
Blood,TCF7,CD8_T,NL→IA,NL,IA,0.65347505,1.1057454,69.19999694824219,↑,0.412698,NS,14/20,5,4
Blood,TCF7,CD8_T,NL→AR,NL,AR,0.65347505,0.99729013,52.59999847412109,↑,0.571429,NS,10/15,5,3
Blood,TCF7,CD8_T,NL→CR,NL,CR,0.65347505,1.0702636,63.79999923706055,↑,0.392857,NS,11/15,5,3
Blood,TCF7,CD8_T,IT→IA,IT,IA,1.2383771,1.1057454,-10.699999809265137,↓,1.0,NS,10/20,5,4
Blood,TCF7,CD8_T,IA→AR,IA,AR,1.1057454,0.99729013,-9.800000190734863,↓,1.0,NS,6/12,4,3
Blood,TCF7,CD8_T,CR→AR,CR,AR,1.0702636,0.99729013,-6.800000190734863,↓,0.7,NS,3/9,3,3
Blood,TCF7,NK,NL→IT,NL,IT,0.048513614,0.14499222,198.8999938964844,↑,0.031746,*,23/25,5,5
Blood,TCF7,NK,NL→IA,NL,IA,0.048513614,0.29264906,503.2000122070313,↑,0.015873,*,20/20,5,4
Blood,TCF7,NK,NL→AR,NL,AR,0.048513614,0.1838376,278.8999938964844,↑,0.035714,*,15/15,5,3
Blood,TCF7,NK,NL→CR,NL,CR,0.048513614,0.19864564,309.5,↑,0.035714,*,15/15,5,3
Blood,TCF7,NK,IT→IA,IT,IA,0.14499222,0.29264906,101.8000030517578,↑,0.031746,*,19/20,5,4
Blood,TCF7,NK,IA→AR,IA,AR,0.29264906,0.1838376,-37.20000076293945,↓,0.114286,NS,11/12,4,3
Blood,TCF7,NK,CR→AR,CR,AR,0.19864564,0.1838376,-7.5,↓,1.0,NS,5/9,3,3
Blood,TCF7,B,NL→IT,NL,IT,0.017019272,0.056444734,231.6999969482422,↑,0.036145,*,23/25,5,5
Blood,TCF7,B,NL→IA,NL,IA,0.017019272,0.08075696,374.5,↑,0.170609,NS,15/20,5,4
Blood,TCF7,B,NL→AR,NL,AR,0.017019272,0.079316474,366.0,↑,0.03577,*,15/15,5,3
Blood,TCF7,B,NL→CR,NL,CR,0.017019272,0.048635107,185.8000030517578,↑,0.071924,†,14/15,5,3
Blood,TCF7,B,IT→IA,IT,IA,0.056444734,0.08075696,43.09999847412109,↑,0.730159,NS,12/20,5,4
Blood,TCF7,B,IA→AR,IA,AR,0.08075696,0.079316474,-1.7999999523162842,↓,1.0,NS,6/12,4,3
Blood,TCF7,B,CR→AR,CR,AR,0.048635107,0.079316474,63.09999847412109,↑,0.1,NS,9/9,3,3
Blood,TCF7,PlasmaB,NL→IT,NL,IT,0.012103792,0.030212168,149.60000610351562,↑,0.346522,NS,13/25,5,5
Blood,TCF7,PlasmaB,NL→IA,NL,IA,0.012103792,0.042729292,253.0,↑,0.227249,NS,13/20,5,4
Blood,TCF7,PlasmaB,NL→AR,NL,AR,0.012103792,0.044026602,263.70001220703125,↑,0.305507,NS,9/15,5,3
Blood,TCF7,PlasmaB,NL→CR,NL,CR,0.012103792,0.06805791,462.2999877929688,↑,0.056664,†,14/15,5,3
Blood,TCF7,PlasmaB,IT→IA,IT,IA,0.030212168,0.042729292,41.400001525878906,↑,0.708624,NS,11/20,5,4
Blood,TCF7,PlasmaB,IA→AR,IA,AR,0.042729292,0.044026602,3.0,↑,1.0,NS,6/12,4,3
Blood,TCF7,PlasmaB,CR→AR,CR,AR,0.06805791,0.044026602,-35.29999923706055,↓,0.4,NS,7/9,3,3
Blood,TET2,Myeloid,NL→IT,NL,IT,0.16682844,0.41719165,150.10000610351562,↑,0.007937,**,25/25,5,5
Blood,TET2,Myeloid,NL→IA,NL,IA,0.16682844,0.4002991,139.89999389648438,↑,0.015873,*,20/20,5,4
Blood,TET2,Myeloid,NL→AR,NL,AR,0.16682844,0.40269193,141.39999389648438,↑,0.035714,*,15/15,5,3
Blood,TET2,Myeloid,NL→CR,NL,CR,0.16682844,0.39688095,137.89999389648438,↑,0.035714,*,15/15,5,3
Blood,TET2,Myeloid,IT→IA,IT,IA,0.41719165,0.4002991,-4.0,↓,0.555556,NS,13/20,5,4
Blood,TET2,Myeloid,IA→AR,IA,AR,0.4002991,0.40269193,0.6000000238418579,↑,1.0,NS,6/12,4,3
Blood,TET2,Myeloid,CR→AR,CR,AR,0.39688095,0.40269193,1.5,↑,1.0,NS,4/9,3,3
Blood,TET2,CD4_T,NL→IT,NL,IT,0.043313645,0.045363303,4.699999809265137,↑,0.84127,NS,14/25,5,5
Blood,TET2,CD4_T,NL→IA,NL,IA,0.043313645,0.04710845,8.800000190734863,↑,0.730159,NS,12/20,5,4
Blood,TET2,CD4_T,NL→AR,NL,AR,0.043313645,0.045102213,4.099999904632568,↑,0.785714,NS,9/15,5,3
Blood,TET2,CD4_T,NL→CR,NL,CR,0.043313645,0.07039336,62.5,↑,0.392857,NS,11/15,5,3
Blood,TET2,CD4_T,IT→IA,IT,IA,0.045363303,0.04710845,3.799999952316284,↑,1.0,NS,10/20,5,4
Blood,TET2,CD4_T,IA→AR,IA,AR,0.04710845,0.045102213,-4.300000190734863,↓,1.0,NS,6/12,4,3
Blood,TET2,CD4_T,CR→AR,CR,AR,0.07039336,0.045102213,-35.900001525878906,↓,0.1,NS,9/9,3,3
Blood,TET2,CD8_T,NL→IT,NL,IT,0.06886757,0.056828104,-17.5,↓,0.420635,NS,8/25,5,5
Blood,TET2,CD8_T,NL→IA,NL,IA,0.06886757,0.07221185,4.900000095367432,↑,0.190476,NS,16/20,5,4
Blood,TET2,CD8_T,NL→AR,NL,AR,0.06886757,0.059859302,-13.100000381469728,↓,0.785714,NS,6/15,5,3
Blood,TET2,CD8_T,NL→CR,NL,CR,0.06886757,0.08108543,17.700000762939453,↑,0.25,NS,12/15,5,3
Blood,TET2,CD8_T,IT→IA,IT,IA,0.056828104,0.07221185,27.100000381469727,↑,0.111111,NS,17/20,5,4
Blood,TET2,CD8_T,IA→AR,IA,AR,0.07221185,0.059859302,-17.100000381469727,↓,0.4,NS,9/12,4,3
Blood,TET2,CD8_T,CR→AR,CR,AR,0.08108543,0.059859302,-26.200000762939453,↓,0.7,NS,6/9,3,3
Blood,TET2,NK,NL→IT,NL,IT,0.05371905,0.09241758,72.0,↑,0.031746,*,23/25,5,5
Blood,TET2,NK,NL→IA,NL,IA,0.05371905,0.09311956,73.30000305175781,↑,0.111111,NS,17/20,5,4
Blood,TET2,NK,NL→AR,NL,AR,0.05371905,0.07399172,37.70000076293945,↑,0.142857,NS,13/15,5,3
Blood,TET2,NK,NL→CR,NL,CR,0.05371905,0.09270672,72.5999984741211,↑,0.142857,NS,13/15,5,3
Blood,TET2,NK,IT→IA,IT,IA,0.09241758,0.09311956,0.800000011920929,↑,0.904762,NS,9/20,5,4
Blood,TET2,NK,IA→AR,IA,AR,0.09311956,0.07399172,-20.5,↓,0.4,NS,9/12,4,3
Blood,TET2,NK,CR→AR,CR,AR,0.09270672,0.07399172,-20.200000762939453,↓,0.4,NS,7/9,3,3
Blood,TET2,B,NL→IT,NL,IT,0.07926677,0.09296932,17.299999237060547,↑,0.690476,NS,15/25,5,5
Blood,TET2,B,NL→IA,NL,IA,0.07926677,0.08169242,3.0999999046325684,↑,0.730159,NS,12/20,5,4
Blood,TET2,B,NL→AR,NL,AR,0.07926677,0.109202266,37.79999923706055,↑,0.785714,NS,9/15,5,3
Blood,TET2,B,NL→CR,NL,CR,0.07926677,0.11331001,42.900001525878906,↑,0.571429,NS,10/15,5,3
Blood,TET2,B,IT→IA,IT,IA,0.09296932,0.08169242,-12.100000381469728,↓,0.412698,NS,14/20,5,4
Blood,TET2,B,IA→AR,IA,AR,0.08169242,0.109202266,33.70000076293945,↑,0.628571,NS,8/12,4,3
Blood,TET2,B,CR→AR,CR,AR,0.11331001,0.109202266,-3.5999999046325684,↓,1.0,NS,4/9,3,3
Blood,TET2,PlasmaB,NL→IT,NL,IT,0.0677921,0.1669185,146.1999969482422,↑,0.138792,NS,20/25,5,5
Blood,TET2,PlasmaB,NL→IA,NL,IA,0.0677921,0.14250873,110.1999969482422,↑,0.262239,NS,15/20,5,4
Blood,TET2,PlasmaB,NL→AR,NL,AR,0.0677921,0.06563747,-3.200000047683716,↓,0.759982,NS,6/15,5,3
Blood,TET2,PlasmaB,NL→CR,NL,CR,0.0677921,0.18814588,177.5,↑,0.2217,NS,12/15,5,3
Blood,TET2,PlasmaB,IT→IA,IT,IA,0.1669185,0.14250873,-14.600000381469728,↓,0.904762,NS,11/20,5,4
Blood,TET2,PlasmaB,IA→AR,IA,AR,0.14250873,0.06563747,-53.900001525878906,↓,0.4,NS,9/12,4,3
Blood,TET2,PlasmaB,CR→AR,CR,AR,0.18814588,0.06563747,-65.0999984741211,↓,0.1,NS,9/9,3,3
Blood,TFAM,Myeloid,NL→IT,NL,IT,0.08960158,0.24298473,171.1999969482422,↑,0.007937,**,25/25,5,5
Blood,TFAM,Myeloid,NL→IA,NL,IA,0.08960158,0.24792603,176.6999969482422,↑,0.015873,*,20/20,5,4
Blood,TFAM,Myeloid,NL→AR,NL,AR,0.08960158,0.2303058,157.0,↑,0.035714,*,15/15,5,3
Blood,TFAM,Myeloid,NL→CR,NL,CR,0.08960158,0.21861728,144.0,↑,0.035714,*,15/15,5,3
Blood,TFAM,Myeloid,IT→IA,IT,IA,0.24298473,0.24792603,2.0,↑,1.0,NS,10/20,5,4
Blood,TFAM,Myeloid,IA→AR,IA,AR,0.24792603,0.2303058,-7.099999904632568,↓,0.857143,NS,7/12,4,3
Blood,TFAM,Myeloid,CR→AR,CR,AR,0.21861728,0.2303058,5.300000190734863,↑,0.7,NS,6/9,3,3
Blood,TFAM,CD4_T,NL→IT,NL,IT,0.14288437,0.27234444,90.5999984741211,↑,0.015873,*,24/25,5,5
Blood,TFAM,CD4_T,NL→IA,NL,IA,0.14288437,0.30282035,111.9000015258789,↑,0.015873,*,20/20,5,4
Blood,TFAM,CD4_T,NL→AR,NL,AR,0.14288437,0.30852786,115.9000015258789,↑,0.035714,*,15/15,5,3
Blood,TFAM,CD4_T,NL→CR,NL,CR,0.14288437,0.31457305,120.1999969482422,↑,0.035714,*,15/15,5,3
Blood,TFAM,CD4_T,IT→IA,IT,IA,0.27234444,0.30282035,11.199999809265137,↑,0.555556,NS,13/20,5,4
Blood,TFAM,CD4_T,IA→AR,IA,AR,0.30282035,0.30852786,1.899999976158142,↑,0.857143,NS,5/12,4,3
Blood,TFAM,CD4_T,CR→AR,CR,AR,0.31457305,0.30852786,-1.899999976158142,↓,1.0,NS,5/9,3,3
Blood,TFAM,CD8_T,NL→IT,NL,IT,0.15616812,0.29012382,85.80000305175781,↑,0.015873,*,24/25,5,5
Blood,TFAM,CD8_T,NL→IA,NL,IA,0.15616812,0.30539855,95.5999984741211,↑,0.111111,NS,17/20,5,4
Blood,TFAM,CD8_T,NL→AR,NL,AR,0.15616812,0.30382255,94.5,↑,0.035714,*,15/15,5,3
Blood,TFAM,CD8_T,NL→CR,NL,CR,0.15616812,0.31420305,101.1999969482422,↑,0.035714,*,15/15,5,3
Blood,TFAM,CD8_T,IT→IA,IT,IA,0.29012382,0.30539855,5.300000190734863,↑,1.0,NS,10/20,5,4
Blood,TFAM,CD8_T,IA→AR,IA,AR,0.30539855,0.30382255,-0.5,↓,0.857143,NS,5/12,4,3
Blood,TFAM,CD8_T,CR→AR,CR,AR,0.31420305,0.30382255,-3.299999952316284,↓,0.7,NS,6/9,3,3
Blood,TFAM,NK,NL→IT,NL,IT,0.13399497,0.22818021,70.30000305175781,↑,0.095238,†,21/25,5,5
Blood,TFAM,NK,NL→IA,NL,IA,0.13399497,0.2592759,93.5,↑,0.015873,*,20/20,5,4
Blood,TFAM,NK,NL→AR,NL,AR,0.13399497,0.25726888,92.0,↑,0.035714,*,15/15,5,3
Blood,TFAM,NK,NL→CR,NL,CR,0.13399497,0.2550981,90.4000015258789,↑,0.035714,*,15/15,5,3
Blood,TFAM,NK,IT→IA,IT,IA,0.22818021,0.2592759,13.600000381469728,↑,0.555556,NS,13/20,5,4
Blood,TFAM,NK,IA→AR,IA,AR,0.2592759,0.25726888,-0.800000011920929,↓,0.4,NS,9/12,4,3
Blood,TFAM,NK,CR→AR,CR,AR,0.2550981,0.25726888,0.8999999761581421,↑,0.7,NS,6/9,3,3
Blood,TFAM,B,NL→IT,NL,IT,0.14754027,0.2901326,96.5999984741211,↑,0.055556,†,22/25,5,5
Blood,TFAM,B,NL→IA,NL,IA,0.14754027,0.31191874,111.4000015258789,↑,0.015873,*,20/20,5,4
Blood,TFAM,B,NL→AR,NL,AR,0.14754027,0.31917226,116.3000030517578,↑,0.035714,*,15/15,5,3
Blood,TFAM,B,NL→CR,NL,CR,0.14754027,0.31480786,113.4000015258789,↑,0.035714,*,15/15,5,3
Blood,TFAM,B,IT→IA,IT,IA,0.2901326,0.31191874,7.5,↑,1.0,NS,10/20,5,4
Blood,TFAM,B,IA→AR,IA,AR,0.31191874,0.31917226,2.299999952316284,↑,1.0,NS,6/12,4,3
Blood,TFAM,B,CR→AR,CR,AR,0.31480786,0.31917226,1.399999976158142,↑,0.7,NS,3/9,3,3
Blood,TFAM,PlasmaB,NL→IT,NL,IT,0.2571241,0.3135113,21.899999618530277,↑,0.420635,NS,17/25,5,5
Blood,TFAM,PlasmaB,NL→IA,NL,IA,0.2571241,0.2942283,14.399999618530272,↑,0.555556,NS,13/20,5,4
Blood,TFAM,PlasmaB,NL→AR,NL,AR,0.2571241,0.26958612,4.800000190734863,↑,0.785714,NS,9/15,5,3
Blood,TFAM,PlasmaB,NL→CR,NL,CR,0.2571241,0.24689846,-4.0,↓,0.571429,NS,5/15,5,3
Blood,TFAM,PlasmaB,IT→IA,IT,IA,0.3135113,0.2942283,-6.199999809265137,↓,1.0,NS,10/20,5,4
Blood,TFAM,PlasmaB,IA→AR,IA,AR,0.2942283,0.26958612,-8.399999618530273,↓,0.857143,NS,7/12,4,3
Blood,TFAM,PlasmaB,CR→AR,CR,AR,0.24689846,0.26958612,9.199999809265137,↑,1.0,NS,5/9,3,3
Blood,TGFB1,Myeloid,NL→IT,NL,IT,0.5342394,1.3656752,155.60000610351562,↑,0.007937,**,25/25,5,5
Blood,TGFB1,Myeloid,NL→IA,NL,IA,0.5342394,1.474583,176.0,↑,0.015873,*,20/20,5,4
Blood,TGFB1,Myeloid,NL→AR,NL,AR,0.5342394,1.2568628,135.3000030517578,↑,0.035714,*,15/15,5,3
Blood,TGFB1,Myeloid,NL→CR,NL,CR,0.5342394,1.1744682,119.8000030517578,↑,0.035714,*,15/15,5,3
Blood,TGFB1,Myeloid,IT→IA,IT,IA,1.3656752,1.474583,8.0,↑,0.412698,NS,14/20,5,4
Blood,TGFB1,Myeloid,IA→AR,IA,AR,1.474583,1.2568628,-14.800000190734863,↓,0.4,NS,9/12,4,3
Blood,TGFB1,Myeloid,CR→AR,CR,AR,1.1744682,1.2568628,7.0,↑,1.0,NS,4/9,3,3
Blood,TGFB1,CD4_T,NL→IT,NL,IT,0.7491196,0.83515465,11.5,↑,0.547619,NS,16/25,5,5
Blood,TGFB1,CD4_T,NL→IA,NL,IA,0.7491196,1.376169,83.69999694824219,↑,0.111111,NS,17/20,5,4
Blood,TGFB1,CD4_T,NL→AR,NL,AR,0.7491196,0.7580821,1.2000000476837158,↑,0.785714,NS,6/15,5,3
Blood,TGFB1,CD4_T,NL→CR,NL,CR,0.7491196,0.54851604,-26.799999237060547,↓,0.392857,NS,11/15,5,3
Blood,TGFB1,CD4_T,IT→IA,IT,IA,0.83515465,1.376169,64.80000305175781,↑,0.111111,NS,17/20,5,4
Blood,TGFB1,CD4_T,IA→AR,IA,AR,1.376169,0.7580821,-44.900001525878906,↓,0.4,NS,9/12,4,3
Blood,TGFB1,CD4_T,CR→AR,CR,AR,0.54851604,0.7580821,38.20000076293945,↑,1.0,NS,5/9,3,3
Blood,TGFB1,CD8_T,NL→IT,NL,IT,0.9306207,0.92559016,-0.5,↓,0.84127,NS,11/25,5,5
Blood,TGFB1,CD8_T,NL→IA,NL,IA,0.9306207,1.4856327,59.59999847412109,↑,0.063492,†,18/20,5,4
Blood,TGFB1,CD8_T,NL→AR,NL,AR,0.9306207,0.9850542,5.800000190734863,↑,1.0,NS,8/15,5,3
Blood,TGFB1,CD8_T,NL→CR,NL,CR,0.9306207,0.636082,-31.600000381469727,↓,0.25,NS,12/15,5,3
Blood,TGFB1,CD8_T,IT→IA,IT,IA,0.92559016,1.4856327,60.5,↑,0.190476,NS,16/20,5,4
Blood,TGFB1,CD8_T,IA→AR,IA,AR,1.4856327,0.9850542,-33.70000076293945,↓,0.4,NS,9/12,4,3
Blood,TGFB1,CD8_T,CR→AR,CR,AR,0.636082,0.9850542,54.900001525878906,↑,0.7,NS,6/9,3,3
Blood,TGFB1,NK,NL→IT,NL,IT,1.2021534,1.4758699,22.799999237060547,↑,0.309524,NS,18/25,5,5
Blood,TGFB1,NK,NL→IA,NL,IA,1.2021534,2.1233225,76.5999984741211,↑,0.015873,*,20/20,5,4
Blood,TGFB1,NK,NL→AR,NL,AR,1.2021534,1.3785411,14.699999809265137,↑,0.785714,NS,9/15,5,3
Blood,TGFB1,NK,NL→CR,NL,CR,1.2021534,1.0178767,-15.300000190734863,↓,0.571429,NS,10/15,5,3
Blood,TGFB1,NK,IT→IA,IT,IA,1.4758699,2.1233225,43.900001525878906,↑,0.015873,*,20/20,5,4
Blood,TGFB1,NK,IA→AR,IA,AR,2.1233225,1.3785411,-35.099998474121094,↓,0.4,NS,9/12,4,3
Blood,TGFB1,NK,CR→AR,CR,AR,1.0178767,1.3785411,35.400001525878906,↑,0.7,NS,6/9,3,3
Blood,TGFB1,B,NL→IT,NL,IT,0.47816396,0.5650591,18.200000762939453,↑,0.420635,NS,17/25,5,5
Blood,TGFB1,B,NL→IA,NL,IA,0.47816396,0.964226,101.6999969482422,↑,0.063492,†,18/20,5,4
Blood,TGFB1,B,NL→AR,NL,AR,0.47816396,0.58749795,22.899999618530277,↑,0.785714,NS,9/15,5,3
Blood,TGFB1,B,NL→CR,NL,CR,0.47816396,0.34353057,-28.200000762939453,↓,0.785714,NS,9/15,5,3
Blood,TGFB1,B,IT→IA,IT,IA,0.5650591,0.964226,70.5999984741211,↑,0.111111,NS,17/20,5,4
Blood,TGFB1,B,IA→AR,IA,AR,0.964226,0.58749795,-39.09999847412109,↓,0.4,NS,9/12,4,3
Blood,TGFB1,B,CR→AR,CR,AR,0.34353057,0.58749795,71.0,↑,0.4,NS,7/9,3,3
Blood,TGFB1,PlasmaB,NL→IT,NL,IT,0.23622477,0.7034153,197.8000030517578,↑,0.015873,*,24/25,5,5
Blood,TGFB1,PlasmaB,NL→IA,NL,IA,0.23622477,0.7455009,215.6000061035156,↑,0.015873,*,20/20,5,4
Blood,TGFB1,PlasmaB,NL→AR,NL,AR,0.23622477,0.46247983,95.8000030517578,↑,0.142857,NS,13/15,5,3
Blood,TGFB1,PlasmaB,NL→CR,NL,CR,0.23622477,0.42073688,78.0999984741211,↑,0.25,NS,12/15,5,3
Blood,TGFB1,PlasmaB,IT→IA,IT,IA,0.7034153,0.7455009,6.0,↑,1.0,NS,10/20,5,4
Blood,TGFB1,PlasmaB,IA→AR,IA,AR,0.7455009,0.46247983,-38.0,↓,0.4,NS,9/12,4,3
Blood,TGFB1,PlasmaB,CR→AR,CR,AR,0.42073688,0.46247983,9.899999618530272,↑,0.7,NS,3/9,3,3
Blood,TGFB2,Myeloid,NL→IT,NL,IT,0.0,6.213052e-05,99999.0,↑,0.423711,NS,5/25,5,5
Blood,TGFB2,Myeloid,NL→IA,NL,IA,0.0,0.003279863,99999.0,↑,0.04162,*,15/20,5,4
Blood,TGFB2,Myeloid,NL→AR,NL,AR,0.0,0.0,0.0,↑,1.0,NS,0/15,5,3
Blood,TGFB2,Myeloid,NL→CR,NL,CR,0.0,0.00061908015,99999.0,↑,0.078983,†,10/15,5,3
Blood,TGFB2,Myeloid,IT→IA,IT,IA,6.213052e-05,0.003279863,5179.0,↑,0.081136,†,15/20,5,4
Blood,TGFB2,Myeloid,IA→AR,IA,AR,0.003279863,0.0,-100.0,↓,0.11867,NS,9/12,4,3
Blood,TGFB2,Myeloid,CR→AR,CR,AR,0.00061908015,0.0,-100.0,↓,0.196706,NS,6/9,3,3
Blood,TGFB2,CD4_T,NL→IT,NL,IT,0.0,0.0,0.0,↑,1.0,NS,0/25,5,5
Blood,TGFB2,CD4_T,NL→IA,NL,IA,0.0,0.0,0.0,↑,1.0,NS,0/20,5,4
Blood,TGFB2,CD4_T,NL→AR,NL,AR,0.0,0.00017991493,99999.0,↑,0.3017,NS,5/15,5,3
Blood,TGFB2,CD4_T,NL→CR,NL,CR,0.0,0.0,0.0,↑,1.0,NS,0/15,5,3
Blood,TGFB2,CD4_T,IT→IA,IT,IA,0.0,0.0,0.0,↑,1.0,NS,0/20,5,4
Blood,TGFB2,CD4_T,IA→AR,IA,AR,0.0,0.00017991493,99999.0,↑,0.386476,NS,4/12,4,3
Blood,TGFB2,CD4_T,CR→AR,CR,AR,0.0,0.00017991493,99999.0,↑,0.504985,NS,3/9,3,3
Blood,TGFB2,CD8_T,NL→IT,NL,IT,0.0,0.0,0.0,↑,1.0,NS,0/25,5,5
Blood,TGFB2,CD8_T,NL→IA,NL,IA,0.0,0.0,0.0,↑,1.0,NS,0/20,5,4
Blood,TGFB2,CD8_T,NL→AR,NL,AR,0.0,0.0,0.0,↑,1.0,NS,0/15,5,3
Blood,TGFB2,CD8_T,NL→CR,NL,CR,0.0,0.0,0.0,↑,1.0,NS,0/15,5,3
Blood,TGFB2,CD8_T,IT→IA,IT,IA,0.0,0.0,0.0,↑,1.0,NS,0/20,5,4
Blood,TGFB2,CD8_T,IA→AR,IA,AR,0.0,0.0,0.0,↑,1.0,NS,0/12,4,3
Blood,TGFB2,CD8_T,CR→AR,CR,AR,0.0,0.0,0.0,↑,1.0,NS,0/9,3,3
Blood,TGFB2,NK,NL→IT,NL,IT,0.0,0.0,0.0,↑,1.0,NS,0/25,5,5
Blood,TGFB2,NK,NL→IA,NL,IA,0.0,0.0,0.0,↑,1.0,NS,0/20,5,4
Blood,TGFB2,NK,NL→AR,NL,AR,0.0,0.0,0.0,↑,1.0,NS,0/15,5,3
Blood,TGFB2,NK,NL→CR,NL,CR,0.0,0.0,0.0,↑,1.0,NS,0/15,5,3
Blood,TGFB2,NK,IT→IA,IT,IA,0.0,0.0,0.0,↑,1.0,NS,0/20,5,4
Blood,TGFB2,NK,IA→AR,IA,AR,0.0,0.0,0.0,↑,1.0,NS,0/12,4,3
Blood,TGFB2,NK,CR→AR,CR,AR,0.0,0.0,0.0,↑,1.0,NS,0/9,3,3
Blood,TGFB2,B,NL→IT,NL,IT,0.008592076,0.006623397,-22.899999618530277,↓,0.332112,NS,6/25,5,5
Blood,TGFB2,B,NL→IA,NL,IA,0.008592076,0.012610315,46.79999923706055,↑,0.170609,NS,16/20,5,4
Blood,TGFB2,B,NL→AR,NL,AR,0.008592076,0.0109943,28.0,↑,0.359397,NS,11/15,5,3
Blood,TGFB2,B,NL→CR,NL,CR,0.008592076,0.0022220407,-74.0999984741211,↓,0.541193,NS,5/15,5,3
Blood,TGFB2,B,IT→IA,IT,IA,0.006623397,0.012610315,90.4000015258789,↑,0.111111,NS,17/20,5,4
Blood,TGFB2,B,IA→AR,IA,AR,0.012610315,0.0109943,-12.800000190734863,↓,0.857143,NS,7/12,4,3
Blood,TGFB2,B,CR→AR,CR,AR,0.0022220407,0.0109943,394.7999877929688,↑,0.2,NS,8/9,3,3
Blood,TGFB2,PlasmaB,NL→IT,NL,IT,0.0,0.0,0.0,↑,1.0,NS,0/25,5,5
Blood,TGFB2,PlasmaB,NL→IA,NL,IA,0.0,0.0,0.0,↑,1.0,NS,0/20,5,4
Blood,TGFB2,PlasmaB,NL→AR,NL,AR,0.0,0.0,0.0,↑,1.0,NS,0/15,5,3
Blood,TGFB2,PlasmaB,NL→CR,NL,CR,0.0,0.0,0.0,↑,1.0,NS,0/15,5,3
Blood,TGFB2,PlasmaB,IT→IA,IT,IA,0.0,0.0,0.0,↑,1.0,NS,0/20,5,4
Blood,TGFB2,PlasmaB,IA→AR,IA,AR,0.0,0.0,0.0,↑,1.0,NS,0/12,4,3
Blood,TGFB2,PlasmaB,CR→AR,CR,AR,0.0,0.0,0.0,↑,1.0,NS,0/9,3,3
Blood,TGFBR1,Myeloid,NL→IT,NL,IT,0.06048903,0.11195737,85.0999984741211,↑,0.095238,†,21/25,5,5
Blood,TGFBR1,Myeloid,NL→IA,NL,IA,0.06048903,0.12460269,106.0,↑,0.111111,NS,17/20,5,4
Blood,TGFBR1,Myeloid,NL→AR,NL,AR,0.06048903,0.10321208,70.5999984741211,↑,0.25,NS,12/15,5,3
Blood,TGFBR1,Myeloid,NL→CR,NL,CR,0.06048903,0.1091896,80.5,↑,0.25,NS,12/15,5,3
Blood,TGFBR1,Myeloid,IT→IA,IT,IA,0.11195737,0.12460269,11.300000190734863,↑,0.412698,NS,14/20,5,4
Blood,TGFBR1,Myeloid,IA→AR,IA,AR,0.12460269,0.10321208,-17.200000762939453,↓,0.4,NS,9/12,4,3
Blood,TGFBR1,Myeloid,CR→AR,CR,AR,0.1091896,0.10321208,-5.5,↓,0.7,NS,6/9,3,3
Blood,TGFBR1,CD4_T,NL→IT,NL,IT,0.055595875,0.08097917,45.70000076293945,↑,0.420635,NS,17/25,5,5
Blood,TGFBR1,CD4_T,NL→IA,NL,IA,0.055595875,0.07890695,41.900001525878906,↑,0.730159,NS,12/20,5,4
Blood,TGFBR1,CD4_T,NL→AR,NL,AR,0.055595875,0.060278356,8.399999618530273,↑,0.785714,NS,9/15,5,3
Blood,TGFBR1,CD4_T,NL→CR,NL,CR,0.055595875,0.052914336,-4.800000190734863,↓,0.571429,NS,10/15,5,3
Blood,TGFBR1,CD4_T,IT→IA,IT,IA,0.08097917,0.07890695,-2.5999999046325684,↓,0.904762,NS,11/20,5,4
Blood,TGFBR1,CD4_T,IA→AR,IA,AR,0.07890695,0.060278356,-23.600000381469727,↓,0.114286,NS,11/12,4,3
Blood,TGFBR1,CD4_T,CR→AR,CR,AR,0.052914336,0.060278356,13.899999618530272,↑,0.7,NS,6/9,3,3
Blood,TGFBR1,CD8_T,NL→IT,NL,IT,0.06798209,0.1316566,93.6999969482422,↑,0.095238,†,21/25,5,5
Blood,TGFBR1,CD8_T,NL→IA,NL,IA,0.06798209,0.12764591,87.80000305175781,↑,0.285714,NS,15/20,5,4
Blood,TGFBR1,CD8_T,NL→AR,NL,AR,0.06798209,0.14920825,119.5,↑,0.071429,†,14/15,5,3
Blood,TGFBR1,CD8_T,NL→CR,NL,CR,0.06798209,0.094648294,39.20000076293945,↑,0.392857,NS,11/15,5,3
Blood,TGFBR1,CD8_T,IT→IA,IT,IA,0.1316566,0.12764591,-3.0,↓,0.730159,NS,8/20,5,4
Blood,TGFBR1,CD8_T,IA→AR,IA,AR,0.12764591,0.14920825,16.899999618530273,↑,0.857143,NS,7/12,4,3
Blood,TGFBR1,CD8_T,CR→AR,CR,AR,0.094648294,0.14920825,57.59999847412109,↑,0.2,NS,8/9,3,3
Blood,TGFBR1,NK,NL→IT,NL,IT,0.14647858,0.28691548,95.9000015258789,↑,0.007937,**,25/25,5,5
Blood,TGFBR1,NK,NL→IA,NL,IA,0.14647858,0.26208538,78.9000015258789,↑,0.111111,NS,17/20,5,4
Blood,TGFBR1,NK,NL→AR,NL,AR,0.14647858,0.23889183,63.09999847412109,↑,0.142857,NS,13/15,5,3
Blood,TGFBR1,NK,NL→CR,NL,CR,0.14647858,0.18135898,23.799999237060547,↑,0.785714,NS,9/15,5,3
Blood,TGFBR1,NK,IT→IA,IT,IA,0.28691548,0.26208538,-8.699999809265137,↓,0.904762,NS,9/20,5,4
Blood,TGFBR1,NK,IA→AR,IA,AR,0.26208538,0.23889183,-8.800000190734863,↓,0.628571,NS,8/12,4,3
Blood,TGFBR1,NK,CR→AR,CR,AR,0.18135898,0.23889183,31.700000762939453,↑,0.4,NS,7/9,3,3
Blood,TGFBR1,B,NL→IT,NL,IT,0.024930725,0.05279557,111.8000030517578,↑,0.059327,†,22/25,5,5
Blood,TGFBR1,B,NL→IA,NL,IA,0.024930725,0.0831934,233.6999969482422,↑,0.109855,NS,17/20,5,4
Blood,TGFBR1,B,NL→AR,NL,AR,0.024930725,0.052740198,111.5,↑,0.133701,NS,13/15,5,3
Blood,TGFBR1,B,NL→CR,NL,CR,0.024930725,0.06717085,169.39999389648438,↑,0.071924,†,14/15,5,3
Blood,TGFBR1,B,IT→IA,IT,IA,0.05279557,0.0831934,57.59999847412109,↑,0.412698,NS,14/20,5,4
Blood,TGFBR1,B,IA→AR,IA,AR,0.0831934,0.052740198,-36.59999847412109,↓,0.4,NS,9/12,4,3
Blood,TGFBR1,B,CR→AR,CR,AR,0.06717085,0.052740198,-21.5,↓,0.4,NS,7/9,3,3
Blood,TGFBR1,PlasmaB,NL→IT,NL,IT,0.0035870099,0.047187738,1215.5,↑,0.044909,*,20/25,5,5
Blood,TGFBR1,PlasmaB,NL→IA,NL,IA,0.0035870099,0.062238097,1635.0999755859375,↑,0.081136,†,15/20,5,4
Blood,TGFBR1,PlasmaB,NL→AR,NL,AR,0.0035870099,0.032204095,797.7999877929688,↑,0.026179,*,15/15,5,3
Blood,TGFBR1,PlasmaB,NL→CR,NL,CR,0.0035870099,0.046771053,1203.9000244140625,↑,0.026179,*,15/15,5,3
Blood,TGFBR1,PlasmaB,IT→IA,IT,IA,0.047187738,0.062238097,31.899999618530277,↑,0.460558,NS,13/20,5,4
Blood,TGFBR1,PlasmaB,IA→AR,IA,AR,0.062238097,0.032204095,-48.29999923706055,↓,0.628571,NS,8/12,4,3
Blood,TGFBR1,PlasmaB,CR→AR,CR,AR,0.046771053,0.032204095,-31.100000381469727,↓,0.2,NS,8/9,3,3
Blood,TGFBR2,Myeloid,NL→IT,NL,IT,0.24634452,0.44624537,81.0999984741211,↑,0.031746,*,23/25,5,5
Blood,TGFBR2,Myeloid,NL→IA,NL,IA,0.24634452,0.47764722,93.9000015258789,↑,0.063492,†,18/20,5,4
Blood,TGFBR2,Myeloid,NL→AR,NL,AR,0.24634452,0.55319524,124.5999984741211,↑,0.035714,*,15/15,5,3
Blood,TGFBR2,Myeloid,NL→CR,NL,CR,0.24634452,0.537929,118.4000015258789,↑,0.035714,*,15/15,5,3
Blood,TGFBR2,Myeloid,IT→IA,IT,IA,0.44624537,0.47764722,7.0,↑,0.412698,NS,14/20,5,4
Blood,TGFBR2,Myeloid,IA→AR,IA,AR,0.47764722,0.55319524,15.800000190734863,↑,0.628571,NS,8/12,4,3
Blood,TGFBR2,Myeloid,CR→AR,CR,AR,0.537929,0.55319524,2.799999952316284,↑,1.0,NS,5/9,3,3
Blood,TGFBR2,CD4_T,NL→IT,NL,IT,0.31042975,0.5497522,77.0999984741211,↑,0.031746,*,23/25,5,5
Blood,TGFBR2,CD4_T,NL→IA,NL,IA,0.31042975,0.5432562,75.0,↑,0.190476,NS,16/20,5,4
Blood,TGFBR2,CD4_T,NL→AR,NL,AR,0.31042975,0.61584777,98.4000015258789,↑,0.035714,*,15/15,5,3
Blood,TGFBR2,CD4_T,NL→CR,NL,CR,0.31042975,0.841798,171.1999969482422,↑,0.035714,*,15/15,5,3
Blood,TGFBR2,CD4_T,IT→IA,IT,IA,0.5497522,0.5432562,-1.2000000476837158,↓,1.0,NS,10/20,5,4
Blood,TGFBR2,CD4_T,IA→AR,IA,AR,0.5432562,0.61584777,13.399999618530272,↑,0.857143,NS,7/12,4,3
Blood,TGFBR2,CD4_T,CR→AR,CR,AR,0.841798,0.61584777,-26.799999237060547,↓,0.4,NS,7/9,3,3
Blood,TGFBR2,CD8_T,NL→IT,NL,IT,0.32462066,0.6651675,104.9000015258789,↑,0.031746,*,23/25,5,5
Blood,TGFBR2,CD8_T,NL→IA,NL,IA,0.32462066,0.5874885,81.0,↑,0.111111,NS,17/20,5,4
Blood,TGFBR2,CD8_T,NL→AR,NL,AR,0.32462066,0.67021185,106.5,↑,0.035714,*,15/15,5,3
Blood,TGFBR2,CD8_T,NL→CR,NL,CR,0.32462066,0.8455017,160.5,↑,0.035714,*,15/15,5,3
Blood,TGFBR2,CD8_T,IT→IA,IT,IA,0.6651675,0.5874885,-11.699999809265137,↓,0.730159,NS,12/20,5,4
Blood,TGFBR2,CD8_T,IA→AR,IA,AR,0.5874885,0.67021185,14.100000381469728,↑,0.628571,NS,8/12,4,3
Blood,TGFBR2,CD8_T,CR→AR,CR,AR,0.8455017,0.67021185,-20.700000762939453,↓,0.1,NS,9/9,3,3
Blood,TGFBR2,NK,NL→IT,NL,IT,0.21594934,0.38564926,78.5999984741211,↑,0.055556,†,22/25,5,5
Blood,TGFBR2,NK,NL→IA,NL,IA,0.21594934,0.41718817,93.1999969482422,↑,0.063492,†,18/20,5,4
Blood,TGFBR2,NK,NL→AR,NL,AR,0.21594934,0.44411576,105.6999969482422,↑,0.035714,*,15/15,5,3
Blood,TGFBR2,NK,NL→CR,NL,CR,0.21594934,0.52017546,140.89999389648438,↑,0.035714,*,15/15,5,3
Blood,TGFBR2,NK,IT→IA,IT,IA,0.38564926,0.41718817,8.199999809265137,↑,0.730159,NS,12/20,5,4
Blood,TGFBR2,NK,IA→AR,IA,AR,0.41718817,0.44411576,6.5,↑,1.0,NS,6/12,4,3
Blood,TGFBR2,NK,CR→AR,CR,AR,0.52017546,0.44411576,-14.600000381469728,↓,0.4,NS,7/9,3,3
Blood,TGFBR2,B,NL→IT,NL,IT,0.33510754,0.53519684,59.70000076293945,↑,0.055556,†,22/25,5,5
Blood,TGFBR2,B,NL→IA,NL,IA,0.33510754,0.5635295,68.19999694824219,↑,0.031746,*,19/20,5,4
Blood,TGFBR2,B,NL→AR,NL,AR,0.33510754,0.5672025,69.30000305175781,↑,0.035714,*,15/15,5,3
Blood,TGFBR2,B,NL→CR,NL,CR,0.33510754,0.7299407,117.8000030517578,↑,0.035714,*,15/15,5,3
Blood,TGFBR2,B,IT→IA,IT,IA,0.53519684,0.5635295,5.300000190734863,↑,0.555556,NS,13/20,5,4
Blood,TGFBR2,B,IA→AR,IA,AR,0.5635295,0.5672025,0.699999988079071,↑,1.0,NS,6/12,4,3
Blood,TGFBR2,B,CR→AR,CR,AR,0.7299407,0.5672025,-22.299999237060547,↓,0.1,NS,9/9,3,3
Blood,TGFBR2,PlasmaB,NL→IT,NL,IT,0.032780983,0.5922037,1706.5,↑,0.009701,**,25/25,5,5
Blood,TGFBR2,PlasmaB,NL→IA,NL,IA,0.032780983,0.4630196,1312.5,↑,0.029657,*,19/20,5,4
Blood,TGFBR2,PlasmaB,NL→AR,NL,AR,0.032780983,0.2225494,578.9000244140625,↑,0.056664,†,14/15,5,3
Blood,TGFBR2,PlasmaB,NL→CR,NL,CR,0.032780983,0.6656153,1930.5,↑,0.026179,*,15/15,5,3
Blood,TGFBR2,PlasmaB,IT→IA,IT,IA,0.5922037,0.4630196,-21.799999237060547,↓,0.412698,NS,14/20,5,4
Blood,TGFBR2,PlasmaB,IA→AR,IA,AR,0.4630196,0.2225494,-51.900001525878906,↓,0.228571,NS,10/12,4,3
Blood,TGFBR2,PlasmaB,CR→AR,CR,AR,0.6656153,0.2225494,-66.5999984741211,↓,0.1,NS,9/9,3,3
Blood,TIGIT,Myeloid,NL→IT,NL,IT,0.0,0.0016938217,99999.0,↑,0.179712,NS,10/25,5,5
Blood,TIGIT,Myeloid,NL→IA,NL,IA,0.0,0.007943188,99999.0,↑,0.0108,*,20/20,5,4
Blood,TIGIT,Myeloid,NL→AR,NL,AR,0.0,0.00010274316,99999.0,↑,0.3017,NS,5/15,5,3
Blood,TIGIT,Myeloid,NL→CR,NL,CR,0.0,0.0042413655,99999.0,↑,0.016805,*,15/15,5,3
Blood,TIGIT,Myeloid,IT→IA,IT,IA,0.0016938217,0.007943188,369.0,↑,0.170609,NS,16/20,5,4
Blood,TIGIT,Myeloid,IA→AR,IA,AR,0.007943188,0.00010274316,-98.6999969482422,↓,0.049746,*,12/12,4,3
Blood,TIGIT,Myeloid,CR→AR,CR,AR,0.0042413655,0.00010274316,-97.5999984741211,↓,0.076523,†,9/9,3,3
Blood,TIGIT,CD4_T,NL→IT,NL,IT,0.24880676,0.18120852,-27.200000762939453,↓,0.84127,NS,14/25,5,5
Blood,TIGIT,CD4_T,NL→IA,NL,IA,0.24880676,0.27004737,8.5,↑,0.904762,NS,11/20,5,4
Blood,TIGIT,CD4_T,NL→AR,NL,AR,0.24880676,0.17925632,-28.0,↓,0.785714,NS,9/15,5,3
Blood,TIGIT,CD4_T,NL→CR,NL,CR,0.24880676,0.15853979,-36.29999923706055,↓,0.392857,NS,11/15,5,3
Blood,TIGIT,CD4_T,IT→IA,IT,IA,0.18120852,0.27004737,49.0,↑,0.730159,NS,12/20,5,4
Blood,TIGIT,CD4_T,IA→AR,IA,AR,0.27004737,0.17925632,-33.599998474121094,↓,0.857143,NS,7/12,4,3
Blood,TIGIT,CD4_T,CR→AR,CR,AR,0.15853979,0.17925632,13.100000381469728,↑,0.7,NS,6/9,3,3
Blood,TIGIT,CD8_T,NL→IT,NL,IT,0.34593913,0.21055773,-39.09999847412109,↓,0.095238,†,21/25,5,5
Blood,TIGIT,CD8_T,NL→IA,NL,IA,0.34593913,0.4586586,32.599998474121094,↑,0.730159,NS,12/20,5,4
Blood,TIGIT,CD8_T,NL→AR,NL,AR,0.34593913,0.29864916,-13.699999809265137,↓,0.571429,NS,10/15,5,3
Blood,TIGIT,CD8_T,NL→CR,NL,CR,0.34593913,0.13658653,-60.5,↓,0.071429,†,14/15,5,3
Blood,TIGIT,CD8_T,IT→IA,IT,IA,0.21055773,0.4586586,117.8000030517578,↑,0.285714,NS,15/20,5,4
Blood,TIGIT,CD8_T,IA→AR,IA,AR,0.4586586,0.29864916,-34.900001525878906,↓,0.628571,NS,8/12,4,3
Blood,TIGIT,CD8_T,CR→AR,CR,AR,0.13658653,0.29864916,118.6999969482422,↑,0.4,NS,7/9,3,3
Blood,TIGIT,NK,NL→IT,NL,IT,0.32588947,0.35448933,8.800000190734863,↑,0.84127,NS,14/25,5,5
Blood,TIGIT,NK,NL→IA,NL,IA,0.32588947,0.47960812,47.20000076293945,↑,0.285714,NS,15/20,5,4
Blood,TIGIT,NK,NL→AR,NL,AR,0.32588947,0.32470664,-0.4000000059604645,↓,1.0,NS,7/15,5,3
Blood,TIGIT,NK,NL→CR,NL,CR,0.32588947,0.24040037,-26.200000762939453,↓,0.571429,NS,10/15,5,3
Blood,TIGIT,NK,IT→IA,IT,IA,0.35448933,0.47960812,35.29999923706055,↑,0.412698,NS,14/20,5,4
Blood,TIGIT,NK,IA→AR,IA,AR,0.47960812,0.32470664,-32.29999923706055,↓,0.228571,NS,10/12,4,3
Blood,TIGIT,NK,CR→AR,CR,AR,0.24040037,0.32470664,35.099998474121094,↑,0.7,NS,6/9,3,3
Blood,TIGIT,B,NL→IT,NL,IT,0.035887655,0.01413891,-60.59999847412109,↓,0.138792,NS,5/25,5,5
Blood,TIGIT,B,NL→IA,NL,IA,0.035887655,0.019882722,-44.59999847412109,↓,0.262239,NS,5/20,5,4
Blood,TIGIT,B,NL→AR,NL,AR,0.035887655,0.009289444,-74.0999984741211,↓,0.359397,NS,4/15,5,3
Blood,TIGIT,B,NL→CR,NL,CR,0.035887655,0.0090002045,-74.9000015258789,↓,0.541193,NS,5/15,5,3
Blood,TIGIT,B,IT→IA,IT,IA,0.01413891,0.019882722,40.59999847412109,↑,0.904762,NS,9/20,5,4
Blood,TIGIT,B,IA→AR,IA,AR,0.019882722,0.009289444,-53.29999923706055,↓,0.4,NS,9/12,4,3
Blood,TIGIT,B,CR→AR,CR,AR,0.0090002045,0.009289444,3.200000047683716,↑,0.7,NS,6/9,3,3
Blood,TIGIT,PlasmaB,NL→IT,NL,IT,0.0,0.012664832,99999.0,↑,0.072006,†,15/25,5,5
Blood,TIGIT,PlasmaB,NL→IA,NL,IA,0.0,0.01675698,99999.0,↑,0.13121,NS,10/20,5,4
Blood,TIGIT,PlasmaB,NL→AR,NL,AR,0.0,0.020646445,99999.0,↑,0.016805,*,15/15,5,3
Blood,TIGIT,PlasmaB,NL→CR,NL,CR,0.0,0.020181999,99999.0,↑,0.016805,*,15/15,5,3
Blood,TIGIT,PlasmaB,IT→IA,IT,IA,0.012664832,0.01675698,32.29999923706055,↑,1.0,NS,8/20,5,4
Blood,TIGIT,PlasmaB,IA→AR,IA,AR,0.01675698,0.020646445,23.200000762939453,↑,0.858427,NS,7/12,4,3
Blood,TIGIT,PlasmaB,CR→AR,CR,AR,0.020181999,0.020646445,2.299999952316284,↑,1.0,NS,4/9,3,3
Blood,TIMP1,Myeloid,NL→IT,NL,IT,1.7550714,1.4010417,-20.200000762939453,↓,0.222222,NS,19/25,5,5
Blood,TIMP1,Myeloid,NL→IA,NL,IA,1.7550714,1.7183383,-2.0999999046325684,↓,0.904762,NS,11/20,5,4
Blood,TIMP1,Myeloid,NL→AR,NL,AR,1.7550714,1.3673787,-22.100000381469727,↓,0.25,NS,12/15,5,3
Blood,TIMP1,Myeloid,NL→CR,NL,CR,1.7550714,1.4776963,-15.800000190734863,↓,0.392857,NS,11/15,5,3
Blood,TIMP1,Myeloid,IT→IA,IT,IA,1.4010417,1.7183383,22.600000381469727,↑,0.730159,NS,12/20,5,4
Blood,TIMP1,Myeloid,IA→AR,IA,AR,1.7183383,1.3673787,-20.399999618530277,↓,0.857143,NS,7/12,4,3
Blood,TIMP1,Myeloid,CR→AR,CR,AR,1.4776963,1.3673787,-7.5,↓,0.7,NS,6/9,3,3
Blood,TIMP1,CD4_T,NL→IT,NL,IT,0.53426933,0.47127128,-11.800000190734863,↓,1.0,NS,13/25,5,5
Blood,TIMP1,CD4_T,NL→IA,NL,IA,0.53426933,0.41367644,-22.600000381469727,↓,0.285714,NS,15/20,5,4
Blood,TIMP1,CD4_T,NL→AR,NL,AR,0.53426933,0.5471379,2.400000095367432,↑,1.0,NS,8/15,5,3
Blood,TIMP1,CD4_T,NL→CR,NL,CR,0.53426933,0.65877813,23.299999237060547,↑,0.25,NS,12/15,5,3
Blood,TIMP1,CD4_T,IT→IA,IT,IA,0.47127128,0.41367644,-12.199999809265137,↓,0.555556,NS,13/20,5,4
Blood,TIMP1,CD4_T,IA→AR,IA,AR,0.41367644,0.5471379,32.29999923706055,↑,0.114286,NS,11/12,4,3
Blood,TIMP1,CD4_T,CR→AR,CR,AR,0.65877813,0.5471379,-16.899999618530273,↓,0.1,NS,9/9,3,3
Blood,TIMP1,CD8_T,NL→IT,NL,IT,0.26972196,0.2861867,6.099999904632568,↑,0.547619,NS,16/25,5,5
Blood,TIMP1,CD8_T,NL→IA,NL,IA,0.26972196,0.23303437,-13.600000381469728,↓,0.904762,NS,9/20,5,4
Blood,TIMP1,CD8_T,NL→AR,NL,AR,0.26972196,0.3469194,28.600000381469727,↑,0.571429,NS,10/15,5,3
Blood,TIMP1,CD8_T,NL→CR,NL,CR,0.26972196,0.373028,38.29999923706055,↑,0.571429,NS,10/15,5,3
Blood,TIMP1,CD8_T,IT→IA,IT,IA,0.2861867,0.23303437,-18.600000381469727,↓,0.730159,NS,12/20,5,4
Blood,TIMP1,CD8_T,IA→AR,IA,AR,0.23303437,0.3469194,48.900001525878906,↑,0.228571,NS,10/12,4,3
Blood,TIMP1,CD8_T,CR→AR,CR,AR,0.373028,0.3469194,-7.0,↓,0.7,NS,6/9,3,3
Blood,TIMP1,NK,NL→IT,NL,IT,0.26314217,0.328103,24.700000762939453,↑,0.031746,*,23/25,5,5
Blood,TIMP1,NK,NL→IA,NL,IA,0.26314217,0.29590154,12.399999618530272,↑,0.555556,NS,13/20,5,4
Blood,TIMP1,NK,NL→AR,NL,AR,0.26314217,0.41815886,58.900001525878906,↑,0.142857,NS,13/15,5,3
Blood,TIMP1,NK,NL→CR,NL,CR,0.26314217,0.36861992,40.09999847412109,↑,0.035714,*,15/15,5,3
Blood,TIMP1,NK,IT→IA,IT,IA,0.328103,0.29590154,-9.800000190734863,↓,0.412698,NS,14/20,5,4
Blood,TIMP1,NK,IA→AR,IA,AR,0.29590154,0.41815886,41.29999923706055,↑,0.4,NS,9/12,4,3
Blood,TIMP1,NK,CR→AR,CR,AR,0.36861992,0.41815886,13.399999618530272,↑,0.7,NS,6/9,3,3
Blood,TIMP1,B,NL→IT,NL,IT,0.13980338,0.052274305,-62.59999847412109,↓,0.547619,NS,16/25,5,5
Blood,TIMP1,B,NL→IA,NL,IA,0.13980338,0.051164895,-63.400001525878906,↓,0.730159,NS,12/20,5,4
Blood,TIMP1,B,NL→AR,NL,AR,0.13980338,0.08465687,-39.400001525878906,↓,1.0,NS,8/15,5,3
Blood,TIMP1,B,NL→CR,NL,CR,0.13980338,0.06255275,-55.29999923706055,↓,0.785714,NS,9/15,5,3
Blood,TIMP1,B,IT→IA,IT,IA,0.052274305,0.051164895,-2.0999999046325684,↓,0.904762,NS,9/20,5,4
Blood,TIMP1,B,IA→AR,IA,AR,0.051164895,0.08465687,65.5,↑,0.057143,†,12/12,4,3
Blood,TIMP1,B,CR→AR,CR,AR,0.06255275,0.08465687,35.29999923706055,↑,0.2,NS,8/9,3,3
Blood,TIMP1,PlasmaB,NL→IT,NL,IT,0.065776244,0.08382498,27.399999618530277,↑,0.672336,NS,15/25,5,5
Blood,TIMP1,PlasmaB,NL→IA,NL,IA,0.065776244,0.10679504,62.400001525878906,↑,0.383221,NS,14/20,5,4
Blood,TIMP1,PlasmaB,NL→AR,NL,AR,0.065776244,0.13528247,105.6999969482422,↑,0.541193,NS,10/15,5,3
Blood,TIMP1,PlasmaB,NL→CR,NL,CR,0.065776244,0.1281495,94.8000030517578,↑,0.759982,NS,9/15,5,3
Blood,TIMP1,PlasmaB,IT→IA,IT,IA,0.08382498,0.10679504,27.399999618530277,↑,0.904762,NS,11/20,5,4
Blood,TIMP1,PlasmaB,IA→AR,IA,AR,0.10679504,0.13528247,26.700000762939453,↑,0.857143,NS,7/12,4,3
Blood,TIMP1,PlasmaB,CR→AR,CR,AR,0.1281495,0.13528247,5.599999904632568,↑,1.0,NS,4/9,3,3
Blood,TNFAIP3,Myeloid,NL→IT,NL,IT,0.47537813,0.26210028,-44.900001525878906,↓,0.547619,NS,16/25,5,5
Blood,TNFAIP3,Myeloid,NL→IA,NL,IA,0.47537813,0.32725322,-31.200000762939453,↓,0.904762,NS,11/20,5,4
Blood,TNFAIP3,Myeloid,NL→AR,NL,AR,0.47537813,0.28112176,-40.900001525878906,↓,0.785714,NS,9/15,5,3
Blood,TNFAIP3,Myeloid,NL→CR,NL,CR,0.47537813,0.33575094,-29.399999618530277,↓,1.0,NS,7/15,5,3
Blood,TNFAIP3,Myeloid,IT→IA,IT,IA,0.26210028,0.32725322,24.899999618530277,↑,0.730159,NS,12/20,5,4
Blood,TNFAIP3,Myeloid,IA→AR,IA,AR,0.32725322,0.28112176,-14.100000381469728,↓,1.0,NS,6/12,4,3
Blood,TNFAIP3,Myeloid,CR→AR,CR,AR,0.33575094,0.28112176,-16.299999237060547,↓,1.0,NS,5/9,3,3
Blood,TNFAIP3,CD4_T,NL→IT,NL,IT,0.3808952,0.3558816,-6.599999904632568,↓,1.0,NS,13/25,5,5
Blood,TNFAIP3,CD4_T,NL→IA,NL,IA,0.3808952,0.7223189,89.5999984741211,↑,1.0,NS,10/20,5,4
Blood,TNFAIP3,CD4_T,NL→AR,NL,AR,0.3808952,0.44145396,15.899999618530272,↑,1.0,NS,8/15,5,3
Blood,TNFAIP3,CD4_T,NL→CR,NL,CR,0.3808952,0.68807536,80.5999984741211,↑,0.035714,*,15/15,5,3
Blood,TNFAIP3,CD4_T,IT→IA,IT,IA,0.3558816,0.7223189,103.0,↑,0.904762,NS,11/20,5,4
Blood,TNFAIP3,CD4_T,IA→AR,IA,AR,0.7223189,0.44145396,-38.900001525878906,↓,0.857143,NS,5/12,4,3
Blood,TNFAIP3,CD4_T,CR→AR,CR,AR,0.68807536,0.44145396,-35.79999923706055,↓,0.7,NS,6/9,3,3
Blood,TNFAIP3,CD8_T,NL→IT,NL,IT,0.4545909,0.32715327,-28.0,↓,0.84127,NS,14/25,5,5
Blood,TNFAIP3,CD8_T,NL→IA,NL,IA,0.4545909,0.7073902,55.59999847412109,↑,1.0,NS,10/20,5,4
Blood,TNFAIP3,CD8_T,NL→AR,NL,AR,0.4545909,0.38884315,-14.5,↓,1.0,NS,8/15,5,3
Blood,TNFAIP3,CD8_T,NL→CR,NL,CR,0.4545909,0.6593488,45.0,↑,0.785714,NS,9/15,5,3
Blood,TNFAIP3,CD8_T,IT→IA,IT,IA,0.32715327,0.7073902,116.1999969482422,↑,0.730159,NS,8/20,5,4
Blood,TNFAIP3,CD8_T,IA→AR,IA,AR,0.7073902,0.38884315,-45.0,↓,0.857143,NS,5/12,4,3
Blood,TNFAIP3,CD8_T,CR→AR,CR,AR,0.6593488,0.38884315,-41.0,↓,0.2,NS,8/9,3,3
Blood,TNFAIP3,NK,NL→IT,NL,IT,0.52792823,0.34611621,-34.400001525878906,↓,0.309524,NS,18/25,5,5
Blood,TNFAIP3,NK,NL→IA,NL,IA,0.52792823,0.624453,18.299999237060547,↑,0.412698,NS,6/20,5,4
Blood,TNFAIP3,NK,NL→AR,NL,AR,0.52792823,0.3326746,-37.0,↓,0.785714,NS,9/15,5,3
Blood,TNFAIP3,NK,NL→CR,NL,CR,0.52792823,0.6873943,30.200000762939453,↑,0.785714,NS,9/15,5,3
Blood,TNFAIP3,NK,IT→IA,IT,IA,0.34611621,0.624453,80.4000015258789,↑,0.730159,NS,8/20,5,4
Blood,TNFAIP3,NK,IA→AR,IA,AR,0.624453,0.3326746,-46.70000076293945,↓,1.0,NS,6/12,4,3
Blood,TNFAIP3,NK,CR→AR,CR,AR,0.6873943,0.3326746,-51.59999847412109,↓,0.1,NS,9/9,3,3
Blood,TNFAIP3,B,NL→IT,NL,IT,0.114499316,0.08562531,-25.200000762939453,↓,0.690476,NS,15/25,5,5
Blood,TNFAIP3,B,NL→IA,NL,IA,0.114499316,0.13066982,14.100000381469728,↑,1.0,NS,10/20,5,4
Blood,TNFAIP3,B,NL→AR,NL,AR,0.114499316,0.14145486,23.5,↑,0.785714,NS,9/15,5,3
Blood,TNFAIP3,B,NL→CR,NL,CR,0.114499316,0.14320564,25.100000381469727,↑,0.785714,NS,9/15,5,3
Blood,TNFAIP3,B,IT→IA,IT,IA,0.08562531,0.13066982,52.59999847412109,↑,0.111111,NS,17/20,5,4
Blood,TNFAIP3,B,IA→AR,IA,AR,0.13066982,0.14145486,8.300000190734863,↑,0.857143,NS,7/12,4,3
Blood,TNFAIP3,B,CR→AR,CR,AR,0.14320564,0.14145486,-1.2000000476837158,↓,1.0,NS,5/9,3,3
Blood,TNFAIP3,PlasmaB,NL→IT,NL,IT,0.11714332,0.20588204,75.80000305175781,↑,0.294802,NS,18/25,5,5
Blood,TNFAIP3,PlasmaB,NL→IA,NL,IA,0.11714332,0.24404249,108.3000030517578,↑,0.176098,NS,16/20,5,4
Blood,TNFAIP3,PlasmaB,NL→AR,NL,AR,0.11714332,0.11002552,-6.099999904632568,↓,0.764228,NS,6/15,5,3
Blood,TNFAIP3,PlasmaB,NL→CR,NL,CR,0.11714332,0.26289734,124.4000015258789,↑,0.230243,NS,12/15,5,3
Blood,TNFAIP3,PlasmaB,IT→IA,IT,IA,0.20588204,0.24404249,18.5,↑,0.730159,NS,12/20,5,4
Blood,TNFAIP3,PlasmaB,IA→AR,IA,AR,0.24404249,0.11002552,-54.900001525878906,↓,0.057143,†,12/12,4,3
Blood,TNFAIP3,PlasmaB,CR→AR,CR,AR,0.26289734,0.11002552,-58.09999847412109,↓,0.1,NS,9/9,3,3
Blood,TOP2A,Myeloid,NL→IT,NL,IT,0.26532263,0.003080918,-98.8000030517578,↓,1.0,NS,13/25,5,5
Blood,TOP2A,Myeloid,NL→IA,NL,IA,0.26532263,0.0024591498,-99.0999984741211,↓,0.533389,NS,12/20,5,4
Blood,TOP2A,Myeloid,NL→AR,NL,AR,0.26532263,0.0017734951,-99.3000030517578,↓,0.541193,NS,9/15,5,3
Blood,TOP2A,Myeloid,NL→CR,NL,CR,0.26532263,0.0033016037,-98.8000030517578,↓,0.764228,NS,9/15,5,3
Blood,TOP2A,Myeloid,IT→IA,IT,IA,0.003080918,0.0024591498,-20.200000762939453,↓,0.904762,NS,11/20,5,4
Blood,TOP2A,Myeloid,IA→AR,IA,AR,0.0024591498,0.0017734951,-27.899999618530277,↓,0.475533,NS,8/12,4,3
Blood,TOP2A,Myeloid,CR→AR,CR,AR,0.0033016037,0.0017734951,-46.29999923706055,↓,0.7,NS,6/9,3,3
Blood,TOP2A,CD4_T,NL→IT,NL,IT,0.035340507,0.01204217,-65.9000015258789,↓,0.690476,NS,15/25,5,5
Blood,TOP2A,CD4_T,NL→IA,NL,IA,0.035340507,0.00969883,-72.5999984741211,↓,0.190476,NS,16/20,5,4
Blood,TOP2A,CD4_T,NL→AR,NL,AR,0.035340507,0.012258033,-65.30000305175781,↓,0.392857,NS,11/15,5,3
Blood,TOP2A,CD4_T,NL→CR,NL,CR,0.035340507,0.016850801,-52.29999923706055,↓,0.785714,NS,9/15,5,3
Blood,TOP2A,CD4_T,IT→IA,IT,IA,0.01204217,0.00969883,-19.5,↓,0.730159,NS,12/20,5,4
Blood,TOP2A,CD4_T,IA→AR,IA,AR,0.00969883,0.012258033,26.399999618530277,↑,0.857143,NS,7/12,4,3
Blood,TOP2A,CD4_T,CR→AR,CR,AR,0.016850801,0.012258033,-27.299999237060547,↓,0.7,NS,6/9,3,3
Blood,TOP2A,CD8_T,NL→IT,NL,IT,0.022456419,0.011084468,-50.59999847412109,↓,0.675174,NS,15/25,5,5
Blood,TOP2A,CD8_T,NL→IA,NL,IA,0.022456419,0.009214921,-59.0,↓,0.902117,NS,11/20,5,4
Blood,TOP2A,CD8_T,NL→AR,NL,AR,0.022456419,0.013410297,-40.29999923706055,↓,1.0,NS,8/15,5,3
Blood,TOP2A,CD8_T,NL→CR,NL,CR,0.022456419,0.015620962,-30.399999618530277,↓,0.764228,NS,9/15,5,3
Blood,TOP2A,CD8_T,IT→IA,IT,IA,0.011084468,0.009214921,-16.899999618530273,↓,0.285714,NS,15/20,5,4
Blood,TOP2A,CD8_T,IA→AR,IA,AR,0.009214921,0.013410297,45.5,↑,0.4,NS,9/12,4,3
Blood,TOP2A,CD8_T,CR→AR,CR,AR,0.015620962,0.013410297,-14.199999809265137,↓,0.7,NS,6/9,3,3
Blood,TOP2A,NK,NL→IT,NL,IT,0.025358984,0.0103245545,-59.29999923706055,↓,0.547619,NS,16/25,5,5
Blood,TOP2A,NK,NL→IA,NL,IA,0.025358984,0.013873219,-45.29999923706055,↓,0.730159,NS,12/20,5,4
Blood,TOP2A,NK,NL→AR,NL,AR,0.025358984,0.0077712475,-69.4000015258789,↓,0.571429,NS,10/15,5,3
Blood,TOP2A,NK,NL→CR,NL,CR,0.025358984,0.015279201,-39.70000076293945,↓,0.571429,NS,10/15,5,3
Blood,TOP2A,NK,IT→IA,IT,IA,0.0103245545,0.013873219,34.400001525878906,↑,0.063492,†,18/20,5,4
Blood,TOP2A,NK,IA→AR,IA,AR,0.013873219,0.0077712475,-44.0,↓,0.057143,†,12/12,4,3
Blood,TOP2A,NK,CR→AR,CR,AR,0.015279201,0.0077712475,-49.09999847412109,↓,1.0,NS,4/9,3,3
Blood,TOP2A,B,NL→IT,NL,IT,0.0031861954,0.004936899,54.900001525878906,↑,0.823664,NS,11/25,5,5
Blood,TOP2A,B,NL→IA,NL,IA,0.0031861954,0.007649248,140.10000610351562,↑,0.306136,NS,13/20,5,4
Blood,TOP2A,B,NL→AR,NL,AR,0.0031861954,0.0043047154,35.099998474121094,↑,0.541193,NS,10/15,5,3
Blood,TOP2A,B,NL→CR,NL,CR,0.0031861954,0.007608102,138.8000030517578,↑,0.359397,NS,11/15,5,3
Blood,TOP2A,B,IT→IA,IT,IA,0.004936899,0.007649248,54.900001525878906,↑,0.900865,NS,10/20,5,4
Blood,TOP2A,B,IA→AR,IA,AR,0.007649248,0.0043047154,-43.70000076293945,↓,0.857143,NS,7/12,4,3
Blood,TOP2A,B,CR→AR,CR,AR,0.007608102,0.0043047154,-43.400001525878906,↓,0.2,NS,8/9,3,3
Blood,TOP2A,PlasmaB,NL→IT,NL,IT,0.027724508,0.05744437,107.1999969482422,↑,0.131379,NS,20/25,5,5
Blood,TOP2A,PlasmaB,NL→IA,NL,IA,0.027724508,0.06145744,121.6999969482422,↑,0.227249,NS,13/20,5,4
Blood,TOP2A,PlasmaB,NL→AR,NL,AR,0.027724508,0.0847942,205.8000030517578,↑,0.203872,NS,12/15,5,3
Blood,TOP2A,PlasmaB,NL→CR,NL,CR,0.027724508,0.06127702,121.0,↑,0.203872,NS,12/15,5,3
Blood,TOP2A,PlasmaB,IT→IA,IT,IA,0.05744437,0.06145744,7.0,↑,0.730159,NS,8/20,5,4
Blood,TOP2A,PlasmaB,IA→AR,IA,AR,0.06145744,0.0847942,38.0,↑,0.4,NS,9/12,4,3
Blood,TOP2A,PlasmaB,CR→AR,CR,AR,0.06127702,0.0847942,38.400001525878906,↑,0.1,NS,9/9,3,3
Blood,TOX,Myeloid,NL→IT,NL,IT,0.032687202,0.0033713125,-89.69999694824219,↓,0.746476,NS,9/25,5,5
Blood,TOX,Myeloid,NL→IA,NL,IA,0.032687202,0.006194189,-81.0999984741211,↓,0.533389,NS,7/20,5,4
Blood,TOX,Myeloid,NL→AR,NL,AR,0.032687202,0.002115657,-93.5,↓,0.759982,NS,6/15,5,3
Blood,TOX,Myeloid,NL→CR,NL,CR,0.032687202,0.0057105944,-82.5,↓,0.359397,NS,4/15,5,3
Blood,TOX,Myeloid,IT→IA,IT,IA,0.0033713125,0.006194189,83.69999694824219,↑,0.285714,NS,15/20,5,4
Blood,TOX,Myeloid,IA→AR,IA,AR,0.006194189,0.002115657,-65.80000305175781,↓,0.228571,NS,10/12,4,3
Blood,TOX,Myeloid,CR→AR,CR,AR,0.0057105944,0.002115657,-63.0,↓,0.4,NS,7/9,3,3
Blood,TOX,CD4_T,NL→IT,NL,IT,0.1522135,0.094421506,-38.0,↓,1.0,NS,13/25,5,5
Blood,TOX,CD4_T,NL→IA,NL,IA,0.1522135,0.13369694,-12.199999809265137,↓,1.0,NS,10/20,5,4
Blood,TOX,CD4_T,NL→AR,NL,AR,0.1522135,0.07838915,-48.5,↓,0.785714,NS,9/15,5,3
Blood,TOX,CD4_T,NL→CR,NL,CR,0.1522135,0.069289155,-54.5,↓,0.571429,NS,10/15,5,3
Blood,TOX,CD4_T,IT→IA,IT,IA,0.094421506,0.13369694,41.59999847412109,↑,0.555556,NS,13/20,5,4
Blood,TOX,CD4_T,IA→AR,IA,AR,0.13369694,0.07838915,-41.400001525878906,↓,0.4,NS,9/12,4,3
Blood,TOX,CD4_T,CR→AR,CR,AR,0.069289155,0.07838915,13.100000381469728,↑,0.7,NS,6/9,3,3
Blood,TOX,CD8_T,NL→IT,NL,IT,0.15423551,0.1018134,-34.0,↓,0.420635,NS,17/25,5,5
Blood,TOX,CD8_T,NL→IA,NL,IA,0.15423551,0.23994826,55.59999847412109,↑,1.0,NS,10/20,5,4
Blood,TOX,CD8_T,NL→AR,NL,AR,0.15423551,0.16897957,9.600000381469728,↑,0.785714,NS,9/15,5,3
Blood,TOX,CD8_T,NL→CR,NL,CR,0.15423551,0.087859206,-43.0,↓,0.785714,NS,9/15,5,3
Blood,TOX,CD8_T,IT→IA,IT,IA,0.1018134,0.23994826,135.6999969482422,↑,0.412698,NS,14/20,5,4
Blood,TOX,CD8_T,IA→AR,IA,AR,0.23994826,0.16897957,-29.600000381469727,↓,1.0,NS,6/12,4,3
Blood,TOX,CD8_T,CR→AR,CR,AR,0.087859206,0.16897957,92.3000030517578,↑,0.1,NS,9/9,3,3
Blood,TOX,NK,NL→IT,NL,IT,0.19048372,0.24532971,28.799999237060547,↑,0.222222,NS,19/25,5,5
Blood,TOX,NK,NL→IA,NL,IA,0.19048372,0.33108568,73.80000305175781,↑,0.063492,†,18/20,5,4
Blood,TOX,NK,NL→AR,NL,AR,0.19048372,0.24046199,26.200000762939453,↑,0.392857,NS,11/15,5,3
Blood,TOX,NK,NL→CR,NL,CR,0.19048372,0.2948741,54.79999923706055,↑,0.142857,NS,13/15,5,3
Blood,TOX,NK,IT→IA,IT,IA,0.24532971,0.33108568,35.0,↑,0.190476,NS,16/20,5,4
Blood,TOX,NK,IA→AR,IA,AR,0.33108568,0.24046199,-27.399999618530277,↓,0.057143,†,12/12,4,3
Blood,TOX,NK,CR→AR,CR,AR,0.2948741,0.24046199,-18.5,↓,0.7,NS,6/9,3,3
Blood,TOX,B,NL→IT,NL,IT,0.032563437,0.03489701,7.199999809265137,↑,0.84127,NS,14/25,5,5
Blood,TOX,B,NL→IA,NL,IA,0.032563437,0.05632922,73.0,↑,0.190476,NS,16/20,5,4
Blood,TOX,B,NL→AR,NL,AR,0.032563437,0.05729678,76.0,↑,0.392857,NS,11/15,5,3
Blood,TOX,B,NL→CR,NL,CR,0.032563437,0.013517757,-58.5,↓,0.392857,NS,11/15,5,3
Blood,TOX,B,IT→IA,IT,IA,0.03489701,0.05632922,61.400001525878906,↑,0.285714,NS,15/20,5,4
Blood,TOX,B,IA→AR,IA,AR,0.05632922,0.05729678,1.7000000476837158,↑,0.857143,NS,7/12,4,3
Blood,TOX,B,CR→AR,CR,AR,0.013517757,0.05729678,323.8999938964844,↑,0.1,NS,9/9,3,3
Blood,TOX,PlasmaB,NL→IT,NL,IT,0.045525648,0.027540177,-39.5,↓,0.832519,NS,13/25,5,5
Blood,TOX,PlasmaB,NL→IA,NL,IA,0.045525648,0.044274725,-2.700000047683716,↓,0.712155,NS,8/20,5,4
Blood,TOX,PlasmaB,NL→AR,NL,AR,0.045525648,0.051347632,12.800000190734863,↑,1.0,NS,8/15,5,3
Blood,TOX,PlasmaB,NL→CR,NL,CR,0.045525648,0.07667194,68.4000015258789,↑,0.230243,NS,12/15,5,3
Blood,TOX,PlasmaB,IT→IA,IT,IA,0.027540177,0.044274725,60.79999923706055,↑,0.412698,NS,14/20,5,4
Blood,TOX,PlasmaB,IA→AR,IA,AR,0.044274725,0.051347632,16.0,↑,0.857143,NS,7/12,4,3
Blood,TOX,PlasmaB,CR→AR,CR,AR,0.07667194,0.051347632,-33.0,↓,0.4,NS,7/9,3,3
Blood,TOX2,Myeloid,NL→IT,NL,IT,0.0010943316,0.0049746735,354.6000061035156,↑,0.08467,†,21/25,5,5
Blood,TOX2,Myeloid,NL→IA,NL,IA,0.0010943316,0.003542278,223.6999969482422,↑,0.139996,NS,14/20,5,4
Blood,TOX2,Myeloid,NL→AR,NL,AR,0.0010943316,0.005959281,444.6000061035156,↑,0.112231,NS,13/15,5,3
Blood,TOX2,Myeloid,NL→CR,NL,CR,0.0010943316,0.0040969797,274.3999938964844,↑,0.203872,NS,12/15,5,3
Blood,TOX2,Myeloid,IT→IA,IT,IA,0.0049746735,0.003542278,-28.799999237060547,↓,0.904762,NS,11/20,5,4
Blood,TOX2,Myeloid,IA→AR,IA,AR,0.003542278,0.005959281,68.19999694824219,↑,0.857143,NS,7/12,4,3
Blood,TOX2,Myeloid,CR→AR,CR,AR,0.0040969797,0.005959281,45.5,↑,1.0,NS,4/9,3,3
Blood,TOX2,CD4_T,NL→IT,NL,IT,0.027806025,0.018434789,-33.70000076293945,↓,0.547619,NS,16/25,5,5
Blood,TOX2,CD4_T,NL→IA,NL,IA,0.027806025,0.046197873,66.0999984741211,↑,0.730159,NS,8/20,5,4
Blood,TOX2,CD4_T,NL→AR,NL,AR,0.027806025,0.018057829,-35.099998474121094,↓,0.571429,NS,10/15,5,3
Blood,TOX2,CD4_T,NL→CR,NL,CR,0.027806025,0.011100088,-60.09999847412109,↓,0.25,NS,12/15,5,3
Blood,TOX2,CD4_T,IT→IA,IT,IA,0.018434789,0.046197873,150.60000610351562,↑,0.730159,NS,8/20,5,4
Blood,TOX2,CD4_T,IA→AR,IA,AR,0.046197873,0.018057829,-60.900001525878906,↓,0.4,NS,3/12,4,3
Blood,TOX2,CD4_T,CR→AR,CR,AR,0.011100088,0.018057829,62.70000076293945,↑,0.1,NS,9/9,3,3
Blood,TOX2,CD8_T,NL→IT,NL,IT,0.026393091,0.007274727,-72.4000015258789,↓,1.0,NS,13/25,5,5
Blood,TOX2,CD8_T,NL→IA,NL,IA,0.026393091,0.043937992,66.5,↑,0.902117,NS,11/20,5,4
Blood,TOX2,CD8_T,NL→AR,NL,AR,0.026393091,0.008257878,-68.69999694824219,↓,1.0,NS,8/15,5,3
Blood,TOX2,CD8_T,NL→CR,NL,CR,0.026393091,0.0033631977,-87.30000305175781,↓,0.764228,NS,9/15,5,3
Blood,TOX2,CD8_T,IT→IA,IT,IA,0.007274727,0.043937992,504.0,↑,0.904762,NS,9/20,5,4
Blood,TOX2,CD8_T,IA→AR,IA,AR,0.043937992,0.008257878,-81.19999694824219,↓,0.857143,NS,7/12,4,3
Blood,TOX2,CD8_T,CR→AR,CR,AR,0.0033631977,0.008257878,145.5,↑,0.1,NS,9/9,3,3
Blood,TOX2,NK,NL→IT,NL,IT,0.006117623,0.0065270164,6.699999809265137,↑,0.675174,NS,15/25,5,5
Blood,TOX2,NK,NL→IA,NL,IA,0.006117623,0.05738953,838.0999755859375,↑,0.268341,NS,15/20,5,4
Blood,TOX2,NK,NL→AR,NL,AR,0.006117623,0.0029228984,-52.20000076293945,↓,1.0,NS,8/15,5,3
Blood,TOX2,NK,NL→CR,NL,CR,0.006117623,0.004826916,-21.100000381469727,↓,1.0,NS,7/15,5,3
Blood,TOX2,NK,IT→IA,IT,IA,0.0065270164,0.05738953,779.2999877929688,↑,0.904762,NS,11/20,5,4
Blood,TOX2,NK,IA→AR,IA,AR,0.05738953,0.0029228984,-94.9000015258789,↓,0.4,NS,9/12,4,3
Blood,TOX2,NK,CR→AR,CR,AR,0.004826916,0.0029228984,-39.400001525878906,↓,0.4,NS,7/9,3,3
Blood,TOX2,B,NL→IT,NL,IT,0.0022330743,0.017621461,689.0999755859375,↑,0.031141,*,23/25,5,5
Blood,TOX2,B,NL→IA,NL,IA,0.0022330743,0.007960978,256.5,↑,0.096319,†,17/20,5,4
Blood,TOX2,B,NL→AR,NL,AR,0.0022330743,0.014903559,567.4000244140625,↑,0.056664,†,14/15,5,3
Blood,TOX2,B,NL→CR,NL,CR,0.0022330743,0.0014180373,-36.5,↓,0.494525,NS,3/15,5,3
Blood,TOX2,B,IT→IA,IT,IA,0.017621461,0.007960978,-54.79999923706055,↓,0.412698,NS,14/20,5,4
Blood,TOX2,B,IA→AR,IA,AR,0.007960978,0.014903559,87.19999694824219,↑,0.4,NS,9/12,4,3
Blood,TOX2,B,CR→AR,CR,AR,0.0014180373,0.014903559,951.0,↑,0.1,NS,9/9,3,3
Blood,TOX2,PlasmaB,NL→IT,NL,IT,0.09558721,0.08320079,-13.0,↓,0.916563,NS,13/25,5,5
Blood,TOX2,PlasmaB,NL→IA,NL,IA,0.09558721,0.052406527,-45.20000076293945,↓,0.412698,NS,14/20,5,4
Blood,TOX2,PlasmaB,NL→AR,NL,AR,0.09558721,0.08740404,-8.600000381469727,↓,1.0,NS,8/15,5,3
Blood,TOX2,PlasmaB,NL→CR,NL,CR,0.09558721,0.099437416,4.0,↑,0.785714,NS,9/15,5,3
Blood,TOX2,PlasmaB,IT→IA,IT,IA,0.08320079,0.052406527,-37.0,↓,0.555556,NS,13/20,5,4
Blood,TOX2,PlasmaB,IA→AR,IA,AR,0.052406527,0.08740404,66.80000305175781,↑,0.4,NS,9/12,4,3
Blood,TOX2,PlasmaB,CR→AR,CR,AR,0.099437416,0.08740404,-12.100000381469728,↓,0.7,NS,6/9,3,3
Blood,TP53,Myeloid,NL→IT,NL,IT,0.08459143,0.18020248,113.0,↑,0.031746,*,23/25,5,5
Blood,TP53,Myeloid,NL→IA,NL,IA,0.08459143,0.15052305,77.9000015258789,↑,0.111111,NS,17/20,5,4
Blood,TP53,Myeloid,NL→AR,NL,AR,0.08459143,0.15752791,86.19999694824219,↑,0.071429,†,14/15,5,3
Blood,TP53,Myeloid,NL→CR,NL,CR,0.08459143,0.10081792,19.200000762939453,↑,1.0,NS,8/15,5,3
Blood,TP53,Myeloid,IT→IA,IT,IA,0.18020248,0.15052305,-16.5,↓,1.0,NS,10/20,5,4
Blood,TP53,Myeloid,IA→AR,IA,AR,0.15052305,0.15752791,4.699999809265137,↑,0.4,NS,3/12,4,3
Blood,TP53,Myeloid,CR→AR,CR,AR,0.10081792,0.15752791,56.20000076293945,↑,0.1,NS,9/9,3,3
Blood,TP53,CD4_T,NL→IT,NL,IT,0.09425259,0.1018763,8.100000381469727,↑,1.0,NS,13/25,5,5
Blood,TP53,CD4_T,NL→IA,NL,IA,0.09425259,0.08656694,-8.199999809265137,↓,0.412698,NS,14/20,5,4
Blood,TP53,CD4_T,NL→AR,NL,AR,0.09425259,0.094921656,0.699999988079071,↑,0.785714,NS,6/15,5,3
Blood,TP53,CD4_T,NL→CR,NL,CR,0.09425259,0.060178477,-36.20000076293945,↓,0.142857,NS,13/15,5,3
Blood,TP53,CD4_T,IT→IA,IT,IA,0.1018763,0.08656694,-15.0,↓,0.111111,NS,17/20,5,4
Blood,TP53,CD4_T,IA→AR,IA,AR,0.08656694,0.094921656,9.699999809265137,↑,0.628571,NS,8/12,4,3
Blood,TP53,CD4_T,CR→AR,CR,AR,0.060178477,0.094921656,57.70000076293945,↑,0.4,NS,7/9,3,3
Blood,TP53,CD8_T,NL→IT,NL,IT,0.12672849,0.08731982,-31.100000381469727,↓,0.690476,NS,15/25,5,5
Blood,TP53,CD8_T,NL→IA,NL,IA,0.12672849,0.09030452,-28.700000762939453,↓,0.904762,NS,11/20,5,4
Blood,TP53,CD8_T,NL→AR,NL,AR,0.12672849,0.07663899,-39.5,↓,1.0,NS,8/15,5,3
Blood,TP53,CD8_T,NL→CR,NL,CR,0.12672849,0.05328442,-58.0,↓,0.25,NS,12/15,5,3
Blood,TP53,CD8_T,IT→IA,IT,IA,0.08731982,0.09030452,3.400000095367432,↑,1.0,NS,10/20,5,4
Blood,TP53,CD8_T,IA→AR,IA,AR,0.09030452,0.07663899,-15.100000381469728,↓,0.4,NS,9/12,4,3
Blood,TP53,CD8_T,CR→AR,CR,AR,0.05328442,0.07663899,43.79999923706055,↑,0.7,NS,6/9,3,3
Blood,TP53,NK,NL→IT,NL,IT,0.034882873,0.068151265,95.4000015258789,↑,0.031746,*,23/25,5,5
Blood,TP53,NK,NL→IA,NL,IA,0.034882873,0.069680244,99.8000030517578,↑,0.190476,NS,16/20,5,4
Blood,TP53,NK,NL→AR,NL,AR,0.034882873,0.06645231,90.5,↑,0.035714,*,15/15,5,3
Blood,TP53,NK,NL→CR,NL,CR,0.034882873,0.053674642,53.900001525878906,↑,1.0,NS,7/15,5,3
Blood,TP53,NK,IT→IA,IT,IA,0.068151265,0.069680244,2.200000047683716,↑,1.0,NS,10/20,5,4
Blood,TP53,NK,IA→AR,IA,AR,0.069680244,0.06645231,-4.599999904632568,↓,0.4,NS,9/12,4,3
Blood,TP53,NK,CR→AR,CR,AR,0.053674642,0.06645231,23.799999237060547,↑,0.7,NS,6/9,3,3
Blood,TP53,B,NL→IT,NL,IT,0.07793826,0.1252452,60.70000076293945,↑,0.150794,NS,20/25,5,5
Blood,TP53,B,NL→IA,NL,IA,0.07793826,0.107515976,38.0,↑,0.412698,NS,14/20,5,4
Blood,TP53,B,NL→AR,NL,AR,0.07793826,0.117692314,51.0,↑,0.142857,NS,13/15,5,3
Blood,TP53,B,NL→CR,NL,CR,0.07793826,0.079314575,1.7999999523162842,↑,1.0,NS,7/15,5,3
Blood,TP53,B,IT→IA,IT,IA,0.1252452,0.107515976,-14.199999809265137,↓,0.555556,NS,13/20,5,4
Blood,TP53,B,IA→AR,IA,AR,0.107515976,0.117692314,9.5,↑,0.857143,NS,7/12,4,3
Blood,TP53,B,CR→AR,CR,AR,0.079314575,0.117692314,48.400001525878906,↑,0.4,NS,7/9,3,3
Blood,TP53,PlasmaB,NL→IT,NL,IT,0.08345401,0.12512551,49.900001525878906,↑,0.529619,NS,16/25,5,5
Blood,TP53,PlasmaB,NL→IA,NL,IA,0.08345401,0.10725656,28.5,↑,0.533389,NS,12/20,5,4
Blood,TP53,PlasmaB,NL→AR,NL,AR,0.08345401,0.13586867,62.79999923706055,↑,0.548595,NS,10/15,5,3
Blood,TP53,PlasmaB,NL→CR,NL,CR,0.08345401,0.020107325,-75.9000015258789,↓,0.541193,NS,9/15,5,3
Blood,TP53,PlasmaB,IT→IA,IT,IA,0.12512551,0.10725656,-14.300000190734863,↓,0.730159,NS,12/20,5,4
Blood,TP53,PlasmaB,IA→AR,IA,AR,0.10725656,0.13586867,26.700000762939453,↑,0.857143,NS,7/12,4,3
Blood,TP53,PlasmaB,CR→AR,CR,AR,0.020107325,0.13586867,575.7000122070312,↑,0.1,NS,9/9,3,3
Blood,TYROBP,Myeloid,NL→IT,NL,IT,3.4236152,3.7450833,9.399999618530272,↑,0.095238,†,21/25,5,5
Blood,TYROBP,Myeloid,NL→IA,NL,IA,3.4236152,3.5807548,4.599999904632568,↑,0.730159,NS,12/20,5,4
Blood,TYROBP,Myeloid,NL→AR,NL,AR,3.4236152,3.7202985,8.699999809265137,↑,0.142857,NS,13/15,5,3
Blood,TYROBP,Myeloid,NL→CR,NL,CR,3.4236152,3.4735224,1.5,↑,0.571429,NS,10/15,5,3
Blood,TYROBP,Myeloid,IT→IA,IT,IA,3.7450833,3.5807548,-4.400000095367432,↓,0.412698,NS,14/20,5,4
Blood,TYROBP,Myeloid,IA→AR,IA,AR,3.5807548,3.7202985,3.900000095367432,↑,0.628571,NS,8/12,4,3
Blood,TYROBP,Myeloid,CR→AR,CR,AR,3.4735224,3.7202985,7.099999904632568,↑,0.2,NS,8/9,3,3
Blood,TYROBP,CD4_T,NL→IT,NL,IT,0.27315864,0.14993548,-45.09999847412109,↓,0.420635,NS,17/25,5,5
Blood,TYROBP,CD4_T,NL→IA,NL,IA,0.27315864,0.14397207,-47.29999923706055,↓,0.412698,NS,14/20,5,4
Blood,TYROBP,CD4_T,NL→AR,NL,AR,0.27315864,0.061141636,-77.5999984741211,↓,0.142857,NS,13/15,5,3
Blood,TYROBP,CD4_T,NL→CR,NL,CR,0.27315864,0.13834883,-49.400001525878906,↓,0.25,NS,12/15,5,3
Blood,TYROBP,CD4_T,IT→IA,IT,IA,0.14993548,0.14397207,-4.0,↓,0.730159,NS,8/20,5,4
Blood,TYROBP,CD4_T,IA→AR,IA,AR,0.14397207,0.061141636,-57.5,↓,0.4,NS,9/12,4,3
Blood,TYROBP,CD4_T,CR→AR,CR,AR,0.13834883,0.061141636,-55.79999923706055,↓,0.1,NS,9/9,3,3
Blood,TYROBP,CD8_T,NL→IT,NL,IT,0.40419993,0.17330085,-57.09999847412109,↓,0.095238,†,21/25,5,5
Blood,TYROBP,CD8_T,NL→IA,NL,IA,0.40419993,0.12080544,-70.0999984741211,↓,0.111111,NS,17/20,5,4
Blood,TYROBP,CD8_T,NL→AR,NL,AR,0.40419993,0.16404176,-59.400001525878906,↓,0.25,NS,12/15,5,3
Blood,TYROBP,CD8_T,NL→CR,NL,CR,0.40419993,0.13142206,-67.5,↓,0.25,NS,12/15,5,3
Blood,TYROBP,CD8_T,IT→IA,IT,IA,0.17330085,0.12080544,-30.299999237060547,↓,0.904762,NS,11/20,5,4
Blood,TYROBP,CD8_T,IA→AR,IA,AR,0.12080544,0.16404176,35.79999923706055,↑,0.4,NS,9/12,4,3
Blood,TYROBP,CD8_T,CR→AR,CR,AR,0.13142206,0.16404176,24.799999237060547,↑,0.7,NS,6/9,3,3
Blood,TYROBP,NK,NL→IT,NL,IT,2.2398164,2.3992622,7.099999904632568,↑,0.547619,NS,16/25,5,5
Blood,TYROBP,NK,NL→IA,NL,IA,2.2398164,2.1687202,-3.200000047683716,↓,0.730159,NS,12/20,5,4
Blood,TYROBP,NK,NL→AR,NL,AR,2.2398164,1.7039418,-23.899999618530277,↓,0.142857,NS,13/15,5,3
Blood,TYROBP,NK,NL→CR,NL,CR,2.2398164,1.7357689,-22.5,↓,0.25,NS,12/15,5,3
Blood,TYROBP,NK,IT→IA,IT,IA,2.3992622,2.1687202,-9.600000381469728,↓,0.063492,†,18/20,5,4
Blood,TYROBP,NK,IA→AR,IA,AR,2.1687202,1.7039418,-21.399999618530277,↓,0.114286,NS,11/12,4,3
Blood,TYROBP,NK,CR→AR,CR,AR,1.7357689,1.7039418,-1.7999999523162842,↓,1.0,NS,5/9,3,3
Blood,TYROBP,B,NL→IT,NL,IT,0.013394624,0.06743364,403.3999938964844,↑,1.0,NS,13/25,5,5
Blood,TYROBP,B,NL→IA,NL,IA,0.013394624,0.050408833,276.29998779296875,↑,0.065064,†,18/20,5,4
Blood,TYROBP,B,NL→AR,NL,AR,0.013394624,0.03585927,167.6999969482422,↑,0.230243,NS,12/15,5,3
Blood,TYROBP,B,NL→CR,NL,CR,0.013394624,0.0934574,597.7000122070312,↑,0.03577,*,15/15,5,3
Blood,TYROBP,B,IT→IA,IT,IA,0.06743364,0.050408833,-25.200000762939453,↓,0.190476,NS,4/20,5,4
Blood,TYROBP,B,IA→AR,IA,AR,0.050408833,0.03585927,-28.899999618530277,↓,0.857143,NS,7/12,4,3
Blood,TYROBP,B,CR→AR,CR,AR,0.0934574,0.03585927,-61.59999847412109,↓,0.1,NS,9/9,3,3
Blood,TYROBP,PlasmaB,NL→IT,NL,IT,0.1275911,1.2897285,910.7999877929688,↑,0.007937,**,25/25,5,5
Blood,TYROBP,PlasmaB,NL→IA,NL,IA,0.1275911,1.1159286,774.5999755859375,↑,0.015873,*,20/20,5,4
Blood,TYROBP,PlasmaB,NL→AR,NL,AR,0.1275911,0.34557596,170.8000030517578,↑,0.392857,NS,11/15,5,3
Blood,TYROBP,PlasmaB,NL→CR,NL,CR,0.1275911,0.91902524,620.2999877929688,↑,0.035714,*,15/15,5,3
Blood,TYROBP,PlasmaB,IT→IA,IT,IA,1.2897285,1.1159286,-13.5,↓,0.730159,NS,12/20,5,4
Blood,TYROBP,PlasmaB,IA→AR,IA,AR,1.1159286,0.34557596,-69.0,↓,0.057143,†,12/12,4,3
Blood,TYROBP,PlasmaB,CR→AR,CR,AR,0.91902524,0.34557596,-62.400001525878906,↓,0.1,NS,9/9,3,3
Blood,UQCRC1,Myeloid,NL→IT,NL,IT,0.5753655,0.8600025,49.5,↑,0.150794,NS,20/25,5,5
Blood,UQCRC1,Myeloid,NL→IA,NL,IA,0.5753655,0.8647653,50.29999923706055,↑,0.190476,NS,16/20,5,4
Blood,UQCRC1,Myeloid,NL→AR,NL,AR,0.5753655,0.86084914,49.59999847412109,↑,0.25,NS,12/15,5,3
Blood,UQCRC1,Myeloid,NL→CR,NL,CR,0.5753655,0.82773113,43.900001525878906,↑,0.25,NS,12/15,5,3
Blood,UQCRC1,Myeloid,IT→IA,IT,IA,0.8600025,0.8647653,0.6000000238418579,↑,1.0,NS,10/20,5,4
Blood,UQCRC1,Myeloid,IA→AR,IA,AR,0.8647653,0.86084914,-0.5,↓,0.857143,NS,7/12,4,3
Blood,UQCRC1,Myeloid,CR→AR,CR,AR,0.82773113,0.86084914,4.0,↑,0.7,NS,6/9,3,3
Blood,UQCRC1,CD4_T,NL→IT,NL,IT,0.34157246,0.39806914,16.5,↑,0.309524,NS,18/25,5,5
Blood,UQCRC1,CD4_T,NL→IA,NL,IA,0.34157246,0.38048902,11.399999618530272,↑,0.730159,NS,12/20,5,4
Blood,UQCRC1,CD4_T,NL→AR,NL,AR,0.34157246,0.42378566,24.100000381469727,↑,0.142857,NS,13/15,5,3
Blood,UQCRC1,CD4_T,NL→CR,NL,CR,0.34157246,0.3541875,3.700000047683716,↑,0.785714,NS,9/15,5,3
Blood,UQCRC1,CD4_T,IT→IA,IT,IA,0.39806914,0.38048902,-4.400000095367432,↓,0.412698,NS,14/20,5,4
Blood,UQCRC1,CD4_T,IA→AR,IA,AR,0.38048902,0.42378566,11.399999618530272,↑,0.4,NS,9/12,4,3
Blood,UQCRC1,CD4_T,CR→AR,CR,AR,0.3541875,0.42378566,19.700000762939453,↑,0.7,NS,6/9,3,3
Blood,UQCRC1,CD8_T,NL→IT,NL,IT,0.4093801,0.42282572,3.299999952316284,↑,0.84127,NS,14/25,5,5
Blood,UQCRC1,CD8_T,NL→IA,NL,IA,0.4093801,0.39616495,-3.200000047683716,↓,0.904762,NS,9/20,5,4
Blood,UQCRC1,CD8_T,NL→AR,NL,AR,0.4093801,0.45028242,10.0,↑,0.785714,NS,9/15,5,3
Blood,UQCRC1,CD8_T,NL→CR,NL,CR,0.4093801,0.35478187,-13.300000190734863,↓,0.785714,NS,9/15,5,3
Blood,UQCRC1,CD8_T,IT→IA,IT,IA,0.42282572,0.39616495,-6.300000190734863,↓,0.904762,NS,11/20,5,4
Blood,UQCRC1,CD8_T,IA→AR,IA,AR,0.39616495,0.45028242,13.699999809265137,↑,0.228571,NS,10/12,4,3
Blood,UQCRC1,CD8_T,CR→AR,CR,AR,0.35478187,0.45028242,26.899999618530277,↑,0.2,NS,8/9,3,3
Blood,UQCRC1,NK,NL→IT,NL,IT,0.4009958,0.4632985,15.5,↑,0.150794,NS,20/25,5,5
Blood,UQCRC1,NK,NL→IA,NL,IA,0.4009958,0.4502141,12.300000190734863,↑,0.412698,NS,14/20,5,4
Blood,UQCRC1,NK,NL→AR,NL,AR,0.4009958,0.5004584,24.799999237060547,↑,0.25,NS,12/15,5,3
Blood,UQCRC1,NK,NL→CR,NL,CR,0.4009958,0.44756055,11.600000381469728,↑,0.392857,NS,11/15,5,3
Blood,UQCRC1,NK,IT→IA,IT,IA,0.4632985,0.4502141,-2.799999952316284,↓,1.0,NS,10/20,5,4
Blood,UQCRC1,NK,IA→AR,IA,AR,0.4502141,0.5004584,11.199999809265137,↑,0.628571,NS,8/12,4,3
Blood,UQCRC1,NK,CR→AR,CR,AR,0.44756055,0.5004584,11.800000190734863,↑,0.4,NS,7/9,3,3
Blood,UQCRC1,B,NL→IT,NL,IT,0.26159877,0.38851437,48.5,↑,0.222222,NS,19/25,5,5
Blood,UQCRC1,B,NL→IA,NL,IA,0.26159877,0.39510313,51.0,↑,0.063492,†,18/20,5,4
Blood,UQCRC1,B,NL→AR,NL,AR,0.26159877,0.44838163,71.4000015258789,↑,0.035714,*,15/15,5,3
Blood,UQCRC1,B,NL→CR,NL,CR,0.26159877,0.30142277,15.199999809265137,↑,1.0,NS,7/15,5,3
Blood,UQCRC1,B,IT→IA,IT,IA,0.38851437,0.39510313,1.7000000476837158,↑,0.904762,NS,11/20,5,4
Blood,UQCRC1,B,IA→AR,IA,AR,0.39510313,0.44838163,13.5,↑,0.114286,NS,11/12,4,3
Blood,UQCRC1,B,CR→AR,CR,AR,0.30142277,0.44838163,48.79999923706055,↑,0.1,NS,9/9,3,3
Blood,UQCRC1,PlasmaB,NL→IT,NL,IT,0.57087004,0.58109146,1.7999999523162842,↑,1.0,NS,12/25,5,5
Blood,UQCRC1,PlasmaB,NL→IA,NL,IA,0.57087004,0.5383116,-5.699999809265137,↓,0.904762,NS,11/20,5,4
Blood,UQCRC1,PlasmaB,NL→AR,NL,AR,0.57087004,0.6987069,22.399999618530277,↑,0.571429,NS,10/15,5,3
Blood,UQCRC1,PlasmaB,NL→CR,NL,CR,0.57087004,0.5711592,0.1000000014901161,↑,0.785714,NS,9/15,5,3
Blood,UQCRC1,PlasmaB,IT→IA,IT,IA,0.58109146,0.5383116,-7.400000095367432,↓,0.904762,NS,11/20,5,4
Blood,UQCRC1,PlasmaB,IA→AR,IA,AR,0.5383116,0.6987069,29.799999237060547,↑,0.4,NS,9/12,4,3
Blood,UQCRC1,PlasmaB,CR→AR,CR,AR,0.5711592,0.6987069,22.299999237060547,↑,0.2,NS,8/9,3,3
Blood,VEGFA,Myeloid,NL→IT,NL,IT,0.02984885,0.06771095,126.8000030517578,↑,0.059327,†,22/25,5,5
Blood,VEGFA,Myeloid,NL→IA,NL,IA,0.02984885,0.15320303,413.2999877929688,↑,0.036546,*,19/20,5,4
Blood,VEGFA,Myeloid,NL→AR,NL,AR,0.02984885,0.06568766,120.0999984741211,↑,0.133701,NS,13/15,5,3
Blood,VEGFA,Myeloid,NL→CR,NL,CR,0.02984885,0.057202805,91.5999984741211,↑,0.133701,NS,13/15,5,3
Blood,VEGFA,Myeloid,IT→IA,IT,IA,0.06771095,0.15320303,126.3000030517578,↑,0.285714,NS,15/20,5,4
Blood,VEGFA,Myeloid,IA→AR,IA,AR,0.15320303,0.06568766,-57.09999847412109,↓,0.4,NS,9/12,4,3
Blood,VEGFA,Myeloid,CR→AR,CR,AR,0.057202805,0.06568766,14.800000190734863,↑,1.0,NS,5/9,3,3
Blood,VEGFA,CD4_T,NL→IT,NL,IT,0.01206802,0.0,-100.0,↓,0.179712,NS,10/25,5,5
Blood,VEGFA,CD4_T,NL→IA,NL,IA,0.01206802,0.0016906693,-86.0,↓,0.798074,NS,7/20,5,4
Blood,VEGFA,CD4_T,NL→AR,NL,AR,0.01206802,0.0,-100.0,↓,0.329114,NS,6/15,5,3
Blood,VEGFA,CD4_T,NL→CR,NL,CR,0.01206802,0.0012609974,-89.5999984741211,↓,0.873807,NS,5/15,5,3
Blood,VEGFA,CD4_T,IT→IA,IT,IA,0.0,0.0016906693,99999.0,↑,0.04162,*,15/20,5,4
Blood,VEGFA,CD4_T,IA→AR,IA,AR,0.0016906693,0.0,-100.0,↓,0.11867,NS,9/12,4,3
Blood,VEGFA,CD4_T,CR→AR,CR,AR,0.0012609974,0.0,-100.0,↓,0.196706,NS,6/9,3,3
Blood,VEGFA,CD8_T,NL→IT,NL,IT,0.0007542266,0.0,-100.0,↓,0.179712,NS,10/25,5,5
Blood,VEGFA,CD8_T,NL→IA,NL,IA,0.0007542266,0.0011364216,50.70000076293945,↑,0.893273,NS,8/20,5,4
Blood,VEGFA,CD8_T,NL→AR,NL,AR,0.0007542266,0.0,-100.0,↓,0.329114,NS,6/15,5,3
Blood,VEGFA,CD8_T,NL→CR,NL,CR,0.0007542266,0.0008790878,16.600000381469727,↑,1.0,NS,6/15,5,3
Blood,VEGFA,CD8_T,IT→IA,IT,IA,0.0,0.0011364216,99999.0,↑,0.13121,NS,10/20,5,4
Blood,VEGFA,CD8_T,IA→AR,IA,AR,0.0011364216,0.0,-100.0,↓,0.270289,NS,6/12,4,3
Blood,VEGFA,CD8_T,CR→AR,CR,AR,0.0008790878,0.0,-100.0,↓,0.196706,NS,6/9,3,3
Blood,VEGFA,NK,NL→IT,NL,IT,0.007026729,0.0005186731,-92.5999984741211,↓,0.074639,†,19/25,5,5
Blood,VEGFA,NK,NL→IA,NL,IA,0.007026729,0.0077416166,10.199999809265137,↑,0.622753,NS,7/20,5,4
Blood,VEGFA,NK,NL→AR,NL,AR,0.007026729,0.00063355267,-91.0,↓,0.177113,NS,12/15,5,3
Blood,VEGFA,NK,NL→CR,NL,CR,0.007026729,0.00058740616,-91.5999984741211,↓,0.12663,NS,12/15,5,3
Blood,VEGFA,NK,IT→IA,IT,IA,0.0005186731,0.0077416166,1392.5999755859375,↑,0.227249,NS,13/20,5,4
Blood,VEGFA,NK,IA→AR,IA,AR,0.0077416166,0.00063355267,-91.8000030517578,↓,0.721277,NS,7/12,4,3
Blood,VEGFA,NK,CR→AR,CR,AR,0.00058740616,0.00063355267,7.900000095367432,↑,1.0,NS,4/9,3,3
Blood,VEGFA,B,NL→IT,NL,IT,0.0,0.0003282859,99999.0,↑,0.423711,NS,5/25,5,5
Blood,VEGFA,B,NL→IA,NL,IA,0.0,0.0,0.0,↑,1.0,NS,0/20,5,4
Blood,VEGFA,B,NL→AR,NL,AR,0.0,0.0008766485,99999.0,↑,0.3017,NS,5/15,5,3
Blood,VEGFA,B,NL→CR,NL,CR,0.0,0.00065465225,99999.0,↑,0.3017,NS,5/15,5,3
Blood,VEGFA,B,IT→IA,IT,IA,0.0003282859,0.0,-100.0,↓,0.502335,NS,4/20,5,4
Blood,VEGFA,B,IA→AR,IA,AR,0.0,0.0008766485,99999.0,↑,0.386476,NS,4/12,4,3
Blood,VEGFA,B,CR→AR,CR,AR,0.00065465225,0.0008766485,33.900001525878906,↑,1.0,NS,3/9,3,3
Blood,VEGFA,PlasmaB,NL→IT,NL,IT,0.046645552,0.0028546124,-93.9000015258789,↓,0.440686,NS,10/25,5,5
Blood,VEGFA,PlasmaB,NL→IA,NL,IA,0.046645552,0.015457055,-66.9000015258789,↓,1.0,NS,8/20,5,4
Blood,VEGFA,PlasmaB,NL→AR,NL,AR,0.046645552,0.010896864,-76.5999984741211,↓,0.759982,NS,6/15,5,3
Blood,VEGFA,PlasmaB,NL→CR,NL,CR,0.046645552,0.013201605,-71.69999694824219,↓,1.0,NS,6/15,5,3
Blood,VEGFA,PlasmaB,IT→IA,IT,IA,0.0028546124,0.015457055,441.5,↑,0.139996,NS,14/20,5,4
Blood,VEGFA,PlasmaB,IA→AR,IA,AR,0.015457055,0.010896864,-29.5,↓,1.0,NS,6/12,4,3
Blood,VEGFA,PlasmaB,CR→AR,CR,AR,0.013201605,0.010896864,-17.5,↓,1.0,NS,5/9,3,3
Blood,VEGFB,Myeloid,NL→IT,NL,IT,0.009273727,0.01946162,109.9000015258789,↑,0.142457,NS,20/25,5,5
Blood,VEGFB,Myeloid,NL→IA,NL,IA,0.009273727,0.019199552,107.0,↑,0.176098,NS,16/20,5,4
Blood,VEGFB,Myeloid,NL→AR,NL,AR,0.009273727,0.020680172,123.0,↑,0.133701,NS,13/15,5,3
Blood,VEGFB,Myeloid,NL→CR,NL,CR,0.009273727,0.021539444,132.3000030517578,↑,0.230243,NS,12/15,5,3
Blood,VEGFB,Myeloid,IT→IA,IT,IA,0.01946162,0.019199552,-1.2999999523162842,↓,0.904762,NS,9/20,5,4
Blood,VEGFB,Myeloid,IA→AR,IA,AR,0.019199552,0.020680172,7.699999809265137,↑,0.857143,NS,7/12,4,3
Blood,VEGFB,Myeloid,CR→AR,CR,AR,0.021539444,0.020680172,-4.0,↓,1.0,NS,5/9,3,3
Blood,VEGFB,CD4_T,NL→IT,NL,IT,0.018534785,0.040382873,117.9000015258789,↑,0.093693,†,21/25,5,5
Blood,VEGFB,CD4_T,NL→IA,NL,IA,0.018534785,0.047609225,156.89999389648438,↑,0.712155,NS,12/20,5,4
Blood,VEGFB,CD4_T,NL→AR,NL,AR,0.018534785,0.028811706,55.400001525878906,↑,0.548595,NS,10/15,5,3
Blood,VEGFB,CD4_T,NL→CR,NL,CR,0.018534785,0.02752029,48.5,↑,1.0,NS,8/15,5,3
Blood,VEGFB,CD4_T,IT→IA,IT,IA,0.040382873,0.047609225,17.899999618530273,↑,0.555556,NS,7/20,5,4
Blood,VEGFB,CD4_T,IA→AR,IA,AR,0.047609225,0.028811706,-39.5,↓,1.0,NS,6/12,4,3
Blood,VEGFB,CD4_T,CR→AR,CR,AR,0.02752029,0.028811706,4.699999809265137,↑,1.0,NS,4/9,3,3
Blood,VEGFB,CD8_T,NL→IT,NL,IT,0.028270602,0.04064886,43.79999923706055,↑,0.150794,NS,20/25,5,5
Blood,VEGFB,CD8_T,NL→IA,NL,IA,0.028270602,0.047615364,68.4000015258789,↑,1.0,NS,10/20,5,4
Blood,VEGFB,CD8_T,NL→AR,NL,AR,0.028270602,0.028038412,-0.800000011920929,↓,0.785714,NS,9/15,5,3
Blood,VEGFB,CD8_T,NL→CR,NL,CR,0.028270602,0.024796337,-12.300000190734863,↓,0.785714,NS,9/15,5,3
Blood,VEGFB,CD8_T,IT→IA,IT,IA,0.04064886,0.047615364,17.100000381469727,↑,0.412698,NS,6/20,5,4
Blood,VEGFB,CD8_T,IA→AR,IA,AR,0.047615364,0.028038412,-41.09999847412109,↓,1.0,NS,6/12,4,3
Blood,VEGFB,CD8_T,CR→AR,CR,AR,0.024796337,0.028038412,13.100000381469728,↑,0.7,NS,6/9,3,3
Blood,VEGFB,NK,NL→IT,NL,IT,0.01488578,0.03757123,152.39999389648438,↑,0.007937,**,25/25,5,5
Blood,VEGFB,NK,NL→IA,NL,IA,0.01488578,0.04120145,176.8000030517578,↑,0.015873,*,20/20,5,4
Blood,VEGFB,NK,NL→AR,NL,AR,0.01488578,0.026313407,76.80000305175781,↑,0.392857,NS,11/15,5,3
Blood,VEGFB,NK,NL→CR,NL,CR,0.01488578,0.027409399,84.0999984741211,↑,0.071429,†,14/15,5,3
Blood,VEGFB,NK,IT→IA,IT,IA,0.03757123,0.04120145,9.699999809265137,↑,0.412698,NS,6/20,5,4
Blood,VEGFB,NK,IA→AR,IA,AR,0.04120145,0.026313407,-36.09999847412109,↓,0.857143,NS,7/12,4,3
Blood,VEGFB,NK,CR→AR,CR,AR,0.027409399,0.026313407,-4.0,↓,1.0,NS,4/9,3,3
Blood,VEGFB,B,NL→IT,NL,IT,0.032849394,0.071801275,118.5999984741211,↑,0.142457,NS,20/25,5,5
Blood,VEGFB,B,NL→IA,NL,IA,0.032849394,0.094068795,186.3999938964844,↑,0.389284,NS,14/20,5,4
Blood,VEGFB,B,NL→AR,NL,AR,0.032849394,0.06975927,112.4000015258789,↑,0.230243,NS,12/15,5,3
Blood,VEGFB,B,NL→CR,NL,CR,0.032849394,0.061664823,87.69999694824219,↑,0.230243,NS,12/15,5,3
Blood,VEGFB,B,IT→IA,IT,IA,0.071801275,0.094068795,31.0,↑,0.904762,NS,9/20,5,4
Blood,VEGFB,B,IA→AR,IA,AR,0.094068795,0.06975927,-25.799999237060547,↓,1.0,NS,6/12,4,3
Blood,VEGFB,B,CR→AR,CR,AR,0.061664823,0.06975927,13.100000381469728,↑,0.7,NS,6/9,3,3
Blood,VEGFB,PlasmaB,NL→IT,NL,IT,0.03005445,0.3217086,970.4000244140624,↑,0.011159,*,25/25,5,5
Blood,VEGFB,PlasmaB,NL→IA,NL,IA,0.03005445,0.19162817,537.5999755859375,↑,0.061689,†,18/20,5,4
Blood,VEGFB,PlasmaB,NL→AR,NL,AR,0.03005445,0.11585138,285.5,↑,0.12663,NS,13/15,5,3
Blood,VEGFB,PlasmaB,NL→CR,NL,CR,0.03005445,0.197457,557.0,↑,0.032473,*,15/15,5,3
Blood,VEGFB,PlasmaB,IT→IA,IT,IA,0.3217086,0.19162817,-40.400001525878906,↓,0.190476,NS,16/20,5,4
Blood,VEGFB,PlasmaB,IA→AR,IA,AR,0.19162817,0.11585138,-39.5,↓,0.628571,NS,8/12,4,3
Blood,VEGFB,PlasmaB,CR→AR,CR,AR,0.197457,0.11585138,-41.29999923706055,↓,0.4,NS,7/9,3,3
Blood,VIM,Myeloid,NL→IT,NL,IT,3.5056732,3.4074063,-2.799999952316284,↓,0.690476,NS,15/25,5,5
Blood,VIM,Myeloid,NL→IA,NL,IA,3.5056732,3.5291219,0.699999988079071,↑,1.0,NS,10/20,5,4
Blood,VIM,Myeloid,NL→AR,NL,AR,3.5056732,3.4709244,-1.0,↓,1.0,NS,8/15,5,3
Blood,VIM,Myeloid,NL→CR,NL,CR,3.5056732,3.464916,-1.2000000476837158,↓,1.0,NS,8/15,5,3
Blood,VIM,Myeloid,IT→IA,IT,IA,3.4074063,3.5291219,3.5999999046325684,↑,0.730159,NS,12/20,5,4
Blood,VIM,Myeloid,IA→AR,IA,AR,3.5291219,3.4709244,-1.600000023841858,↓,1.0,NS,6/12,4,3
Blood,VIM,Myeloid,CR→AR,CR,AR,3.464916,3.4709244,0.2000000029802322,↑,1.0,NS,5/9,3,3
Blood,VIM,CD4_T,NL→IT,NL,IT,2.7309604,2.6848123,-1.7000000476837158,↓,0.420635,NS,17/25,5,5
Blood,VIM,CD4_T,NL→IA,NL,IA,2.7309604,2.805409,2.700000047683716,↑,1.0,NS,10/20,5,4
Blood,VIM,CD4_T,NL→AR,NL,AR,2.7309604,2.8263826,3.5,↑,1.0,NS,7/15,5,3
Blood,VIM,CD4_T,NL→CR,NL,CR,2.7309604,2.8616192,4.800000190734863,↑,0.571429,NS,10/15,5,3
Blood,VIM,CD4_T,IT→IA,IT,IA,2.6848123,2.805409,4.5,↑,0.555556,NS,13/20,5,4
Blood,VIM,CD4_T,IA→AR,IA,AR,2.805409,2.8263826,0.699999988079071,↑,0.628571,NS,8/12,4,3
Blood,VIM,CD4_T,CR→AR,CR,AR,2.8616192,2.8263826,-1.2000000476837158,↓,0.7,NS,6/9,3,3
Blood,VIM,CD8_T,NL→IT,NL,IT,2.387881,2.5431132,6.5,↑,0.420635,NS,17/25,5,5
Blood,VIM,CD8_T,NL→IA,NL,IA,2.387881,2.5883195,8.399999618530273,↑,0.730159,NS,12/20,5,4
Blood,VIM,CD8_T,NL→AR,NL,AR,2.387881,2.624238,9.899999618530272,↑,0.392857,NS,11/15,5,3
Blood,VIM,CD8_T,NL→CR,NL,CR,2.387881,2.6274648,10.0,↑,0.571429,NS,10/15,5,3
Blood,VIM,CD8_T,IT→IA,IT,IA,2.5431132,2.5883195,1.7999999523162842,↑,0.412698,NS,14/20,5,4
Blood,VIM,CD8_T,IA→AR,IA,AR,2.5883195,2.624238,1.399999976158142,↑,0.857143,NS,5/12,4,3
Blood,VIM,CD8_T,CR→AR,CR,AR,2.6274648,2.624238,-0.1000000014901161,↓,0.7,NS,6/9,3,3
Blood,VIM,NK,NL→IT,NL,IT,1.5394719,1.786212,16.0,↑,0.222222,NS,19/25,5,5
Blood,VIM,NK,NL→IA,NL,IA,1.5394719,1.774374,15.300000190734863,↑,0.412698,NS,14/20,5,4
Blood,VIM,NK,NL→AR,NL,AR,1.5394719,2.0700307,34.5,↑,0.142857,NS,13/15,5,3
Blood,VIM,NK,NL→CR,NL,CR,1.5394719,1.807753,17.399999618530273,↑,0.25,NS,12/15,5,3
Blood,VIM,NK,IT→IA,IT,IA,1.786212,1.774374,-0.699999988079071,↓,0.904762,NS,11/20,5,4
Blood,VIM,NK,IA→AR,IA,AR,1.774374,2.0700307,16.700000762939453,↑,0.628571,NS,8/12,4,3
Blood,VIM,NK,CR→AR,CR,AR,1.807753,2.0700307,14.5,↑,0.4,NS,7/9,3,3
Blood,VIM,B,NL→IT,NL,IT,1.3106658,1.6871223,28.700000762939453,↑,0.055556,†,22/25,5,5
Blood,VIM,B,NL→IA,NL,IA,1.3106658,1.7354164,32.400001525878906,↑,0.063492,†,18/20,5,4
Blood,VIM,B,NL→AR,NL,AR,1.3106658,2.0841649,59.0,↑,0.035714,*,15/15,5,3
Blood,VIM,B,NL→CR,NL,CR,1.3106658,1.4373921,9.699999809265137,↑,0.785714,NS,9/15,5,3
Blood,VIM,B,IT→IA,IT,IA,1.6871223,1.7354164,2.900000095367432,↑,0.730159,NS,12/20,5,4
Blood,VIM,B,IA→AR,IA,AR,1.7354164,2.0841649,20.100000381469727,↑,0.114286,NS,11/12,4,3
Blood,VIM,B,CR→AR,CR,AR,1.4373921,2.0841649,45.0,↑,0.1,NS,9/9,3,3
Blood,VIM,PlasmaB,NL→IT,NL,IT,2.3050892,2.9475844,27.899999618530277,↑,0.007937,**,25/25,5,5
Blood,VIM,PlasmaB,NL→IA,NL,IA,2.3050892,2.7646542,19.899999618530277,↑,0.285714,NS,15/20,5,4
Blood,VIM,PlasmaB,NL→AR,NL,AR,2.3050892,3.0682087,33.099998474121094,↑,0.035714,*,15/15,5,3
Blood,VIM,PlasmaB,NL→CR,NL,CR,2.3050892,2.757273,19.600000381469727,↑,0.035714,*,15/15,5,3
Blood,VIM,PlasmaB,IT→IA,IT,IA,2.9475844,2.7646542,-6.199999809265137,↓,0.730159,NS,8/20,5,4
Blood,VIM,PlasmaB,IA→AR,IA,AR,2.7646542,3.0682087,11.0,↑,0.857143,NS,7/12,4,3
Blood,VIM,PlasmaB,CR→AR,CR,AR,2.757273,3.0682087,11.300000190734863,↑,0.1,NS,9/9,3,3
Blood,VTCN1,Myeloid,NL→IT,NL,IT,0.0,0.0,0.0,↑,1.0,NS,0/25,5,5
Blood,VTCN1,Myeloid,NL→IA,NL,IA,0.0,0.0,0.0,↑,1.0,NS,0/20,5,4
Blood,VTCN1,Myeloid,NL→AR,NL,AR,0.0,0.0,0.0,↑,1.0,NS,0/15,5,3
Blood,VTCN1,Myeloid,NL→CR,NL,CR,0.0,0.0,0.0,↑,1.0,NS,0/15,5,3
Blood,VTCN1,Myeloid,IT→IA,IT,IA,0.0,0.0,0.0,↑,1.0,NS,0/20,5,4
Blood,VTCN1,Myeloid,IA→AR,IA,AR,0.0,0.0,0.0,↑,1.0,NS,0/12,4,3
Blood,VTCN1,Myeloid,CR→AR,CR,AR,0.0,0.0,0.0,↑,1.0,NS,0/9,3,3
Blood,VTCN1,CD4_T,NL→IT,NL,IT,0.0,0.0,0.0,↑,1.0,NS,0/25,5,5
Blood,VTCN1,CD4_T,NL→IA,NL,IA,0.0,0.0,0.0,↑,1.0,NS,0/20,5,4
Blood,VTCN1,CD4_T,NL→AR,NL,AR,0.0,0.0,0.0,↑,1.0,NS,0/15,5,3
Blood,VTCN1,CD4_T,NL→CR,NL,CR,0.0,0.0,0.0,↑,1.0,NS,0/15,5,3
Blood,VTCN1,CD4_T,IT→IA,IT,IA,0.0,0.0,0.0,↑,1.0,NS,0/20,5,4
Blood,VTCN1,CD4_T,IA→AR,IA,AR,0.0,0.0,0.0,↑,1.0,NS,0/12,4,3
Blood,VTCN1,CD4_T,CR→AR,CR,AR,0.0,0.0,0.0,↑,1.0,NS,0/9,3,3
Blood,VTCN1,CD8_T,NL→IT,NL,IT,0.0,0.0,0.0,↑,1.0,NS,0/25,5,5
Blood,VTCN1,CD8_T,NL→IA,NL,IA,0.0,0.0,0.0,↑,1.0,NS,0/20,5,4
Blood,VTCN1,CD8_T,NL→AR,NL,AR,0.0,0.0,0.0,↑,1.0,NS,0/15,5,3
Blood,VTCN1,CD8_T,NL→CR,NL,CR,0.0,0.0,0.0,↑,1.0,NS,0/15,5,3
Blood,VTCN1,CD8_T,IT→IA,IT,IA,0.0,0.0,0.0,↑,1.0,NS,0/20,5,4
Blood,VTCN1,CD8_T,IA→AR,IA,AR,0.0,0.0,0.0,↑,1.0,NS,0/12,4,3
Blood,VTCN1,CD8_T,CR→AR,CR,AR,0.0,0.0,0.0,↑,1.0,NS,0/9,3,3
Blood,VTCN1,NK,NL→IT,NL,IT,0.0,0.0,0.0,↑,1.0,NS,0/25,5,5
Blood,VTCN1,NK,NL→IA,NL,IA,0.0,0.0,0.0,↑,1.0,NS,0/20,5,4
Blood,VTCN1,NK,NL→AR,NL,AR,0.0,0.0,0.0,↑,1.0,NS,0/15,5,3
Blood,VTCN1,NK,NL→CR,NL,CR,0.0,0.0,0.0,↑,1.0,NS,0/15,5,3
Blood,VTCN1,NK,IT→IA,IT,IA,0.0,0.0,0.0,↑,1.0,NS,0/20,5,4
Blood,VTCN1,NK,IA→AR,IA,AR,0.0,0.0,0.0,↑,1.0,NS,0/12,4,3
Blood,VTCN1,NK,CR→AR,CR,AR,0.0,0.0,0.0,↑,1.0,NS,0/9,3,3
Blood,VTCN1,B,NL→IT,NL,IT,0.0,0.0,0.0,↑,1.0,NS,0/25,5,5
Blood,VTCN1,B,NL→IA,NL,IA,0.0,0.0,0.0,↑,1.0,NS,0/20,5,4
Blood,VTCN1,B,NL→AR,NL,AR,0.0,0.0,0.0,↑,1.0,NS,0/15,5,3
Blood,VTCN1,B,NL→CR,NL,CR,0.0,0.0,0.0,↑,1.0,NS,0/15,5,3
Blood,VTCN1,B,IT→IA,IT,IA,0.0,0.0,0.0,↑,1.0,NS,0/20,5,4
Blood,VTCN1,B,IA→AR,IA,AR,0.0,0.0,0.0,↑,1.0,NS,0/12,4,3
Blood,VTCN1,B,CR→AR,CR,AR,0.0,0.0,0.0,↑,1.0,NS,0/9,3,3
Blood,VTCN1,PlasmaB,NL→IT,NL,IT,0.0,0.0,0.0,↑,1.0,NS,0/25,5,5
Blood,VTCN1,PlasmaB,NL→IA,NL,IA,0.0,0.0,0.0,↑,1.0,NS,0/20,5,4
Blood,VTCN1,PlasmaB,NL→AR,NL,AR,0.0,0.0,0.0,↑,1.0,NS,0/15,5,3
Blood,VTCN1,PlasmaB,NL→CR,NL,CR,0.0,0.0,0.0,↑,1.0,NS,0/15,5,3
Blood,VTCN1,PlasmaB,IT→IA,IT,IA,0.0,0.0,0.0,↑,1.0,NS,0/20,5,4
Blood,VTCN1,PlasmaB,IA→AR,IA,AR,0.0,0.0,0.0,↑,1.0,NS,0/12,4,3
Blood,VTCN1,PlasmaB,CR→AR,CR,AR,0.0,0.0,0.0,↑,1.0,NS,0/9,3,3
Blood,ZEB1,Myeloid,NL→IT,NL,IT,0.0,0.0077030673,99999.0,↑,0.007495,**,25/25,5,5
Blood,ZEB1,Myeloid,NL→IA,NL,IA,0.0,0.007547039,99999.0,↑,0.0108,*,20/20,5,4
Blood,ZEB1,Myeloid,NL→AR,NL,AR,0.0,0.008258193,99999.0,↑,0.016805,*,15/15,5,3
Blood,ZEB1,Myeloid,NL→CR,NL,CR,0.0,0.011630886,99999.0,↑,0.016805,*,15/15,5,3
Blood,ZEB1,Myeloid,IT→IA,IT,IA,0.0077030673,0.007547039,-2.0,↓,0.555556,NS,13/20,5,4
Blood,ZEB1,Myeloid,IA→AR,IA,AR,0.007547039,0.008258193,9.399999618530272,↑,0.628571,NS,4/12,4,3
Blood,ZEB1,Myeloid,CR→AR,CR,AR,0.011630886,0.008258193,-29.0,↓,0.7,NS,6/9,3,3
Blood,ZEB1,CD4_T,NL→IT,NL,IT,0.10223068,0.13878836,35.79999923706055,↑,0.309524,NS,18/25,5,5
Blood,ZEB1,CD4_T,NL→IA,NL,IA,0.10223068,0.13392264,31.0,↑,0.412698,NS,14/20,5,4
Blood,ZEB1,CD4_T,NL→AR,NL,AR,0.10223068,0.13999736,36.900001525878906,↑,0.25,NS,12/15,5,3
Blood,ZEB1,CD4_T,NL→CR,NL,CR,0.10223068,0.19929598,94.9000015258789,↑,0.071429,†,14/15,5,3
Blood,ZEB1,CD4_T,IT→IA,IT,IA,0.13878836,0.13392264,-3.5,↓,0.904762,NS,11/20,5,4
Blood,ZEB1,CD4_T,IA→AR,IA,AR,0.13392264,0.13999736,4.5,↑,1.0,NS,6/12,4,3
Blood,ZEB1,CD4_T,CR→AR,CR,AR,0.19929598,0.13999736,-29.799999237060547,↓,0.2,NS,8/9,3,3
Blood,ZEB1,CD8_T,NL→IT,NL,IT,0.06862453,0.11779533,71.69999694824219,↑,0.031746,*,23/25,5,5
Blood,ZEB1,CD8_T,NL→IA,NL,IA,0.06862453,0.122112095,77.9000015258789,↑,0.190476,NS,16/20,5,4
Blood,ZEB1,CD8_T,NL→AR,NL,AR,0.06862453,0.10132486,47.70000076293945,↑,0.392857,NS,11/15,5,3
Blood,ZEB1,CD8_T,NL→CR,NL,CR,0.06862453,0.16916633,146.5,↑,0.035714,*,15/15,5,3
Blood,ZEB1,CD8_T,IT→IA,IT,IA,0.11779533,0.122112095,3.700000047683716,↑,1.0,NS,10/20,5,4
Blood,ZEB1,CD8_T,IA→AR,IA,AR,0.122112095,0.10132486,-17.0,↓,0.628571,NS,8/12,4,3
Blood,ZEB1,CD8_T,CR→AR,CR,AR,0.16916633,0.10132486,-40.09999847412109,↓,0.1,NS,9/9,3,3
Blood,ZEB1,NK,NL→IT,NL,IT,0.023540905,0.048392475,105.5999984741211,↑,0.095238,†,21/25,5,5
Blood,ZEB1,NK,NL→IA,NL,IA,0.023540905,0.06525643,177.1999969482422,↑,0.031746,*,19/20,5,4
Blood,ZEB1,NK,NL→AR,NL,AR,0.023540905,0.047136057,100.1999969482422,↑,0.071429,†,14/15,5,3
Blood,ZEB1,NK,NL→CR,NL,CR,0.023540905,0.08437792,258.3999938964844,↑,0.035714,*,15/15,5,3
Blood,ZEB1,NK,IT→IA,IT,IA,0.048392475,0.06525643,34.79999923706055,↑,0.190476,NS,16/20,5,4
Blood,ZEB1,NK,IA→AR,IA,AR,0.06525643,0.047136057,-27.799999237060547,↓,0.4,NS,9/12,4,3
Blood,ZEB1,NK,CR→AR,CR,AR,0.08437792,0.047136057,-44.09999847412109,↓,0.1,NS,9/9,3,3
Blood,ZEB1,B,NL→IT,NL,IT,0.062333334,0.11699343,87.69999694824219,↑,0.059327,†,22/25,5,5
Blood,ZEB1,B,NL→IA,NL,IA,0.062333334,0.104496986,67.5999984741211,↑,0.389284,NS,14/20,5,4
Blood,ZEB1,B,NL→AR,NL,AR,0.062333334,0.1073226,72.19999694824219,↑,0.368227,NS,11/15,5,3
Blood,ZEB1,B,NL→CR,NL,CR,0.062333334,0.1548987,148.5,↑,0.071924,†,14/15,5,3
Blood,ZEB1,B,IT→IA,IT,IA,0.11699343,0.104496986,-10.699999809265137,↓,0.285714,NS,15/20,5,4
Blood,ZEB1,B,IA→AR,IA,AR,0.104496986,0.1073226,2.700000047683716,↑,1.0,NS,6/12,4,3
Blood,ZEB1,B,CR→AR,CR,AR,0.1548987,0.1073226,-30.700000762939453,↓,0.2,NS,8/9,3,3
Blood,ZEB1,PlasmaB,NL→IT,NL,IT,0.082733884,0.11422434,38.09999847412109,↑,0.401965,NS,17/25,5,5
Blood,ZEB1,PlasmaB,NL→IA,NL,IA,0.082733884,0.1318428,59.400001525878906,↑,0.389284,NS,14/20,5,4
Blood,ZEB1,PlasmaB,NL→AR,NL,AR,0.082733884,0.085928194,3.900000095367432,↑,0.764228,NS,9/15,5,3
Blood,ZEB1,PlasmaB,NL→CR,NL,CR,0.082733884,0.1270069,53.5,↑,0.764228,NS,9/15,5,3
Blood,ZEB1,PlasmaB,IT→IA,IT,IA,0.11422434,0.1318428,15.399999618530272,↑,0.730159,NS,12/20,5,4
Blood,ZEB1,PlasmaB,IA→AR,IA,AR,0.1318428,0.085928194,-34.79999923706055,↓,0.857143,NS,7/12,4,3
Blood,ZEB1,PlasmaB,CR→AR,CR,AR,0.1270069,0.085928194,-32.29999923706055,↓,0.2,NS,8/9,3,3
Blood,ZNF683,Myeloid,NL→IT,NL,IT,0.0,0.0010405197,99999.0,↑,0.072006,†,15/25,5,5
Blood,ZNF683,Myeloid,NL→IA,NL,IA,0.0,0.0004091174,99999.0,↑,0.371093,NS,5/20,5,4
Blood,ZNF683,Myeloid,NL→AR,NL,AR,0.0,0.0006696275,99999.0,↑,0.3017,NS,5/15,5,3
Blood,ZNF683,Myeloid,NL→CR,NL,CR,0.0,0.001605073,99999.0,↑,0.3017,NS,5/15,5,3
Blood,ZNF683,Myeloid,IT→IA,IT,IA,0.0010405197,0.0004091174,-60.70000076293945,↓,0.502335,NS,10/20,5,4
Blood,ZNF683,Myeloid,IA→AR,IA,AR,0.0004091174,0.0006696275,63.70000076293945,↑,0.825498,NS,4/12,4,3
Blood,ZNF683,Myeloid,CR→AR,CR,AR,0.001605073,0.0006696275,-58.29999923706055,↓,1.0,NS,3/9,3,3
Blood,ZNF683,CD4_T,NL→IT,NL,IT,0.016659327,0.044552635,167.39999389648438,↑,0.138792,NS,20/25,5,5
Blood,ZNF683,CD4_T,NL→IA,NL,IA,0.016659327,0.022182323,33.20000076293945,↑,0.170609,NS,16/20,5,4
Blood,ZNF683,CD4_T,NL→AR,NL,AR,0.016659327,0.015968768,-4.099999904632568,↓,0.2217,NS,3/15,5,3
Blood,ZNF683,CD4_T,NL→CR,NL,CR,0.016659327,0.011918166,-28.5,↓,0.2217,NS,3/15,5,3
Blood,ZNF683,CD4_T,IT→IA,IT,IA,0.044552635,0.022182323,-50.20000076293945,↓,0.190476,NS,16/20,5,4
Blood,ZNF683,CD4_T,IA→AR,IA,AR,0.022182323,0.015968768,-28.0,↓,0.228571,NS,10/12,4,3
Blood,ZNF683,CD4_T,CR→AR,CR,AR,0.011918166,0.015968768,34.0,↑,0.7,NS,6/9,3,3
Blood,ZNF683,CD8_T,NL→IT,NL,IT,0.11004059,0.28035188,154.8000030517578,↑,0.309524,NS,18/25,5,5
Blood,ZNF683,CD8_T,NL→IA,NL,IA,0.11004059,0.19869259,80.5999984741211,↑,0.412698,NS,14/20,5,4
Blood,ZNF683,CD8_T,NL→AR,NL,AR,0.11004059,0.30644754,178.5,↑,0.142857,NS,13/15,5,3
Blood,ZNF683,CD8_T,NL→CR,NL,CR,0.11004059,0.05832259,-47.0,↓,0.785714,NS,9/15,5,3
Blood,ZNF683,CD8_T,IT→IA,IT,IA,0.28035188,0.19869259,-29.100000381469727,↓,0.730159,NS,12/20,5,4
Blood,ZNF683,CD8_T,IA→AR,IA,AR,0.19869259,0.30644754,54.20000076293945,↑,0.4,NS,9/12,4,3
Blood,ZNF683,CD8_T,CR→AR,CR,AR,0.05832259,0.30644754,425.3999938964844,↑,0.1,NS,9/9,3,3
Blood,ZNF683,NK,NL→IT,NL,IT,0.09918936,0.43771282,341.29998779296875,↑,0.095238,†,21/25,5,5
Blood,ZNF683,NK,NL→IA,NL,IA,0.09918936,0.3609632,263.8999938964844,↑,0.111111,NS,17/20,5,4
Blood,ZNF683,NK,NL→AR,NL,AR,0.09918936,0.5369748,441.3999938964844,↑,0.035714,*,15/15,5,3
Blood,ZNF683,NK,NL→CR,NL,CR,0.09918936,0.121334486,22.299999237060547,↑,0.785714,NS,9/15,5,3
Blood,ZNF683,NK,IT→IA,IT,IA,0.43771282,0.3609632,-17.5,↓,1.0,NS,10/20,5,4
Blood,ZNF683,NK,IA→AR,IA,AR,0.3609632,0.5369748,48.79999923706055,↑,0.628571,NS,8/12,4,3
Blood,ZNF683,NK,CR→AR,CR,AR,0.121334486,0.5369748,342.6000061035156,↑,0.2,NS,8/9,3,3
Blood,ZNF683,B,NL→IT,NL,IT,0.00027466606,0.0022264454,710.5999755859375,↑,0.157939,NS,15/25,5,5
Blood,ZNF683,B,NL→IA,NL,IA,0.00027466606,0.002324433,746.2999877929688,↑,0.308369,NS,10/20,5,4
Blood,ZNF683,B,NL→AR,NL,AR,0.00027466606,0.0010245962,273.0,↑,0.69627,NS,5/15,5,3
Blood,ZNF683,B,NL→CR,NL,CR,0.00027466606,0.0010862049,295.5,↑,0.112231,NS,13/15,5,3
Blood,ZNF683,B,IT→IA,IT,IA,0.0022264454,0.002324433,4.400000095367432,↑,1.0,NS,8/20,5,4
Blood,ZNF683,B,IA→AR,IA,AR,0.002324433,0.0010245962,-55.900001525878906,↓,0.845356,NS,5/12,4,3
Blood,ZNF683,B,CR→AR,CR,AR,0.0010862049,0.0010245962,-5.699999809265137,↓,0.657905,NS,6/9,3,3
Blood,ZNF683,PlasmaB,NL→IT,NL,IT,0.0,0.0,0.0,↑,1.0,NS,0/25,5,5
Blood,ZNF683,PlasmaB,NL→IA,NL,IA,0.0,0.0009380185,99999.0,↑,0.371093,NS,5/20,5,4
Blood,ZNF683,PlasmaB,NL→AR,NL,AR,0.0,0.01553549,99999.0,↑,0.3017,NS,5/15,5,3
Blood,ZNF683,PlasmaB,NL→CR,NL,CR,0.0,0.0,0.0,↑,1.0,NS,0/15,5,3
Blood,ZNF683,PlasmaB,IT→IA,IT,IA,0.0,0.0009380185,99999.0,↑,0.371093,NS,5/20,5,4
Blood,ZNF683,PlasmaB,IA→AR,IA,AR,0.0009380185,0.01553549,1556.199951171875,↑,0.825498,NS,4/12,4,3
Blood,ZNF683,PlasmaB,CR→AR,CR,AR,0.0,0.01553549,99999.0,↑,0.504985,NS,3/9,3,3
